1,1,1,1,1,1,1,1,0.83758,0.51987,1,1,1,1,1,1,1,0.73575,0.48632,0.87591,1,1,1,1,1,1,1,0.98839,0.6276,0.52315,0.93081,1,1,1,1,1,1,0.69116,0.27488,1,1,0.40619,0,0,1,1,0,0.17461,0.36781,0.19708,0.76058,1,1,1,1,1,1,1,1,1,0.40738,0.98345,1,0.2597,0.65815,1,1,0.15748,0.73423,0.78543,0.93457,0.49125,0.32225,0,0,0.23097,0.2355,0,0,0,0,0,0,0,0.36869,0,0.41541,0,0,0,0,0,0,0,0,0,0,0,0,0,0,0,0,0,0,0,0,0,0,0,0,0,0,0,0,0,0,0,0,0,0,0,0,0,0,0,0.23234,0,0,0,0,0,0,0,0,0,0.22747,0,0,0,0.2287,0,0,0,0,0,0,0,0.13259,0,0,0,0,0,0,0,0,0,0,0,0,0,0,0,0.14747,0.22593,0.29814,0.44852,0,0,0.17389,0.46054,0.30036,0.24451,0.20194,0,0,0,0.20186,0.12573,0.13083,0,0,0,0,0,0,0.14022,0,0,0,0,0,0,0,0,0,0,0,0,0,0,0,0,0,0,0,0,0,0,0,0,0,0,0,0,0,0,0,0,0,0,0,0,0,0,0,0,0,0,0,0,0,0,0,0,0,0,0,0,0,0,0,0,0,0,0,0,0,0,0,0,0,0,0,0,0,0,0,0,0,0,0,0,0,0,0,0,0,0,0,0,0,0,0,0,0,0,0,0,0,0,0,0,0,0,0,0,0,0,0,0,0,0,0,0,0,0,0,0,0,0,0,0,0,0,0,0,0,0,0,0,0,0,0,0,0,0,0,0,0,0,0,0
1,1,1,1,1,1,1,1,1,1,1,1,1,1,1,1,1,1,1,0.62217,0.75664,1,1,1,1,1,1,1,1,1,0.52313,0.89441,1,1,1,1,1,1,0.77349,1,1,0.13138,0,0,0.51059,0.47447,0,0,0,0,0.22804,0.61132,0.84798,0.71805,1,1,1,1,1,1,0,0.51357,0.58117,0,0.21772,1,1,0,0.60544,0.72148,0.93424,0.68681,0.60391,0.20913,0.22591,0.20462,0.27398,0,0.17308,0,0,0,0,0,0.77917,0,0.52161,0,0,0,0,0,0,0,0,0.12934,0,0,0,0,0,0,0,0,0,0,0,0,0,0,0,0,0,0,0,0,0,0,0,0,0,0,0,0,0,0,0.77152,0.13944,0,0,0,0.20133,0,0,0,0,0.76352,0.21069,0,0,0.75935,0.17595,0,0,0,0,0,0,0.46395,0,0,0,0,0,0.35649,0.13645,0,0,0,0,0,0,0,0,0,0,0,0.21561,0,0,0,0.1812,0.14518,0.14978,0.13601,0,0,0,0,0,0,0,0,0,0,0,0,0,0,0,0,0,0,0,0,0,0,0,0,0,0,0,0,0,0,0,0,0,0,0,0,0,0,0,0,0,0,0,0,0,0,0,0,0,0,0,0,0,0,0,0,0,0,0,0,0,0,0,0,0,0,0,0,0,0,0,0,0,0,0,0,0,0,0,0,0,0,0,0,0,0,0,0,0,0,0,0,0,0,0,0,0,0,0,0,0,0,0,0,0,0,0,0,0,0,0,0,0,0,0,0,0,0,0,0,0,0,0,0,0,0,0,0,0,0,0,0,0,0,0,0,0,0,0,0,0,0,0,0,0,0,0,0,0
1,1,1,1,1,1,1,0.75473,0.40739,0.19244,1,1,1,1,1,1,0.83083,0.36994,0.19273,1,1,1,1,1,1,1,1,0.74511,0.31049,0.24728,1,1,1,1,1,1,1,0.54949,0.18854,1,1,0.46261,0,0,1,1,0.17667,0.32585,0.64291,0.28904,1,1,1,1,1,1,1,1,1,1,0.94582,1,1,0.81971,1,1,1,0.19468,1,1,1,0.65953,0.4025,0,0,0.63363,0.51655,0.14418,0.13086,0,0.23937,0,0,0,0.28768,0,0.6796,0,0,0,0,0,0,0,0,0,0,0,0,0,0,0,0,0,0,0,0,0,0,0,0,0,0,0,0,0,0,0,0,0,0,0,0,0,0,0,0,0,0,0,0,0,0,0,0,0,0,0,0,0,0,0,0,0,0,0,0,0,0,0,0,0,0,0,0,0,0,0,0,0,0,0,0,0,0.52125,0.77349,0.90715,1,0.15807,0.29134,0.63056,1,0.90703,0.81057,0.63539,0,0.20153,0.36234,0.71915,0.47448,0.47257,0,0.17922,0.32676,0.24496,0.16452,0.24687,0.53434,0,0.1558,0,0,0,0,0,0,0,0,0,0,0,0,0,0,0,0,0,0,0,0,0,0,0,0,0,0,0,0,0,0,0,0,0,0,0,0,0,0,0,0,0,0,0,0,0,0,0,0,0,0,0,0,0,0,0.13499,0,0,0,0,0,0,0,0,0,0,0,0,0,0,0,0,0,0,0,0,0,0,0,0,0,0,0,0,0,0,0,0,0,0,0,0,0,0,0,0,0,0,0,0,0,0,0,0,0,0,0,0,0,0,0,0,0,0,0,0,0,0,0,0,0,0,0,0,0,0,0,0,0,0,0,0,0,0,0
1,1,1,1,1,1,1,1,0.85444,0.52436,1,1,1,1,1,1,1,0.81208,0.52427,1,1,1,1,1,1,1,1,1,0.74387,0.66639,1,1,1,1,1,1,1,0.92722,0.46714,1,1,0.21959,0,0,0.75504,0.80982,0,0.13856,0.24774,0.1393,0.75624,1,1,1,1,1,1,1,1,1,0.50272,1,1,0.38315,0.82292,1,1,0,1,1,1,0.8592,0.66108,0.19405,0.16354,0.58903,0.60145,0.19115,0.20558,0,0.23899,0,0,0,0.63631,0,0.8044,0,0,0,0,0,0,0,0,0,0,0,0,0,0,0,0,0,0,0,0,0,0,0,0,0,0,0,0,0,0,0,0,0,0,0,0,0,0,0,0.2153,0,0,0,0,0,0,0,0,0,0.23229,0,0,0,0.25,0,0,0,0,0,0,0,0.16224,0,0,0,0,0,0.16153,0,0,0,0,0,0,0,0,0,0.19842,0.36195,0.51934,0.78387,0,0.12621,0.2479,0.72107,0.59931,0.57637,0.4796,0,0,0.16466,0.37286,0.23246,0.24469,0,0,0.16327,0.14596,0,0.18784,0.22908,0,0,0,0,0,0,0,0,0,0,0,0,0,0,0,0,0,0,0,0,0,0,0,0,0,0,0,0,0,0,0,0,0,0,0,0,0,0,0,0,0,0,0,0,0,0,0,0,0,0,0,0,0,0,0,0,0,0,0,0,0,0,0,0,0,0,0,0,0,0,0,0,0,0,0,0,0,0,0,0,0,0,0,0,0,0,0,0,0,0,0,0,0,0,0,0,0,0,0,0,0,0,0,0,0,0,0,0,0,0,0,0,0,0,0,0,0,0,0,0,0,0,0,0,0,0,0,0,0,0,0,0,0,0,0,0
1,1,1,1,1,1,1,1,1,1,1,1,1,1,1,1,1,1,1,0.87723,0.93775,1,1,1,1,1,1,1,1,1,0.69805,1,1,1,1,1,1,1,0.97927,1,1,0,0,0,0.31413,0.31678,0,0,0,0,0.22213,0.51772,0.71571,0.70616,0.9897,1,1,1,1,1,0.13796,0.64217,0.6523,0,0.25356,1,1,0,0.90463,1,1,1,0.92381,0.42376,0.43067,0.42867,0.60904,0.22619,0.34324,0,0.20826,0,0,0,1,0,0.85814,0,0,0,0,0,0,0,0,0.20647,0,0,0,0,0,0,0,0,0,0,0,0,0,0,0,0,0,0,0,0,0,0,0,0,0,0,0,0,0,0,0.73005,0,0,0,0,0.19227,0,0,0,0,0.79039,0.21305,0,0,0.83746,0.19321,0,0,0,0,0,0,0.56608,0,0,0.155,0,0,0.52566,0.18399,0,0,0,0,0,0,0,0,0,0,0.16161,0.38591,0,0,0,0.23944,0.21461,0.23275,0.23034,0,0,0,0.1271,0,0,0,0,0,0,0,0,0,0,0,0,0,0,0,0,0,0,0,0,0,0,0,0,0,0,0,0,0,0,0,0,0,0,0,0,0,0,0,0,0,0,0,0,0,0,0,0,0,0,0,0,0,0,0,0,0,0,0,0,0,0,0,0,0,0,0,0,0,0,0,0,0,0,0,0,0,0,0,0,0,0,0,0,0,0,0,0,0,0,0,0,0,0,0,0,0,0,0,0,0,0,0,0,0,0,0,0,0,0,0,0,0,0,0,0,0,0,0,0,0,0,0,0,0,0,0,0,0,0,0,0,0,0,0,0,0,0,0,0,0,0,0,0,0
1,1,1,1,1,1,1,1,1,1,1,1,1,1,1,1,1,1,1,0.30029,0.24904,0.67365,1,1,1,1,1,1,1,1,0.16809,0.54271,1,1,1,1,1,1,1,1,1,0,0,0,0,0,0,0,0,0,0,0,0.17142,0.1483,0.24499,0.43287,0.79998,0.34496,0.708,0.98441,0,0.13692,0.1316,0,0,0.68222,1,0,0.45218,0.64785,0.92892,0.99875,1,0.71788,0.89179,0.18781,0.42416,0.21427,0.46586,0.1814,0,0.16044,0,0,1,0,0.71103,0,0,0,0,0.50943,0.17511,0,0,0.64603,0.24949,0,0,0,0.21358,0.15286,0,0,0,0,0,0,0,0,0,0,0,0,0,0,0,0,0,0,0,0,0,0,0,0,1,0.58816,0.23121,0.13996,0,0.83189,0.23246,0.13719,0,0,1,0.9028,0.15674,0,1,0.83875,0.57704,0.18901,0,0,0.23508,0,1,0.2571,0,0.68961,0,0,1,0.74232,0.24464,0,0,0,0,0,0,0,0,0,0,0,0,0,0,0,0,0,0,0,0,0,0,0,0,0,0,0,0,0,0,0,0,0,0,0,0,0,0,0,0,0,0,0,0,0,0,0,0,0,0,0,0,0,0,0,0,0,0,0,0,0,0,0,0,0,0,0,0,0,0,0,0,0,0,0,0,0,0,0,0,0,0,0,0,0,0,0,0,0,0,0,0,0,0,0,0,0,0,0,0,0,0,0,0,0,0,0,0,0,0,0,0,0,0,0,0,0,0,0,0,0,0,0,0,0,0,0,0,0,0,0,0,0,0,0,0,0,0,0,0,0,0,0,0,0,0,0,0,0,0,0,0,0,0,0,0,0,0,0,0,0,0,0,0,0,0,0
1,1,1,1,1,1,1,1,1,1,0.8066,1,1,1,1,1,1,1,1,0.1759,0.1474,0.37059,0.98236,1,1,1,1,1,1,1,0,0.26187,0.76009,1,0.96399,1,1,1,1,1,1,0,0,0,0,0,0,0,0,0,0,0,0,0,0.13866,0.20766,0.48238,0.17411,0.38509,0.66224,0,0,0,0,0,0.38443,1,0,0.23882,0.42998,0.72443,0.90394,1,0.7711,1,0,0.28098,0.18756,0.44602,0.19645,0,0.15518,0,0,1,0,0.57589,0,0,0,0,0.75272,0.28679,0,0,0.82179,0.46308,0.17283,0,0,0.28684,0.21741,0,0,0,0,0,0,0,0,0,0,0,0,0,0,0,0,0,0,0,0,0,0,0,0,1,0.89652,0.50286,0.24367,0,1,0.51516,0.24313,0.1639,0,1,1,0.29228,0,1,1,0.89906,0.38968,0.23114,0.15304,0.52589,0.17711,1,0.57175,0.18236,0.9839,0.18692,0.2238,1,1,0.52087,0.14688,0,0,0,0,0,0,0,0,0,0,0,0,0,0,0,0,0,0,0,0,0,0,0,0,0,0,0,0,0,0,0,0,0,0,0,0,0,0,0,0,0,0,0,0,0,0,0,0,0,0,0,0,0,0,0,0,0,0,0,0,0,0,0,0,0,0,0,0,0,0,0,0,0,0,0,0,0,0,0,0,0,0,0,0,0,0,0,0,0,0,0,0,0,0,0,0,0,0,0,0,0,0,0,0,0,0,0,0,0,0,0,0,0,0,0,0,0,0,0,0,0,0,0,0,0,0,0,0,0,0,0,0,0,0,0,0,0,0,0,0,0,0,0,0,0,0,0,0,0,0,0,0,0,0,0,0,0,0,0,0,0,0,0,0,0,0
1,1,0.75473,1,1,1,1,1,1,1,0.44526,0.82486,1,1,1,1,1,1,1,0,0,0.17165,0.64699,1,1,1,1,1,1,1,0,0.14146,0.44336,0.84961,0.67448,1,1,1,1,1,1,0,0,0,0,0,0,0,0,0,0,0,0,0,0,0,0.20735,0,0.17254,0.29609,0,0,0,0,0,0.18182,0.76716,0,0.13948,0.21561,0.45106,0.7322,0.91716,0.76194,1,0,0.18989,0.13918,0.36033,0.19392,0,0.13019,0,0,1,0,0.36923,0,0,0,0,0.99049,0.55519,0.21858,0.14473,0.96435,0.66361,0.26135,0.13397,0,0.39901,0.32773,0.15384,0,0.13633,0,0,0,0,0,0,0,0,0,0,0,0,0,0,0,0,0,0,0,0,0,1,1,0.85732,0.58808,0.18058,1,0.87957,0.59398,0.35419,0.24442,1,1,0.66059,0.19969,1,1,1,0.75593,0.5614,0.32707,0.88745,0.39565,1,0.92202,0.40447,1,0.40849,0.50601,1,1,0.82611,0.26283,0,0,0,0.1901,0.20393,0.19969,0,0,0,0,0,0,0,0,0,0,0,0,0,0,0,0,0,0,0,0,0,0,0,0,0,0,0,0,0,0,0,0,0,0,0,0,0,0,0,0,0,0,0,0,0,0,0,0,0,0,0,0,0,0,0,0,0,0,0,0,0,0,0,0,0,0,0,0,0,0,0,0,0,0,0,0,0,0,0,0,0,0,0,0,0,0,0,0,0,0,0,0,0,0,0,0,0,0,0,0,0,0,0,0,0,0,0,0,0,0,0,0,0,0,0,0,0,0,0,0,0,0,0,0,0,0,0,0,0,0,0,0,0,0,0,0,0,0,0,0,0,0,0,0,0,0,0,0,0,0,0,0,0,0,0,0,0,0,0,0
0.83758,1,0.40739,0.85444,1,1,1,1,1,1,0.20526,0.48699,0.84508,1,1,1,1,1,1,0,0,0,0.34688,0.8009,1,1,1,1,1,1,0,0,0.22099,0.57708,0.4188,0.94425,1,1,1,1,1,0,0,0,0,0,0,0,0,0,0,0,0,0,0,0,0,0,0,0.14924,0,0,0,0,0,0,0.41863,0,0,0.13361,0.23743,0.58344,0.82212,0.76303,1,0,0.13074,0,0.29649,0.19839,0,0,0,0,1,0,0.23107,0,0,0,0,1,0.82889,0.45429,0.24695,1,0.87026,0.51298,0.22625,0.16521,0.52288,0.51396,0.23038,0,0.1959,0.14252,0,0,0,0,0,0,0,0,0,0,0,0,0,0,0,0,0,0,0,0,1,1,1,0.89937,0.35596,1,1,0.92168,0.67733,0.56407,1,1,1,0.43779,1,1,1,1,0.90781,0.67362,1,0.74469,1,1,0.75197,1,0.75071,0.83875,1,1,1,0.5862,0,0,0.13145,0.38479,0.4421,0.43779,0,0,0,0,0,0,0,0,0,0,0,0,0,0,0,0,0,0,0,0,0,0,0,0,0,0,0,0,0,0,0,0,0,0,0,0,0,0,0,0,0,0,0,0,0,0,0,0,0,0,0,0,0,0,0,0,0,0,0,0,0,0,0,0,0,0,0,0,0,0,0,0,0,0,0,0,0,0,0,0,0,0,0,0,0,0,0,0,0,0,0,0,0,0,0,0,0,0,0,0,0,0,0,0,0,0,0,0,0,0,0,0,0,0,0,0,0,0,0,0,0,0,0,0,0,0,0,0,0,0,0,0,0,0,0,0,0,0,0,0,0,0,0,0,0,0,0,0,0,0,0,0,0,0,0,0,0,0,0,0
0.51987,1,0.19244,0.52436,1,1,1,1,1,1,0,0.21755,0.51068,1,1,1,1,1,1,0,0,0,0.17368,0.47503,0.84601,1,1,1,1,1,0,0,0,0.26266,0.20438,0.64775,1,1,1,1,1,0,0,0,0,0,0,0,0,0,0,0,0,0,0,0,0,0,0,0,0,0,0,0,0,0,0.1997,0,0,0,0.1388,0.34181,0.61615,0.63493,1,0,0,0,0.20681,0.16215,0,0,0,0,1,0,0.14533,0,0,0,0,1,0.99867,0.66526,0.4662,1,0.95047,0.6558,0.35943,0.23097,0.51542,0.57536,0.30874,0.15575,0.21518,0.17803,0,0,0,0,0,0,0,0,0,0,0,0,0,0,0,0,0,0,0,0,1,1,1,1,0.68197,1,1,1,1,0.89728,1,1,1,0.77223,1,1,1,1,1,1,1,1,1,1,1,1,1,1,1,1,1,0.83829,0.16919,0.22147,0.23642,0.71094,0.7752,0.77223,0,0,0,0,0,0,0,0,0,0,0,0,0,0,0,0,0,0,0,0,0,0,0,0,0,0,0,0,0,0,0,0,0,0,0,0,0,0,0,0,0,0,0,0,0,0,0,0,0,0,0,0,0,0,0,0,0,0,0,0,0,0,0,0,0,0,0,0,0,0,0,0,0,0,0,0,0,0,0,0,0,0,0,0,0,0,0,0,0,0,0,0,0,0,0,0,0,0,0,0,0,0,0,0,0,0,0,0,0,0,0,0,0,0,0,0,0,0,0,0,0,0,0,0,0,0,0,0,0,0,0,0,0,0,0,0,0,0,0,0,0,0,0,0,0,0,0,0,0,0,0,0,0,0,0,0,0,0,0,0
1,1,1,1,1,1,0.8066,0.44526,0.20526,0,1,1,1,1,1,0.91027,0.62667,0.22134,0,1,1,1,1,1,1,1,1,0.66735,0.22304,0.21618,1,1,1,1,1,1,1,0.60742,0.18989,1,1,0.16875,0,0,0.51911,0.70956,0,0.21409,0.40767,0.1599,1,1,1,1,1,1,1,1,1,1,1,1,1,1,1,1,1,0,1,1,1,1,0.73093,0.18774,0,1,1,0.45704,0.29866,0,0.88181,0.14086,0,0,0.43406,0,1,0,0,0,0,0,0,0,0,0,0,0,0,0,0,0,0,0,0,0,0,0,0,0,0,0,0,0,0,0,0,0,0,0,0,0,0,0,0,0,0,0,0,0,0,0,0,0,0,0,0,0,0,0,0,0,0,0,0,0,0,0,0,0,0,0,0,0,0,0,0,0,0,0,0,0,0,0,0.88026,1,1,1,0.3993,0.71608,1,1,1,1,1,0.25801,0.60931,0.91576,1,1,1,0.36226,0.626,0.93946,0.90025,0.69751,0.96927,1,0.49324,0.57921,0.49216,0.33329,0.24352,0,0,0,0,0.19866,0.19784,0.51739,0.45364,0.245,0.20753,0.17316,0.14196,0,0,0,0,0,0,0,0,0,0,0,0,0,0,0,0,0,0,0,0,0,0,0,0,0,0,0,0,0,0,0,0,0,0,0,0,0,0,0.31115,0.6229,0.40375,0.2575,0.16929,0,0.20998,0.16936,0,0,0,0,0,0,0,0,0,0,0,0,0,0,0,0,0,0,0,0,0,0,0,0,0,0,0,0,0,0,0,0,0,0,0,0,0,0,0,0,0,0,0,0,0,0,0,0,0,0,0,0,0,0,0,0,0,0,0,0,0,0,0,0,0,0,0,0,0,0,0,0,0
1,1,1,1,1,1,1,0.82486,0.48699,0.21755,1,1,1,1,1,1,0.96796,0.50235,0.22767,1,1,1,1,1,1,1,1,0.95224,0.47956,0.4365,1,1,1,1,1,1,1,0.8206,0.30802,1,1,0.19462,0,0,0.64132,0.77362,0,0.18192,0.34366,0.15286,0.99514,1,1,1,1,1,1,1,1,1,0.86381,1,1,0.77572,1,1,1,0,1,1,1,1,0.7721,0.21201,0.14602,1,0.92816,0.34048,0.27985,0,0.62135,0,0,0,0.59404,0,1,0,0,0,0,0,0,0,0,0,0,0,0,0,0,0,0,0,0,0,0,0,0,0,0,0,0,0,0,0,0,0,0,0,0,0,0,0,0,0,0,0,0,0,0,0,0,0,0,0,0,0,0,0,0.14652,0,0,0,0,0,0,0,0,0,0,0,0,0,0,0,0,0,0,0,0,0,0,0,0.52015,0.81159,0.99711,1,0.17049,0.3299,0.72426,1,1,1,0.97948,0,0.23213,0.4907,0.88071,0.72161,0.75622,0.14501,0.23093,0.50281,0.46072,0.26698,0.5704,0.69539,0.19101,0.21408,0.18411,0.13193,0,0,0,0,0,0,0,0.20549,0.19073,0,0,0,0,0,0,0,0,0,0,0,0,0,0,0,0,0,0,0,0,0,0,0,0,0,0,0,0,0,0,0,0,0,0,0,0,0,0,0,0,0,0,0.18093,0.27874,0.18337,0.15293,0,0,0,0,0,0,0,0,0,0,0,0,0,0,0,0,0,0,0,0,0,0,0,0,0,0,0,0,0,0,0,0,0,0,0,0,0,0,0,0,0,0,0,0,0,0,0,0,0,0,0,0,0,0,0,0,0,0,0,0,0,0,0,0,0,0,0,0,0,0,0,0,0,0,0,0,0
1,1,1,1,1,1,1,1,0.84508,0.51068,1,1,1,1,1,1,1,0.87278,0.5487,1,1,1,1,1,1,1,1,1,0.85411,0.81135,1,1,1,1,1,1,1,1,0.67671,1,1,0,0,0,0.38886,0.48545,0,0,0.16786,0,0.62619,0.81826,0.92254,1,1,1,1,1,1,1,0.49101,1,1,0.40804,0.88779,1,1,0,1,1,1,1,1,0.44089,0.28202,1,1,0.51641,0.52788,0.1301,0.66396,0.19703,0,0,0.93705,0,1,0,0,0,0,0,0,0,0,0.13904,0,0,0,0,0,0,0,0,0,0,0,0,0,0,0,0,0,0,0,0,0,0,0,0,0,0,0,0,0,0,0.19283,0,0,0,0,0,0,0,0,0,0.23402,0,0,0,0.31082,0,0,0,0,0,0,0,0.19393,0,0,0,0,0,0.22051,0,0,0,0,0,0,0,0,0,0.2208,0.46383,0.66733,1,0,0.16159,0.39841,0.92017,0.85885,0.90746,0.86706,0,0,0.22788,0.58886,0.49586,0.56662,0,0.13445,0.24138,0.23986,0.19083,0.44226,0.40525,0.13594,0,0,0,0,0,0,0,0,0,0,0.16326,0.15933,0,0,0,0,0,0,0,0,0,0,0,0,0,0,0,0,0,0,0,0,0,0,0,0,0,0,0,0,0,0,0,0,0,0,0,0,0,0,0,0,0,0,0.19565,0.24455,0.16522,0.15721,0,0,0,0,0,0,0,0,0,0,0,0,0,0,0,0,0,0,0,0,0,0,0,0,0,0,0,0,0,0,0,0,0,0,0,0,0,0,0,0,0,0,0,0,0,0,0,0,0,0,0,0,0,0,0,0,0,0,0,0,0,0,0,0,0,0,0,0,0,0,0,0,0,0,0,0,0
1,1,1,1,1,1,1,1,1,1,1,1,1,1,1,1,1,1,1,1,1,1,1,1,1,1,1,1,1,1,0.78625,1,1,1,1,1,1,1,1,1,1,0,0,0,0.15451,0.16738,0,0,0,0,0.16802,0.26498,0.42069,0.54062,0.78878,0.88981,1,0.96509,1,1,0,0.66167,0.59172,0,0.24708,1,1,0,1,1,1,1,1,0.83878,0.79437,0.78368,1,0.61558,0.78244,0.241,0.51271,0.31083,0,0,1,0.13309,1,0,0,0,0,0.21342,0,0,0,0.45846,0.15768,0,0,0,0.18573,0,0,0,0,0,0,0,0,0,0,0,0,0,0,0,0,0,0,0,0,0,0,0,0,0,0.69772,0,0,0,0,0.19232,0,0,0,0,0.84583,0.22772,0,0,0.95999,0.22784,0.1302,0,0,0,0,0,0.72765,0,0,0.21592,0,0,0.77819,0.27632,0,0,0,0,0,0,0,0,0,0,0.18066,0.58772,0,0,0,0.31595,0.29658,0.42041,0.4782,0,0,0,0.16613,0.15901,0.19633,0,0,0,0,0,0.18185,0,0,0,0,0,0,0,0,0,0,0,0,0,0,0,0,0,0,0,0,0,0,0,0,0,0,0,0,0,0,0,0,0,0,0,0,0,0,0,0,0,0,0,0,0,0,0,0,0,0,0,0,0,0,0,0,0.15327,0.15341,0,0,0,0,0,0,0,0,0,0,0,0,0,0,0,0,0,0,0,0,0,0,0,0,0,0,0,0,0,0,0,0,0,0,0,0,0,0,0,0,0,0,0,0,0,0,0,0,0,0,0,0,0,0,0,0,0,0,0,0,0,0,0,0,0,0,0,0,0,0,0,0,0,0,0,0,0,0,0
1,1,1,1,1,1,1,1,1,1,1,1,1,1,1,1,1,1,1,0.59649,0.45616,0.88653,1,1,1,1,1,1,1,1,0.23788,0.82033,1,1,1,1,1,1,1,1,1,0,0,0,0,0,0,0,0,0,0,0,0.13751,0.15439,0.24165,0.36322,0.77073,0.38279,0.7506,1,0,0.19073,0.16562,0,0,0.56034,1,0,0.80627,1,1,1,1,1,1,0.45177,0.84653,0.57461,0.88631,0.43582,0.26051,0.40166,0.12634,0,1,0.19224,1,0,0,0,0,0.67315,0.22013,0,0,0.91074,0.4647,0.15061,0,0,0.44719,0.2363,0,0,0,0,0,0,0,0,0,0,0,0,0,0,0,0,0,0,0,0,0,0,0,0,1,0.35642,0.15568,0,0,0.64721,0.16996,0,0,0,1,0.7683,0,0,1,0.77834,0.48327,0.15556,0,0,0.21077,0,1,0.24211,0,0.73209,0,0.12824,1,0.84291,0.30506,0,0,0,0,0,0,0,0,0,0,0.19246,0,0,0,0,0,0.14279,0.18369,0,0,0,0,0,0,0,0,0,0,0,0,0,0,0,0,0,0,0,0,0,0,0,0,0,0,0,0,0,0,0,0,0,0,0,0,0,0,0,0,0,0,0,0,0,0,0,0,0,0,0,0,0,0,0,0,0,0,0,0,0,0,0,0,0,0,0,0,0,0,0,0,0,0,0,0,0,0,0,0,0,0,0,0,0,0,0,0,0,0,0,0,0,0,0,0,0,0,0,0,0,0,0,0,0,0,0,0,0,0,0,0,0,0,0,0,0,0,0,0,0,0,0,0,0,0,0,0,0,0,0,0,0,0,0,0,0,0,0,0,0,0,0,0,0,0,0,0,0
1,1,1,1,1,1,1,1,1,1,0.91027,1,1,1,1,1,1,1,1,0.23467,0.18822,0.49503,1,1,1,1,1,1,1,1,0,0.42589,0.95345,1,1,1,1,1,1,1,1,0,0,0,0,0,0,0,0,0,0,0,0,0,0.13578,0.19318,0.46505,0.18086,0.40944,0.67342,0,0,0,0,0,0.31114,1,0,0.4301,0.65662,0.95874,1,1,1,1,0.20017,0.54744,0.34475,0.73071,0.3644,0.14648,0.24996,0,0,1,0.16252,0.84436,0,0,0,0,0.90092,0.41131,0.15467,0,1,0.64299,0.22283,0,0,0.52,0.35112,0.1388,0,0.15132,0,0,0,0,0,0,0,0,0,0,0,0,0,0,0,0,0,0,0,0,0,1,0.75073,0.36176,0.19888,0,1,0.40371,0.20653,0,0,1,1,0.23677,0,1,1,0.85983,0.34409,0.21128,0.13373,0.50128,0.16598,1,0.57895,0.17969,1,0.19241,0.23755,1,1,0.60237,0.16774,0,0,0,0,0,0,0,0,0,0,0,0,0,0,0,0,0,0,0,0,0,0,0,0,0,0,0,0,0,0,0,0,0,0,0,0,0,0,0,0,0,0,0,0,0,0,0,0,0,0,0,0,0,0,0,0,0,0,0,0,0,0,0,0,0,0,0,0,0,0,0,0,0,0,0,0,0,0,0,0,0,0,0,0,0,0,0,0,0,0,0,0,0,0,0,0,0,0,0,0,0,0,0,0,0,0,0,0,0,0,0,0,0,0,0,0,0,0,0,0,0,0,0,0,0,0,0,0,0,0,0,0,0,0,0,0,0,0,0,0,0,0,0,0,0,0,0,0,0,0,0,0,0,0,0,0,0,0,0,0,0,0,0,0,0,0
1,1,0.83083,1,1,1,1,1,1,1,0.62667,0.96796,1,1,1,1,1,1,1,0.15859,0,0.24164,0.90522,1,1,1,1,1,1,1,0,0.22844,0.73789,1,1,1,1,1,1,1,1,0,0,0,0,0,0,0,0,0,0,0,0,0,0,0,0.21661,0,0.19987,0.36098,0,0,0,0,0,0.1661,0.77362,0,0.24774,0.48698,0.79875,1,1,1,1,0.15204,0.4633,0.33293,0.77913,0.48551,0,0.30838,0.16843,0,1,0.19975,0.76396,0,0,0,0,1,0.71676,0.27542,0.17941,1,0.91932,0.4631,0.18898,0,0.73898,0.61122,0.23261,0,0.23484,0.15381,0,0,0.12649,0,0,0,0,0,0,0,0,0,0,0,0,0,0,0,0,0,1,0.97059,0.58899,0.33134,0,1,0.65504,0.37359,0.20779,0.17445,1,1,0.48249,0.13903,1,1,1,0.63506,0.41877,0.22919,0.80049,0.29501,1,0.88781,0.34474,1,0.38873,0.52748,1,1,0.9171,0.31885,0,0,0,0,0.13364,0.13903,0,0,0,0,0,0,0,0,0,0,0,0,0,0,0,0,0,0,0,0,0,0,0,0,0,0,0,0,0,0,0,0,0,0,0,0,0,0,0,0,0,0,0,0,0,0,0,0,0,0,0,0,0,0,0,0,0,0,0,0,0,0,0,0,0,0,0,0,0,0,0,0,0,0,0,0,0,0,0,0,0,0,0,0,0,0,0,0,0,0,0,0,0,0,0,0,0,0,0,0,0,0,0,0,0,0,0,0,0,0,0,0,0,0,0,0,0,0,0,0,0,0,0,0,0,0,0,0,0,0,0,0,0,0,0,0,0,0,0,0,0,0,0,0,0,0,0,0,0,0,0,0,0,0,0,0,0,0,0,0
0.73575,1,0.36994,0.81208,1,1,1,1,1,1,0.22134,0.50235,0.87278,1,1,1,1,1,1,0,0,0,0.46208,0.91256,1,1,1,1,1,1,0,0,0.31473,0.73601,0.60378,1,1,1,1,1,1,0,0,0,0,0,0,0,0,0,0,0,0,0,0,0,0,0,0,0.13371,0,0,0,0,0,0,0.32835,0,0,0.20121,0.42107,0.87485,1,1,1,0,0.22206,0.20788,0.64057,0.46369,0,0.23157,0.18408,0,1,0.19,0.46615,0,0,0,0,1,1,0.68026,0.45201,1,1,0.80373,0.43927,0.247,0.8893,0.8562,0.50287,0.19285,0.43343,0.24931,0.18713,0,0.19353,0,0,0,0,0,0,0,0,0,0,0,0,0,0,0,0,0,1,1,0.98578,0.73921,0.23621,1,1,0.80328,0.54896,0.46015,1,1,0.93013,0.36556,1,1,1,1,0.87695,0.64699,1,0.75972,1,1,0.80995,1,0.84943,0.97857,1,1,1,0.75698,0,0,0,0.24596,0.33781,0.36556,0,0,0,0,0,0,0,0,0,0,0,0,0,0,0,0,0,0,0,0,0,0,0,0,0,0,0,0,0,0,0,0,0,0,0,0,0,0,0,0,0,0,0,0,0,0,0,0,0,0,0,0,0,0,0,0,0,0,0,0,0,0,0,0,0,0,0,0,0,0,0,0,0,0,0,0,0,0,0,0,0,0,0,0,0,0,0,0,0,0,0,0,0,0,0,0,0,0,0,0,0,0,0,0,0,0,0,0,0,0,0,0,0,0,0,0,0,0,0,0,0,0,0,0,0,0,0,0,0,0,0,0,0,0,0,0,0,0,0,0,0,0,0,0,0,0,0,0,0,0,0,0,0,0,0,0,0,0,0,0
0.48632,1,0.19273,0.52427,1,1,1,1,1,1,0,0.22767,0.5487,1,1,1,1,1,1,0,0,0,0.20181,0.55769,0.93216,1,1,1,1,1,0,0,0.14997,0.37043,0.24499,0.77905,1,1,1,1,1,0,0,0,0,0,0,0,0,0,0,0,0,0,0,0,0,0,0,0,0,0,0,0,0,0,0.19001,0,0,0,0.18378,0.52086,0.81313,0.85673,1,0,0,0,0.33042,0.23746,0,0.13308,0,0,1,0,0.20197,0,0,0,0,1,1,0.81531,0.60524,1,1,0.84549,0.52892,0.35195,0.74416,0.79311,0.50859,0.21491,0.36364,0.24591,0.17907,0,0.16377,0,0,0,0,0,0,0,0,0,0,0,0,0,0,0,0,0,1,1,1,1,0.57729,1,1,1,0.91573,0.82243,1,1,1,0.71931,1,1,1,1,1,0.98435,1,1,1,1,1,1,1,1,1,1,1,0.95396,0,0.17518,0.19396,0.60651,0.7,0.71931,0,0,0,0,0,0,0,0,0,0,0,0,0,0,0,0,0,0,0,0,0,0,0,0,0,0,0,0,0,0,0,0,0,0,0,0,0,0,0,0,0,0,0,0,0,0,0,0,0,0,0,0,0,0,0,0,0,0,0,0,0,0,0,0,0,0,0,0,0,0,0,0,0,0,0,0,0,0,0,0,0,0,0,0,0,0,0,0,0,0,0,0,0,0,0,0,0,0,0,0,0,0,0,0,0,0,0,0,0,0,0,0,0,0,0,0,0,0,0,0,0,0,0,0,0,0,0,0,0,0,0,0,0,0,0,0,0,0,0,0,0,0,0,0,0,0,0,0,0,0,0,0,0,0,0,0,0,0,0,0
0.87591,0.62217,1,1,0.87723,0.30029,0.1759,0,0,0,1,1,1,1,0.59649,0.23467,0.15859,0,0,1,1,1,1,1,1,1,0.75713,0.21868,0,0,1,1,1,1,1,1,0.83915,0.27574,0,0.49574,0.34707,0,0,0,0,0.13324,0,0,0,0,0.74206,0.44568,0.31718,1,1,0.74576,1,1,1,1,1,1,1,1,1,0.5434,1,0,1,1,1,1,0.80085,0.20857,0,1,1,0.95676,0.56781,0,1,0.32084,0,0,0.24943,0,1,0,0,0,0,0,0,0,0,0,0,0,0,0,0,0,0,0,0,0,0,0,0,0,0,0,0,0,0,0,0,0,0,0,0,0,0,0,0,0,0,0,0,0,0,0,0,0,0,0,0,0,0,0,0,0,0,0,0,0,0,0,0,0,0,0,0,0,0,0,0,0,0,0,0,0,0,0,1,1,1,1,0.81926,1,1,1,1,1,1,0.78542,1,1,1,1,1,1,1,1,1,1,1,1,1,1,1,1,1,0.71888,0.35082,0.26499,0.6287,0.9197,1,1,1,1,1,1,1,0.80926,0.69945,0.50528,0.3917,0.21467,0.21304,0.17731,0.14616,0.14491,0.13047,0,0,0,0,0,0,0,0,0,0,0,0,0,0,0,0,0,0,0,0,0,0,0,0,0,0,0,0,1,1,1,1,0.8789,0,1,1,0.72973,0.36021,0.15938,0,0,0,0,0,0.92926,0.76678,0.51669,0.2569,0.16684,0,0,0,0,0,0.70988,0.56749,0.31621,0.18495,0,0,0,0,0.19061,0.21724,0,0,0,0,0,0,0.19368,0,0,0,0,0,0,0,0,0,0,0,0,0,0,0,0,0,0,0,0,0,0,0,0,0,0,0,0,0,0,0,0,0,0,0,0,0,0
1,0.75664,1,1,0.93775,0.24904,0.1474,0,0,0,1,1,1,1,0.45616,0.18822,0,0,0,1,1,1,1,1,1,0.88194,0.50754,0.12898,0,0,1,1,1,1,1,1,0.4674,0.1355,0,0.48141,0.37797,0.13072,0,0,0.28916,0.57471,0,0.36906,0.55,0.18736,1,1,0.9753,1,1,1,1,1,1,1,1,1,1,1,1,1,1,0,1,1,1,0.67491,0.25653,0,0,1,0.9524,0.27625,0.14875,0,0.99175,0,0,0,0,0,0.94544,0,0,0,0,0,0,0,0,0,0,0,0,0,0,0,0,0,0,0,0,0,0,0,0,0,0,0,0,0,0,0,0,0,0,0,0,0,0,0,0,0,0,0,0,0,0,0,0,0,0,0,0,0,0,0,0,0,0,0,0,0,0,0,0,0,0,0,0,0,0,0,0,0,0,0,0,0,1,1,1,1,1,1,1,1,1,1,1,1,1,1,1,1,1,1,1,1,1,1,1,1,1,1,1,1,0.96872,0.45418,0.19803,0.24314,0.70263,0.96658,0.94038,1,0.97138,0.86675,0.64077,0.67141,0.47145,0.40463,0.22185,0.20615,0,0,0,0,0,0,0,0,0,0,0,0,0,0,0,0,0,0,0,0,0,0,0,0,0,0,0,0,0,0,0,0,0,0,0,0.48651,0.9992,0.82514,0.5189,0.22238,0,0.56579,0.32563,0.17491,0,0,0,0,0,0,0,0.31978,0.20175,0,0,0,0,0,0,0,0,0.20248,0.13963,0,0,0,0,0,0,0,0,0,0,0,0,0,0,0,0,0,0,0,0,0,0,0,0,0,0,0,0,0,0,0,0,0,0,0,0,0,0,0,0,0,0,0,0,0,0,0,0,0,0,0,0,0
1,1,1,1,1,0.67365,0.37059,0.17165,0,0,1,1,1,1,0.88653,0.49503,0.24164,0,0,1,1,1,1,1,1,1,0.93116,0.31044,0,0,1,1,1,1,1,1,0.86868,0.31237,0,0.90464,0.79434,0,0,0,0.32873,0.57131,0,0.22996,0.41269,0.14933,1,1,0.99992,1,1,1,1,1,1,1,1,1,1,1,1,1,1,0,1,1,1,0.98906,0.59366,0.13681,0,1,1,0.49673,0.24499,0,1,0.13625,0,0,0.23009,0,1,0,0,0,0,0,0,0,0,0,0,0,0,0,0,0,0,0,0,0,0,0,0,0,0,0,0,0,0,0,0,0,0,0,0,0,0,0,0,0,0,0,0,0,0,0,0,0,0,0,0,0,0,0,0,0,0,0,0,0,0,0,0,0,0,0,0,0,0,0,0,0,0,0,0,0,0,0,1,1,1,1,0.80366,1,1,1,1,1,1,0.68532,1,1,1,1,1,0.82041,1,1,1,1,1,1,0.9329,1,0.96536,0.80161,0.68442,0.2147,0,0,0.29522,0.56629,0.56697,0.92706,0.83471,0.65608,0.50104,0.44627,0.31367,0.21977,0.16649,0,0,0,0,0,0,0,0,0,0,0,0,0,0,0,0,0,0,0,0,0,0,0,0,0,0,0,0,0,0,0,0,0,0,0,0,0.53893,0.94774,0.74526,0.52598,0.24151,0,0.47494,0.30008,0.1869,0,0,0,0,0,0,0,0.23903,0.18716,0,0,0,0,0,0,0,0,0.16598,0,0,0,0,0,0,0,0,0,0,0,0,0,0,0,0,0,0,0,0,0,0,0,0,0,0,0,0,0,0,0,0,0,0,0,0,0,0,0,0,0,0,0,0,0,0,0,0,0,0,0,0,0,0
1,1,1,1,1,1,0.98236,0.64699,0.34688,0.17368,1,1,1,1,1,1,0.90522,0.46208,0.20181,1,1,1,1,1,1,1,1,1,0.5154,0.52963,1,1,1,1,1,1,1,1,0.51661,1,1,0,0,0,0.1451,0.20329,0,0,0,0,0.58514,0.55638,0.5553,1,1,1,1,1,1,1,0.66096,1,1,0.64526,1,0.98088,1,0,1,1,1,1,1,0.64213,0.31541,1,1,1,0.90457,0.23578,1,0.53065,0,0,0.95206,0.16323,1,0,0,0,0,0,0,0,0,0.1379,0,0,0,0,0,0,0,0,0,0,0,0,0,0,0,0,0,0,0,0,0,0,0,0,0,0,0,0,0,0,0,0,0,0,0,0,0,0,0,0,0,0,0,0,0.14219,0,0,0,0,0,0,0,0,0,0,0,0,0,0.15604,0,0,0,0,0,0,0,0,0,0.48348,0.82792,1,1,0.19071,0.37772,0.85344,1,1,1,1,0.1597,0.35273,0.7033,1,1,1,0.22548,0.47402,0.8111,0.87458,0.78829,1,0.96142,0.64976,0.46526,0.45644,0.36498,0.34375,0,0,0,0,0.16263,0.1843,0.75229,0.74902,0.451,0.43179,0.24202,0.24071,0.13806,0.13568,0,0,0,0,0,0,0,0,0,0,0,0,0,0,0,0,0,0,0,0,0,0,0,0,0,0,0,0,0,0,0,0,0,0,0,0,0.80801,1,0.76625,0.71573,0.51905,0,0.49419,0.445,0.32519,0.19729,0,0,0,0,0,0,0.24305,0.2286,0.1904,0.13754,0,0,0,0,0,0,0.16928,0.15427,0,0,0,0,0,0,0,0,0,0,0,0,0,0,0,0,0,0,0,0,0,0,0,0,0,0,0,0,0,0,0,0,0,0,0,0,0,0,0,0,0,0,0,0,0,0,0,0,0,0,0,0,0
1,1,1,1,1,1,1,1,0.8009,0.47503,1,1,1,1,1,1,1,0.91256,0.55769,1,1,1,1,1,1,1,1,1,0.95725,0.9613,1,1,1,1,1,1,1,1,0.91747,1,1,0,0,0,0.12772,0.16968,0,0,0,0,0.31375,0.39396,0.45282,0.81851,0.98609,0.9464,1,1,1,1,0.30426,1,1,0.26499,0.77336,0.96536,1,0,1,1,1,1,1,0.88909,0.64299,1,1,1,1,0.38121,1,0.61968,0,0,1,0.20668,1,0,0,0,0,0,0,0,0,0.25393,0,0,0,0,0.15736,0,0,0,0,0,0,0,0,0,0,0,0,0,0,0,0,0,0,0,0,0,0,0,0,0,0.16412,0,0,0,0,0,0,0,0,0,0.23307,0,0,0,0.37276,0,0,0,0,0,0,0,0.23103,0,0,0,0,0,0.37484,0,0,0,0,0,0,0,0,0,0.19206,0.41103,0.66608,1,0,0.15041,0.41567,0.97746,1,1,1,0,0.1363,0.25461,0.68401,0.71937,0.84488,0,0.17353,0.35725,0.42394,0.35539,0.80644,0.50945,0.245,0.17041,0.16868,0.1411,0.13976,0,0,0,0,0,0,0.36416,0.38886,0.18628,0.19455,0,0,0,0,0,0,0,0,0,0,0,0,0,0,0,0,0,0,0,0,0,0,0,0,0,0,0,0,0,0,0,0,0,0,0,0,0,0,0,0,0.60625,0.68865,0.44515,0.47345,0.34169,0,0.2263,0.22919,0.21173,0.15641,0,0,0,0,0,0,0.13874,0.14139,0,0,0,0,0,0,0,0,0,0,0,0,0,0,0,0,0,0,0,0,0,0,0,0,0,0,0,0,0,0,0,0,0,0,0,0,0,0,0,0,0,0,0,0,0,0,0,0,0,0,0,0,0,0,0,0,0,0,0,0,0,0,0
1,1,1,1,1,1,1,1,1,0.84601,1,1,1,1,1,1,1,1,0.93216,1,1,1,1,1,1,1,1,1,1,1,1,1,1,1,1,1,1,1,1,1,1,0,0,0,0,0,0,0,0,0,0.1731,0.22213,0.26512,0.53868,0.73772,0.75385,1,0.97267,1,1,0.15452,0.85965,0.70589,0.13768,0.417,0.83021,1,0,1,1,1,1,1,1,0.92692,1,1,1,1,0.53399,0.99954,0.69491,0.1389,0,1,0.2465,1,0,0,0,0,0.21069,0,0,0,0.55212,0.17646,0,0,0,0.24228,0,0,0,0,0,0,0,0,0,0,0,0,0,0,0,0,0,0,0,0,0,0,0,0,0,0.35756,0,0,0,0,0,0,0,0,0,0.57342,0.13826,0,0,0.74774,0.15733,0,0,0,0,0,0,0.56426,0,0,0.17431,0,0,0.72621,0.23338,0,0,0,0,0,0,0,0,0,0.18112,0.29354,0.96615,0,0,0.18053,0.60234,0.63576,0.81857,0.9247,0,0,0.12644,0.30904,0.35874,0.49717,0,0,0.1616,0.18691,0.17065,0.49297,0.21165,0.13619,0,0,0,0,0,0,0,0,0,0,0.1866,0.20234,0,0,0,0,0,0,0,0,0,0,0,0,0,0,0,0,0,0,0,0,0,0,0,0,0,0,0,0,0,0,0,0,0,0,0,0,0,0,0,0,0,0,0.44526,0.4398,0.23122,0.28306,0.23476,0,0.14486,0.16299,0.16357,0.12701,0,0,0,0,0,0,0,0,0,0,0,0,0,0,0,0,0,0,0,0,0,0,0,0,0,0,0,0,0,0,0,0,0,0,0,0,0,0,0,0,0,0,0,0,0,0,0,0,0,0,0,0,0,0,0,0,0,0,0,0,0,0,0,0,0,0,0,0,0,0,0
1,1,1,1,1,1,1,1,1,1,1,1,1,1,1,1,1,1,1,1,0.88194,1,1,1,1,1,1,1,1,1,0.64299,1,1,1,1,1,1,1,1,1,1,0,0,0,0,0,0,0,0,0,0,0.12536,0.16992,0.23353,0.424,0.48786,0.92967,0.63244,0.9943,1,0,0.45879,0.32485,0,0.17315,0.61473,1,0,1,1,1,1,1,1,1,0.97412,1,0.99395,1,0.66544,0.76777,0.73274,0.18963,0,1,0.33723,1,0,0,0.14513,0,0.4946,0.15357,0,0,0.86457,0.36118,0,0,0,0.48739,0.22063,0,0,0,0,0,0,0,0,0,0,0,0,0,0,0,0,0,0,0,0,0,0,0,0,0.74692,0,0,0,0,0.22464,0,0,0,0,0.97879,0.32161,0,0,1,0.38097,0.18899,0,0,0,0,0,0.97015,0,0,0.42154,0,0,1,0.58698,0.1775,0,0,0,0,0,0,0,0,0,0.12844,0.57054,0,0,0,0.23107,0.24371,0.4315,0.57206,0,0,0,0.13372,0.15538,0.20551,0,0,0,0,0,0.21462,0,0,0,0,0,0,0,0,0,0,0,0,0,0,0,0,0,0,0,0,0,0,0,0,0,0,0,0,0,0,0,0,0,0,0,0,0,0,0,0,0,0,0,0,0,0,0,0,0,0,0,0,0,0,0,0,0.24681,0.21697,0.13485,0.18391,0.17542,0,0,0,0,0,0,0,0,0,0,0,0,0,0,0,0,0,0,0,0,0,0,0,0,0,0,0,0,0,0,0,0,0,0,0,0,0,0,0,0,0,0,0,0,0,0,0,0,0,0,0,0,0,0,0,0,0,0,0,0,0,0,0,0,0,0,0,0,0,0,0,0,0,0,0,0
1,1,1,1,1,1,1,1,1,1,1,1,1,1,1,1,1,1,1,0.75713,0.50754,0.93116,1,1,1,1,1,1,1,1,0.27042,0.95,1,1,1,1,1,1,1,1,1,0,0,0,0,0,0,0,0,0,0,0,0,0,0.18477,0.21281,0.5718,0.25344,0.61713,0.83829,0,0.19211,0.1462,0,0,0.29035,1,0,1,1,1,1,1,1,1,0.75986,1,0.99685,1,0.85843,0.6152,0.83704,0.28941,0.17366,1,0.50491,1,0.14612,0.14959,0.19896,0,0.87367,0.34191,0,0,1,0.72361,0.22584,0,0,0.79645,0.50586,0.16621,0,0.21791,0,0,0,0.13215,0,0,0,0,0,0,0,0,0,0,0,0,0,0,0,0,0,1,0.22175,0,0,0,0.49667,0,0,0,0,1,0.66386,0,0,1,0.74684,0.42652,0.13791,0,0,0.2013,0,1,0.24616,0,0.80586,0,0.15086,1,0.97314,0.41875,0,0,0,0,0,0,0,0,0,0,0.24629,0,0,0,0,0.12765,0.20453,0.29708,0,0,0,0,0,0,0,0,0,0,0,0.12543,0,0,0,0,0,0,0,0,0,0,0,0,0,0,0,0,0,0,0,0,0,0,0,0,0,0,0,0,0,0,0,0,0,0,0,0,0,0,0,0,0,0,0,0,0,0,0,0,0,0,0,0,0,0,0,0,0.2077,0.1499,0,0.13687,0.14609,0,0,0,0,0,0,0,0,0,0,0,0,0,0,0,0,0,0,0,0,0,0,0,0,0,0,0,0,0,0,0,0,0,0,0,0,0,0,0,0,0,0,0,0,0,0,0,0,0,0,0,0,0,0,0,0,0,0,0,0,0,0,0,0,0,0,0,0,0,0,0,0,0,0,0,0
0.98839,1,0.74511,1,1,1,1,1,1,1,0.66735,0.95224,1,1,1,1,1,1,1,0.21868,0.12898,0.31044,1,1,1,1,1,1,1,1,0,0.33873,0.92813,1,1,1,1,1,1,1,1,0,0,0,0,0,0,0,0,0,0,0,0,0,0,0,0.17673,0,0.17927,0.27557,0,0,0,0,0,0,0.61868,0,0.48852,0.7532,1,1,1,1,1,0.26156,0.82663,0.75021,1,0.93114,0.22869,0.7526,0.4399,0.21112,1,0.54599,1,0.20394,0.17522,0.21358,0,1,0.90725,0.42959,0.22661,1,1,0.70423,0.27452,0.18237,1,0.94075,0.48137,0.15569,0.55185,0.26543,0.20356,0,0.24951,0.13645,0,0,0,0,0,0,0,0,0,0,0,0,0,0,0,0.1957,1,0.69161,0.32757,0.19532,0,1,0.43694,0.2217,0.136,0,1,1,0.31544,0,1,1,1,0.52341,0.28971,0.1888,0.71925,0.23746,1,0.85889,0.30405,1,0.38943,0.56887,1,1,1,0.40266,0,0,0,0,0,0,0,0,0,0,0,0,0,0,0,0,0,0,0,0,0,0,0,0,0,0,0,0,0,0,0,0,0,0,0,0,0,0,0,0,0,0,0,0,0,0,0,0,0,0,0,0,0,0,0,0,0,0,0,0,0,0,0,0,0,0,0,0,0,0,0,0,0,0,0,0,0,0,0,0,0,0,0,0,0,0,0,0,0,0,0,0,0,0,0,0,0,0,0,0,0,0,0,0,0,0,0,0,0,0,0,0,0,0,0,0,0,0,0,0,0,0,0,0,0,0,0,0,0,0,0,0,0,0,0,0,0,0,0,0,0,0,0,0,0,0,0,0,0,0,0,0,0,0,0,0,0,0,0,0,0,0,0,0,0,0
0.6276,1,0.31049,0.74387,1,1,1,1,1,1,0.22304,0.47956,0.85411,1,1,1,1,1,1,0,0,0,0.5154,0.95725,1,1,1,1,1,1,0,0,0.39841,0.82096,0.71154,1,1,1,1,1,1,0,0,0,0,0,0,0,0,0,0,0,0,0,0,0,0,0,0,0,0,0,0,0,0,0,0.24412,0,0.15405,0.24344,0.55027,1,1,1,1,0,0.35212,0.35003,0.8872,0.73357,0,0.44956,0.32657,0.16576,1,0.33965,0.64955,0.17638,0,0.14969,0,1,1,0.82486,0.58627,1,1,1,0.61509,0.40531,1,1,0.72275,0.27032,0.68368,0.47629,0.2963,0.15945,0.33782,0.18739,0.13067,0,0,0,0.14345,0,0,0,0,0,0,0,0,0,0,0.18973,1,1,0.82862,0.59554,0.19273,1,0.95474,0.68653,0.42831,0.35698,1,1,0.8439,0.28526,1,1,1,1,0.81953,0.59576,1,0.73713,1,1,0.81861,1,0.88871,1,1,1,1,0.85494,0,0,0,0.20249,0.24518,0.28526,0,0,0,0,0,0,0,0,0,0,0,0,0,0,0,0,0,0,0,0,0,0,0,0,0,0,0,0,0,0,0,0,0,0,0,0,0,0,0,0,0,0,0,0,0,0,0,0,0,0,0,0,0,0,0,0,0,0,0,0,0,0,0,0,0,0,0,0,0,0,0,0,0,0,0,0,0,0,0,0,0,0,0,0,0,0,0,0,0,0,0,0,0,0,0,0,0,0,0,0,0,0,0,0,0,0,0,0,0,0,0,0,0,0,0,0,0,0,0,0,0,0,0,0,0,0,0,0,0,0,0,0,0,0,0,0,0,0,0,0,0,0,0,0,0,0,0,0,0,0,0,0,0,0,0,0,0,0,0,0
0.52315,1,0.24728,0.66639,1,1,1,1,1,1,0.21618,0.4365,0.81135,1,1,1,1,1,1,0,0,0,0.52963,0.9613,1,1,1,1,1,1,0,0,0.43729,0.85796,0.76784,1,1,1,1,1,1,0,0,0,0,0,0,0,0,0,0,0,0,0,0,0,0,0,0,0,0,0,0,0,0,0,0.21275,0,0.17632,0.30489,0.62525,1,1,1,1,0,0.47622,0.51004,1,0.93503,0,0.636,0.53369,0.23462,1,0.541,0.7702,0.24552,0.18957,0.21744,0,1,1,0.92613,0.68059,1,1,1,0.74309,0.5248,1,1,0.88683,0.41261,0.87304,0.648,0.47371,0.21142,0.53313,0.24871,0.19012,0.13955,0,0,0.20966,0,0,0.13763,0,0,0,0,0,0,0,0.27465,1,1,0.70295,0.48049,0.15825,1,0.85025,0.59,0.33041,0.27196,1,1,0.76809,0.23906,1,1,1,1,0.76474,0.54712,1,0.70865,1,1,0.81292,1,0.90582,1,1,1,1,0.91835,0,0,0,0.16798,0.21725,0.23906,0,0,0,0,0,0,0,0,0,0,0,0,0,0,0,0,0,0,0,0,0,0,0,0,0,0,0,0,0,0,0,0,0,0,0,0,0,0,0,0,0,0,0,0,0,0,0,0,0,0,0,0,0,0,0,0,0,0,0,0,0,0,0,0,0,0,0,0,0,0,0,0,0,0,0,0,0,0,0,0,0,0,0,0,0,0,0,0,0,0,0,0,0,0,0,0,0,0,0,0,0,0,0,0,0,0,0,0,0,0,0,0,0,0,0,0,0,0,0,0,0,0,0,0,0,0,0,0,0,0,0,0,0,0,0,0,0,0,0,0,0,0,0,0,0,0,0,0,0,0,0,0,0,0,0,0,0,0,0,0
0.93081,0.52313,1,1,0.69805,0.16809,0,0,0,0,1,1,1,0.78625,0.23788,0,0,0,0,1,1,1,1,1,1,0.64299,0.27042,0,0,0,1,1,1,1,1,0.96565,0.24764,0,0,0.24643,0.21263,0,0,0,0.2411,0.52944,0.13748,0.4295,0.58275,0.19508,1,1,0.90965,1,1,1,1,1,1,1,1,1,1,1,1,0.9737,1,0,1,1,1,0.49414,0.18865,0,0,1,0.82066,0.21534,0,0,0.92125,0,0,0,0,0,0.78892,0,0,0,0,0,0,0,0,0,0,0,0,0,0,0,0,0,0,0,0,0,0,0,0,0,0,0,0,0,0,0,0,0,0,0,0,0,0,0,0,0,0,0,0,0,0,0,0,0,0,0,0,0,0,0,0,0,0,0,0,0,0,0,0,0,0,0,0,0,0,0,0,0,0,0,0,0,1,1,1,1,1,1,1,1,1,1,1,1,1,1,1,1,1,1,1,1,1,1,1,1,1,1,1,1,1,0.62721,0.2722,0.45006,0.93503,1,1,1,1,0.97433,0.70766,0.78999,0.55089,0.53781,0.25251,0.26014,0.15244,0.15558,0,0,0,0,0,0,0,0,0,0,0,0,0,0,0,0,0,0,0,0,0,0,0,0,0,0,0,0,0,0,0,0,0,0.4447,1,0.85433,0.502,0.20852,0,0.60459,0.32919,0.16541,0,0,0,0,0,0,0,0.36798,0.20706,0,0,0,0,0,0,0,0,0.22048,0.14854,0,0,0,0,0,0,0,0,0,0,0,0,0,0,0,0,0,0,0,0,0,0,0,0,0,0,0,0,0,0,0,0,0,0,0,0,0,0,0,0,0,0,0,0,0,0,0,0,0,0,0,0,0
1,0.89441,1,1,1,0.54271,0.26187,0.14146,0,0,1,1,1,1,0.82033,0.42589,0.22844,0,0,1,1,1,1,1,1,1,0.95,0.33873,0,0,1,1,1,1,1,1,0.98624,0.42069,0,0.7467,0.60508,0,0,0,0,0.20184,0,0,0.16106,0,0.867,0.63483,0.53179,1,1,0.97547,1,1,1,1,1,1,1,1,1,0.79376,1,0,1,1,1,1,0.8561,0.22427,0,1,1,0.89181,0.56482,0,1,0.27778,0,0,0.35899,0,1,0,0,0,0,0,0,0,0,0,0,0,0,0,0,0,0,0,0,0,0,0,0,0,0,0,0,0,0,0,0,0,0,0,0,0,0,0,0,0,0,0,0,0,0,0,0,0,0,0,0,0,0,0,0,0,0,0,0,0,0,0,0,0,0,0,0,0,0,0,0,0,0,0,0,0,0,0,1,1,1,1,0.72531,1,1,1,1,1,1,0.66053,1,1,1,1,1,0.88921,1,1,1,1,1,1,1,1,1,1,1,0.45009,0.19397,0.17752,0.42413,0.71067,0.7713,1,1,1,0.93583,0.82962,0.74108,0.52991,0.42475,0.2421,0.20557,0,0,0,0,0,0,0,0,0,0,0,0,0,0,0,0,0,0,0,0,0,0,0,0,0,0,0,0,0,0,0,0,0,0,1,1,1,0.99564,0.69055,0,0.92879,0.76795,0.52911,0.22974,0,0,0,0,0,0,0.6683,0.52736,0.30485,0.18889,0,0,0,0,0,0,0.44775,0.32226,0.19892,0,0,0,0,0,0,0.13621,0,0,0,0,0,0,0,0,0,0,0,0,0,0,0,0,0,0,0,0,0,0,0,0,0,0,0,0,0,0,0,0,0,0,0,0,0,0,0,0,0,0,0,0,0
1,1,1,1,1,1,0.76009,0.44336,0.22099,0,1,1,1,1,1,0.95345,0.73789,0.31473,0.14997,1,1,1,1,1,1,1,1,0.92813,0.39841,0.43729,1,1,1,1,1,1,1,1,0.47843,1,1,0,0,0,0,0,0,0,0,0,0.40063,0.29862,0.26819,0.83868,0.91161,0.74832,1,1,1,1,0.56145,1,1,0.57768,1,0.65934,1,0,1,1,1,1,1,0.76601,0.36964,1,1,1,1,0.39392,1,0.76809,0,0,0.97931,0.23594,1,0,0,0.12626,0,0,0,0,0,0.15307,0,0,0,0,0,0,0,0,0,0,0,0,0,0,0,0,0,0,0,0,0,0,0,0,0,0,0,0,0,0,0,0,0,0,0,0,0,0,0,0,0,0,0,0,0,0,0,0,0,0,0,0,0,0,0,0,0,0,0.14229,0,0,0,0,0,0,0,0,0,0.46216,0.82078,1,1,0.20155,0.39778,0.89848,1,1,1,1,0.18115,0.42437,0.79331,1,1,1,0.29245,0.60339,0.94562,1,1,1,1,0.92432,0.61541,0.64711,0.58955,0.60448,0.17733,0,0,0,0.21633,0.24911,1,1,0.75013,0.75959,0.52381,0.54756,0.23611,0.24473,0.13342,0.1432,0,0,0,0,0,0,0,0,0,0,0,0,0,0,0,0,0,0,0,0,0,0,0,0,0,0,0,0,0,0,0,0,0,0,1,1,1,1,0.86245,0.17042,0.83405,0.7937,0.6708,0.42465,0.21303,0,0,0,0,0,0.56934,0.53416,0.4183,0.25255,0.18301,0,0,0,0,0,0.34859,0.31065,0.23011,0.17426,0,0,0,0,0.13729,0.13875,0,0,0,0,0,0,0,0,0,0,0,0,0,0,0,0,0,0,0,0,0,0,0,0,0,0,0,0,0,0,0,0,0,0,0,0,0,0,0,0,0,0,0,0,0
1,1,1,1,1,1,1,0.84961,0.57708,0.26266,1,1,1,1,1,1,1,0.73601,0.37043,1,1,1,1,1,1,1,1,1,0.82096,0.85796,1,1,1,1,1,1,1,1,0.88629,1,1,0,0,0,0,0,0,0,0,0,0.22019,0.21802,0.22494,0.63636,0.76088,0.66667,1,1,1,1,0.24775,1,0.94803,0.24546,0.75271,0.64348,1,0,1,1,1,1,1,1,0.72929,1,1,1,1,0.62471,1,0.92323,0.16542,0,1,0.39538,1,0,0,0.17961,0,0,0,0,0,0.32419,0,0,0,0,0.20309,0,0,0,0,0,0,0,0,0,0,0,0,0,0,0,0,0,0,0,0,0,0,0,0,0,0,0,0,0,0,0,0,0,0,0,0.17039,0,0,0,0.24097,0,0,0,0,0,0,0,0.19341,0,0,0,0,0,0.33495,0,0,0,0,0,0,0,0,0,0.19743,0.44419,0.7298,1,0,0.16911,0.499,1,1,1,1,0,0.1717,0.37971,0.81666,0.9431,1,0,0.2275,0.52444,0.64004,0.62643,1,0.65287,0.53651,0.23099,0.24218,0.2256,0.23617,0,0,0,0,0,0,0.69399,0.73989,0.38677,0.44332,0.22002,0.2425,0,0.13996,0,0,0,0,0,0,0,0,0,0,0,0,0,0,0,0,0,0,0,0,0,0,0,0,0,0,0,0,0,0,0,0,0,0,0,0,0.99999,1,0.81627,0.86467,0.7348,0.19056,0.55333,0.57709,0.52877,0.35518,0.21055,0,0,0,0,0,0.29229,0.3134,0.2644,0.21705,0.16034,0,0,0,0,0,0.19184,0.19476,0.17623,0.13751,0,0,0,0,0,0,0,0,0,0,0,0,0,0,0,0,0,0,0,0,0,0,0,0,0,0,0,0,0,0,0,0,0,0,0,0,0,0,0,0,0,0,0,0,0,0,0,0,0,0,0
1,1,1,1,1,1,0.96399,0.67448,0.4188,0.20438,1,1,1,1,1,1,1,0.60378,0.24499,1,1,1,1,1,1,1,1,1,0.71154,0.76784,1,1,1,1,1,1,1,1,0.84035,1,1,0,0,0,0,0,0,0,0,0,0.17725,0.15877,0.15879,0.4875,0.58748,0.46522,0.92049,0.89859,1,1,0.22297,1,0.84807,0.22741,0.69808,0.42083,1,0,1,1,1,1,1,1,0.76225,1,1,1,1,0.76946,1,1,0.21458,0.16698,1,0.56498,1,0,0.17318,0.24058,0,0,0,0,0,0.35084,0,0,0,0,0.22767,0,0,0,0,0,0,0,0,0,0,0,0,0,0,0,0,0,0,0,0,0,0,0,0,0,0,0,0,0,0,0,0,0,0,0,0.12586,0,0,0,0.20363,0,0,0,0,0,0,0,0.16394,0,0,0,0,0,0.28992,0,0,0,0,0,0,0,0,0,0.18926,0.42752,0.72996,1,0,0.1699,0.51502,1,1,1,1,0,0.18367,0.42551,0.86284,1,1,0.14644,0.25582,0.5985,0.74871,0.77715,1,0.70865,0.71187,0.28033,0.34184,0.31702,0.3759,0,0,0,0,0,0.14953,0.89158,0.95519,0.58411,0.66685,0.35796,0.45007,0.17961,0.21525,0,0,0,0,0,0,0,0,0,0,0,0,0,0,0,0,0,0,0,0,0,0,0,0,0,0,0,0,0,0,0,0,0,0,0,0,1,1,1,1,0.98994,0.29401,0.78946,0.82716,0.78401,0.60601,0.37192,0.2002,0,0,0,0,0.53022,0.56326,0.51956,0.40483,0.24377,0.17748,0.12803,0,0,0,0.31501,0.33361,0.28374,0.22222,0,0,0,0,0.16477,0.15322,0.12671,0,0,0,0,0,0,0,0,0,0,0,0,0,0,0,0,0,0,0,0,0,0,0,0,0,0,0,0,0,0,0,0,0,0,0,0,0,0,0,0,0,0,0,0
1,1,1,1,1,1,1,1,0.94425,0.64775,1,1,1,1,1,1,1,1,0.77905,1,1,1,1,1,1,1,1,1,1,1,0.96565,1,1,1,1,1,1,1,1,1,1,0,0,0,0,0,0,0,0,0,0,0,0,0.22586,0.33155,0.28768,0.74932,0.60658,0.93405,1,0,0.6936,0.45032,0,0.24686,0.31951,1,0,1,1,1,1,1,1,1,1,1,1,1,1,1,1,0.41373,0.24048,1,0.77107,1,0.1846,0.23528,0.39187,0,0.31501,0,0,0,0.83642,0.28807,0,0,0,0.60283,0.22497,0,0,0.13527,0,0,0,0,0,0,0,0,0,0,0,0,0,0,0,0,0,0,0,0,0,0.20866,0,0,0,0,0,0,0,0,0,0.42346,0,0,0,0.66504,0.13907,0,0,0,0,0,0,0.54865,0,0,0.19083,0,0,0.83555,0.3019,0,0,0,0,0,0,0,0,0,0.14361,0.23971,1,0,0,0.16408,0.56798,0.68581,0.97588,1,0,0,0.12832,0.3226,0.4974,0.68776,0,0,0.18233,0.23062,0.2428,0.78319,0.22127,0.22609,0,0,0,0,0,0,0,0,0,0,0.37995,0.47082,0.19131,0.23419,0,0.16174,0,0,0,0,0,0,0,0,0,0,0,0,0,0,0,0,0,0,0,0,0,0,0,0,0,0,0,0,0,0,0,0,0,0,0,0,0,0,0.95502,0.85103,0.60549,0.76801,0.73402,0.31544,0.36042,0.46901,0.51719,0.43853,0.29537,0.19752,0,0,0,0,0.20351,0.2357,0.24851,0.23362,0.19188,0.14174,0,0,0,0,0.13454,0.15862,0.16859,0.15227,0,0,0,0,0,0,0,0,0,0,0,0,0,0,0,0,0,0,0,0,0,0,0,0,0,0,0,0,0,0,0,0,0,0,0,0,0,0,0,0,0,0,0,0,0,0,0,0,0,0,0
1,1,1,1,1,1,1,1,1,1,1,1,1,1,1,1,1,1,1,0.83915,0.4674,0.86868,1,1,1,1,1,1,1,1,0.24764,0.98624,1,1,1,1,1,1,1,1,1,0,0,0,0,0,0,0,0,0,0,0,0,0,0,0,0.27332,0.17601,0.37956,0.56608,0,0.16479,0,0,0,0.144,0.76512,0,1,1,1,1,1,1,1,1,1,1,1,1,0.97048,1,0.74951,0.49346,1,0.98906,1,0.394,0.42918,0.58218,0,1,0.49369,0.16104,0,1,0.96573,0.38886,0.13961,0,1,0.80481,0.26344,0,0.48957,0.20146,0.16498,0,0.26805,0,0,0,0,0,0.1519,0,0,0.15123,0,0,0,0,0,0,0,0.27447,0.73992,0.13552,0,0,0,0.27193,0,0,0,0,1,0.48143,0,0,1,0.63828,0.30052,0,0,0,0.17212,0,1,0.23086,0,0.81289,0,0.15888,1,1,0.48551,0,0,0,0,0,0,0,0,0,0,0.33699,0,0,0,0,0.14836,0.2481,0.50294,0,0,0,0,0,0.15535,0,0,0,0,0,0.20039,0,0,0,0,0,0,0,0,0,0,0,0,0,0,0,0,0,0,0,0,0,0,0,0,0,0,0,0,0,0,0,0,0,0,0,0,0,0,0,0,0,0,0,0,0,0,0,0,0,0,0,0,0,0,0,0,0.51805,0.26309,0.1748,0.28697,0.35787,0.30504,0,0.16268,0.213,0.22724,0.2196,0.18489,0.13674,0,0.15354,0,0,0,0,0.13694,0,0,0,0,0,0,0,0,0,0,0,0,0,0,0,0,0,0,0,0,0,0,0,0,0,0,0,0,0,0,0,0,0,0,0,0,0,0,0,0,0,0,0,0,0,0,0,0,0,0,0,0,0,0,0,0,0,0,0,0,0
0.69116,1,0.54949,0.92722,1,1,1,1,1,1,0.60742,0.8206,1,1,1,1,1,1,1,0.27574,0.1355,0.31237,1,1,1,1,1,1,1,1,0,0.42069,1,1,1,1,1,1,1,1,1,0,0,0,0,0,0,0,0,0,0,0,0,0,0,0,0,0,0.12824,0.19766,0,0,0,0,0,0,0.35945,0,0.68368,0.9692,1,1,1,1,1,0.5439,1,1,1,1,0.5337,1,0.92529,0.62568,1,1,1,0.58992,0.52304,0.64136,0,1,1,0.53838,0.27994,1,1,0.91483,0.45354,0.23707,1,1,0.75425,0.23095,0.91119,0.57005,0.43888,0.16221,0.64243,0.26563,0.18491,0,0,0,0.28866,0,0,0.23186,0.17701,0,0,0,0,0,0,0.5406,1,0.33793,0.16537,0,0,0.72643,0.21484,0.12896,0,0,1,0.96388,0.1917,0,1,1,0.81923,0.3336,0.196,0.12582,0.55466,0.18674,1,0.74391,0.23135,1,0.32195,0.54116,1,1,1,0.42856,0,0,0,0,0,0,0,0,0,0,0,0,0,0,0,0,0.15706,0,0,0,0,0,0,0,0,0,0,0,0,0,0,0,0,0,0,0,0,0,0,0,0,0,0,0,0,0,0,0,0,0,0,0,0,0,0,0,0,0,0,0,0,0,0,0,0,0,0,0,0,0,0,0,0,0,0,0,0,0,0,0,0,0,0,0,0,0.21275,0,0,0.12867,0.17338,0.23995,0,0,0,0.14232,0.16254,0.15284,0.12596,0,0.16616,0,0,0,0,0,0,0,0,0,0,0,0,0,0,0,0,0,0,0,0,0,0,0,0,0,0,0,0,0,0,0,0,0,0,0,0,0,0,0,0,0,0,0,0,0,0,0,0,0,0,0,0,0,0,0,0,0,0,0,0,0,0,0,0,0,0
0.27488,0.77349,0.18854,0.46714,0.97927,1,1,1,1,1,0.18989,0.30802,0.67671,1,1,1,1,1,1,0,0,0,0.51661,0.91747,1,1,1,1,1,1,0,0,0.47843,0.88629,0.84035,1,1,1,1,1,1,0,0,0,0,0,0,0,0,0,0,0,0,0,0,0,0,0,0,0,0,0,0,0,0,0,0.13797,0,0.21242,0.42657,0.74235,1,1,1,1,0.17662,0.70909,0.82917,1,1,0.18731,1,0.96943,0.63857,1,0.9632,0.99024,0.67239,0.5009,0.57948,0,1,1,1,0.82415,1,1,1,0.96605,0.73062,1,1,1,0.67556,1,0.98361,0.82574,0.43373,0.93325,0.61675,0.42712,0.24771,0.2065,0.20939,0.53923,0.23331,0.1604,0.34331,0.25316,0.17947,0.13023,0.16089,0,0,0,0.70401,1,0.71261,0.40145,0.23341,0,1,0.58445,0.34215,0.19436,0.18311,1,1,0.55588,0.17578,1,1,1,0.84175,0.59223,0.39022,1,0.58835,1,1,0.7361,1,0.87373,1,1,1,1,0.986,0,0,0,0,0.14426,0.17578,0,0,0,0,0,0,0,0,0,0,0,0,0,0,0,0,0,0,0,0,0,0,0,0,0,0,0,0,0,0,0,0,0,0,0,0,0,0,0,0,0,0,0,0,0,0,0,0,0,0,0,0,0,0,0,0,0,0,0,0,0,0,0,0,0,0,0,0,0,0,0,0,0,0,0,0,0,0,0,0,0,0,0,0,0.17918,0,0,0,0,0,0,0,0,0.14624,0,0,0,0,0,0,0,0,0,0,0,0,0,0,0,0,0,0,0,0,0,0,0,0,0,0,0,0,0,0,0,0,0,0,0,0,0,0,0,0,0,0,0,0,0,0,0,0,0,0,0,0,0,0,0,0,0,0,0,0,0,0,0,0,0,0
1,1,1,1,1,1,1,1,1,1,1,1,1,1,1,1,1,1,1,0.49574,0.48141,0.90464,1,1,1,1,1,1,1,1,0.24643,0.7467,1,1,1,1,1,1,1,1,1,0,0,0,0.14053,0.12976,0,0,0,0,0,0.18331,0.27042,0.23712,0.50116,0.69455,1,0.61078,0.97329,1,0,0.21993,0.21836,0,0,0.93541,1,0,0.60675,0.78244,1,1,1,0.61462,0.7287,0.22874,0.48788,0.21754,0.42224,0.15093,0.14677,0.14616,0,0,1,0,0.76445,0,0,0,0,0.27992,0,0,0,0.4577,0.17908,0,0,0,0.15839,0,0,0,0,0,0,0,0,0,0,0,0,0,0,0,0,0,0,0,0,0,0,0,0,0,1,0.34134,0.14882,0,0,0.574,0.14709,0,0,0,1,0.63852,0,0,1,0.57248,0.31081,0,0,0,0.14625,0,1,0.16391,0,0.43235,0,0,0.94544,0.49627,0.16025,0,0,0,0,0,0,0,0,0,0,0.16282,0,0,0,0,0,0,0,0,0,0,0,0,0,0,0,0,0,0,0,0,0,0,0,0,0,0,0,0,0,0,0,0,0,0,0,0,0,0,0,0,0,0,0,0,0,0,0,0,0,0,0,0,0,0,0,0,0,0,0,0,0,0,0,0,0,0,0,0,0,0,0,0,0,0,0,0,0,0,0,0,0,0,0,0,0,0,0,0,0,0,0,0,0,0,0,0,0,0,0,0,0,0,0,0,0,0,0,0,0,0,0,0,0,0,0,0,0,0,0,0,0,0,0,0,0,0,0,0,0,0,0,0,0,0,0,0,0,0,0,0,0,0,0,0,0,0,0,0,0,0,0,0,0,0,0,0
1,1,1,1,1,1,1,1,1,1,1,1,1,1,1,1,1,1,1,0.34707,0.37797,0.79434,1,1,1,1,1,1,1,1,0.21263,0.60508,1,1,1,1,1,1,1,1,1,0,0,0,0.17622,0.15783,0,0,0,0,0,0.19906,0.33864,0.23787,0.51679,0.74201,1,0.59875,0.95434,1,0,0.19485,0.20397,0,0,1,1,0,0.42824,0.59296,0.84983,0.79358,0.79978,0.41071,0.55018,0.16427,0.27582,0.14475,0.23529,0,0,0,0,0,1,0,0.55022,0,0,0,0,0.21877,0,0,0,0.29513,0.13123,0,0,0,0,0,0,0,0,0,0,0,0,0,0,0,0,0,0,0,0,0,0,0,0,0,0,0,0,0,1,0.40002,0.16859,0,0,0.6046,0.1598,0,0,0,1,0.64278,0,0,1,0.54213,0.2986,0,0,0,0.13982,0,0.96806,0.15079,0,0.35769,0,0,0.82385,0.39703,0.13213,0,0,0,0,0,0,0,0,0,0,0,0,0,0,0,0,0,0,0,0,0,0,0,0,0,0,0,0,0,0,0,0,0,0,0,0,0,0,0,0,0,0,0,0,0,0,0,0,0,0,0,0,0,0,0,0,0,0,0,0,0,0,0,0,0,0,0,0,0,0,0,0,0,0,0,0,0,0,0,0,0,0,0,0,0,0,0,0,0,0,0,0,0,0,0,0,0,0,0,0,0,0,0,0,0,0,0,0,0,0,0,0,0,0,0,0,0,0,0,0,0,0,0,0,0,0,0,0,0,0,0,0,0,0,0,0,0,0,0,0,0,0,0,0,0,0,0,0,0,0,0,0,0,0,0,0,0,0,0,0,0,0,0,0,0,0,0
0.40619,0.13138,0.46261,0.21959,0,0,0,0,0,0,0.16875,0.19462,0,0,0,0,0,0,0,0,0.13072,0,0,0,0,0,0,0,0,0,0,0,0,0,0,0,0,0,0,0,0,1,1,1,1,1,1,1,1,1,1,1,1,1,1,1,1,1,0.87341,0.82611,0.71453,0.24704,0.71424,0.46816,0.37519,1,0.73382,1,0,0,0,0,0,0,0,0,0,0,0,0,0,0,0,0,0,0,0,0,0,0,0,0,0,0,0,0,0,0,0,0,0,0,0,0,0,0,0,0,0,0,0,0,0,0,0,0,0,0,0,0,0,0,0,0,0,0,0,0,0,0,0,0,0,0,0,0,0,0,0,0,0,0,0,0,0,0,0,0,0,0,0,0,0,0,0,0,0,0,0,0,0,0,0,0,0.20171,0.17374,0,0,0,0,0,0,0,0,0,0,0,0,0,0,0,0,0,0,0,0,0,0,0,0,0,0,0,0,0,0,0,0,0,0,0,0,0,0,0,0,0,0,0,0,0,0,0,0,0,0,0,0,0,0,0,0,0,0,0,0,0,0,0,0,0,0,0,0,0,0,0,0,0,0,0,0,0,0,0,0,0,0,0,0,0,0,0,0,0,0,0,0,0,0,0,0,0,0,0,0,0,0,0,0,0,0,0,0,0,0,0,0,0,0,0,0,0,0,0,0,0,0,0,0,0,0,0,0,0,0,0,0,0,0,0,0,0,0,0,0,0,0,0,0,0,0,0,0,0,0,0,0,0,0,1,1,1,1
0,0,0,0,0,0,0,0,0,0,0,0,0,0,0,0,0,0,0,0,0,0,0,0,0,0,0,0,0,0,0,0,0,0,0,0,0,0,0,0,0,1,1,1,1,1,1,1,1,1,1,1,1,0.84426,0.82106,0.91143,0.45106,0.48824,0.24325,0.21082,0.46863,0,0.26565,0.2471,0.17393,0.79573,0.15586,1,0,0,0,0,0,0,0,0,0,0,0,0,0,0,0,0,0,0,0,0,0,0,0,0,0,0,0,0,0,0,0,0,0,0,0,0,0,0,0,0,0,0,0,0,0,0,0,0,0,0,0,0,0,0,0,0,0,0,0,0,0,0,0,0,0,0,0,0,0,0,0,0,0,0,0,0,0,0,0,0,0,0,0,0,0,0,0,0,0,0,0,0,0,0,0,0,0.14172,0,0,0,0,0,0,0,0,0,0,0,0,0,0,0,0,0,0,0,0,0,0,0,0,0,0,0,0,0,0,0,0,0,0,0,0,0,0,0,0,0,0,0,0,0,0,0,0,0,0,0,0,0,0,0,0,0,0,0,0,0,0,0,0,0,0,0,0,0,0,0,0,0,0,0,0,0,0,0,0,0,0,0,0,0,0,0,0,0,0,0,0,0,0,0,0,0,0,0,0,0,0,0,0,0,0,0,0,0,0,0,0,0,0,0,0,0,0,0,0,0,0,0,0,0,0,0,0,0,0,0,0,0,0,0,0,0,0,0,0,0,0,0,0,0,0,0,0,0,0,0,0,0,0,0,1,1,1,1
0,0,0,0,0,0,0,0,0,0,0,0,0,0,0,0,0,0,0,0,0,0,0,0,0,0,0,0,0,0,0,0,0,0,0,0,0,0,0,0,0,1,1,1,1,1,1,1,1,1,1,1,1,1,0.976,1,0.56284,0.65668,0.37585,0.25405,0.72996,0.17163,0.48221,0.50782,0.26507,0.85435,0.18009,1,0,0,0,0,0,0,0,0,0,0,0,0,0,0,0,0,0,0,0,0,0,0,0,0,0,0,0,0,0,0,0,0,0,0,0,0,0,0,0,0,0,0,0,0,0,0,0,0,0,0,0,0,0,0,0,0,0,0,0,0,0,0,0,0,0,0,0,0,0,0,0,0,0,0,0,0,0,0,0,0,0,0,0,0,0,0,0,0,0,0,0,0,0,0,0,0,0.2336,0.17407,0,0,0,0.12577,0,0,0,0,0,0,0,0,0,0,0,0,0,0,0,0,0,0,0,0,0,0,0,0,0,0,0,0,0,0,0,0,0,0,0,0,0,0,0,0,0,0,0,0,0,0,0,0,0,0,0,0,0,0,0,0,0,0,0,0,0,0,0,0,0,0,0,0,0,0,0,0,0,0,0,0,0,0,0,0,0,0,0,0,0,0,0,0,0,0,0,0,0,0,0,0,0,0,0,0,0,0,0,0,0,0,0,0,0,0,0,0,0,0,0,0,0,0,0,0,0,0,0,0,0,0,0,0,0,0,0,0,0,0,0,0,0,0,0,0,0,0,0,0,0,0,0,0,0,0,1,1,1,1
1,0.51059,1,0.75504,0.31413,0,0,0,0,0,0.51911,0.64132,0.38886,0.15451,0,0,0,0,0,0,0.28916,0.32873,0.1451,0.12772,0,0,0,0,0,0,0.2411,0,0,0,0,0,0,0,0,0.14053,0.17622,1,1,1,1,1,1,1,1,1,1,1,1,1,1,1,1,1,1,1,0.84583,0.56915,1,0.5985,0.61638,1,1,1,0,0,0,0,0,0,0,0,0,0,0,0,0,0,0,0,0,0,0,0,0,0,0,0,0,0,0,0,0,0,0,0,0,0,0,0,0,0,0,0,0,0,0,0,0,0,0,0,0,0,0,0,0,0,0,0,0,0,0,0,0,0,0,0,0,0,0,0,0,0,0,0,0,0,0,0,0,0,0,0,0,0,0,0,0,0,0,0,0,0,0,0,0,0,0,0,0.23843,0.23386,0.19073,0,0,0,0,0.15219,0,0,0,0,0,0,0,0,0,0,0,0,0,0,0,0,0,0,0,0,0,0,0,0,0,0,0,0,0,0,0,0,0,0,0,0,0,0,0,0,0,0,0,0,0,0,0,0,0,0,0,0,0,0,0,0,0,0,0,0,0,0,0,0,0,0,0,0,0,0,0,0,0,0,0,0,0,0,0,0,0,0,0,0,0,0,0,0,0,0,0,0,0,0,0,0,0,0,0,0,0,0,0,0,0,0,0,0,0,0,0,0,0,0,0,0,0,0,0,0,0,0,0,0,0,0,0,0,0,0,0,0,0,0,0,0,0,0,0,0,0,0,0,0,0,0,0,0,1,1,1,1
1,0.47447,1,0.80982,0.31678,0,0,0,0,0,0.70956,0.77362,0.48545,0.16738,0,0,0,0,0,0.13324,0.57471,0.57131,0.20329,0.16968,0,0,0,0,0,0,0.52944,0.20184,0,0,0,0,0,0,0,0.12976,0.15783,1,1,1,1,1,1,1,1,1,1,1,1,1,1,1,1,1,1,1,1,0.89243,1,0.97765,0.97226,1,1,1,0,0,0,0,0,0,0,0,0,0,0,0,0,0,0,0,0,0,0,0,0,0,0,0,0,0,0,0,0,0,0,0,0,0,0,0,0,0,0,0,0,0,0,0,0,0,0,0,0,0,0,0,0,0,0,0,0,0,0,0,0,0,0,0,0,0,0,0,0,0,0,0,0,0,0,0,0,0,0,0,0,0,0,0,0,0,0,0,0,0,0,0,0,0,0,0,0.59598,0.57113,0.42776,0,0.17584,0.25209,0.24424,0.29181,0.14263,0,0,0,0,0.1294,0.16734,0,0,0,0,0,0,0,0,0,0,0,0,0,0,0,0,0,0,0,0,0,0,0,0,0,0,0,0,0,0,0,0,0,0,0,0,0,0,0,0,0,0,0,0,0,0,0,0,0,0,0,0,0,0,0,0,0,0,0,0,0,0,0,0,0,0,0,0,0,0,0,0,0,0,0,0,0,0,0,0,0,0,0,0,0,0,0,0,0,0,0,0,0,0,0,0,0,0,0,0,0,0,0,0,0,0,0,0,0,0,0,0,0,0,0,0,0,0,0,0,0,0,0,0,0,0,0,0,0,0,0,0,0,0,0,0,0,0,0,0,0,1,0.85904,1,1
0,0,0.17667,0,0,0,0,0,0,0,0,0,0,0,0,0,0,0,0,0,0,0,0,0,0,0,0,0,0,0,0.13748,0,0,0,0,0,0,0,0,0,0,1,1,1,1,1,1,1,1,1,1,1,1,1,1,1,0.76292,0.91315,0.61257,0.46712,1,0.32089,0.78306,0.84116,0.58623,0.99343,0.23476,1,0,0,0,0,0,0,0,0,0,0,0,0,0,0,0,0,0,0,0,0,0,0,0,0,0,0,0,0,0,0,0,0,0,0,0,0,0,0,0,0,0,0,0,0,0,0,0,0,0,0,0,0,0,0,0,0,0,0,0,0,0,0,0,0,0,0,0,0,0,0,0,0,0,0,0,0,0,0,0,0,0,0,0,0,0,0,0,0,0,0,0,0,0,0,0,0,0.53676,0.35455,0.19897,0,0.19817,0.23787,0.16399,0,0,0,0,0,0,0,0,0,0,0,0,0,0,0,0,0,0,0,0,0,0,0,0,0,0,0,0,0,0,0,0,0,0,0,0,0,0,0,0,0,0,0,0,0,0,0,0,0,0,0,0,0,0,0,0,0,0,0,0,0,0,0,0,0,0,0,0,0,0,0,0,0,0,0,0,0,0,0,0,0,0,0,0,0,0,0,0,0,0,0,0,0,0,0,0,0,0,0,0,0,0,0,0,0,0,0,0,0,0,0,0,0,0,0,0,0,0,0,0,0,0,0,0,0,0,0,0,0,0,0,0,0,0,0,0,0,0,0,0,0,0,0,0,0,0,0,0,0,1,1,1,1
0.17461,0,0.32585,0.13856,0,0,0,0,0,0,0.21409,0.18192,0,0,0,0,0,0,0,0,0.36906,0.22996,0,0,0,0,0,0,0,0,0.4295,0,0,0,0,0,0,0,0,0,0,1,1,1,1,1,1,1,1,1,1,1,1,1,1,1,1,1,0.97791,0.78686,1,0.84003,1,1,1,1,0.43312,1,0,0,0,0,0,0,0,0,0,0,0,0,0,0,0,0,0,0,0,0,0,0,0,0,0,0,0,0,0,0,0,0,0,0,0,0,0,0,0,0,0,0,0,0,0,0,0,0,0,0,0,0,0,0,0,0,0,0,0,0,0,0,0,0,0,0,0,0,0,0,0,0,0,0,0,0,0,0,0,0,0,0,0,0,0,0,0,0,0,0,0,0,0,0,0,0,1,0.92926,0.66293,0,0.66996,0.79411,0.56729,0.38822,0.16459,0,0,0.36624,0.368,0.25296,0.2345,0,0,0.15258,0.13947,0.14585,0,0,0,0.20971,0,0,0,0,0,0,0,0,0,0,0,0,0,0,0,0,0,0,0,0,0,0,0,0,0,0,0,0,0,0,0,0,0,0,0,0,0,0,0,0,0,0,0,0,0,0,0,0,0,0,0,0,0,0,0,0,0,0,0,0,0,0,0,0,0,0,0,0,0,0,0,0,0,0,0,0,0,0,0,0,0,0,0,0,0,0,0,0,0,0,0,0,0,0,0,0,0,0,0,0,0,0,0,0,0,0,0,0,0,0,0,0,0,0,0,0,0,0,0,0,0,0,0,0,0,0,0,0,0,0,0,0,0.58088,0.7786,1,1
0.36781,0,0.64291,0.24774,0,0,0,0,0,0,0.40767,0.34366,0.16786,0,0,0,0,0,0,0,0.55,0.41269,0,0,0,0,0,0,0,0,0.58275,0.16106,0,0,0,0,0,0,0,0,0,1,1,1,1,1,1,1,1,1,1,1,1,1,1,1,1,1,1,1,1,0.98932,1,1,1,1,0.77226,1,0,0,0,0,0,0,0,0,0,0,0,0,0,0,0,0,0,0,0,0,0,0,0,0,0,0,0,0,0,0,0,0,0,0,0,0,0,0,0,0,0,0,0,0,0,0,0,0,0,0,0,0,0,0,0,0,0,0,0,0,0,0,0,0,0,0,0,0,0,0,0,0,0,0,0,0,0,0,0,0,0,0,0,0,0,0,0,0,0,0,0,0,0,0,0,0,1,0.95168,0.72013,0,0.58432,0.74812,0.58977,0.48337,0.19721,0,0,0.28014,0.32869,0.25994,0.2629,0,0,0.1375,0.13617,0.15494,0,0,0,0.22304,0,0,0,0,0,0,0,0,0,0,0,0,0,0,0,0,0,0,0,0,0,0,0,0,0,0,0,0,0,0,0,0,0,0,0,0,0,0,0,0,0,0,0,0,0,0,0,0,0,0,0,0,0,0,0,0,0,0,0,0,0,0,0,0,0,0,0,0,0,0,0,0,0,0,0,0,0,0,0,0,0,0,0,0,0,0,0,0,0,0,0,0,0,0,0,0,0,0,0,0,0,0,0,0,0,0,0,0,0,0,0,0,0,0,0,0,0,0,0,0,0,0,0,0,0,0,0,0,0,0,0,0,0.7428,0.79581,1,1
0.19708,0,0.28904,0.1393,0,0,0,0,0,0,0.1599,0.15286,0,0,0,0,0,0,0,0,0.18736,0.14933,0,0,0,0,0,0,0,0,0.19508,0,0,0,0,0,0,0,0,0,0,1,1,1,1,1,1,1,1,1,1,1,1,1,1,1,1,1,0.85229,0.71952,1,0.48971,0.95963,0.93122,0.72313,1,0.47305,1,0,0,0,0,0,0,0,0,0,0,0,0,0,0,0,0,0,0,0,0,0,0,0,0,0,0,0,0,0,0,0,0,0,0,0,0,0,0,0,0,0,0,0,0,0,0,0,0,0,0,0,0,0,0,0,0,0,0,0,0,0,0,0,0,0,0,0,0,0,0,0,0,0,0,0,0,0,0,0,0,0,0,0,0,0,0,0,0,0,0,0,0,0,0,0,0,0.60335,0.45239,0.23834,0,0.20848,0.27023,0.19661,0.15903,0,0,0,0,0,0,0,0,0,0,0,0,0,0,0,0,0,0,0,0,0,0,0,0,0,0,0,0,0,0,0,0,0,0,0,0,0,0,0,0,0,0,0,0,0,0,0,0,0,0,0,0,0,0,0,0,0,0,0,0,0,0,0,0,0,0,0,0,0,0,0,0,0,0,0,0,0,0,0,0,0,0,0,0,0,0,0,0,0,0,0,0,0,0,0,0,0,0,0,0,0,0,0,0,0,0,0,0,0,0,0,0,0,0,0,0,0,0,0,0,0,0,0,0,0,0,0,0,0,0,0,0,0,0,0,0,0,0,0,0,0,0,0,0,0,0,0,0,1,1,1,1
0.76058,0.22804,1,0.75624,0.22213,0,0,0,0,0,1,0.99514,0.62619,0.16802,0,0,0,0,0,0.74206,1,1,0.58514,0.31375,0.1731,0,0,0,0,0,1,0.867,0.40063,0.22019,0.17725,0,0,0,0,0,0,1,1,1,1,1,1,1,1,1,1,1,1,1,1,1,1,1,1,1,1,1,1,1,1,1,1,1,0.23047,0.16532,0.1274,0,0,0,0,0,0,0,0,0,0,0,0,0,0,0,0,0,0,0,0,0,0,0,0,0,0,0,0,0,0,0,0,0,0,0,0,0,0,0,0,0,0,0,0,0,0,0,0,0,0,0,0,0,0,0,0,0,0,0,0,0,0,0,0,0,0,0,0,0,0,0,0,0,0,0,0,0,0,0,0,0,0,0,0,0,0,0,0,0,0,0,0,0,1,1,1,0.77332,1,1,1,1,1,0.57426,0.20078,1,1,1,1,0.58516,0.37255,0.73958,0.78147,0.87378,0.53918,0.1943,0.13525,1,0,0.62499,0.31774,0.16722,0,0,0,0,0.21666,0.28477,0.18575,0,0,0,0,0,0,0,0,0,0,0,0,0,0,0,0,0,0,0,0,0,0,0,0,0,0,0,0,0,0,0,0,0,0,0,0,0,0,0,0,0,0,0,0,0,0,0,0,0,0,0,0,0,0,0,0,0,0,0,0,0,0,0,0,0,0,0,0,0,0,0,0,0,0,0,0,0,0,0,0,0,0,0,0,0,0,0,0,0,0,0,0,0,0,0,0,0,0,0,0,0,0,0,0,0,0,0,0,0,0,0,0,0,0,0,0,0,0,0,0,0,0.14738,0,0.61166,0.40459
1,0.61132,1,1,0.51772,0,0,0,0,0,1,1,0.81826,0.26498,0,0,0,0,0,0.44568,1,1,0.55638,0.39396,0.22213,0.12536,0,0,0,0,1,0.63483,0.29862,0.21802,0.15877,0,0,0,0,0.18331,0.19906,1,1,1,1,1,1,1,1,1,1,1,1,1,1,1,1,1,1,1,1,1,1,1,1,1,1,1,0.15307,0,0,0,0,0,0,0,0,0,0,0,0,0,0,0,0,0,0,0,0,0,0,0,0,0,0,0,0,0,0,0,0,0,0,0,0,0,0,0,0,0,0,0,0,0,0,0,0,0,0,0,0,0,0,0,0,0,0,0,0,0,0,0,0,0,0,0,0,0,0,0,0,0,0,0,0,0,0,0,0,0,0,0,0,0,0,0,0,0,0,0,0,0,0,0,1,1,1,0.34627,0.56588,0.80794,0.81791,0.88392,0.51753,0.20846,0,0.27934,0.43238,0.47319,0.59479,0.18035,0,0.17463,0.20024,0.24619,0.14802,0,0,0.46204,0,0.15182,0,0,0,0,0,0,0,0,0,0,0,0,0,0,0,0,0,0,0,0,0,0,0,0,0,0,0,0,0,0,0,0,0,0,0,0,0,0,0,0,0,0,0,0,0,0,0,0,0,0,0,0,0,0,0,0,0,0,0,0,0,0,0,0,0,0,0,0,0,0,0,0,0,0,0,0,0,0,0,0,0,0,0,0,0,0,0,0,0,0,0,0,0,0,0,0,0,0,0,0,0,0,0,0,0,0,0,0,0,0,0,0,0,0,0,0,0,0,0,0,0,0,0,0,0,0,0,0,0,0,0.5801,0.33022,1,0.94944
1,0.84798,1,1,0.71571,0.17142,0,0,0,0,1,1,0.92254,0.42069,0.13751,0,0,0,0,0.31718,0.9753,0.99992,0.5553,0.45282,0.26512,0.16992,0,0,0,0,0.90965,0.53179,0.26819,0.22494,0.15879,0,0,0,0,0.27042,0.33864,1,1,1,1,1,1,1,1,1,1,1,1,1,1,1,1,1,1,1,1,1,1,1,1,1,1,1,0,0,0,0,0,0,0,0,0,0,0,0,0,0,0,0,0,0,0,0,0,0,0,0,0,0,0,0,0,0,0,0,0,0,0,0,0,0,0,0,0,0,0,0,0,0,0,0,0,0,0,0,0,0,0,0,0,0,0,0,0,0,0,0,0,0,0,0,0,0,0,0,0,0,0,0,0,0,0,0,0,0,0,0,0,0,0,0,0,0,0,0,0,0,0,0,0.79614,0.82655,0.72606,0.21936,0.23572,0.45983,0.50839,0.63205,0.28407,0.14356,0,0.14189,0.19912,0.22161,0.32234,0,0,0,0,0.15056,0,0,0,0.22609,0,0,0,0,0,0,0,0,0,0,0,0,0,0,0,0,0,0,0,0,0,0,0,0,0,0,0,0,0,0,0,0,0,0,0,0,0,0,0,0,0,0,0,0,0,0,0,0,0,0,0,0,0,0,0,0,0,0,0,0,0,0,0,0,0,0,0,0,0,0,0,0,0,0,0,0,0,0,0,0,0,0,0,0,0,0,0,0,0,0,0,0,0,0,0,0,0,0,0,0,0,0,0,0,0,0,0,0,0,0,0,0,0,0,0,0,0,0,0,0,0,0,0,0,0,0,0,0,0,0,0,0,0.79771,0.41895,1,1
1,0.71805,1,1,0.70616,0.1483,0,0,0,0,1,1,1,0.54062,0.15439,0,0,0,0,1,1,1,1,0.81851,0.53868,0.23353,0,0,0,0,1,1,0.83868,0.63636,0.4875,0.22586,0,0,0,0.23712,0.23787,1,0.84426,1,1,1,1,1,1,1,1,1,1,1,1,1,1,1,1,1,1,1,1,1,1,1,1,1,0.55834,0.39363,0.31394,0,0,0,0,0.17332,0,0,0,0,0,0,0,0,0,0,0,0,0,0,0,0,0,0,0,0,0,0,0,0,0,0,0,0,0,0,0,0,0,0,0,0,0,0,0,0,0,0,0,0,0,0,0,0,0,0,0,0,0,0,0,0,0,0,0,0,0,0,0,0,0,0,0,0,0,0,0,0,0,0,0,0,0,0,0,0,0,0,0,0,0,0,0,0,1,1,1,1,1,1,1,1,1,0.78131,0.35852,0.79304,0.99516,1,1,0.69693,0.53103,0.59989,0.70792,0.87037,0.59123,0.22501,0.2014,1,0,0.57153,0.30602,0.17201,0,0,0,0,0.16525,0.22428,0.16523,0,0,0,0,0,0,0,0,0,0,0,0,0,0,0,0,0,0,0,0,0,0,0,0,0,0,0,0,0,0,0,0,0,0,0,0,0,0,0,0,0,0,0,0,0,0,0,0,0,0,0,0,0,0,0,0,0,0,0,0,0,0,0,0,0,0,0,0,0,0,0,0,0,0,0,0,0,0,0,0,0,0,0,0,0,0,0,0,0,0,0,0,0,0,0,0,0,0,0,0,0,0,0,0,0,0,0,0,0,0,0,0,0,0,0,0,0,0,0,0,0,0.14168,0,0.4631,0.29497
1,1,1,1,0.9897,0.24499,0.13866,0,0,0,1,1,1,0.78878,0.24165,0.13578,0,0,0,1,1,1,1,0.98609,0.73772,0.424,0.18477,0,0,0,1,1,0.91161,0.76088,0.58748,0.33155,0,0,0,0.50116,0.51679,1,0.82106,0.976,1,1,1,1,1,1,1,1,1,1,1,1,1,1,1,1,1,1,1,1,1,1,1,1,0.56234,0.43,0.38769,0,0,0,0,0.16809,0,0,0,0,0,0,0,0,0,0,0,0,0,0,0,0,0,0,0,0,0,0,0,0,0,0,0,0,0,0,0,0,0,0,0,0,0,0,0,0,0,0,0,0,0,0,0,0,0,0,0,0,0,0,0,0,0,0,0,0,0,0,0,0,0,0,0,0,0,0,0,0,0,0,0,0,0,0,0,0,0,0,0,0,0,0,0,0,1,1,1,0.88396,0.7316,1,1,1,1,0.6564,0.27514,0.47368,0.69514,0.81272,1,0.51621,0.38012,0.31003,0.4407,0.62975,0.38091,0.16372,0.16156,0.85793,0,0.3139,0.18975,0,0,0,0,0,0,0.13211,0,0,0,0,0,0,0,0,0,0,0,0,0,0,0,0,0,0,0,0,0,0,0,0,0,0,0,0,0,0,0,0,0,0,0,0,0,0,0,0,0,0,0,0,0,0,0,0,0,0,0,0,0,0,0,0,0,0,0,0,0,0,0,0,0,0,0,0,0,0,0,0,0,0,0,0,0,0,0,0,0,0,0,0,0,0,0,0,0,0,0,0,0,0,0,0,0,0,0,0,0,0,0,0,0,0,0,0,0,0,0,0,0,0,0,0,0,0,0,0,0,0,0.19065,0,0.51994,0.37977
1,1,1,1,1,0.43287,0.20766,0,0,0,1,1,1,0.88981,0.36322,0.19318,0,0,0,0.74576,1,1,1,0.9464,0.75385,0.48786,0.21281,0,0,0,1,0.97547,0.74832,0.66667,0.46522,0.28768,0,0,0,0.69455,0.74201,1,0.91143,1,1,1,1,1,1,1,1,1,1,1,1,1,1,1,1,1,1,1,1,1,1,1,1,1,0.32996,0.24496,0.24561,0,0,0,0,0,0,0,0,0,0,0,0,0,0,0,0,0,0,0,0,0,0,0,0,0,0,0,0,0,0,0,0,0,0,0,0,0,0,0,0,0,0,0,0,0,0,0,0,0,0,0,0,0,0,0,0,0,0,0,0,0,0,0,0,0,0,0,0,0,0,0,0,0,0,0,0,0,0,0,0,0,0,0,0,0,0,0,0,0,0,0,0,0,0.89197,0.99489,0.95828,0.53781,0.29423,0.57595,0.71411,0.9293,0.61196,0.30652,0.15444,0.17801,0.25504,0.37942,0.59579,0.20942,0.17116,0,0.16955,0.23601,0.15858,0,0,0.43629,0,0.12855,0,0,0,0,0,0,0,0,0,0,0,0,0,0,0,0,0,0,0,0,0,0,0,0,0,0,0,0,0,0,0,0,0,0,0,0,0,0,0,0,0,0,0,0,0,0,0,0,0,0,0,0,0,0,0,0,0,0,0,0,0,0,0,0,0,0,0,0,0,0,0,0,0,0,0,0,0,0,0,0,0,0,0,0,0,0,0,0,0,0,0,0,0,0,0,0,0,0,0,0,0,0,0,0,0,0,0,0,0,0,0,0,0,0,0,0,0,0,0,0,0,0,0,0,0,0,0,0,0,0,0.38014,0.14579,0.71724,0.61317
1,1,1,1,1,0.79998,0.48238,0.20735,0,0,1,1,1,1,0.77073,0.46505,0.21661,0,0,1,1,1,1,1,1,0.92967,0.5718,0.17673,0,0,1,1,1,1,0.92049,0.74932,0.27332,0,0,1,1,1,0.45106,0.56284,1,1,0.76292,1,1,1,1,1,1,1,1,1,1,1,1,1,1,1,1,1,1,1,1,0.80122,0.74511,0.66886,0.68609,0.16015,0,0,0,0.22382,0.14151,0,0,0,0,0,0,0,0,0,0.18375,0,0,0,0,0,0,0,0,0,0,0,0,0,0,0,0,0,0,0,0,0,0,0,0,0,0,0,0,0,0,0,0,0,0,0,0,0,0,0,0,0,0,0,0,0,0,0,0,0,0,0,0,0,0,0,0,0,0,0,0,0,0,0,0,0,0,0,0,0,0,0,0,0,0,0,0,0,0.8885,1,1,0.85411,0.30089,0.60322,0.82866,1,0.86521,0.62153,0.3234,0.18911,0.33246,0.51263,0.7874,0.38908,0.30966,0.15892,0.21765,0.38963,0.23469,0,0.15974,0.61477,0,0.18269,0,0,0,0,0,0,0,0,0,0,0,0,0,0,0,0,0,0,0,0,0,0,0,0,0,0,0,0,0,0,0,0,0,0,0,0,0,0,0,0,0,0,0,0,0,0,0,0,0,0,0,0,0,0,0,0,0,0,0,0,0,0,0,0,0,0,0,0,0,0,0,0,0,0,0,0,0,0,0,0,0,0,0,0,0,0,0,0,0,0,0,0,0,0,0,0,0,0,0,0,0,0,0,0,0,0,0,0,0,0,0,0,0,0,0,0,0,0,0,0,0,0,0,0,0,0,0,0,0,0,0.15695,0,0.26201,0.22242
1,1,1,1,1,0.34496,0.17411,0,0,0,1,1,1,0.96509,0.38279,0.18086,0,0,0,1,1,1,1,1,0.97267,0.63244,0.25344,0,0,0,1,1,1,1,0.89859,0.60658,0.17601,0,0,0.61078,0.59875,1,0.48824,0.65668,1,1,0.91315,1,1,1,1,1,1,1,1,1,1,1,1,1,1,1,1,1,1,1,1,0.81699,0.90964,0.76849,0.71164,0.134,0,0,0,0.35456,0.15892,0,0,0,0.12668,0,0,0,0,0,0.18397,0,0,0,0,0,0,0,0,0,0,0,0,0,0,0,0,0,0,0,0,0,0,0,0,0,0,0,0,0,0,0,0,0,0,0,0,0,0,0,0,0,0,0,0,0,0,0,0,0,0,0,0,0,0,0,0,0,0,0,0,0,0,0,0,0,0,0,0,0,0,0,0,0,0,0,0,0,1,1,1,1,0.89256,1,1,1,1,1,0.62795,0.65608,0.91172,1,1,0.84203,0.71869,0.54525,0.70272,0.91585,0.69092,0.31741,0.33258,1,0.17624,0.58671,0.36192,0.19977,0,0,0,0,0.14794,0.2171,0.1728,0.14196,0,0,0,0,0,0,0,0,0,0,0,0,0,0,0,0,0,0,0,0,0,0,0,0,0,0,0,0,0,0,0,0,0,0,0,0,0,0,0,0,0,0,0,0,0,0,0,0,0,0,0,0,0,0,0,0,0,0,0,0,0,0,0,0,0,0,0,0,0,0,0,0,0,0,0,0,0,0,0,0,0,0,0,0,0,0,0,0,0,0,0,0,0,0,0,0,0,0,0,0,0,0,0,0,0,0,0,0,0,0,0,0,0,0,0,0,0,0,0,0,0,0,0.22291,0.17542
1,1,1,1,1,0.708,0.38509,0.17254,0,0,1,1,1,1,0.7506,0.40944,0.19987,0,0,1,1,1,1,1,1,0.9943,0.61713,0.17927,0,0,1,1,1,1,1,0.93405,0.37956,0.12824,0,0.97329,0.95434,0.87341,0.24325,0.37585,1,1,0.61257,0.97791,1,0.85229,1,1,1,1,1,1,1,1,1,1,1,1,1,1,1,1,1,0.56994,1,0.99538,0.97504,0.23486,0.12701,0,0,0.53146,0.24122,0,0,0,0.1894,0,0,0,0,0,0.32301,0,0,0,0,0,0,0,0,0,0,0,0,0,0,0,0,0,0,0,0,0,0,0,0,0,0,0,0,0,0,0,0,0,0,0,0,0,0,0,0,0,0,0,0,0,0,0,0,0,0,0,0,0,0,0,0,0,0,0,0,0,0,0,0,0,0,0,0,0,0,0,0,0,0,0,0,0,1,1,1,1,0.62686,0.9376,1,1,1,1,0.72338,0.41113,0.69697,0.9005,1,0.80741,0.72711,0.35641,0.54697,0.79452,0.61943,0.29065,0.38895,1,0.17467,0.44852,0.25984,0.17464,0,0,0,0,0,0.16399,0.13154,0.15375,0,0,0,0,0,0,0,0,0,0,0,0,0,0,0,0,0,0,0,0,0,0,0,0,0,0,0,0,0,0,0,0,0,0,0,0,0,0,0,0,0,0,0,0,0.13999,0,0,0,0,0,0,0,0,0,0,0,0,0,0,0,0,0,0,0,0,0,0,0,0,0,0,0,0,0,0,0,0,0,0,0,0,0,0,0,0,0,0,0,0,0,0,0,0,0,0,0,0,0,0,0,0,0,0,0,0,0,0,0,0,0,0,0,0,0,0,0,0,0,0,0,0,0,0.15651,0
1,1,1,1,1,0.98441,0.66224,0.29609,0.14924,0,1,1,1,1,1,0.67342,0.36098,0.13371,0,1,1,1,1,1,1,1,0.83829,0.27557,0,0,1,1,1,1,1,1,0.56608,0.19766,0,1,1,0.82611,0.21082,0.25405,1,1,0.46712,0.78686,1,0.71952,1,1,1,1,1,1,1,1,1,1,1,1,1,1,1,1,1,0.48075,1,0.99467,1,0.30643,0.17089,0,0,0.48714,0.25478,0,0,0,0.17979,0,0,0,0,0,0.382,0,0,0,0,0,0,0,0,0,0,0,0,0,0,0,0,0,0,0,0,0,0,0,0,0,0,0,0,0,0,0,0,0,0,0,0,0,0,0,0,0,0,0,0,0,0,0,0,0,0,0,0,0,0,0,0,0,0,0,0,0,0,0,0,0,0,0,0,0,0,0,0,0,0,0,0,0,0.90153,1,1,1,0.3323,0.64442,0.92909,1,1,0.87251,0.60727,0.20705,0.41448,0.6325,0.94574,0.6035,0.54993,0.19446,0.2858,0.54662,0.39702,0.1986,0.2492,0.76626,0,0.23173,0.17473,0,0,0,0,0,0,0,0,0,0,0,0,0,0,0,0,0,0,0,0,0,0,0,0,0,0,0,0,0,0,0,0,0,0,0,0,0,0,0,0,0,0,0,0,0,0,0,0,0,0,0,0,0,0,0,0,0,0,0,0,0,0,0,0,0,0,0,0,0,0,0,0,0,0,0,0,0,0,0,0,0,0,0,0,0,0,0,0,0,0,0,0,0,0,0,0,0,0,0,0,0,0,0,0,0,0,0,0,0,0,0,0,0,0,0,0,0,0,0,0,0,0,0,0,0,0,0,0,0,0,0,0.14388,0
0.40738,0,0.94582,0.50272,0.13796,0,0,0,0,0,1,0.86381,0.49101,0,0,0,0,0,0,1,1,1,0.66096,0.30426,0.15452,0,0,0,0,0,1,1,0.56145,0.24775,0.22297,0,0,0,0,0,0,0.71453,0.46863,0.72996,0.84583,1,1,1,1,1,1,1,1,1,1,1,1,1,1,1,1,1,1,1,1,1,0.80976,0.69906,0.49401,0.2531,0.19246,0,0,0,0,0.18422,0,0,0,0,0,0,0,0,0,0,0,0,0,0,0,0,0,0,0,0,0,0,0,0,0,0,0,0,0,0,0,0,0,0,0,0,0,0,0,0,0,0,0,0,0,0,0,0,0,0,0,0,0,0,0,0,0,0,0,0,0,0,0,0,0,0,0,0,0,0,0,0,0,0,0,0,0,0,0,0,0,0,0,0,0,0,0,0,1,1,1,1,1,1,1,1,1,1,0.56601,1,1,1,1,1,0.93443,1,1,1,1,0.71032,0.44083,1,0.37831,1,1,0.68184,0.34328,0.17276,0,0.28363,0.87964,1,0.77052,0.21637,0.13883,0.17065,0,0.12843,0,0,0,0,0,0,0,0,0,0,0,0,0,0,0,0,0,0,0,0,0,0,0,0,0,0,0,0,0,0,0,0,0,0,0,0,0,0,0,0,0,0,0,0,0,0,0,0,0,0,0,0,0,0,0,0,0,0,0,0,0,0,0,0,0,0,0,0,0,0,0,0,0,0,0,0,0,0,0,0,0,0,0,0,0,0,0,0,0,0,0,0,0,0,0,0,0,0,0,0,0,0,0,0,0,0,0,0,0,0,0,0,0,0,0,0,0,0,0.14239,0
0.98345,0.51357,1,1,0.64217,0.13692,0,0,0,0,1,1,1,0.66167,0.19073,0,0,0,0,1,1,1,1,1,0.85965,0.45879,0.19211,0,0,0,1,1,1,1,1,0.6936,0.16479,0,0,0.21993,0.19485,0.24704,0,0.17163,0.56915,0.89243,0.32089,0.84003,0.98932,0.48971,1,1,1,1,1,1,1,1,1,1,1,1,1,1,1,1,1,0.19462,1,1,1,0.21909,0,0,0,0.99288,0.43755,0,0,0,0.51348,0,0,0,0,0,0.42516,0,0,0,0,0,0,0,0,0,0,0,0,0,0,0,0,0,0,0,0,0,0,0,0,0,0,0,0,0,0,0,0,0,0,0,0,0,0,0,0,0,0,0,0,0,0,0,0,0,0,0,0,0,0,0,0,0,0,0,0,0,0,0,0,0,0,0,0,0,0,0,0,0,0,0,0,0,1,1,1,1,1,1,1,1,1,1,1,1,1,1,1,1,1,1,1,1,1,1,1,1,0.97529,1,1,1,0.83255,0.37754,0.17863,0.32759,0.86067,1,0.98403,0.83517,0.65175,0.63122,0.3327,0.45991,0.2286,0.24239,0.13165,0.15431,0,0,0,0,0,0,0,0,0,0,0,0,0,0,0,0,0,0,0,0,0,0,0,0,0,0,0,0,0,0,0,0,0,0,0,0.17805,0.60604,0.45827,0.1978,0,0,0.23788,0.14174,0,0,0,0,0,0,0,0,0.1609,0,0,0,0,0,0,0,0,0,0,0,0,0,0,0,0,0,0,0,0,0,0,0,0,0,0,0,0,0,0,0,0,0,0,0,0,0,0,0,0,0,0,0,0,0,0,0,0,0,0,0,0,0,0,0,0,0,0,0,0,0,0,0,0
1,0.58117,1,1,0.6523,0.1316,0,0,0,0,1,1,1,0.59172,0.16562,0,0,0,0,1,1,1,1,1,0.70589,0.32485,0.1462,0,0,0,1,1,1,0.94803,0.84807,0.45032,0,0,0,0.21836,0.20397,0.71424,0.26565,0.48221,1,1,0.78306,1,1,0.95963,1,1,1,1,1,1,1,1,1,1,1,1,1,1,1,1,1,0.55882,1,0.85659,0.72291,0,0,0,0,0.55713,0.1835,0,0,0,0.1919,0,0,0,0,0,0.18926,0,0,0,0,0,0,0,0,0,0,0,0,0,0,0,0,0,0,0,0,0,0,0,0,0,0,0,0,0,0,0,0,0,0,0,0,0,0,0,0,0,0,0,0,0,0,0,0,0,0,0,0,0,0,0,0,0,0,0,0,0,0,0,0,0,0,0,0,0,0,0,0,0,0,0,0,0,1,1,1,1,1,1,1,1,1,1,0.95861,1,1,1,1,1,1,1,1,1,1,0.82182,0.7311,1,0.51294,1,0.93814,0.65581,0.3882,0.15284,0,0.16705,0.56489,0.76459,0.61289,0.36213,0.22537,0.2214,0,0.16608,0,0,0,0,0,0,0,0,0,0,0,0,0,0,0,0,0,0,0,0,0,0,0,0,0,0,0,0,0,0,0,0,0,0,0,0,0,0,0,0,0.21168,0.16128,0,0,0,0,0,0,0,0,0,0,0,0,0,0,0,0,0,0,0,0,0,0,0,0,0,0,0,0,0,0,0,0,0,0,0,0,0,0,0,0,0,0,0,0,0,0,0,0,0,0,0,0,0,0,0,0,0,0,0,0,0,0,0,0,0,0,0,0,0,0,0,0,0,0,0,0,0,0
0.2597,0,0.81971,0.38315,0,0,0,0,0,0,1,0.77572,0.40804,0,0,0,0,0,0,1,1,1,0.64526,0.26499,0.13768,0,0,0,0,0,1,1,0.57768,0.24546,0.22741,0,0,0,0,0,0,0.46816,0.2471,0.50782,0.5985,0.97765,0.84116,1,1,0.93122,1,1,1,1,1,1,1,1,1,1,1,1,1,1,1,0.86844,0.65164,0.46296,0.56429,0.30926,0.20425,0,0,0,0,0.21787,0,0,0,0,0,0,0,0,0,0,0,0,0,0,0,0,0,0,0,0,0,0,0,0,0,0,0,0,0,0,0,0,0,0,0,0,0,0,0,0,0,0,0,0,0,0,0,0,0,0,0,0,0,0,0,0,0,0,0,0,0,0,0,0,0,0,0,0,0,0,0,0,0,0,0,0,0,0,0,0,0,0,0,0,0,0,0,0,1,1,1,1,1,1,1,1,1,1,0.69977,1,1,1,1,1,1,1,1,1,1,0.91352,0.60569,1,0.58,1,1,0.90892,0.56167,0.25295,0.15679,0.53217,1,1,1,0.33585,0.19799,0.23759,0,0.19817,0,0.14547,0,0,0,0,0,0,0,0,0,0,0,0,0,0,0,0,0,0,0,0,0,0,0,0,0,0,0,0,0,0,0,0,0,0,0,0,0,0,0.14327,0,0,0,0,0,0,0,0,0,0,0,0,0,0,0,0,0,0,0,0,0,0,0,0,0,0,0,0,0,0,0,0,0,0,0,0,0,0,0,0,0,0,0,0,0,0,0,0,0,0,0,0,0,0,0,0,0,0,0,0,0,0,0,0,0,0,0,0,0,0,0,0,0,0,0,0,0,0,0
0.65815,0.21772,1,0.82292,0.25356,0,0,0,0,0,1,1,0.88779,0.24708,0,0,0,0,0,1,1,1,1,0.77336,0.417,0.17315,0,0,0,0,1,1,1,0.75271,0.69808,0.24686,0,0,0,0,0,0.37519,0.17393,0.26507,0.61638,0.97226,0.58623,1,1,0.72313,1,1,1,1,1,1,1,1,1,1,1,1,1,1,1,1,1,0.28454,1,0.81029,0.62327,0,0,0,0,0.61718,0.17353,0,0,0,0.21482,0,0,0,0,0,0.16423,0,0,0,0,0,0,0,0,0,0,0,0,0,0,0,0,0,0,0,0,0,0,0,0,0,0,0,0,0,0,0,0,0,0,0,0,0,0,0,0,0,0,0,0,0,0,0,0,0,0,0,0,0,0,0,0,0,0,0,0,0,0,0,0,0,0,0,0,0,0,0,0,0,0,0,0,0,1,1,1,1,1,1,1,1,1,1,1,1,1,1,1,1,1,1,1,1,1,1,0.96556,1,0.84035,1,1,1,0.75901,0.36945,0.18401,0.47339,1,1,1,0.64371,0.4274,0.4794,0.20835,0.3332,0.16687,0.2118,0,0.13195,0,0,0,0,0,0,0,0,0,0,0,0,0,0,0,0,0,0,0,0,0,0,0,0,0,0,0,0,0,0,0,0,0,0,0,0,0.31811,0.23213,0,0,0,0.15631,0,0,0,0,0,0,0,0,0,0,0,0,0,0,0,0,0,0,0,0,0,0,0,0,0,0,0,0,0,0,0,0,0,0,0,0,0,0,0,0,0,0,0,0,0,0,0,0,0,0,0,0,0,0,0,0,0,0,0,0,0,0,0,0,0,0,0,0,0,0,0,0,0,0
1,1,1,1,1,0.68222,0.38443,0.18182,0,0,1,1,1,1,0.56034,0.31114,0.1661,0,0,0.5434,1,1,0.98088,0.96536,0.83021,0.61473,0.29035,0,0,0,0.9737,0.79376,0.65934,0.64348,0.42083,0.31951,0.144,0,0,0.93541,1,1,0.79573,0.85435,1,1,0.99343,1,1,1,1,1,1,1,1,1,1,1,1,1,1,1,1,0.86844,1,1,1,1,0.22835,0.20895,0.22344,0,0,0,0,0,0,0,0,0,0,0,0,0,0,0,0,0,0,0,0,0,0,0,0,0,0,0,0,0,0,0,0,0,0,0,0,0,0,0,0,0,0,0,0,0,0,0,0,0,0,0,0,0,0,0,0,0,0,0,0,0,0,0,0,0,0,0,0,0,0,0,0,0,0,0,0,0,0,0,0,0,0,0,0,0,0,0,0,0,0,0,0,0,0.49272,0.61051,0.59613,0.27852,0.13179,0.22713,0.34366,0.6003,0.30711,0.18197,0,0,0,0.17153,0.25672,0,0,0,0,0,0,0,0,0.19683,0,0,0,0,0,0,0,0,0,0,0,0,0,0,0,0,0,0,0,0,0,0,0,0,0,0,0,0,0,0,0,0,0,0,0,0,0,0,0,0,0,0,0,0,0,0,0,0,0,0,0,0,0,0,0,0,0,0,0,0,0,0,0,0,0,0,0,0,0,0,0,0,0,0,0,0,0,0,0,0,0,0,0,0,0,0,0,0,0,0,0,0,0,0,0,0,0,0,0,0,0,0,0,0,0,0,0,0,0,0,0,0,0,0,0,0,0,0,0,0,0,0,0,0,0,0,0,0,0,0,0,0,0.51283,0.14963,0.71176,0.65001
1,1,1,1,1,1,1,0.76716,0.41863,0.1997,1,1,1,1,1,1,0.77362,0.32835,0.19001,1,1,1,1,1,1,1,1,0.61868,0.24412,0.21275,1,1,1,1,1,1,0.76512,0.35945,0.13797,1,1,0.73382,0.15586,0.18009,1,1,0.23476,0.43312,0.77226,0.47305,1,1,1,1,1,1,1,1,1,1,0.80976,1,1,0.65164,1,1,1,0.322,0.7866,0.78703,0.88421,0.31994,0.19935,0,0,0.24078,0.20977,0,0,0,0,0,0,0,0.18736,0,0.30635,0,0,0,0,0,0,0,0,0,0,0,0,0,0,0,0,0,0,0,0,0,0,0,0,0,0,0,0,0,0,0,0,0,0,0,0,0,0,0,0,0,0,0,0,0,0,0,0,0,0,0,0,0,0,0,0,0,0,0,0,0,0,0,0,0,0,0,0,0,0,0,0,0,0,0,0,0,0.32188,0.53742,0.62986,0.6465,0,0.18762,0.3552,0.75483,0.5533,0.42157,0.24259,0,0,0.18871,0.39708,0.202,0.1956,0,0,0.16657,0.12638,0,0,0.23823,0,0,0,0,0,0,0,0,0,0,0,0,0,0,0,0,0,0,0,0,0,0,0,0,0,0,0,0,0,0,0,0,0,0,0,0,0,0,0,0,0,0,0,0,0,0,0,0,0,0,0,0,0,0,0,0,0,0,0,0,0,0,0,0,0,0,0,0,0,0,0,0,0,0,0,0,0,0,0,0,0,0,0,0,0,0,0,0,0,0,0,0,0,0,0,0,0,0,0,0,0,0,0,0,0,0,0,0,0,0,0,0,0,0,0,0,0,0,0,0,0,0,0,0,0,0,0,0,0,0,0,0,0,0,0.12826,0
0.15748,0,0.19468,0,0,0,0,0,0,0,0,0,0,0,0,0,0,0,0,0,0,0,0,0,0,0,0,0,0,0,0,0,0,0,0,0,0,0,0,0,0,1,1,1,1,1,1,1,1,1,1,1,1,1,1,1,0.80122,0.81699,0.56994,0.48075,0.69906,0.19462,0.55882,0.46296,0.28454,1,0.322,1,0,0,0,0,0,0,0,0,0,0,0,0,0,0,0,0,0,0,0,0,0,0,0,0,0,0,0,0,0,0,0,0,0,0,0,0,0,0,0,0,0,0,0,0,0,0,0,0,0,0,0,0,0,0,0,0,0,0,0,0,0,0,0,0,0,0,0,0,0,0,0,0,0,0,0,0,0,0,0,0,0,0,0,0,0,0,0,0,0,0,0,0,0,0,0,0,0.20913,0.16316,0,0,0,0,0,0,0,0,0,0,0,0,0,0,0,0,0,0,0,0,0,0,0,0,0,0,0,0,0,0,0,0,0,0,0,0,0,0,0,0,0,0,0,0,0,0,0,0,0,0,0,0,0,0,0,0,0,0,0,0,0,0,0,0,0,0,0,0,0,0,0,0,0,0,0,0,0,0,0,0,0,0,0,0,0,0,0,0,0,0,0,0,0,0,0,0,0,0,0,0,0,0,0,0,0,0,0,0,0,0,0,0,0,0,0,0,0,0,0,0,0,0,0,0,0,0,0,0,0,0,0,0,0,0,0,0,0,0,0,0,0,0,0,0,0,0,0,0,0,0,0,0,0,0,1,1,1,1
0.73423,0.60544,1,1,0.90463,0.45218,0.23882,0.13948,0,0,1,1,1,1,0.80627,0.4301,0.24774,0,0,1,1,1,1,1,1,1,1,0.48852,0.15405,0.17632,1,1,1,1,1,1,1,0.68368,0.21242,0.60675,0.42824,0,0,0,0,0,0,0,0,0,0.23047,0.15307,0,0.55834,0.56234,0.32996,0.74511,0.90964,1,1,0.49401,1,1,0.56429,1,0.22835,0.7866,0,1,1,1,1,1,0.66564,0.22184,1,1,1,1,0.42932,1,0.90414,0,0,0.71289,0.31748,1,0,0,0.17971,0,0,0,0,0,0,0,0,0,0,0,0,0,0,0,0,0,0,0,0,0,0,0,0,0,0,0,0,0,0,0,0,0,0,0,0,0,0,0,0,0,0,0,0,0,0,0,0,0,0,0,0,0,0,0,0,0,0,0,0,0,0,0,0,0,0,0,0,0,0,0,0,0,0,0.53237,0.90016,1,1,0.27826,0.54109,1,1,1,1,1,0.27248,0.65473,1,1,1,1,0.60153,0.92576,1,1,1,1,1,1,0.97242,1,1,1,0.56422,0.23523,0.15189,0.24675,0.53554,0.68504,1,1,1,1,1,1,0.78306,0.83165,0.47556,0.52728,0.19291,0.22315,0.22067,0.21391,0.13134,0.14123,0.15085,0,0,0,0,0.16105,0,0,0,0,0,0,0,0,0,0,0,0,0,0,0,0,0,0,0,0,0,0,1,1,1,1,1,0.30544,1,1,1,0.86245,0.5138,0.2209,0,0,0,0,1,1,0.93816,0.72674,0.49301,0.24517,0.16312,0,0,0,0.94117,0.88332,0.71947,0.5091,0,0,0,0,0.45201,0.48087,0.2479,0.1552,0,0,0,0,0.35505,0.24175,0.17208,0,0,0,0,0,0.16556,0,0,0,0,0,0,0,0,0,0,0,0,0,0,0,0,0,0,0,0,0,0,0,0,0,0,0,0,0,0
0.78543,0.72148,1,1,1,0.64785,0.42998,0.21561,0.13361,0,1,1,1,1,1,0.65662,0.48698,0.20121,0,1,1,1,1,1,1,1,1,0.7532,0.24344,0.30489,1,1,1,1,1,1,1,0.9692,0.42657,0.78244,0.59296,0,0,0,0,0,0,0,0,0,0.16532,0,0,0.39363,0.43,0.24496,0.66886,0.76849,0.99538,0.99467,0.2531,1,0.85659,0.30926,0.81029,0.20895,0.78703,0,1,1,1,1,1,0.96042,0.46464,1,1,1,1,0.70243,1,1,0.19981,0.1705,1,0.57139,1,0,0.18798,0.27613,0,0,0,0,0,0.1836,0,0,0,0,0.15717,0,0,0,0,0,0,0,0,0,0,0,0,0,0,0,0,0,0,0,0,0,0,0,0,0,0,0,0,0,0,0,0,0,0,0,0,0,0,0,0,0,0,0,0,0,0,0,0,0,0,0,0,0,0.12815,0,0,0,0,0,0,0,0,0,0.25848,0.62604,0.95382,1,0.16242,0.25469,0.77595,1,1,1,1,0.1587,0.35875,0.7446,1,1,1,0.30242,0.62671,0.96472,1,1,1,1,1,0.67448,0.77941,0.79018,0.88127,0.31336,0.15335,0,0.14846,0.24689,0.39801,1,1,1,1,0.88868,0.98573,0.56938,0.68023,0.26427,0.38213,0,0.1612,0.17295,0.17822,0,0,0,0,0,0,0,0.12907,0,0,0,0,0,0,0,0,0,0,0,0,0,0,0,0,0,0,0,0,0,0,1,1,1,1,1,0.48825,1,1,1,0.95837,0.65256,0.32756,0.17119,0,0,0,1,1,0.95844,0.79236,0.58345,0.3484,0.21263,0,0,0,0.83674,0.82943,0.72926,0.56357,0.15754,0,0,0,0.44865,0.44227,0.28659,0.1849,0,0,0,0,0.2843,0.23581,0.18311,0,0,0,0,0,0.15849,0,0,0,0,0,0,0,0,0,0,0,0,0,0,0,0,0,0,0,0,0,0,0,0,0,0,0,0,0,0
0.93457,0.93424,1,1,1,0.92892,0.72443,0.45106,0.23743,0.1388,1,1,1,1,1,0.95874,0.79875,0.42107,0.18378,1,1,1,1,1,1,1,1,1,0.55027,0.62525,1,1,1,1,1,1,1,1,0.74235,1,0.84983,0,0,0,0,0,0,0,0,0,0.1274,0,0,0.31394,0.38769,0.24561,0.68609,0.71164,0.97504,1,0.19246,1,0.72291,0.20425,0.62327,0.22344,0.88421,0,1,1,1,1,1,1,0.75178,1,1,1,1,0.89532,1,1,0.27814,0.22034,1,0.72547,1,0.14448,0.23164,0.40221,0,0,0,0,0,0.33759,0,0,0,0,0.24202,0,0,0,0,0,0,0,0,0,0,0,0,0,0,0,0,0,0,0,0,0,0,0,0,0,0,0,0,0,0,0,0,0,0,0,0,0,0,0,0.15039,0,0,0,0,0,0,0,0,0,0,0,0,0,0.23276,0,0,0,0,0,0,0,0,0,0.17736,0.39746,0.71548,1,0,0.16819,0.52094,1,1,1,1,0,0.19461,0.46649,0.89924,1,1,0.1693,0.33031,0.67065,0.86044,0.93988,1,0.75817,0.90563,0.3711,0.46526,0.47053,0.56198,0.16498,0,0,0,0.14359,0.19377,1,1,0.80586,0.92062,0.58139,0.70324,0.26222,0.4035,0.15286,0.20349,0,0,0,0,0,0,0,0,0,0,0,0,0,0,0,0,0,0,0,0,0,0,0,0,0,0,0,0,0,0,0,0,0,0,1,1,1,1,1,0.52895,1,1,1,0.88456,0.63346,0.34568,0.1859,0,0.14248,0,0.80161,0.848,0.80819,0.68881,0.50914,0.30214,0.21228,0,0,0,0.58848,0.61787,0.57248,0.45164,0.15153,0,0,0,0.28307,0.24886,0.22201,0.16151,0,0,0,0,0.1881,0.17707,0.14044,0,0,0,0,0,0,0,0,0,0,0,0,0,0,0,0,0,0,0,0,0,0,0,0,0,0,0,0,0,0,0,0,0,0,0,0
0.49125,0.68681,0.65953,0.8592,1,0.99875,0.90394,0.7322,0.58344,0.34181,1,1,1,1,1,1,1,0.87485,0.52086,1,0.67491,0.98906,1,1,1,1,1,1,1,1,0.49414,1,1,1,1,1,1,1,1,1,0.79358,0,0,0,0,0,0,0,0,0,0,0,0,0,0,0,0.16015,0.134,0.23486,0.30643,0,0.21909,0,0,0,0,0.31994,0,1,1,1,1,1,1,1,1,1,1,1,1,1,1,1,0.99216,1,1,1,0.79639,0.99318,1,0,0.56123,0.18305,0,0,1,0.65256,0.18711,0,0,1,0.63547,0.18583,0,0.44428,0.15939,0.14376,0,0.34493,0,0,0,0,0,0.21336,0,0,0.30917,0.16158,0,0,0.1638,0,0,0,0.56318,0,0,0,0,0,0,0,0,0,0,0.23125,0,0,0,0.50721,0,0,0,0,0,0,0,0.4905,0,0,0.21226,0,0,0.93097,0.428,0.13573,0,0,0,0,0,0,0,0,0,0,0.82281,0,0,0,0.22574,0.38874,0.79783,1,0,0,0,0.16736,0.33089,0.58289,0,0,0,0.17767,0.23128,0.83033,0,0.24412,0,0,0,0.12669,0,0,0,0,0,0,0.50939,0.67583,0.24086,0.47227,0.1711,0.26333,0,0.16807,0,0,0,0,0,0,0,0,0,0,0,0,0,0,0,0,0,0,0,0,0,0,0,0,0,0,0,0,0,0,0,0,0,0,0,0,1,1,0.89908,1,1,1,0.69876,0.92749,1,1,1,0.88509,0.67495,0.38295,0.63418,0.19291,0.47964,0.68174,0.83164,0.86484,0.78543,0.67221,0.63789,0.45263,0.23153,0.14649,0.29709,0.45752,0.59555,0.62171,0.41998,0.24831,0.16984,0,0.29824,0.22147,0.32903,0.30556,0.22126,0.16415,0,0,0.13556,0.1754,0.19168,0.17118,0.13818,0,0,0,0,0,0,0,0,0,0,0,0,0,0,0,0,0,0,0,0,0,0,0,0,0,0,0,0,0,0,0,0,0,0
0.32225,0.60391,0.4025,0.66108,0.92381,1,1,0.91716,0.82212,0.61615,0.73093,0.7721,1,1,1,1,1,1,0.81313,0.80085,0.25653,0.59366,1,1,1,1,1,1,1,1,0.18865,0.8561,1,1,1,1,1,1,1,1,0.79978,0,0,0,0,0,0,0,0,0,0,0,0,0,0,0,0,0,0.12701,0.17089,0,0,0,0,0,0,0.19935,0,1,1,1,1,1,1,1,1,1,1,1,1,1,1,1,1,1,1,1,1,1,1,0,1,0.50534,0.16434,0,1,1,0.52123,0.17978,0,1,1,0.51246,0.13085,0.8826,0.42493,0.36906,0,0.75847,0.2922,0.18341,0,0,0,0.52309,0.15435,0,0.63314,0.34307,0.1749,0,0.29763,0.12795,0,0,0.91607,0.1952,0,0,0,0,0,0,0,0,0,0.5075,0.15861,0,0,0.84426,0.24138,0.12653,0,0,0,0,0,0.86621,0.13125,0,0.5555,0,0,1,0.85863,0.34865,0,0,0,0,0,0,0,0,0,0,0.36648,0,0,0,0,0.14477,0.33825,0.72111,0,0,0,0,0,0.20792,0,0,0,0,0,0.38129,0,0,0,0,0,0,0,0,0,0,0,0,0.19172,0.25551,0,0.19049,0,0,0,0,0,0,0,0,0,0,0,0,0,0,0,0,0,0,0,0,0,0,0,0,0,0,0,0,0,0,0,0,0,0,0,0,0,0,0,0,1,0.71535,0.49893,0.87585,1,1,0.31656,0.59011,0.83123,0.95419,0.98168,0.89652,0.75156,0.52021,0.78453,0.26851,0.20413,0.35805,0.57253,0.67054,0.6441,0.5868,0.63406,0.51038,0.31175,0.20011,0.1475,0.21399,0.34494,0.43466,0.40122,0.2863,0.20238,0.13794,0.1845,0.12817,0.21624,0.23539,0.21098,0.17166,0,0,0,0,0.13256,0.13756,0,0,0,0,0,0,0,0,0,0,0,0,0,0,0,0,0,0,0,0,0,0,0,0,0,0,0,0,0,0,0,0,0,0,0
0,0.20913,0,0.19405,0.42376,0.71788,0.7711,0.76194,0.76303,0.63493,0.18774,0.21201,0.44089,0.83878,1,1,1,1,0.85673,0.20857,0,0.13681,0.64213,0.88909,1,1,1,1,1,1,0,0.22427,0.76601,1,1,1,1,1,1,0.61462,0.41071,0,0,0,0,0,0,0,0,0,0,0,0,0,0,0,0,0,0,0,0,0,0,0,0,0,0,0,0.66564,0.96042,1,1,1,1,1,0.77744,1,1,1,1,0.96937,1,1,1,1,1,1,1,1,1,0.16513,1,1,0.56248,0.31346,1,1,1,0.65788,0.40502,1,1,1,0.5451,1,1,1,0.47528,1,0.97685,0.73509,0.41473,0.36754,0.17968,1,0.64279,0.30625,1,0.98485,0.67994,0.46836,0.88144,0.50638,0,0.20904,1,0.21239,0,0,0,0,0.13142,0,0,0,0,0.61215,0.22806,0,0,0.98361,0.50045,0.22205,0,0,0,0.17081,0,1,0.27531,0,0.93512,0.16277,0.26642,1,1,0.82206,0.27943,0,0,0,0,0,0,0,0,0,0,0,0,0,0,0,0,0.20213,0,0,0,0,0,0,0,0,0,0,0,0,0,0,0,0,0,0,0,0,0,0,0,0,0,0,0,0,0,0,0,0,0,0,0,0,0,0,0,0,0,0,0,0,0,0,0,0,0,0,0,0,0,0,0,0,0,0,0,0,0,0,0,0,0,0,0,0,0.76125,0.23845,0.17386,0.47711,0.7446,1,0.12518,0.23899,0.55327,0.80761,0.9815,1,0.99149,0.86279,1,0.69683,0,0.17142,0.3216,0.5121,0.56566,0.59454,0.76055,0.73546,0.63363,0.49284,0,0,0.20538,0.29852,0.51785,0.49756,0.40817,0.28659,0,0,0.17818,0.23714,0.24785,0.23642,0.21441,0.1769,0,0,0,0.14236,0.15125,0.15575,0.14661,0.1259,0,0,0,0,0,0,0,0,0,0,0,0,0,0,0,0,0,0,0,0,0,0,0,0,0,0,0,0,0,0,0
0,0.22591,0,0.16354,0.43067,0.89179,1,1,1,1,0,0.14602,0.28202,0.79437,1,1,1,1,1,0,0,0,0.31541,0.64299,0.92692,1,1,1,1,1,0,0,0.36964,0.72929,0.76225,1,1,1,1,0.7287,0.55018,0,0,0,0,0,0,0,0,0,0,0,0,0,0,0,0,0,0,0,0,0,0,0,0,0,0,0,0.22184,0.46464,0.75178,1,1,1,1,0.23254,0.95122,1,1,1,0.34174,1,1,1,1,1,1,1,1,1,0.14802,1,1,1,0.91286,1,1,1,1,0.94982,1,1,1,1,1,1,1,0.87137,1,1,0.99827,0.7445,0.65546,0.48433,1,0.823,0.54987,1,0.97314,0.72936,0.55835,0.73487,0.46345,0.20859,0.27772,1,0.67414,0.19409,0,0,0,0.50474,0.17948,0,0,0,1,0.80615,0.19468,0,1,1,0.81684,0.42605,0.22504,0.16804,0.67722,0.24932,1,0.9429,0.45372,1,0.65237,0.92686,1,1,1,0.92218,0,0,0,0,0,0,0,0,0,0,0,0,0,0,0,0,0,0,0,0,0,0,0,0,0,0,0,0,0,0,0,0,0,0,0,0,0,0,0,0,0,0,0,0,0,0,0,0,0,0,0,0,0,0,0,0,0,0,0,0,0,0,0,0,0,0,0,0,0,0,0,0,0,0,0,0,0,0,0,0,0,0,0,0,0,0.20022,0,0,0,0.19228,0.70775,0,0,0.12835,0.216,0.35124,0.44638,0.46711,0.4168,0.6804,0.33824,0,0,0,0,0.14014,0.15758,0.22739,0.23679,0.22645,0.20185,0,0,0,0,0.14671,0.15686,0.14823,0.12906,0,0,0,0,0,0,0,0,0,0,0,0,0,0,0,0,0,0,0,0,0,0,0,0,0,0,0,0,0,0,0,0,0,0,0,0,0,0,0,0,0,0,0,0,0,0,0
0.23097,0.20462,0.63363,0.58903,0.42867,0.18781,0,0,0,0,1,1,1,0.78368,0.45177,0.20017,0.15204,0,0,1,1,1,1,1,1,0.97412,0.75986,0.26156,0,0,1,1,1,1,1,1,1,0.5439,0.17662,0.22874,0.16427,0,0,0,0,0,0,0,0,0,0,0,0,0.17332,0.16809,0,0.22382,0.35456,0.53146,0.48714,0.18422,0.99288,0.55713,0.21787,0.61718,0,0.24078,0,1,1,1,1,1,0.77744,0.23254,1,1,1,1,0.67921,1,1,0.20932,0.20175,0.65985,0.63789,1,0,0.23149,0.4104,0,0,0,0,0,0,0,0,0,0,0,0,0,0,0,0,0,0,0,0,0,0,0,0,0,0,0,0,0,0,0,0,0,0,0,0,0,0,0,0,0,0,0,0,0,0,0,0,0,0,0,0,0,0,0,0,0,0,0,0,0,0,0,0,0,0,0,0,0,0,0,0,0,0,0.22639,0.54135,0.88365,1,0.17186,0.24814,0.76443,1,1,1,1,0.18708,0.43157,0.81758,1,1,1,0.46216,0.78689,1,1,1,1,1,1,0.87236,1,1,1,0.76495,0.42932,0.17314,0.23446,0.49319,0.70945,1,1,1,1,1,1,1,1,0.79452,0.97592,0.37933,0.54775,0.61477,0.6415,0.24021,0.30923,0.39733,0,0.20241,0.21633,0.26127,0.49487,0,0,0.13847,0,0,0,0,0,0,0,0,0,0.14249,0,0,0,0,0,0.14498,0,0,0,1,1,1,1,1,0.77602,1,1,1,1,1,0.65902,0.3085,0.13159,0.19241,0,1,1,1,1,1,0.78096,0.50553,0.22484,0,0,1,1,1,1,0.37024,0.18137,0,0,1,1,0.81728,0.52612,0.23,0.12666,0,0,0.88988,0.79093,0.59054,0.28157,0.179,0,0,0,0.56083,0.37445,0.19987,0,0,0,0.33258,0.3721,0.21946,0.1399,0,0,0.24093,0.20453,0.13994,0,0,0,0,0,0,0,0,0,0,0,0,0,0,0,0
0.2355,0.27398,0.51655,0.60145,0.60904,0.42416,0.28098,0.18989,0.13074,0,1,0.92816,1,1,0.84653,0.54744,0.4633,0.22206,0,1,0.9524,1,1,1,1,1,1,0.82663,0.35212,0.47622,0.82066,1,1,1,1,1,1,1,0.70909,0.48788,0.27582,0,0,0,0,0,0,0,0,0,0,0,0,0,0,0,0.14151,0.15892,0.24122,0.25478,0,0.43755,0.1835,0,0.17353,0,0.20977,0,1,1,1,1,1,1,0.95122,1,1,1,1,1,1,1,0.85826,0.79783,1,1,1,0.53662,0.86103,1,0,0.12611,0,0,0,0.55266,0.17135,0,0,0,0.59037,0.18361,0,0,0.14114,0,0,0,0.13106,0,0,0,0,0,0,0,0,0.18162,0,0,0,0,0,0,0,0.24469,0,0,0,0,0,0,0,0,0,0,0,0,0,0,0,0,0,0,0,0,0,0,0,0,0,0,0,0,0.23681,0,0,0,0,0,0,0,0,0,0,0,0.23648,1,0,0,0.18646,0.59486,0.87132,1,1,0,0,0.19287,0.48402,0.90618,1,0,0.17458,0.3447,0.62305,0.84487,1,0.37718,0.91888,0.20101,0.27968,0.37309,0.56785,0.18025,0,0,0,0,0.14585,1,1,0.93676,1,0.73211,0.99308,0.42725,0.73284,0.21509,0.47141,0,0.15438,0.21044,0.25129,0,0,0.13591,0,0,0,0,0.21357,0,0,0,0,0,0,0,0,0,0,0,0,0,0,0,0,0,0,0,0,0,0,1,1,1,1,1,1,1,1,1,1,1,1,0.80831,0.43624,0.65172,0.1866,1,1,1,1,1,1,0.90016,0.62938,0.28981,0.1581,1,1,1,1,0.71753,0.45811,0.21476,0,0.91552,0.82253,0.8645,0.72881,0.49144,0.24859,0.15172,0,0.5889,0.65001,0.61373,0.44935,0.28181,0.21922,0.16886,0,0.41856,0.38121,0.24588,0.17476,0,0,0.20213,0.24172,0.2161,0.18016,0,0,0.15161,0.13601,0.13749,0,0,0,0,0,0,0,0,0,0,0,0,0,0,0,0
0,0,0.14418,0.19115,0.22619,0.21427,0.18756,0.13918,0,0,0.45704,0.34048,0.51641,0.61558,0.57461,0.34475,0.33293,0.20788,0,0.95676,0.27625,0.49673,1,1,1,0.99395,0.99685,0.75021,0.35003,0.51004,0.21534,0.89181,1,1,1,1,1,1,0.82917,0.21754,0.14475,0,0,0,0,0,0,0,0,0,0,0,0,0,0,0,0,0,0,0,0,0,0,0,0,0,0,0,1,1,1,1,1,1,1,1,1,1,1,1,1,1,1,1,1,1,1,1,1,1,0,0.23149,0,0,0,0.90445,0.40536,0,0,0,1,0.51004,0.15101,0,0.44717,0.14977,0.15378,0,0.46815,0.15897,0,0,0,0,0.38091,0,0,0.70013,0.30507,0.15126,0,0.43811,0.14793,0,0,0.86592,0,0,0,0,0,0,0,0,0,0,0,0,0,0,0,0,0,0,0,0,0,0,0.126,0,0,0,0,0,0.40228,0.15317,0,0,0,0,0,0,0,0,0,0,0,0.66588,0,0,0,0.14486,0.24273,0.72003,1,0,0,0,0,0.31125,0.60481,0,0,0,0.18141,0.32528,0.98711,0,0.45593,0,0,0,0.20539,0,0,0,0,0,0,0.79118,1,0.54924,0.91211,0.37046,0.72762,0.19708,0.52113,0,0.3055,0,0,0.16752,0.23541,0,0,0,0,0,0,0,0.21158,0,0,0,0,0,0,0,0,0,0,0,0,0,0,0,0,0,0,0,0,0,0,1,1,1,1,1,1,1,1,1,1,1,1,1,1,1,0.73015,1,1,1,1,1,1,1,1,0.93522,0.63456,0.88325,1,1,1,1,1,0.77464,0.49161,1,0.89722,1,1,1,0.81746,0.56805,0.32472,0.60519,0.80309,0.90982,0.8725,0.77012,0.68517,0.56388,0.35689,0.58604,0.6776,0.64711,0.51069,0.36142,0.22383,0.23924,0.39966,0.44261,0.44436,0.33596,0.21999,0.17871,0.18228,0.23975,0.23704,0,0,0.16636,0.18226,0.16804,0,0,0,0,0,0.22379,0,0,0,0
0,0.17308,0.13086,0.20558,0.34324,0.46586,0.44602,0.36033,0.29649,0.20681,0.29866,0.27985,0.52788,0.78244,0.88631,0.73071,0.77913,0.64057,0.33042,0.56781,0.14875,0.24499,0.90457,1,1,1,1,1,0.8872,1,0,0.56482,1,1,1,1,1,1,1,0.42224,0.23529,0,0,0,0,0,0,0,0,0,0,0,0,0,0,0,0,0,0,0,0,0,0,0,0,0,0,0,1,1,1,1,1,1,1,1,1,1,1,1,1,1,1,1,1,1,1,1,1,1,0,0.8563,0.40423,0.13809,0,1,1,0.50486,0.17912,0,1,1,0.58456,0.15466,1,0.55819,0.54862,0.14757,1,0.53034,0.28271,0.14236,0.13675,0,0.86405,0.25454,0.12764,1,0.73375,0.39493,0.21986,0.76512,0.31281,0,0,1,0,0,0,0,0,0,0,0,0,0,0.18393,0,0,0,0.41,0,0,0,0,0,0,0,0.48857,0,0,0.27922,0,0,1,0.61131,0.2189,0,0,0,0,0,0,0,0,0,0,0.23336,0,0,0,0,0,0.23899,0.66868,0,0,0,0,0,0.18575,0,0,0,0,0,0.39549,0,0,0,0,0,0,0,0,0,0,0,0,0.22045,0.38255,0.13588,0.25471,0,0.18912,0,0,0,0,0,0,0,0,0,0,0,0,0,0,0,0,0,0,0,0,0,0,0,0,0,0,0,0,0,0,0,0,0,0,0,0,0,0,1,0.85665,0.67188,1,1,1,0.53497,0.88225,1,1,1,1,1,1,1,0.83289,0.3659,0.67895,0.97404,1,1,1,1,1,0.90114,0.67705,0.241,0.48053,0.76221,0.91385,0.98117,0.87894,0.69923,0.49615,0.48331,0.27642,0.6387,0.75215,0.71035,0.60572,0.45454,0.27723,0.15716,0.23766,0.39358,0.46048,0.43475,0.40661,0.33751,0.23614,0.16888,0.22287,0.24343,0.22765,0.20578,0.16499,0,0,0.14614,0.17626,0.16555,0.13338,0,0,0,0,0,0,0,0,0,0,0,0,0,0,0.19493,0,0,0,0
0,0,0,0,0,0.1814,0.19645,0.19392,0.19839,0.16215,0,0,0.1301,0.241,0.43582,0.3644,0.48551,0.46369,0.23746,0,0,0,0.23578,0.38121,0.53399,0.66544,0.85843,0.93114,0.73357,0.93503,0,0,0.39392,0.62471,0.76946,1,1,1,1,0.15093,0,0,0,0,0,0,0,0,0,0,0,0,0,0,0,0,0,0,0,0,0,0,0,0,0,0,0,0,0.42932,0.70243,0.89532,1,1,1,1,0.67921,1,1,1,1,0.98783,1,1,1,1,1,1,1,1,1,0.53111,1,0.7971,0.35049,0.20816,1,1,0.98058,0.54446,0.30496,1,1,1,0.53699,1,1,1,0.5686,1,1,0.9585,0.587,0.5875,0.19768,1,0.95577,0.5752,1,1,1,0.8747,1,1,0.21733,0.49403,1,0,0,0,0,0,0,0,0,0,0,0.16427,0,0,0,0.37069,0.15769,0,0,0,0,0,0,0.53127,0,0,0.47178,0,0.13924,1,0.82143,0.45895,0.16439,0,0,0,0,0,0,0,0,0,0,0,0,0,0,0,0,0.16591,0,0,0,0,0,0,0,0,0,0,0,0,0,0,0,0,0,0,0,0,0,0,0,0,0,0,0,0,0,0,0,0,0,0,0,0,0,0,0,0,0,0,0,0,0,0,0,0,0,0,0,0,0,0,0,0,0,0,0,0,0,0,0,0,0,0,0,0,0.94314,0.28325,0.20912,0.65553,1,1,0.17742,0.43728,0.85437,1,1,1,1,1,1,1,0.13372,0.27483,0.66102,0.9256,1,1,1,1,1,1,0,0.20188,0.48509,0.74044,1,1,1,0.96891,0.24662,0.16049,0.50357,0.76116,0.85446,0.85819,0.81804,0.71295,0,0.16184,0.28299,0.48954,0.55928,0.59834,0.59078,0.54974,0,0.19308,0.26569,0.33039,0.3628,0.31738,0,0,0,0.19175,0.2131,0.21267,0,0,0,0,0.16499,0,0,0,0,0,0,0,0,0,0.49216,0,0,0,0
0,0,0.23937,0.23899,0.20826,0,0,0,0,0,0.88181,0.62135,0.66396,0.51271,0.26051,0.14648,0,0,0,1,0.99175,1,1,1,0.99954,0.76777,0.6152,0.22869,0,0,0.92125,1,1,1,1,1,0.97048,0.5337,0.18731,0.14677,0,0,0,0,0,0,0,0,0,0,0,0,0,0,0,0,0,0.12668,0.1894,0.17979,0,0.51348,0.1919,0,0.21482,0,0,0,1,1,1,1,1,0.96937,0.34174,1,1,1,1,0.98783,1,1,0.48087,0.49419,0.71823,1,1,0.23265,0.60051,0.81524,0,0,0,0,0,0.15145,0,0,0,0,0.18496,0,0,0,0,0,0,0,0,0,0,0,0,0,0,0,0,0,0,0,0,0,0,0,0,0,0,0,0,0,0,0,0,0,0,0,0,0,0,0,0,0,0,0,0,0,0,0,0,0,0,0,0,0,0,0,0,0,0,0,0,0,0,0,0,0.19698,0.43374,1,0,0,0.33311,0.81048,1,1,1,0,0.17897,0.41692,0.7808,1,1,0.20316,0.42813,0.72208,1,1,1,0.70869,1,0.53257,0.75824,0.9006,1,0.6411,0.33672,0,0.13874,0.23219,0.45093,1,1,1,1,1,1,1,1,0.78398,1,0.36277,0.61233,0.77436,0.87347,0.2452,0.38887,0.55111,0,0.23151,0.30048,0.47367,0.75071,0,0,0.18369,0,0.13633,0,0,0,0,0,0,0,0.22025,0,0,0,0,0,0.13711,0,0,0,1,1,1,1,1,1,1,1,1,1,1,1,0.77554,0.35466,0.52644,0.14448,1,1,1,1,1,1,0.98527,0.6495,0.25341,0.13272,1,1,1,1,0.85182,0.52348,0.21703,0,1,1,1,0.99868,0.6705,0.36151,0.16866,0,1,1,1,0.74763,0.51284,0.34252,0.21781,0,0.93387,0.80217,0.55921,0.2673,0.16493,0,0.66298,0.74136,0.57912,0.37483,0.20967,0,0.52966,0.45302,0.33991,0.24649,0,0.22185,0.2231,0.16666,0,0.14736,0,0,0,0,0,0,0,0,0
0,0,0,0,0,0.16044,0.15518,0.13019,0,0,0.14086,0,0.19703,0.31083,0.40166,0.24996,0.30838,0.23157,0.13308,0.32084,0,0.13625,0.53065,0.61968,0.69491,0.73274,0.83704,0.7526,0.44956,0.636,0,0.27778,0.76809,0.92323,1,1,1,1,1,0.14616,0,0,0,0,0,0,0,0,0,0,0,0,0,0,0,0,0,0,0,0,0,0,0,0,0,0,0,0,0.90414,1,1,1,1,1,1,1,1,1,1,1,1,1,1,1,1,1,1,1,1,1,0.21463,0.61421,0.23831,0,0,1,0.89041,0.37589,0.14417,0,1,1,0.52309,0.13997,1,0.5489,0.58007,0.15268,1,0.61564,0.37027,0.16328,0.16748,0,1,0.39833,0.16875,1,0.9645,0.61345,0.36748,1,0.59505,0,0.15698,1,0,0,0,0,0,0,0,0,0,0,0,0,0,0,0.16837,0,0,0,0,0,0,0,0.20515,0,0,0.15749,0,0,0.6913,0.31624,0.13631,0,0,0,0,0,0,0,0,0,0,0.17015,0,0,0,0,0,0.1869,0.55112,0,0,0,0,0,0.14899,0,0,0,0,0,0.3398,0,0,0,0,0,0,0,0,0,0,0,0,0.22391,0.42115,0.14905,0.34597,0,0.22602,0,0.16863,0,0,0,0,0,0,0,0,0,0,0,0,0,0,0,0,0,0,0,0,0,0,0,0,0,0,0,0,0,0,0,0,0,0,0,0,1,0.88988,0.74051,1,1,1,0.64919,1,1,1,1,1,1,1,1,1,0.51731,0.88456,1,1,1,1,1,1,1,1,0.40309,0.70906,1,1,1,1,1,0.96006,0.8024,0.56168,1,1,1,1,0.93682,0.75071,0.24614,0.53986,0.78194,0.90216,0.9006,0.88368,0.82046,0.69246,0.34781,0.56479,0.67239,0.65208,0.59934,0.4796,0.14837,0.22566,0.34012,0.47303,0.46413,0.38108,0,0,0.21366,0.23056,0.21842,0,0.13407,0.19513,0.21076,0,0,0.1334,0,0,0.56347,0,0,0,0
0,0,0,0,0,0,0,0,0,0,0,0,0,0,0.12634,0,0.16843,0.18408,0,0,0,0,0,0,0.1389,0.18963,0.28941,0.4399,0.32657,0.53369,0,0,0,0.16542,0.21458,0.41373,0.74951,0.92529,0.96943,0,0,0,0,0,0,0,0,0,0,0,0,0,0,0,0,0,0,0,0,0,0,0,0,0,0,0,0,0,0,0.19981,0.27814,1,1,1,1,0.20932,0.85826,1,1,1,0.48087,1,1,1,1,1,0.9198,1,1,1,1,1,0.84722,0.47435,0.27992,1,1,1,0.74863,0.53311,1,1,1,0.83435,1,1,1,0.94949,1,1,1,1,1,0.46051,1,1,1,1,1,1,1,1,1,0.68115,1,1,0,0,0,0,0,0,0,0,0,0,0,0,0,0,0.18494,0,0,0,0,0,0,0,0.26973,0,0,0.33824,0,0.14232,0.87603,0.68425,0.43085,0.18722,0,0,0,0,0,0,0,0,0,0,0,0,0,0,0,0,0,0,0,0,0,0,0,0,0,0,0,0,0,0,0,0,0,0,0,0,0,0,0,0,0,0,0,0,0,0,0,0,0,0,0,0,0,0,0,0,0,0,0,0,0,0,0,0,0,0,0,0,0,0,0,0,0,0,0,0,0,0,0,0,0,0,0,0,0,0.53518,0,0,0.25676,0.66676,1,0,0.19251,0.54502,0.98898,1,1,1,1,1,1,0,0.1511,0.39652,0.72584,0.91363,1,1,1,1,1,0,0,0.25789,0.58421,1,1,1,1,0.18369,0,0.39287,0.75891,0.96797,1,1,1,0,0,0.23473,0.52179,0.6738,0.773,0.82416,0.87012,0,0.17589,0.31514,0.47803,0.60008,0.62954,0,0,0,0.21437,0.29116,0.3777,0,0,0,0,0.32038,0,0,0,0.16446,0,0,0,0,0,0.87923,0,0,0,0
0,0,0,0,0,0,0,0,0,0,0,0,0,0,0,0,0,0,0,0,0,0,0,0,0,0,0.17366,0.21112,0.16576,0.23462,0,0,0,0,0.16698,0.24048,0.49346,0.62568,0.63857,0,0,0,0,0,0,0,0,0,0,0,0,0,0,0,0,0,0,0,0,0,0,0,0,0,0,0,0,0,0,0.1705,0.22034,0.99216,1,1,1,0.20175,0.79783,1,1,1,0.49419,1,1,1,1,1,0.81763,1,1,1,1,0.74529,0.52664,0.22469,0.16344,1,1,0.81607,0.47022,0.26576,1,1,1,0.59153,1,1,1,0.74759,1,1,1,0.86615,0.92917,0.25856,1,1,0.9828,1,1,1,1,1,1,0.59992,1,1,0,0,0,0,0,0,0,0,0,0,0,0,0,0,0,0,0,0,0,0,0,0,0.14152,0,0,0.16514,0,0,0.53121,0.34057,0.19973,0,0,0,0,0,0,0,0,0,0,0,0,0,0,0,0,0,0,0,0,0,0,0,0,0,0,0,0,0,0,0,0,0,0,0,0,0,0,0,0,0,0,0,0,0,0,0,0,0,0,0,0,0,0,0,0,0,0,0,0,0,0,0,0,0,0,0,0,0,0,0,0,0,0,0,0,0,0,0,0,0,0,0,0,0,0,0.62057,0.1279,0,0.35315,0.78803,1,0,0.23368,0.6898,1,1,1,1,1,1,1,0,0.20028,0.5682,0.92345,1,1,1,1,1,1,0,0.15963,0.45063,0.80471,1,1,1,1,0.2648,0.15368,0.63588,1,1,1,1,1,0,0.18218,0.46221,0.81495,0.98884,1,1,1,0.13694,0.29763,0.61548,0.80228,0.9394,0.97504,0,0,0.20531,0.44998,0.61734,0.71795,0,0,0.15905,0.20681,0.66623,0,0,0.20819,0.32522,0,0.14057,0.19567,0.1353,0,1,0,0,0,0
0.36869,0.77917,0.28768,0.63631,1,1,1,1,1,1,0.43406,0.59404,0.93705,1,1,1,1,1,1,0.24943,0,0.23009,0.95206,1,1,1,1,1,1,1,0,0.35899,0.97931,1,1,1,1,1,1,1,1,0,0,0,0,0,0,0,0,0,0,0,0,0,0,0,0,0,0,0,0,0,0,0,0,0,0.18736,0,0.71289,1,1,1,1,1,1,0.65985,1,1,1,1,0.71823,1,1,1,1,1,1,0.98733,0.92787,1,0,1,1,0.62473,0.36477,1,1,1,0.60121,0.3509,1,1,0.97709,0.38513,1,0.82434,0.71565,0.23984,0.9737,0.56849,0.34636,0.19618,0.16688,0,0.64196,0.22796,0.13298,0.58217,0.39698,0.20904,0.14712,0.24077,0.13213,0,0,0.92122,0.79517,0.18872,0,0,0,0.47068,0.14052,0,0,0,1,0.73419,0.13097,0,1,0.98795,0.64336,0.22866,0.14512,0,0.42189,0.14883,1,0.64456,0.20364,1,0.26984,0.51568,1,1,1,0.44907,0,0,0,0,0,0,0,0,0,0,0,0,0,0,0,0,0.18083,0,0,0,0,0,0,0,0,0,0,0,0,0,0,0,0,0,0,0,0,0,0,0,0,0,0,0,0,0,0,0,0,0,0,0,0,0,0,0,0,0,0,0,0,0,0,0,0,0,0,0,0,0,0,0,0,0,0,0,0,0,0,0,0,0,0,0,0,0.37773,0.155,0,0.20401,0.29089,0.60071,0,0,0.19397,0.2488,0.34284,0.33791,0.27173,0.21017,0.40113,0.15664,0,0,0,0.15194,0.15417,0.14948,0.18972,0.17244,0.13401,0,0,0,0,0,0,0,0,0,0,0,0,0,0,0,0,0,0,0,0,0,0,0,0,0,0,0,0,0,0,0,0,0,0,0,0,0,0,0,0,0,0,0,0,0,0,0,0,0,0,0,0,0,0,0,0
0,0,0,0,0,0,0,0,0,0,0,0,0,0.13309,0.19224,0.16252,0.19975,0.19,0,0,0,0,0.16323,0.20668,0.2465,0.33723,0.50491,0.54599,0.33965,0.541,0,0,0.23594,0.39538,0.56498,0.77107,0.98906,1,0.9632,0,0,0,0,0,0,0,0,0,0,0,0,0,0,0,0,0,0,0,0,0,0,0,0,0,0,0,0,0,0.31748,0.57139,0.72547,1,1,1,1,0.63789,1,1,1,1,1,1,1,1,1,1,1,1,1,1,0.72536,0.82684,0.50668,0.19609,0.12519,1,1,0.72978,0.32186,0.19779,1,1,0.93961,0.36528,1,1,1,0.44992,1,1,0.90446,0.51341,0.54315,0.15448,1,0.96114,0.56271,1,1,1,0.95146,1,1,0.21862,0.5516,1,0,0,0,0,0,0,0,0,0,0,0,0,0,0,0.16022,0,0,0,0,0,0,0,0.21628,0,0,0.20575,0,0,0.75259,0.46777,0.21233,0,0,0,0,0,0,0,0,0,0,0,0,0,0,0,0,0,0.15588,0,0,0,0,0,0,0,0,0,0,0,0,0,0,0,0,0,0,0,0,0,0,0,0,0,0.12946,0,0,0,0,0,0,0,0,0,0,0,0,0,0,0,0,0,0,0,0,0,0,0,0,0,0,0,0,0,0,0,0,0,0,0,0,0,0,0,0,0,0,1,0.34917,0.23969,0.77744,1,1,0.21863,0.59023,1,1,1,1,1,1,1,1,0.18403,0.4555,0.88132,1,1,1,1,1,1,1,0.1542,0.30581,0.72705,1,1,1,1,1,0.50195,0.2414,0.80517,1,1,1,1,1,0.12891,0.25844,0.59699,0.84383,0.93455,0.98418,0.9828,0.94315,0.19768,0.40306,0.62379,0.71107,0.75473,0.71123,0,0.1468,0.23225,0.43755,0.52011,0.52979,0,0,0.17526,0.20853,0.38859,0,0,0.19162,0.23404,0,0,0.15435,0,0,0.87955,0,0,0,0
0.41541,0.52161,0.6796,0.8044,0.85814,0.71103,0.57589,0.36923,0.23107,0.14533,1,1,1,1,1,0.84436,0.76396,0.46615,0.20197,1,0.94544,1,1,1,1,1,1,1,0.64955,0.7702,0.78892,1,1,1,1,1,1,1,0.99024,0.76445,0.55022,0,0,0,0,0,0,0,0,0,0,0,0,0,0,0,0.18375,0.18397,0.32301,0.382,0,0.42516,0.18926,0,0.16423,0,0.30635,0,1,1,1,1,1,1,1,1,1,1,1,1,1,1,0.9198,0.81763,1,1,1,0.58124,0.85586,1,0,0.2068,0,0,0,0.77735,0.24337,0,0,0,0.76293,0.24626,0,0,0.19329,0,0,0,0.17248,0,0,0,0,0,0,0,0,0.19595,0,0,0,0,0,0,0,0.30596,0,0,0,0,0,0,0,0,0,0,0,0,0,0,0.19164,0,0,0,0,0,0,0,0.18228,0,0,0,0,0,0.48141,0.15971,0,0,0,0,0,0,0,0,0,0,0.21095,1,0,0,0.15407,0.51586,0.75929,1,1,0,0,0.15058,0.37049,0.74099,1,0,0,0.23228,0.44803,0.63079,1,0.24987,0.67872,0.14464,0.19538,0.21856,0.32648,0,0,0,0,0,0,0.95877,1,0.67213,0.91481,0.46247,0.70406,0.21785,0.43865,0,0.22468,0,0,0,0.15011,0,0,0,0,0,0,0,0,0,0,0,0,0,0,0,0,0,0,0,0,0,0,0,0,0,0,0,0,0,0,1,1,1,1,1,1,1,1,1,1,1,0.9623,0.69554,0.35184,0.58348,0.1672,0.90459,1,1,1,1,0.85045,0.73815,0.49802,0.22925,0.13136,0.71488,0.84645,0.92911,0.89743,0.54064,0.3114,0.17527,0,0.63094,0.52794,0.60417,0.50597,0.30185,0.19416,0,0,0.28986,0.36322,0.35149,0.24025,0.19223,0.15664,0,0,0.21095,0.20598,0.1679,0,0,0,0,0.1466,0.12789,0,0,0,0,0,0,0,0,0,0,0,0,0,0,0,0,0,0,0,0,0,0
0,0,0,0,0,0,0,0,0,0,0,0,0,0,0,0,0,0,0,0,0,0,0,0,0,0,0.14612,0.20394,0.17638,0.24552,0,0,0,0,0,0.1846,0.394,0.58992,0.67239,0,0,0,0,0,0,0,0,0,0,0,0,0,0,0,0,0,0,0,0,0,0,0,0,0,0,0,0,0,0,0,0.14448,0.79639,1,1,1,0,0.53662,1,1,1,0.23265,1,1,1,0.98733,1,0.58124,1,1,1,1,0.91813,0.75163,0.43037,0.25889,1,1,1,0.74704,0.55218,1,1,1,0.89206,1,1,1,1,1,1,1,1,1,0.57652,1,1,1,1,1,1,1,1,1,0.92384,1,1,0,0,0,0,0,0,0,0,0,0,0,0,0,0,0,0,0,0,0,0,0,0,0.17745,0,0,0.21965,0,0,0.63163,0.49672,0.3031,0.16452,0,0,0,0,0,0,0,0,0,0,0,0,0,0,0,0,0,0,0,0,0,0,0,0,0,0,0,0,0,0,0,0,0,0,0,0,0,0,0,0,0,0,0,0,0,0,0,0,0,0,0,0,0,0,0,0,0,0,0,0,0,0,0,0,0,0,0,0,0,0,0,0,0,0,0,0,0,0,0,0,0,0,0,0,0,0.30243,0,0,0.17747,0.46361,1,0,0.1253,0.36292,0.84001,1,1,1,1,1,1,0,0,0.24689,0.59747,0.81826,1,1,1,1,1,0,0,0.20815,0.48266,1,1,1,1,0.14732,0,0.32058,0.73872,1,1,1,1,0,0,0.21782,0.52773,0.72443,0.85742,0.94368,1,0,0.16517,0.33569,0.55331,0.72753,0.80348,0,0,0,0.22593,0.37287,0.51119,0,0,0,0,0.50811,0,0,0,0.19807,0,0,0,0,0,1,0,0,0,0
0,0,0,0,0,0,0,0,0,0,0,0,0,0,0,0,0,0,0,0,0,0,0,0,0,0,0.14959,0.17522,0,0.18957,0,0,0,0,0.17318,0.23528,0.42918,0.52304,0.5009,0,0,0,0,0,0,0,0,0,0,0,0,0,0,0,0,0,0,0,0,0,0,0,0,0,0,0,0,0,0,0.18798,0.23164,0.99318,1,1,1,0.23149,0.86103,1,1,1,0.60051,1,1,1,0.92787,1,0.85586,1,1,1,1,0.5555,0.32509,0.15609,0,1,0.95367,0.61074,0.26332,0.18638,1,1,0.89447,0.38675,1,1,1,0.5489,1,1,1,0.67563,0.74555,0.18683,1,1,0.80827,1,1,1,1,1,1,0.43522,0.88949,1,0,0,0,0,0,0,0,0,0,0,0,0,0,0,0,0,0,0,0,0,0,0,0,0,0,0,0,0,0.36601,0.21886,0.13416,0,0,0,0,0,0,0,0,0,0,0,0,0,0,0,0,0,0,0,0,0,0,0,0,0,0,0,0,0,0,0,0,0,0,0,0,0,0,0,0,0,0,0,0,0,0,0,0,0,0,0,0,0,0,0,0,0,0,0,0,0,0,0,0,0,0,0,0,0,0,0,0,0,0,0,0,0,0,0,0,0,0,0,0,0,0,0.76212,0.17217,0.13982,0.50109,0.94506,1,0.13273,0.36148,0.85733,1,1,1,1,1,1,1,0,0.2714,0.74673,1,1,1,1,1,1,1,0,0.21886,0.63692,0.99898,1,1,1,1,0.45802,0.21701,0.83628,1,1,1,1,1,0,0.24787,0.66579,1,1,1,1,1,0.20377,0.50306,0.82214,1,1,1,0,0.16065,0.32234,0.65598,0.81801,0.90675,0,0,0.22801,0.32682,0.83551,0,0.14564,0.3284,0.52255,0,0.20811,0.28384,0.20094,0,1,0,0,0,0
0,0,0,0,0,0,0,0,0,0,0,0,0,0,0,0,0,0,0,0,0,0,0,0,0,0.14513,0.19896,0.21358,0.14969,0.21744,0,0,0.12626,0.17961,0.24058,0.39187,0.58218,0.64136,0.57948,0,0,0,0,0,0,0,0,0,0,0,0,0,0,0,0,0,0,0,0,0,0,0,0,0,0,0,0,0,0.17971,0.27613,0.40221,1,1,1,1,0.4104,1,1,1,1,0.81524,1,1,1,1,1,1,1,1,1,0.99886,0.54448,0.27772,0.1323,0,1,0.92446,0.54178,0.22389,0.15285,1,1,0.80159,0.26943,1,0.91909,1,0.40869,1,1,0.91942,0.51806,0.57759,0.13969,1,1,0.62975,1,1,1,1,1,1,0.24926,0.69105,1,0,0,0,0,0,0,0,0,0,0,0,0,0,0,0,0,0,0,0,0,0,0,0,0,0,0,0,0,0.40512,0.22026,0,0,0,0,0,0,0,0,0,0,0,0,0,0,0,0,0,0,0,0,0,0,0,0,0,0,0,0,0,0,0,0,0,0,0,0,0,0,0,0,0,0,0,0,0,0,0,0,0,0,0,0,0,0,0,0,0,0,0,0,0,0,0,0,0,0,0,0,0,0,0,0,0,0,0,0,0,0,0,0,0,0,0,0,0,0,0,0.9662,0.2414,0.20749,0.70159,1,1,0.19809,0.55327,1,1,1,1,1,1,1,1,0.17419,0.45386,0.91973,1,1,1,1,1,1,1,0.1531,0.33083,0.79832,1,1,1,1,1,0.60603,0.30601,0.96354,1,1,1,1,1,0.15442,0.38226,0.77968,1,1,1,1,1,0.24644,0.60534,0.88856,1,1,1,0,0.20069,0.41461,0.71324,0.84057,0.88953,0,0,0.26352,0.38983,0.77697,0,0.17193,0.36928,0.53314,0,0.21959,0.29351,0.20447,0,1,0,0,0,0
0,0,0,0,0,0,0,0,0,0,0,0,0,0,0,0,0,0,0,0,0,0,0,0,0,0,0,0,0,0,0,0,0,0,0,0,0,0,0,0,0,0,0,0,0,0,0,0,0,0,0,0,0,0,0,0,0,0,0,0,0,0,0,0,0,0,0,0,0,0,0,0,0,0.16513,0.14802,0,0,0,0,0.53111,0,0.21463,1,1,0,0.72536,0,1,1,0.99886,1,0.12775,0.16671,0.1469,0.13202,0.20926,0.31262,0.40001,0.3659,0.30452,0.68766,0.69972,0.80707,0.72658,1,1,1,1,1,1,1,1,1,0.77759,1,1,1,1,1,1,1,1,1,1,1,1,0,0,0,0,0,0,0,0,0,0,0,0,0,0,0,0,0,0,0,0,0,0,0,0,0,0,0,0,0,0,0,0,0,0,0,0,0,0,0,0,0,0,0,0,0,0,0,0,0,0,0,0,0,0,0,0,0,0,0,0,0,0,0,0,0,0,0,0,0,0,0,0,0,0,0,0,0,0,0,0,0,0,0,0,0,0,0,0,0,0,0,0,0,0,0,0,0,0,0,0,0,0,0,0,0,0,0,0,0,0,0,0,0,0,0,0,0,0,0,0,0,0,0.47451,0,0,0,0,0.16754,0.44044,0.8237,1,1,1,0,0,0,0,0,0.14344,0.39682,0.77523,1,1,0,0,0,0,0.31508,0.69803,1,1,0,0,0,0,0.23857,0.56573,0.96524,1,0,0,0,0,0.17471,0.26207,0.47413,0.79794,0,0,0,0.16111,0.34699,0.62862,0,0,0,0,0,0.23555,0,0,0,0,0.4809,0,0,0,0,0,0,0,0,0,1,0,0,0,0
0,0,0,0,0,0.50943,0.75272,0.99049,1,1,0,0,0,0.21342,0.67315,0.90092,1,1,1,0,0,0,0,0,0.21069,0.4946,0.87367,1,1,1,0,0,0,0,0,0.31501,1,1,1,0.27992,0.21877,0,0,0,0,0,0,0,0,0,0,0,0,0,0,0,0,0,0,0,0,0,0,0,0,0,0,0,0,0,0,0.56123,1,1,1,0,0.12611,0.23149,0.8563,1,0,0.61421,1,0.74529,1,0.82684,0.2068,0.91813,0.5555,0.54448,0.12775,1,1,1,1,1,1,1,1,1,1,1,1,1,1,1,1,1,1,1,1,1,1,1,1,1,0.91823,0.77061,0.84993,0.74107,0.66015,0.44664,0.36414,0.55491,0.51475,1,1,0.74871,0.56812,0.45769,0.19941,1,0.84643,0.68699,0.45401,0.4956,1,1,0.98086,0.56619,1,1,1,1,1,0.98294,1,1,1,1,1,1,1,1,1,1,1,1,0,0,0,0.20797,0.39871,0.56619,0,0,0,0,0,0,0,0,0,0,0,0,0,0,0,0,0,0,0,0,0,0,0,0,0,0,0,0,0,0,0,0,0,0,0,0,0,0,0,0,0,0,0,0,0,0,0,0,0,0,0,0,0,0,0,0,0,0,0,0,0,0,0,0,0,0,0,0,0,0,0,0,0,0,0,0,0,0,0,0,0,0,0,0,0,0,0,0,0,0,0,0,0,0.15918,0,0,0,0,0,0,0,0,0,0,0,0,0,0,0,0,0,0,0,0,0,0,0,0,0,0,0,0,0,0,0,0,0,0,0,0,0,0,0,0,0,0,0,0,0,0,0,0,0,0,0,0,0,0,0,0,0,0,0,0,0,0,0,0,0,0
0,0,0,0,0,0.17511,0.28679,0.55519,0.82889,0.99867,0,0,0,0,0.22013,0.41131,0.71676,1,1,0,0,0,0,0,0,0.15357,0.34191,0.90725,1,1,0,0,0,0,0,0,0.49369,1,1,0,0,0,0,0,0,0,0,0,0,0,0,0,0,0,0,0,0,0,0,0,0,0,0,0,0,0,0,0,0,0,0,0.18305,0.50534,1,1,0,0,0,0.40423,0.7971,0,0.23831,0.84722,0.52664,1,0.50668,0,0.75163,0.32509,0.27772,0.16671,1,1,1,1,1,1,1,1,1,1,1,1,1,1,1,1,1,1,1,1,1,1,1,1,1,1,0.70784,0.882,0.84987,0.82061,0.42316,0.43981,0.88841,0.75293,1,0.81849,0.68691,0.58262,0.52518,0.24879,1,0.89089,0.78686,0.58167,0.66214,1,1,1,0.78104,1,1,1,1,1,1,1,1,1,1,1,1,1,1,1,1,1,1,0,0,0,0.26927,0.581,0.78104,0,0,0,0,0,0,0,0,0,0,0,0,0,0,0,0,0,0,0,0,0,0,0,0,0,0,0,0,0,0,0,0,0,0,0,0,0,0,0,0,0,0,0,0,0,0,0,0,0,0,0,0,0,0,0,0,0,0,0,0,0,0,0,0,0,0,0,0,0,0,0,0,0,0,0,0,0,0,0,0,0,0,0,0,0,0,0,0,0,0,0,0,0,0,0,0,0,0,0,0,0,0,0,0,0,0,0,0,0,0,0,0,0,0,0,0,0,0,0,0,0,0,0,0,0,0,0,0,0,0,0,0,0,0,0,0,0,0,0,0,0,0,0,0,0,0,0,0,0,0,0,0,0,0,0,0,0,0,0,0
0,0,0,0,0,0,0,0.21858,0.45429,0.66526,0,0,0,0,0,0.15467,0.27542,0.68026,0.81531,0,0,0,0,0,0,0,0,0.42959,0.82486,0.92613,0,0,0,0,0,0,0.16104,0.53838,1,0,0,0,0,0,0,0,0,0,0,0,0,0,0,0,0,0,0,0,0,0,0,0,0,0,0,0,0,0,0,0,0,0,0.16434,0.56248,1,0,0,0,0.13809,0.35049,0,0,0.47435,0.22469,0.62473,0.19609,0,0.43037,0.15609,0.1323,0.1469,1,1,1,1,1,1,1,1,1,1,1,1,1,1,1,1,1,1,1,1,1,1,1,1,1,1,0.46694,0.71453,0.75456,0.77783,0.24122,0.3284,1,0.79616,0.7447,0.57435,0.61221,0.58411,0.58024,0.39057,0.93964,0.90795,0.86337,0.69439,0.81123,0.96115,1,1,0.97551,1,1,1,1,1,1,1,1,1,1,1,1,1,1,1,1,1,1,0,0,0,0.41005,0.74921,0.97551,0,0,0,0,0,0,0,0,0,0,0,0,0,0,0,0,0,0,0,0,0,0,0,0,0,0,0,0,0,0,0,0,0,0,0,0,0,0,0,0,0,0,0,0,0,0,0,0,0,0,0,0,0,0,0,0,0,0,0,0,0,0,0,0,0,0,0,0,0,0,0,0,0,0,0,0,0,0,0,0,0,0,0,0,0,0,0,0,0,0,0,0,0,0,0,0,0,0,0,0,0,0,0,0,0,0,0,0,0,0,0,0,0,0,0,0,0,0,0,0,0,0,0,0,0,0,0,0,0,0,0,0,0,0,0,0,0,0,0,0,0,0,0,0,0,0,0,0,0,0,0,0,0,0,0,0,0,0,0,0
0,0,0,0,0,0,0,0.14473,0.24695,0.4662,0,0,0,0,0,0,0.17941,0.45201,0.60524,0,0,0,0,0,0,0,0,0.22661,0.58627,0.68059,0,0,0,0,0,0,0,0.27994,0.82415,0,0,0,0,0,0,0,0,0,0,0,0,0,0,0,0,0,0,0,0,0,0,0,0,0,0,0,0,0,0,0,0,0,0,0.31346,0.91286,0,0,0,0,0.20816,0,0,0.27992,0.16344,0.36477,0.12519,0,0.25889,0,0,0.13202,1,1,1,1,1,1,1,1,1,1,1,1,1,1,1,1,1,1,1,1,1,1,1,0.89465,1,1,0.33116,0.60955,0.68295,0.73128,0.20307,0.25459,1,0.79236,0.5894,0.41162,0.5235,0.53218,0.55512,0.41458,0.82395,0.85864,0.84485,0.69752,0.83204,0.77303,1,1,1,0.947,1,1,1,1,1,1,1,1,1,1,1,1,1,1,1,1,1,0,0,0,0.43198,0.78147,1,0,0,0,0,0,0,0,0,0,0,0,0,0,0,0,0,0,0,0,0,0,0,0,0,0,0,0,0,0,0,0,0,0,0,0,0,0,0,0,0,0,0,0,0,0,0,0,0,0,0,0,0,0,0,0,0,0,0,0,0,0,0,0,0,0,0,0,0,0,0,0,0,0,0,0,0,0,0,0,0,0,0,0,0,0,0,0,0,0,0,0,0,0,0,0,0,0,0,0,0,0,0,0,0,0,0,0,0,0,0,0,0,0,0,0,0,0,0,0,0,0,0,0,0,0,0,0,0,0,0,0,0,0,0,0,0,0,0,0,0,0,0,0,0,0,0,0,0,0,0,0,0,0,0,0,0,0,0,0,0
0,0.12934,0,0,0.20647,0.64603,0.82179,0.96435,1,1,0,0,0.13904,0.45846,0.91074,1,1,1,1,0,0,0,0.1379,0.25393,0.55212,0.86457,1,1,1,1,0,0,0.15307,0.32419,0.35084,0.83642,1,1,1,0.4577,0.29513,0,0,0,0,0,0,0,0,0,0,0,0,0,0,0,0,0,0,0,0,0,0,0,0,0,0,0,0,0.1836,0.33759,1,1,1,1,0,0.55266,0.90445,1,1,0.15145,1,1,1,1,1,0.77735,1,1,1,0.20926,1,1,1,1,1,1,1,1,1,1,1,1,1,1,1,1,1,1,1,1,1,0.99965,0.88534,1,1,0.87589,1,1,0.95142,0.80721,0.84181,0.6405,0.46144,0.56366,1,0.7091,0.23963,0.16175,0,0,0.64213,0.2456,0.18287,0,0,1,0.95763,0.32507,0.12603,1,1,1,0.68908,0.44245,0.28872,0.94377,0.54835,1,1,0.77338,1,0.99004,1,1,1,1,1,0,0,0,0,0,0.12603,0,0,0,0,0,0,0,0,0,0,0,0,0,0,0,0,0,0,0,0,0,0,0,0,0,0,0,0,0,0,0,0,0,0,0,0,0,0,0,0,0,0,0,0,0,0,0,0,0,0,0,0,0,0,0,0,0,0,0,0,0,0,0,0,0,0,0,0,0,0,0,0,0,0,0,0,0,0,0,0,0,0,0,0,0.50564,0,0,0,0,0.20191,0.25143,0.32317,0.33495,0.58661,0.32047,0,0,0,0,0,0,0.16507,0.19022,0.19882,0.19101,0,0,0,0,0,0,0,0,0,0,0,0,0,0,0,0,0,0,0,0,0,0,0,0,0,0,0,0,0,0,0,0,0,0,0,0,0,0,0,0,0,0,0,0,0,0,0,0,0,0,0,0,0,0,0
0,0,0,0,0,0.24949,0.46308,0.66361,0.87026,0.95047,0,0,0,0.15768,0.4647,0.64299,0.91932,1,1,0,0,0,0,0,0.17646,0.36118,0.72361,1,1,1,0,0,0,0,0,0.28807,0.96573,1,1,0.17908,0.13123,0,0,0,0,0,0,0,0,0,0,0,0,0,0,0,0,0,0,0,0,0,0,0,0,0,0,0,0,0,0,0.65256,1,1,1,0,0.17135,0.40536,1,1,0,0.89041,1,1,1,1,0.24337,1,0.95367,0.92446,0.31262,1,1,1,1,1,1,1,1,1,1,1,1,1,1,1,1,1,1,1,1,1,1,1,1,1,1,1,1,1,1,0.88967,0.79975,0.88221,0.89816,1,0.63823,0.30624,0.21069,0.17675,0,0.71657,0.41595,0.26763,0.18034,0.19824,1,1,0.56903,0.22782,1,1,1,0.95872,0.72637,0.60515,1,0.88594,1,1,1,1,1,1,1,1,1,1,0,0,0,0,0.16762,0.22782,0,0,0,0,0,0,0,0,0,0,0,0,0,0,0,0,0,0,0,0,0,0,0,0,0,0,0,0,0,0,0,0,0,0,0,0,0,0,0,0,0,0,0,0,0,0,0,0,0,0,0,0,0,0,0,0,0,0,0,0,0,0,0,0,0,0,0,0,0,0,0,0,0,0,0,0,0,0,0,0,0,0,0,0,0.2255,0,0,0,0,0,0.14526,0.18852,0.21739,0.38176,0.23971,0,0,0,0,0,0,0,0,0.13949,0.15314,0,0,0,0,0,0,0,0,0,0,0,0,0,0,0,0,0,0,0,0,0,0,0,0,0,0,0,0,0,0,0,0,0,0,0,0,0,0,0,0,0,0,0,0,0,0,0,0,0,0,0,0,0,0,0
0,0,0,0,0,0,0.17283,0.26135,0.51298,0.6558,0,0,0,0,0.15061,0.22283,0.4631,0.80373,0.84549,0,0,0,0,0,0,0,0.22584,0.70423,1,1,0,0,0,0,0,0,0.38886,0.91483,1,0,0,0,0,0,0,0,0,0,0,0,0,0,0,0,0,0,0,0,0,0,0,0,0,0,0,0,0,0,0,0,0,0.18711,0.52123,1,1,0,0,0,0.50486,0.98058,0,0.37589,1,0.81607,1,0.72978,0,1,0.61074,0.54178,0.40001,1,1,1,1,1,1,1,1,1,1,1,1,1,1,1,1,1,1,1,1,1,1,1,1,1,1,1,1,1,1,0.79719,0.83495,1,1,1,0.4414,0.28613,0.22821,0.21117,0,0.66415,0.49505,0.3996,0.23375,0.2913,0.89734,0.97532,0.71929,0.42493,1,1,1,1,0.91973,0.84611,1,1,1,1,1,1,1,1,1,1,1,1,0,0,0,0.13162,0.23849,0.42493,0,0,0,0,0,0,0,0,0,0,0,0,0,0,0,0,0,0,0,0,0,0,0,0,0,0,0,0,0,0,0,0,0,0,0,0,0,0,0,0,0,0,0,0,0,0,0,0,0,0,0,0,0,0,0,0,0,0,0,0,0,0,0,0,0,0,0,0,0,0,0,0,0,0,0,0,0,0,0,0,0,0,0,0,0,0,0,0,0,0,0,0,0,0.18929,0.16878,0,0,0,0,0,0,0,0,0,0,0,0,0,0,0,0,0,0,0,0,0,0,0,0,0,0,0,0,0,0,0,0,0,0,0,0,0,0,0,0,0,0,0,0,0,0,0,0,0,0,0,0,0,0,0,0,0,0,0,0,0,0,0,0,0
0,0,0,0,0,0,0,0.13397,0.22625,0.35943,0,0,0,0,0,0,0.18898,0.43927,0.52892,0,0,0,0,0,0,0,0,0.27452,0.61509,0.74309,0,0,0,0,0,0,0.13961,0.45354,0.96605,0,0,0,0,0,0,0,0,0,0,0,0,0,0,0,0,0,0,0,0,0,0,0,0,0,0,0,0,0,0,0,0,0,0.17978,0.65788,1,0,0,0,0.17912,0.54446,0,0.14417,0.74863,0.47022,0.60121,0.32186,0,0.74704,0.26332,0.22389,0.3659,1,1,1,1,1,1,1,1,1,1,1,1,1,1,1,1,1,1,1,1,1,1,1,1,1,1,0.83208,1,1,1,0.6101,0.74275,1,1,1,0.23918,0.23291,0.21946,0.21692,0.15482,0.53961,0.48129,0.43354,0.26535,0.3848,0.63442,0.82967,0.75778,0.55495,0.87236,1,1,1,0.98777,0.96087,1,1,1,1,1,1,1,1,1,1,1,1,0,0,0,0.16118,0.32528,0.55495,0,0,0,0,0,0,0,0,0,0,0,0,0,0,0,0,0,0,0,0,0,0,0,0,0,0,0,0,0,0,0,0,0,0,0,0,0,0,0,0,0,0,0,0,0,0,0,0,0,0,0,0,0,0,0,0,0,0,0,0,0,0,0,0,0,0,0,0,0,0,0,0,0,0,0,0,0,0,0,0,0,0,0,0,0,0,0,0,0,0,0,0,0,0,0,0,0,0,0,0,0,0,0,0,0,0,0,0,0,0,0,0,0,0,0,0,0,0,0,0,0,0,0,0,0,0,0,0,0,0,0,0,0,0,0,0,0,0,0,0,0,0,0,0,0,0,0,0,0,0,0,0,0,0,0,0,0,0,0,0
0,0,0,0,0,0,0,0,0.16521,0.23097,0,0,0,0,0,0,0,0.247,0.35195,0,0,0,0,0,0,0,0,0.18237,0.40531,0.5248,0,0,0,0,0,0,0,0.23707,0.73062,0,0,0,0,0,0,0,0,0,0,0,0,0,0,0,0,0,0,0,0,0,0,0,0,0,0,0,0,0,0,0,0,0,0,0.40502,0.94982,0,0,0,0,0.30496,0,0,0.53311,0.26576,0.3509,0.19779,0,0.55218,0.18638,0.15285,0.30452,1,1,1,1,1,1,1,1,1,1,1,1,1,1,1,1,1,1,1,1,1,1,1,1,1,1,0.67147,0.97864,1,1,0.4728,0.64822,1,1,0.90305,0.19543,0.21165,0.2088,0.21386,0.16562,0.45369,0.4523,0.43023,0.28003,0.41415,0.48128,0.72977,0.75259,0.60243,0.69633,1,1,1,0.99469,0.99396,1,1,1,1,1,1,1,1,1,1,1,1,0,0,0,0.17139,0.3642,0.60243,0,0,0,0,0,0,0,0,0,0,0,0,0,0,0,0,0,0,0,0,0,0,0,0,0,0,0,0,0,0,0,0,0,0,0,0,0,0,0,0,0,0,0,0,0,0,0,0,0,0,0,0,0,0,0,0,0,0,0,0,0,0,0,0,0,0,0,0,0,0,0,0,0,0,0,0,0,0,0,0,0,0,0,0,0,0,0,0,0,0,0,0,0,0,0,0,0,0,0,0,0,0,0,0,0,0,0,0,0,0,0,0,0,0,0,0,0,0,0,0,0,0,0,0,0,0,0,0,0,0,0,0,0,0,0,0,0,0,0,0,0,0,0,0,0,0,0,0,0,0,0,0,0,0,0,0,0,0,0,0
0,0,0,0,0,0.21358,0.28684,0.39901,0.52288,0.51542,0,0,0,0.18573,0.44719,0.52,0.73898,0.8893,0.74416,0,0,0,0,0.15736,0.24228,0.48739,0.79645,1,1,1,0,0,0,0.20309,0.22767,0.60283,1,1,1,0.15839,0,0,0,0,0,0,0,0,0,0,0,0,0,0,0,0,0,0,0,0,0,0,0,0,0,0,0,0,0,0.15717,0.24202,1,1,1,1,0,0.59037,1,1,1,0.18496,1,1,1,1,1,0.76293,1,1,1,0.68766,1,1,1,1,1,1,1,1,1,1,1,1,1,1,1,1,1,1,1,1,1,1,1,1,1,1,1,1,1,1,1,1,0.82779,1,1,0.20446,0,0,0,0,0.1911,0,0,0,0,0.61861,0.3927,0,0,0.99124,0.78836,0.50203,0.23664,0.15722,0,0.46398,0.20591,1,0.76314,0.36774,1,0.61088,0.9084,1,1,1,1,0,0,0,0,0,0,0,0,0,0,0,0,0,0,0,0,0,0,0,0,0,0,0,0,0,0,0,0,0,0,0,0,0,0,0,0,0,0,0,0,0,0,0,0,0,0,0,0,0,0,0,0,0,0,0,0,0,0,0,0,0,0,0,0,0,0,0,0,0,0,0,0,0,0,0,0,0,0,0,0,0,0,0,0,0,0.14669,0,0,0,0.1633,0.94975,0,0,0,0.22996,0.50379,0.70892,0.82981,0.88753,1,0.90392,0,0,0,0.13457,0.17959,0.22158,0.46552,0.58433,0.65052,0.65218,0,0,0,0,0.24477,0.35121,0.41321,0.4286,0,0,0,0,0.15851,0.18782,0.21346,0.21275,0,0,0,0,0,0,0,0,0,0,0,0,0,0,0,0,0,0,0,0,0,0,0,0,0,0,0,0,0,0,0,0,0,0,0.131,0,0,0,0
0,0,0,0,0,0.15286,0.21741,0.32773,0.51396,0.57536,0,0,0,0,0.2363,0.35112,0.61122,0.8562,0.79311,0,0,0,0,0,0,0.22063,0.50586,0.94075,1,1,0,0,0,0,0,0.22497,0.80481,1,1,0,0,0,0,0,0,0,0,0,0,0,0,0,0,0,0,0,0,0,0,0,0,0,0,0,0,0,0,0,0,0,0,0.63547,1,1,1,0,0.18361,0.51004,1,1,0,1,1,1,1,1,0.24626,1,1,1,0.69972,1,1,1,1,1,1,1,1,1,1,1,1,1,1,1,1,1,1,1,1,1,1,1,1,1,1,1,1,1,1,1,1,1,1,1,0.2495,0.13855,0,0,0,0.3243,0.17956,0.13355,0,0,0.74426,0.64671,0.23589,0,1,1,0.8231,0.60271,0.37758,0.27098,0.85071,0.55903,1,1,0.8248,1,1,1,1,1,1,1,0,0,0,0,0,0,0,0,0,0,0,0,0,0,0,0,0,0,0,0,0,0,0,0,0,0,0,0,0,0,0,0,0,0,0,0,0,0,0,0,0,0,0,0,0,0,0,0,0,0,0,0,0,0,0,0,0,0,0,0,0,0,0,0,0,0,0,0,0,0,0,0,0,0,0,0,0,0,0,0,0,0,0,0,0,0,0,0,0,0,0.44167,0,0,0,0,0.15882,0.23739,0.37293,0.49218,0.71051,0.58584,0,0,0,0,0,0,0.16021,0.21286,0.26208,0.32412,0,0,0,0,0,0.13786,0.1762,0.20059,0,0,0,0,0,0,0,0,0,0,0,0,0,0,0,0,0,0,0,0,0,0,0,0,0,0,0,0,0,0,0,0,0,0,0,0,0,0,0,0,0,0,0,0,0,0,0
0,0,0,0,0,0,0,0.15384,0.23038,0.30874,0,0,0,0,0,0.1388,0.23261,0.50287,0.50859,0,0,0,0,0,0,0,0.16621,0.48137,0.72275,0.88683,0,0,0,0,0,0,0.26344,0.75425,1,0,0,0,0,0,0,0,0,0,0,0,0,0,0,0,0,0,0,0,0,0,0,0,0,0,0,0,0,0,0,0,0,0.18583,0.51246,1,1,0,0,0.15101,0.58456,1,0,0.52309,1,1,0.97709,0.93961,0,1,0.89447,0.80159,0.80707,1,1,1,1,1,1,1,1,1,1,1,1,1,1,1,1,1,1,1,1,1,1,1,1,1,1,1,1,1,1,1,1,1,1,1,0.18785,0.12697,0,0,0,0.26223,0.19619,0.1656,0,0.13259,0.53176,0.57559,0.3176,0.18009,0.83531,1,0.82771,0.71965,0.52302,0.45893,0.9475,0.75687,1,1,1,1,1,1,1,1,1,1,0,0,0,0,0,0.18009,0,0,0,0,0,0,0,0,0,0,0,0,0,0,0,0,0,0,0,0,0,0,0,0,0,0,0,0,0,0,0,0,0,0,0,0,0,0,0,0,0,0,0,0,0,0,0,0,0,0,0,0,0,0,0,0,0,0,0,0,0,0,0,0,0,0,0,0,0,0,0,0,0,0,0,0,0,0,0,0,0,0,0,0,0.169,0,0,0,0,0,0,0.16758,0.22935,0.37575,0.36016,0,0,0,0,0,0,0,0,0.15714,0.19887,0,0,0,0,0,0,0,0.12725,0,0,0,0,0,0,0,0,0,0,0,0,0,0,0,0,0,0,0,0,0,0,0,0,0,0,0,0,0,0,0,0,0,0,0,0,0,0,0,0,0,0,0,0,0,0,0
0,0,0,0,0,0,0,0,0,0.15575,0,0,0,0,0,0,0,0.19285,0.21491,0,0,0,0,0,0,0,0,0.15569,0.27032,0.41261,0,0,0,0,0,0,0,0.23095,0.67556,0,0,0,0,0,0,0,0,0,0,0,0,0,0,0,0,0,0,0,0,0,0,0,0,0,0,0,0,0,0,0,0,0,0.13085,0.5451,1,0,0,0,0.15466,0.53699,0,0.13997,0.83435,0.59153,0.38513,0.36528,0,0.89206,0.38675,0.26943,0.72658,1,1,1,1,1,1,1,1,1,1,1,1,1,1,1,1,1,1,1,1,1,1,1,1,1,1,1,1,1,1,0.87407,1,1,1,1,0,0,0,0,0,0.20676,0.19042,0.17789,0,0.16765,0.24424,0.41098,0.3574,0.2286,0.48598,0.82287,0.72694,0.7473,0.59364,0.5821,0.93816,0.87637,0.8284,1,1,1,1,1,1,1,1,1,0,0,0,0,0.14993,0.2286,0,0,0,0,0,0,0,0,0,0,0,0,0,0,0,0,0,0,0,0,0,0,0,0,0,0,0,0,0,0,0,0,0,0,0,0,0,0,0,0,0,0,0,0,0,0,0,0,0,0,0,0,0,0,0,0,0,0,0,0,0,0,0,0,0,0,0,0,0,0,0,0,0,0,0,0,0,0,0,0,0,0,0,0,0,0,0,0,0,0,0,0,0,0.13629,0.16042,0,0,0,0,0,0,0,0,0,0,0,0,0,0,0,0,0,0,0,0,0,0,0,0,0,0,0,0,0,0,0,0,0,0,0,0,0,0,0,0,0,0,0,0,0,0,0,0,0,0,0,0,0,0,0,0,0,0,0,0,0,0,0,0,0
0,0,0,0,0,0,0,0.13633,0.1959,0.21518,0,0,0,0,0,0.15132,0.23484,0.43343,0.36364,0,0,0,0,0,0,0,0.21791,0.55185,0.68368,0.87304,0,0,0,0,0,0.13527,0.48957,0.91119,1,0,0,0,0,0,0,0,0,0,0,0,0,0,0,0,0,0,0,0,0,0,0,0,0,0,0,0,0,0,0,0,0,0.44428,0.8826,1,1,0,0.14114,0.44717,1,1,0,1,1,1,1,1,0.19329,1,1,1,1,1,1,1,1,1,1,1,1,1,1,1,1,1,1,1,1,1,1,1,1,1,1,1,1,1,1,1,1,1,1,1,1,1,1,1,0,0,0,0,0,0.13941,0,0,0,0,0.31608,0.24659,0,0,0.66015,0.66394,0.43738,0.25611,0.18067,0.1516,0.49754,0.24973,0.96367,0.8057,0.52598,1,0.79388,1,1,1,1,1,0,0,0,0,0,0,0,0,0,0,0,0,0,0,0,0,0,0,0,0,0,0,0,0,0,0,0,0,0,0,0,0,0,0,0,0,0,0,0,0,0,0,0,0,0,0,0,0,0,0,0,0,0,0,0,0,0,0,0,0,0,0,0,0,0,0,0,0,0,0,0,0,0,0,0,0,0,0,0,0,0,0,0,0,0,0,0,0,0,0,0.58696,0,0,0,0,0.19837,0.37809,0.58541,0.76037,0.95475,0.90737,0,0,0,0,0,0,0.22198,0.36656,0.53966,0.64348,0,0,0,0,0.15178,0.21757,0.31243,0.42477,0,0,0,0,0,0.12742,0.18395,0.20949,0,0,0,0,0,0,0,0,0,0,0,0,0,0,0,0,0,0,0,0,0,0,0,0,0,0,0,0,0,0,0,0,0,0,0.12609,0,0,0,0
0,0,0,0,0,0,0,0,0.14252,0.17803,0,0,0,0,0,0,0.15381,0.24931,0.24591,0,0,0,0,0,0,0,0,0.26543,0.47629,0.648,0,0,0,0,0,0,0.20146,0.57005,0.98361,0,0,0,0,0,0,0,0,0,0,0,0,0,0,0,0,0,0,0,0,0,0,0,0,0,0,0,0,0,0,0,0,0.15939,0.42493,1,1,0,0,0.14977,0.55819,1,0,0.5489,1,1,0.82434,1,0,1,1,0.91909,1,1,1,1,1,1,1,1,1,1,1,1,1,1,1,1,1,1,1,1,1,1,1,1,1,1,1,1,1,1,1,1,1,1,1,1,0,0,0,0,0,0.15706,0,0,0,0,0.2499,0.28454,0.17974,0,0.56016,0.71259,0.53802,0.44089,0.24987,0.23139,0.66516,0.49272,0.88909,0.96644,0.77908,1,1,1,1,1,1,1,0,0,0,0,0,0,0,0,0,0,0,0,0,0,0,0,0,0,0,0,0,0,0,0,0,0,0,0,0,0,0,0,0,0,0,0,0,0,0,0,0,0,0,0,0,0,0,0,0,0,0,0,0,0,0,0,0,0,0,0,0,0,0,0,0,0,0,0,0,0,0,0,0,0,0,0,0,0,0,0,0,0,0,0,0,0,0,0,0,0,0.20697,0,0,0,0,0,0.14097,0.21842,0.37144,0.5428,0.5741,0,0,0,0,0,0,0,0.14976,0.22088,0.3121,0,0,0,0,0,0,0.14816,0.2005,0,0,0,0,0,0,0,0,0,0,0,0,0,0,0,0,0,0,0,0,0,0,0,0,0,0,0,0,0,0,0,0,0,0,0,0,0,0,0,0,0,0,0,0,0,0,0
0,0,0,0,0,0,0,0,0,0,0,0,0,0,0,0,0,0.18713,0.17907,0,0,0,0,0,0,0,0,0.20356,0.2963,0.47371,0,0,0,0,0,0,0.16498,0.43888,0.82574,0,0,0,0,0,0,0,0,0,0,0,0,0,0,0,0,0,0,0,0,0,0,0,0,0,0,0,0,0,0,0,0,0.14376,0.36906,1,1,0,0,0.15378,0.54862,1,0,0.58007,1,1,0.71565,1,0,1,1,1,1,1,1,1,1,1,1,1,1,1,1,1,1,1,1,1,1,1,1,1,1,1,1,1,1,1,1,1,1,1,1,1,1,1,1,1,0,0,0,0,0,0,0,0,0,0,0.17945,0.18689,0,0,0.35532,0.48891,0.31178,0.23873,0.17561,0.15832,0.43943,0.27358,0.68066,0.74029,0.5607,1,0.83593,1,1,1,1,1,0,0,0,0,0,0,0,0,0,0,0,0,0,0,0,0,0,0,0,0,0,0,0,0,0,0,0,0,0,0,0,0,0,0,0,0,0,0,0,0,0,0,0,0,0,0,0,0,0,0,0,0,0,0,0,0,0,0,0,0,0,0,0,0,0,0,0,0,0,0,0,0,0,0,0,0,0,0,0,0,0,0,0,0,0,0,0,0,0,0,0.24127,0,0,0,0,0,0.17905,0.28807,0.52725,0.68513,0.75259,0,0,0,0,0,0,0,0.1971,0.3252,0.49255,0,0,0,0,0,0.13159,0.204,0.28562,0,0,0,0,0,0,0,0.16495,0,0,0,0,0,0,0,0,0,0,0,0,0,0,0,0,0,0,0,0,0,0,0,0,0,0,0,0,0,0,0,0,0,0,0,0,0,0,0
0,0,0,0,0,0,0,0,0,0,0,0,0,0,0,0,0,0,0,0,0,0,0,0,0,0,0,0,0.15945,0.21142,0,0,0,0,0,0,0,0.16221,0.43373,0,0,0,0,0,0,0,0,0,0,0,0,0,0,0,0,0,0,0,0,0,0,0,0,0,0,0,0,0,0,0,0,0,0,0.47528,0.87137,0,0,0,0.14757,0.5686,0,0.15268,0.94949,0.74759,0.23984,0.44992,0,1,0.5489,0.40869,1,1,1,1,1,1,1,1,1,1,1,1,1,1,1,1,1,1,1,1,1,1,1,1,1,1,1,1,1,1,1,1,1,1,1,1,0,0,0,0,0,0,0,0,0,0,0,0.17388,0.15078,0,0.21551,0.43816,0.32946,0.34208,0.22978,0.22713,0.53391,0.47454,0.48707,0.81059,0.76173,0.99098,1,1,0.82592,1,1,1,0,0,0,0,0,0,0,0,0,0,0,0,0,0,0,0,0,0,0,0,0,0,0,0,0,0,0,0,0,0,0,0,0,0,0,0,0,0,0,0,0,0,0,0,0,0,0,0,0,0,0,0,0,0,0,0,0,0,0,0,0,0,0,0,0,0,0,0,0,0,0,0,0,0,0,0,0,0,0,0,0,0,0,0,0,0,0,0,0,0,0,0,0,0,0,0,0,0,0.15931,0.2048,0.24914,0,0,0,0,0,0,0,0,0,0.16514,0,0,0,0,0,0,0,0,0,0,0,0,0,0,0,0,0,0,0,0,0,0,0,0,0,0,0,0,0,0,0,0,0,0,0,0,0,0,0,0,0,0,0,0,0,0,0,0,0,0,0,0,0,0,0
0,0,0,0,0,0,0,0,0,0,0,0,0,0,0,0,0.12649,0.19353,0.16377,0,0,0,0,0,0,0,0.13215,0.24951,0.33782,0.53313,0,0,0,0,0,0,0.26805,0.64243,0.93325,0,0,0,0,0,0,0,0,0,0,0,0,0,0,0,0,0,0,0,0,0,0,0,0,0,0,0,0,0,0,0,0,0.34493,0.75847,1,1,0,0.13106,0.46815,1,1,0,1,1,1,0.9737,1,0.17248,1,1,1,1,1,1,1,1,1,1,1,1,1,1,1,1,1,1,1,1,1,1,1,1,1,1,1,1,1,1,1,1,1,1,1,1,1,1,1,0,0,0,0,0,0,0,0,0,0,0.14332,0,0,0,0.27971,0.26565,0.18,0,0,0,0.20237,0,0.57654,0.41492,0.21825,0.86625,0.42567,0.71615,1,1,1,0.92482,0,0,0,0,0,0,0,0,0,0,0,0,0,0,0,0,0,0,0,0,0,0,0,0,0,0,0,0,0,0,0,0,0,0,0,0,0,0,0,0,0,0,0,0,0,0,0,0,0,0,0,0,0,0,0,0,0,0,0,0,0,0,0,0,0,0,0,0,0,0,0,0,0,0,0,0,0,0,0,0,0,0,0,0,0,0,0,0,0,0,0.79575,0,0,0,0,0.288,0.6087,0.85355,1,1,1,0,0,0,0,0,0.17435,0.41621,0.65073,0.86264,0.9975,0,0,0,0,0.23956,0.44828,0.6422,0.78268,0,0,0,0,0.16546,0.22939,0.38869,0.48757,0,0,0,0,0,0,0.15742,0.20817,0,0,0,0,0,0.12993,0,0,0,0,0,0,0,0,0,0,0,0,0,0,0,0,0,0,0,0,0.246,0,0,0,0
0,0,0,0,0,0,0,0,0,0,0,0,0,0,0,0,0,0,0,0,0,0,0,0,0,0,0,0.13645,0.18739,0.24871,0,0,0,0,0,0,0,0.26563,0.61675,0,0,0,0,0,0,0,0,0,0,0,0,0,0,0,0,0,0,0,0,0,0,0,0,0,0,0,0,0,0,0,0,0,0.2922,0.97685,1,0,0,0.15897,0.53034,1,0,0.61564,1,1,0.56849,1,0,1,1,1,1,1,1,1,1,1,1,1,1,1,1,1,1,1,1,1,1,1,1,1,1,1,1,1,1,1,1,1,1,1,1,1,1,1,1,1,0,0,0,0,0,0,0,0,0,0,0,0,0,0,0.19631,0.23196,0.17125,0.13875,0,0,0.21307,0.15907,0.40893,0.44015,0.26479,0.79242,0.54015,0.81278,0.87946,1,1,1,0,0,0,0,0,0,0,0,0,0,0,0,0,0,0,0,0,0,0,0,0,0,0,0,0,0,0,0,0,0,0,0,0,0,0,0,0,0,0,0,0,0,0,0,0,0,0,0,0,0,0,0,0,0,0,0,0,0,0,0,0,0,0,0,0,0,0,0,0,0,0,0,0,0,0,0,0,0,0,0,0,0,0,0,0,0,0,0,0,0,0.36044,0,0,0,0,0,0.23019,0.46565,0.73556,0.87335,0.99168,0,0,0,0,0,0,0.1721,0.28272,0.54399,0.73554,0,0,0,0,0,0.19886,0.33851,0.53439,0,0,0,0,0,0,0.20048,0.24909,0,0,0,0,0,0,0,0,0,0,0,0,0,0,0,0,0,0,0,0,0,0,0,0,0,0,0,0,0,0,0,0,0,0,0.16762,0,0,0,0
0,0,0,0,0,0,0,0,0,0,0,0,0,0,0,0,0,0,0,0,0,0,0,0,0,0,0,0,0.13067,0.19012,0,0,0,0,0,0,0,0.18491,0.42712,0,0,0,0,0,0,0,0,0,0,0,0,0,0,0,0,0,0,0,0,0,0,0,0,0,0,0,0,0,0,0,0,0,0.18341,0.73509,0.99827,0,0,0,0.28271,0.9585,0,0.37027,1,1,0.34636,0.90446,0,1,1,0.91942,1,1,1,1,1,1,1,1,1,1,1,1,1,1,1,1,1,1,1,1,1,1,1,1,1,1,1,1,1,1,1,1,1,1,1,1,0,0,0,0,0,0,0,0,0,0,0,0,0,0,0.15158,0.20526,0.15203,0.13213,0,0,0.2031,0.16167,0.28238,0.4037,0.27383,0.70385,0.5485,0.80801,0.72229,0.92877,1,1,0,0,0,0,0,0,0,0,0,0,0,0,0,0,0,0,0,0,0,0,0,0,0,0,0,0,0,0,0,0,0,0,0,0,0,0,0,0,0,0,0,0,0,0,0,0,0,0,0,0,0,0,0,0,0,0,0,0,0,0,0,0,0,0,0,0,0,0,0,0,0,0,0,0,0,0,0,0,0,0,0,0,0,0,0,0,0,0,0,0,0.21394,0,0,0,0,0,0.16007,0.26792,0.55834,0.68072,0.84199,0,0,0,0,0,0,0,0.19823,0.37659,0.59187,0,0,0,0,0,0.13893,0.22641,0.39879,0,0,0,0,0,0,0.15037,0.2059,0,0,0,0,0,0,0,0,0,0,0,0,0,0,0,0,0,0,0,0,0,0,0,0,0,0,0,0,0,0,0,0,0,0,0.12581,0,0,0,0
0,0,0,0,0,0,0,0,0,0,0,0,0,0,0,0,0,0,0,0,0,0,0,0,0,0,0,0,0,0.13955,0,0,0,0,0,0,0,0,0.24771,0,0,0,0,0,0,0,0,0,0,0,0,0,0,0,0,0,0,0,0,0,0,0,0,0,0,0,0,0,0,0,0,0,0,0.41473,0.7445,0,0,0,0.14236,0.587,0,0.16328,1,0.86615,0.19618,0.51341,0,1,0.67563,0.51806,1,1,1,1,1,1,1,1,1,1,1,1,1,1,1,1,1,1,1,1,1,1,1,1,1,1,1,1,1,1,1,1,1,1,1,1,0,0,0,0,0,0,0,0,0,0,0,0,0,0,0.12808,0.21293,0.17287,0.17352,0,0,0.23831,0.21699,0.24062,0.49465,0.43817,0.70291,0.70772,0.94202,0.59855,0.88073,1,1,0,0,0,0,0,0,0,0,0,0,0,0,0,0,0,0,0,0,0,0,0,0,0,0,0,0,0,0,0,0,0,0,0,0,0,0,0,0,0,0,0,0,0,0,0,0,0,0,0,0,0,0,0,0,0,0,0,0,0,0,0,0,0,0,0,0,0,0,0,0,0,0,0,0,0,0,0,0,0,0,0,0,0,0,0,0,0,0,0,0,0,0,0,0,0,0,0,0,0.22231,0.28265,0.46572,0,0,0,0,0,0,0,0,0.16357,0.24021,0,0,0,0,0,0,0,0.17805,0,0,0,0,0,0,0,0,0,0,0,0,0,0,0,0,0,0,0,0,0,0,0,0,0,0,0,0,0,0,0,0,0,0,0,0,0,0,0,0,0,0,0,0,0,0,0
0,0,0,0,0,0,0,0,0,0,0,0,0,0,0,0,0,0,0,0,0,0,0,0,0,0,0,0,0,0,0,0,0,0,0,0,0,0,0.2065,0,0,0,0,0,0,0,0,0,0,0,0,0,0,0,0,0,0,0,0,0,0,0,0,0,0,0,0,0,0,0,0,0,0,0.36754,0.65546,0,0,0,0.13675,0.5875,0,0.16748,1,0.92917,0.16688,0.54315,0,1,0.74555,0.57759,1,1,1,1,1,0.99965,1,1,1,1,1,1,1,1,1,1,1,1,1,1,1,1,1,1,1,1,1,1,1,1,1,1,1,1,1,1,0,0,0,0,0,0,0,0,0,0,0,0,0,0,0,0.15073,0,0,0,0,0.17208,0.1495,0.18502,0.29781,0.24525,0.52221,0.50555,0.7414,0.45241,0.71201,0.93103,1,0,0,0,0,0,0,0,0,0,0,0,0,0,0,0,0,0,0,0,0,0,0,0,0,0,0,0,0,0,0,0,0,0,0,0,0,0,0,0,0,0,0,0,0,0,0,0,0,0,0,0,0,0,0,0,0,0,0,0,0,0,0,0,0,0,0,0,0,0,0,0,0,0,0,0,0,0,0,0,0,0,0,0,0,0,0,0,0,0,0,0,0,0,0,0,0,0,0.155,0.28109,0.38246,0.59855,0,0,0,0,0,0,0,0,0.20454,0.359,0,0,0,0,0,0,0.14284,0.2262,0,0,0,0,0,0,0,0.13605,0,0,0,0,0,0,0,0,0,0,0,0,0,0,0,0,0,0,0,0,0,0,0,0,0,0,0,0,0,0,0,0,0,0,0,0,0,0,0
0,0,0,0,0,0,0,0,0,0,0,0,0,0,0,0,0,0,0,0,0,0,0,0,0,0,0,0,0,0,0,0,0,0,0,0,0,0,0.20939,0,0,0,0,0,0,0,0,0,0,0,0,0,0,0,0,0,0,0,0,0,0,0,0,0,0,0,0,0,0,0,0,0,0,0.17968,0.48433,0,0,0,0,0.19768,0,0,0.46051,0.25856,0,0.15448,0,0.57652,0.18683,0.13969,0.77759,1,1,1,1,0.88534,1,1,1,1,1,1,1,1,1,1,1,1,1,1,1,1,1,1,1,1,1,0.82617,1,1,1,0.71877,1,1,1,0.96199,0,0,0,0,0,0,0,0,0,0,0,0.16185,0.18627,0.1577,0.15959,0.3807,0.32892,0.42815,0.31007,0.33885,0.58784,0.61877,0.32101,0.83362,0.89545,0.87937,1,1,0.57271,0.96687,1,1,0,0,0,0,0,0.1577,0,0,0,0,0,0,0,0,0,0,0,0,0,0,0,0,0,0,0,0,0,0,0,0,0,0,0,0,0,0,0,0,0,0,0,0,0,0,0,0,0,0,0,0,0,0,0,0,0,0,0,0,0,0,0,0,0,0,0,0,0,0,0,0,0,0,0,0,0,0,0,0,0,0,0,0,0,0,0,0,0,0,0,0,0,0,0,0,0,0,0,0,0,0,0,0,0,0,0,0,0,0,0,0,0,0,0,0,0,0,0,0,0,0,0,0,0,0,0,0,0,0,0,0,0,0,0,0,0,0,0,0,0,0,0,0,0,0,0,0,0,0,0,0,0,0,0,0,0,0,0,0,0,0,0,0,0,0,0,0
0,0,0,0,0,0,0,0,0,0,0,0,0,0,0,0,0,0,0,0,0,0,0,0,0,0,0,0,0.14345,0.20966,0,0,0,0,0,0,0.1519,0.28866,0.53923,0,0,0,0,0,0,0,0,0,0,0,0,0,0,0,0,0,0,0,0,0,0,0,0,0,0,0,0,0,0,0,0,0.21336,0.52309,1,1,0,0,0.38091,0.86405,1,0,1,1,1,0.64196,1,0,1,1,1,1,1,1,1,0.89465,1,1,1,1,1,1,1,1,1,1,1,1,1,1,1,1,1,1,1,1,1,1,1,1,1,1,1,1,1,1,1,0,0,0,0,0,0,0,0,0,0,0,0,0,0,0,0,0,0,0,0,0,0,0.21495,0.16551,0,0.4341,0.17765,0.31841,0.68446,0.72788,0.70286,0.54498,0,0,0,0,0,0,0,0,0,0,0,0,0,0,0,0,0,0,0,0,0,0,0,0,0,0,0,0,0,0,0,0,0,0,0,0,0,0,0,0,0,0,0,0,0,0,0,0,0,0,0,0,0,0,0,0,0,0,0,0,0,0,0,0,0,0,0,0,0,0,0,0,0,0,0,0,0,0,0,0,0,0,0,0,0,0,0,0,0,0,0.91996,0,0,0,0.15101,0.40311,0.76629,1,1,1,1,0,0,0,0,0.14801,0.22686,0.60412,0.88194,1,1,0,0,0,0,0.42764,0.69945,0.94243,1,0,0,0,0.13579,0.24229,0.45781,0.703,0.8373,0,0,0,0,0.15299,0.20964,0.26096,0.44877,0,0,0,0,0.18836,0.24004,0,0,0,0,0,0,0,0,0,0,0.15522,0,0,0,0,0,0,0,0,0,0.59055,0,0,0,0
0,0,0,0,0,0,0,0,0,0,0,0,0,0,0,0,0,0,0,0,0,0,0,0,0,0,0,0,0,0,0,0,0,0,0,0,0,0,0.23331,0,0,0,0,0,0,0,0,0,0,0,0,0,0,0,0,0,0,0,0,0,0,0,0,0,0,0,0,0,0,0,0,0,0.15435,0.64279,0.823,0,0,0,0.25454,0.95577,0,0.39833,1,1,0.22796,0.96114,0,1,1,1,1,1,1,1,1,1,1,1,1,1,1,1,1,1,1,1,1,1,1,1,1,1,1,1,1,1,1,1,1,1,1,1,1,1,1,1,0,0,0,0,0,0,0,0,0,0,0,0,0,0,0,0,0,0,0,0,0,0,0.16158,0.18687,0.14153,0.38138,0.2331,0.4597,0.45317,0.62155,0.73775,0.73407,0,0,0,0,0,0,0,0,0,0,0,0,0,0,0,0,0,0,0,0,0,0,0,0,0,0,0,0,0,0,0,0,0,0,0,0,0,0,0,0,0,0,0,0,0,0,0,0,0,0,0,0,0,0,0,0,0,0,0,0,0,0,0,0,0,0,0,0,0,0,0,0,0,0,0,0,0,0,0,0,0,0,0,0,0,0,0,0,0,0,0.28655,0,0,0,0,0,0.21558,0.45922,0.78295,0.878,1,0,0,0,0,0,0,0.16718,0.3051,0.61718,0.86083,0,0,0,0,0,0.21396,0.43204,0.67778,0,0,0,0,0,0.14052,0.23874,0.40421,0,0,0,0,0,0,0,0.16048,0,0,0,0,0,0,0,0,0,0,0,0,0,0,0,0,0,0,0,0,0,0,0,0,0,0,0.22294,0,0,0,0
0,0,0,0,0,0,0,0,0,0,0,0,0,0,0,0,0,0,0,0,0,0,0,0,0,0,0,0,0,0,0,0,0,0,0,0,0,0,0.1604,0,0,0,0,0,0,0,0,0,0,0,0,0,0,0,0,0,0,0,0,0,0,0,0,0,0,0,0,0,0,0,0,0,0,0.30625,0.54987,0,0,0,0.12764,0.5752,0,0.16875,1,0.9828,0.13298,0.56271,0,1,0.80827,0.62975,1,0.91823,1,1,1,0.87589,1,1,1,1,1,1,1,1,1,1,1,1,1,1,1,1,1,1,1,1,1,1,1,1,1,1,1,1,1,1,0,0,0,0,0,0,0,0,0,0,0,0,0,0,0,0,0,0,0,0,0,0,0,0.19555,0.17289,0.32681,0.28875,0.52629,0.29088,0.52792,0.72718,0.8245,0,0,0,0,0,0,0,0,0,0,0,0,0,0,0,0,0,0,0,0,0,0,0,0,0,0,0,0,0,0,0,0,0,0,0,0,0,0,0,0,0,0,0,0,0,0,0,0,0,0,0,0,0,0,0,0,0,0,0,0,0,0,0,0,0,0,0,0,0,0,0,0,0,0,0,0,0,0,0,0,0,0,0,0,0,0,0,0,0,0,0.12695,0,0,0,0,0,0,0.18715,0.39646,0.48102,0.73425,0,0,0,0,0,0,0,0.13799,0.24653,0.50202,0,0,0,0,0,0,0.18765,0.32922,0,0,0,0,0,0,0,0.18835,0,0,0,0,0,0,0,0,0,0,0,0,0,0,0,0,0,0,0,0,0,0,0,0,0,0,0,0,0,0,0,0,0,0,0,0,0,0,0
0,0,0,0,0,0,0,0,0,0,0,0,0,0,0,0,0,0,0,0,0,0,0,0,0,0,0,0,0,0.13763,0,0,0,0,0,0,0.15123,0.23186,0.34331,0,0,0,0,0,0,0,0,0,0,0,0,0,0,0,0,0,0,0,0,0,0,0,0,0,0,0,0,0,0,0,0,0.30917,0.63314,1,1,0,0.18162,0.70013,1,1,0,1,1,1,0.58217,1,0.19595,1,1,1,1,0.77061,0.70784,0.46694,0.33116,1,1,1,0.83208,0.67147,1,1,1,1,1,1,1,1,1,1,1,1,1,0.82617,1,1,1,1,1,1,1,1,1,1,1,1,0,0,0,0,0,0,0,0,0,0,0,0,0,0,0,0,0,0,0,0,0,0,0,0,0,0.17116,0,0,0.38291,0.33249,0.2424,0.169,0,0,0,0,0,0,0,0,0,0,0,0,0,0,0,0,0,0,0,0,0,0,0,0,0,0,0,0,0,0,0,0,0,0,0,0,0,0,0,0,0,0,0,0,0,0,0,0,0,0,0,0,0,0,0,0,0,0,0,0,0,0,0,0,0,0,0,0,0,0,0,0,0,0,0,0,0,0,0,0,0,0,0,0,0,0,0,0,0,0.17904,1,0,0,0.1512,0.45226,0.925,1,1,1,1,1,0,0,0,0.24373,0.47866,0.73335,1,1,1,1,0,0,0,0.21432,1,1,1,1,0,0,0.1708,0.47778,0.81174,1,1,1,0,0,0,0.30134,0.5473,0.72005,0.85182,1,0,0,0.21025,0.41256,0.65431,0.799,0,0,0,0.16441,0.24835,0.45297,0,0,0,0,0.53483,0,0,0,0.16617,0,0,0,0,0,1,0,0,0,0
0,0,0,0,0,0,0,0,0,0,0,0,0,0,0,0,0,0,0,0,0,0,0,0,0,0,0,0,0,0,0,0,0,0,0,0,0,0.17701,0.25316,0,0,0,0,0,0,0,0,0,0,0,0,0,0,0,0,0,0,0,0,0,0,0,0,0,0,0,0,0,0,0,0,0.16158,0.34307,0.98485,0.97314,0,0,0.30507,0.73375,1,0,0.9645,1,1,0.39698,1,0,1,1,1,1,0.84993,0.882,0.71453,0.60955,1,1,1,1,0.97864,1,1,1,1,1,1,1,1,1,1,1,1,1,1,1,1,1,1,1,1,1,1,1,1,1,1,0,0,0,0,0,0,0,0,0,0,0,0,0,0,0,0,0,0,0,0,0,0,0,0,0,0.20476,0,0.1702,0.3763,0.4089,0.38591,0.2483,0,0,0,0,0,0,0,0,0,0,0,0,0,0,0,0,0,0,0,0,0,0,0,0,0,0,0,0,0,0,0,0,0,0,0,0,0,0,0,0,0,0,0,0,0,0,0,0,0,0,0,0,0,0,0,0,0,0,0,0,0,0,0,0,0,0,0,0,0,0,0,0,0,0,0,0,0,0,0,0,0,0,0,0,0,0,0,0,0,0,0.99166,0,0,0,0.16817,0.47666,0.86722,1,1,1,1,0,0,0,0,0.17714,0.28978,0.73171,1,1,1,0,0,0,0,0.57435,0.87677,1,1,0,0,0,0.18108,0.39287,0.65291,0.9323,1,0,0,0,0.12556,0.21242,0.32356,0.47316,0.68828,0,0,0,0.17252,0.28711,0.46597,0,0,0,0,0,0.19863,0,0,0,0,0.24171,0,0,0,0,0,0,0,0,0,0.85218,0,0,0,0
0,0,0,0,0,0,0,0,0,0,0,0,0,0,0,0,0,0,0,0,0,0,0,0,0,0,0,0,0,0,0,0,0,0,0,0,0,0,0.17947,0,0,0,0,0,0,0,0,0,0,0,0,0,0,0,0,0,0,0,0,0,0,0,0,0,0,0,0,0,0,0,0,0,0.1749,0.67994,0.72936,0,0,0.15126,0.39493,1,0,0.61345,1,1,0.20904,1,0,1,1,1,1,0.74107,0.84987,0.75456,0.68295,0.95142,1,1,1,1,1,1,1,1,1,1,1,1,1,1,1,1,1,1,1,1,1,1,1,1,1,1,1,1,1,1,0,0,0,0,0,0,0,0,0,0,0,0,0,0,0,0,0,0,0,0,0,0,0,0,0,0.17822,0,0.17488,0.23799,0.30604,0.35001,0.28325,0,0,0,0,0,0,0,0,0,0,0,0,0,0,0,0,0,0,0,0,0,0,0,0,0,0,0,0,0,0,0,0,0,0,0,0,0,0,0,0,0,0,0,0,0,0,0,0,0,0,0,0,0,0,0,0,0,0,0,0,0,0,0,0,0,0,0,0,0,0,0,0,0,0,0,0,0,0,0,0,0,0,0,0,0,0,0,0,0,0,0.65391,0,0,0,0,0.21375,0.54099,0.87723,1,1,1,0,0,0,0,0,0.15659,0.41922,0.74441,1,1,0,0,0,0,0.27408,0.59631,0.90845,1,0,0,0,0,0.20234,0.38948,0.70226,0.90189,0,0,0,0,0,0.18734,0.24268,0.47371,0,0,0,0,0.18473,0.26217,0,0,0,0,0,0,0,0,0,0,0.18137,0,0,0,0,0,0,0,0,0,0.66874,0,0,0,0
0,0,0,0,0,0,0,0,0,0,0,0,0,0,0,0,0,0,0,0,0,0,0,0,0,0,0,0,0,0,0,0,0,0,0,0,0,0,0.13023,0,0,0,0,0,0,0,0,0,0,0,0,0,0,0,0,0,0,0,0,0,0,0,0,0,0,0,0,0,0,0,0,0,0,0.46836,0.55835,0,0,0,0.21986,0.8747,0,0.36748,1,1,0.14712,0.95146,0,1,1,1,1,0.66015,0.82061,0.77783,0.73128,0.80721,1,1,1,1,1,1,1,1,1,1,1,1,1,1,1,1,1,1,1,1,1,1,1,1,1,1,1,1,1,1,0,0,0,0,0,0,0,0,0,0,0,0,0,0,0,0,0,0,0,0,0,0,0,0,0,0.16002,0,0.17871,0.20035,0.24442,0.32349,0.31011,0,0,0,0,0,0,0,0,0,0,0,0,0,0,0,0,0,0,0,0,0,0,0,0,0,0,0,0,0,0,0,0,0,0,0,0,0,0,0,0,0,0,0,0,0,0,0,0,0,0,0,0,0,0,0,0,0,0,0,0,0,0,0,0,0,0,0,0,0,0,0,0,0,0,0,0,0,0,0,0,0,0,0,0,0,0,0,0,0,0,0.40639,0,0,0,0,0.13162,0.29814,0.63979,1,1,1,0,0,0,0,0,0,0.22754,0.51503,0.8662,1,0,0,0,0,0.18116,0.37483,0.70183,0.98443,0,0,0,0,0.12797,0.22578,0.50666,0.72536,0,0,0,0,0,0,0.17539,0.28775,0,0,0,0,0,0.19443,0,0,0,0,0,0,0,0,0,0,0.1265,0,0,0,0,0,0,0,0,0,0.49931,0,0,0,0
0,0,0,0,0,0,0,0,0,0,0,0,0,0,0,0,0,0,0,0,0,0,0,0,0,0,0,0,0,0,0,0,0,0,0,0,0,0,0.16089,0,0,0,0,0,0,0,0,0,0,0,0,0,0,0,0,0,0,0,0,0,0,0,0,0,0,0,0,0,0,0,0,0.1638,0.29763,0.88144,0.73487,0,0,0.43811,0.76512,1,0,1,1,1,0.24077,1,0,1,1,1,1,0.44664,0.42316,0.24122,0.20307,0.84181,0.88967,0.79719,0.6101,0.4728,1,1,1,0.87407,1,1,1,1,1,1,1,1,1,0.71877,1,1,1,1,1,1,1,1,1,1,1,1,0,0,0,0,0,0,0,0,0,0,0,0,0,0,0,0,0,0,0,0,0,0,0,0,0,0,0,0,0.17808,0.16872,0.14453,0,0,0,0,0,0,0,0,0,0,0,0,0,0,0,0,0,0,0,0,0,0,0,0,0,0,0,0,0,0,0,0,0,0,0,0,0,0,0,0,0,0,0,0,0,0,0,0,0,0,0,0,0,0,0,0,0,0,0,0,0,0,0,0,0,0,0,0,0,0,0,0,0,0,0,0,0,0,0,0,0,0,0,0,0,0,0,0,0,0,0.12558,1,0,0,0,0.32948,0.82283,1,1,1,1,1,0,0,0,0.21091,0.40166,0.68295,1,1,1,1,0,0,0,0.19029,1,1,1,1,0,0,0.15682,0.46874,0.8458,1,1,1,0,0,0,0.32344,0.60305,0.80174,0.96327,1,0,0,0.22417,0.49822,0.78369,0.97234,0,0,0,0.18427,0.34317,0.59682,0,0,0,0,0.73388,0,0,0,0.20779,0,0,0.13527,0,0,1,0,0,0,0
0,0,0,0,0,0,0,0,0,0,0,0,0,0,0,0,0,0,0,0,0,0,0,0,0,0,0,0,0,0,0,0,0,0,0,0,0,0,0,0,0,0,0,0,0,0,0,0,0,0,0,0,0,0,0,0,0,0,0,0,0,0,0,0,0,0,0,0,0,0,0,0,0.12795,0.50638,0.46345,0,0,0.14793,0.31281,1,0,0.59505,1,1,0.13213,1,0,1,1,1,1,0.36414,0.43981,0.3284,0.25459,0.6405,0.79975,0.83495,0.74275,0.64822,1,1,1,1,1,1,1,1,1,1,1,1,1,1,1,1,1,1,1,1,1,1,1,1,1,1,0,0,0,0,0,0,0,0,0,0,0,0,0,0,0,0,0,0,0,0,0,0,0,0,0,0,0,0,0,0.14166,0.14673,0,0,0,0,0,0,0,0,0,0,0,0,0,0,0,0,0,0,0,0,0,0,0,0,0,0,0,0,0,0,0,0,0,0,0,0,0,0,0,0,0,0,0,0,0,0,0,0,0,0,0,0,0,0,0,0,0,0,0,0,0,0,0,0,0,0,0,0,0,0,0,0,0,0,0,0,0,0,0,0,0,0,0,0,0,0,0,0,0,0,0,0.80334,0,0,0,0,0.30577,0.72827,1,1,1,1,0,0,0,0,0.13044,0.22662,0.64147,0.99433,1,1,0,0,0,0,0.52251,0.87364,1,1,0,0,0,0.16138,0.38176,0.69316,1,1,0,0,0,0,0.21861,0.37131,0.55512,0.82864,0,0,0,0.19163,0.39547,0.6278,0,0,0,0,0.14406,0.24218,0,0,0,0,0.42753,0,0,0,0,0,0,0,0,0,1,0,0,0,0
0,0,0,0,0,0,0,0,0,0,0,0,0,0,0,0,0,0,0,0,0,0,0,0,0,0,0,0,0,0,0,0,0,0,0,0,0,0,0,0,0,0,0,0,0,0,0,0,0,0,0,0,0,0,0,0,0,0,0,0,0,0,0,0,0,0,0,0,0,0,0,0,0,0,0.20859,0,0,0,0,0.21733,0,0,0.68115,0.59992,0,0.21862,0,0.92384,0.43522,0.24926,1,0.55491,0.88841,1,1,0.46144,0.88221,1,1,1,0.82779,1,1,1,1,1,1,1,1,1,1,1,1,1,1,1,1,1,1,1,1,1,1,1,1,1,0,0,0,0,0,0,0,0,0,0,0,0,0,0,0,0,0,0,0,0,0,0,0,0,0,0.17077,0.19774,0.3054,0.13716,0.22848,0.4389,0.61942,0,0,0,0,0,0,0,0,0,0,0,0,0,0,0,0,0,0,0,0,0,0,0,0,0,0,0,0,0,0,0,0,0,0,0,0,0,0,0,0,0,0,0,0,0,0,0,0,0,0,0,0,0,0,0,0,0,0,0,0,0,0,0,0,0,0,0,0,0,0,0,0,0,0,0,0,0,0,0,0,0,0,0,0,0,0,0,0,0,0,0,0,0,0,0,0,0,0,0.19821,0.21769,0.46512,0,0,0,0,0,0,0,0,0.15243,0.25041,0,0,0,0,0,0,0,0.19871,0,0,0,0,0,0,0,0,0,0,0,0,0,0,0,0,0,0,0,0,0,0,0,0,0,0,0,0,0,0,0,0,0,0,0,0,0,0,0,0,0,0,0,0,0,0,0
0,0,0,0,0,0,0,0,0,0,0,0,0,0,0,0,0,0,0,0,0,0,0,0,0,0,0,0,0,0,0,0,0,0,0,0,0,0,0,0,0,0,0,0,0,0,0,0,0,0,0,0,0,0,0,0,0,0,0,0,0,0,0,0,0,0,0,0,0,0,0,0,0,0.20904,0.27772,0,0,0,0,0.49403,0,0.15698,1,1,0,0.5516,0,1,0.88949,0.69105,1,0.51475,0.75293,0.79616,0.79236,0.56366,0.89816,1,1,1,1,1,1,1,1,1,1,1,1,1,1,1,1,1,1,1,1,1,1,1,1,1,1,1,1,1,0,0,0,0,0,0,0,0,0,0,0,0,0,0,0,0,0,0,0,0,0,0,0,0,0,0.12855,0,0.18261,0.1379,0.20232,0.26933,0.34312,0,0,0,0,0,0,0,0,0,0,0,0,0,0,0,0,0,0,0,0,0,0,0,0,0,0,0,0,0,0,0,0,0,0,0,0,0,0,0,0,0,0,0,0,0,0,0,0,0,0,0,0,0,0,0,0,0,0,0,0,0,0,0,0,0,0,0,0,0,0,0,0,0,0,0,0,0,0,0,0,0,0,0,0,0,0,0,0,0,0,0.16557,0,0,0,0,0,0.1307,0.24615,0.61424,0.6559,0.99712,0,0,0,0,0,0,0,0.20731,0.48621,0.78787,0,0,0,0,0,0.16348,0.33311,0.63704,0,0,0,0,0,0,0.2172,0.39196,0,0,0,0,0,0,0,0.14847,0,0,0,0,0,0,0,0,0,0,0,0,0,0,0,0,0,0,0,0,0,0,0,0,0,0,0.22542,0,0,0,0
0,0,0,0,0,0,0,0,0,0,0,0,0,0,0,0,0,0,0,0,0,0,0,0,0,0,0,0.1957,0.18973,0.27465,0,0,0,0,0,0,0.27447,0.5406,0.70401,0,0,0,0,0,0,0,0,0,0,0,0,0,0,0,0,0,0,0,0,0,0,0,0,0,0,0,0,0,0,0,0,0.56318,0.91607,1,1,0,0.24469,0.86592,1,1,0,1,1,1,0.92122,1,0.30596,1,1,1,1,1,1,0.7447,0.5894,1,1,1,1,0.90305,1,1,1,1,1,1,1,1,1,1,1,1,1,0.96199,1,1,1,1,1,1,1,1,1,1,1,1,0,0,0,0,0,0,0,0,0,0,0,0,0,0,0.13408,0,0,0,0,0,0,0,0.2216,0,0,0.35906,0,0.20219,0.74574,0.68315,0.5524,0.29458,0,0,0,0,0,0,0,0,0,0,0,0,0,0,0,0,0,0,0,0,0,0,0,0,0,0,0,0,0,0,0,0,0,0,0,0,0,0,0,0,0,0,0,0,0,0,0,0,0,0,0,0,0,0,0,0,0,0,0,0,0,0,0,0,0,0,0,0,0,0,0,0,0,0,0,0,0,0,0,0,0,0,0,0,0,0.14422,0,0,0,0.19468,1,0,0,0.15947,0.45136,0.89274,1,1,1,1,1,0,0,0,0.23585,0.42898,0.65243,1,1,1,1,0,0,0,0.19774,0.86889,1,1,1,0,0,0.14469,0.36165,0.65112,0.84511,1,1,0,0,0,0.21971,0.3722,0.52074,0.62682,0.76619,0,0,0.15768,0.23803,0.41817,0.52895,0,0,0,0,0.17941,0.23601,0,0,0,0,0.2498,0,0,0,0,0,0,0,0,0,0.8593,0,0,0,0
0.23234,0.77152,0,0.2153,0.73005,1,1,1,1,1,0,0,0.19283,0.69772,1,1,1,1,1,0,0,0,0,0.16412,0.35756,0.74692,1,1,1,1,0,0,0,0,0,0.20866,0.73992,1,1,1,1,0,0,0,0,0,0,0,0,0,0,0,0,0,0,0,0,0,0,0,0,0,0,0,0,0,0,0,0,0,0,0,0.1952,0.21239,0.67414,0,0,0,0,0,0,0,0,0,0.79517,0,0,0,0,0,0,1,0.81849,0.57435,0.41162,0.7091,0.63823,0.4414,0.23918,0.19543,0.20446,0.2495,0.18785,0,0,0,0,0,0,0,0,0,0,0,0,0,0,0,0,0,0,0,0,0,0,0,1,1,1,1,1,1,1,1,1,1,1,1,1,1,1,1,1,1,1,1,1,1,1,1,1,1,1,1,1,1,1,0.83594,0.53206,0.67548,0.70794,1,1,1,0,0,0,0,0,0,0,0,0,0,0,0,0,0,0,0,0,0,0,0,0,0,0,0,0,0,0,0,0,0,0,0,0,0,0,0,0,0,0,0,0,0,0,0,0,0,0,0,0,0,0,0,0,0,0,0,0,0,0,0,0,0,0,0,0,0,0,0,0,0,0,0,0,0,0,0,0,0,0,0,0,0,0,0,0,0,0,0,0,0,0,0,0,0,0,0,0,0,0,0,0,0,0,0,0,0,0,0,0,0,0,0,0,0,0,0,0,0,0,0,0,0,0,0,0,0,0,0,0,0,0,0,0,0,0,0,0,0,0,0,0,0,0,0,0,0,0,0,0,0,0,0,0,0,0,0,0,0,0,0
0,0.13944,0,0,0,0.58816,0.89652,1,1,1,0,0,0,0,0.35642,0.75073,0.97059,1,1,0,0,0,0,0,0,0,0.22175,0.69161,1,1,0,0,0,0,0,0,0.13552,0.33793,0.71261,0.34134,0.40002,0,0,0,0,0,0,0,0,0,0,0,0,0,0,0,0,0,0,0,0,0,0,0,0,0,0,0,0,0,0,0,0,0,0.19409,0,0,0,0,0,0,0,0,0,0.18872,0,0,0,0,0,0,0.74871,0.68691,0.61221,0.5235,0.23963,0.30624,0.28613,0.23291,0.21165,0,0.13855,0.12697,0,0,0,0,0,0,0,0,0,0,0,0,0,0,0,0,0,0,0,0,0,0,0,1,1,1,1,1,1,1,1,1,1,1,1,1,1,1,1,1,1,1,1,1,1,1,1,1,1,1,1,1,1,1,0.99458,1,1,1,1,1,1,0,0,0,0,0,0,0,0,0,0,0,0,0,0,0,0,0,0,0,0,0,0,0,0,0,0,0,0,0,0,0,0,0,0,0,0,0,0,0,0,0,0,0,0,0,0,0,0,0,0,0,0,0,0,0,0,0,0,0,0,0,0,0,0,0,0,0,0,0,0,0,0,0,0,0,0,0,0,0,0,0,0,0,0,0,0,0,0,0,0,0,0,0,0,0,0,0,0,0,0,0,0,0,0,0,0,0,0,0,0,0,0,0,0,0,0,0,0,0,0,0,0,0,0,0,0,0,0,0,0,0,0,0,0,0,0,0,0,0,0,0,0,0,0,0,0,0,0,0,0,0,0,0,0,0,0,0,0,0,0
0,0,0,0,0,0.23121,0.50286,0.85732,1,1,0,0,0,0,0.15568,0.36176,0.58899,0.98578,1,0,0,0,0,0,0,0,0,0.32757,0.82862,0.70295,0,0,0,0,0,0,0,0.16537,0.40145,0.14882,0.16859,0,0,0,0,0,0,0,0,0,0,0,0,0,0,0,0,0,0,0,0,0,0,0,0,0,0,0,0,0,0,0,0,0,0,0,0,0,0,0,0,0,0,0,0,0,0,0,0,0,0,0.56812,0.58262,0.58411,0.53218,0.16175,0.21069,0.22821,0.21946,0.2088,0,0,0,0,0,0,0,0,0,0,0,0,0,0,0,0,0,0,0,0,0,0,0,0,0,0,1,1,1,1,1,1,1,1,1,1,1,1,1,1,1,1,1,1,1,1,1,1,1,1,1,1,1,1,0.74786,0.9929,1,1,1,1,1,1,1,1,0,0,0,0,0,0,0,0,0,0,0,0,0,0,0,0,0,0,0,0,0,0,0,0,0,0,0,0,0,0,0,0,0,0,0,0,0,0,0,0,0,0,0,0,0,0,0,0,0,0,0,0,0,0,0,0,0,0,0,0,0,0,0,0,0,0,0,0,0,0,0,0,0,0,0,0,0,0,0,0,0,0,0,0,0,0,0,0,0,0,0,0,0,0,0,0,0,0,0,0,0,0,0,0,0,0,0,0,0,0,0,0,0,0,0,0,0,0,0,0,0,0,0,0,0,0,0,0,0,0,0,0,0,0,0,0,0,0,0,0,0,0,0,0,0,0,0,0,0,0,0,0,0,0,0,0,0,0,0,0
0,0,0,0,0,0.13996,0.24367,0.58808,0.89937,1,0,0,0,0,0,0.19888,0.33134,0.73921,1,0,0,0,0,0,0,0,0,0.19532,0.59554,0.48049,0,0,0,0,0,0,0,0,0.23341,0,0,0,0,0,0,0,0,0,0,0,0,0,0,0,0,0,0,0,0,0,0,0,0,0,0,0,0,0,0,0,0,0,0,0,0,0,0,0,0,0,0,0,0,0,0,0,0,0,0,0,0,0.45769,0.52518,0.58024,0.55512,0,0.17675,0.21117,0.21692,0.21386,0,0,0,0,0,0,0,0,0,0,0,0,0,0,0,0,0,0,0,0,0,0,0,0,0,0,1,1,1,1,1,1,1,1,1,1,1,1,1,1,1,1,1,1,1,1,1,1,1,1,1,1,1,1,0.57823,0.86818,1,1,1,1,1,1,1,1,0,0,0,0,0,0,0,0,0,0,0,0,0,0,0,0,0,0,0,0,0,0,0,0,0,0,0,0,0,0,0,0,0,0,0,0,0,0,0,0,0,0,0,0,0,0,0,0,0,0,0,0,0,0,0,0,0,0,0,0,0,0,0,0,0,0,0,0,0,0,0,0,0,0,0,0,0,0,0,0,0,0,0,0,0,0,0,0,0,0,0,0,0,0,0,0,0,0,0,0,0,0,0,0,0,0,0,0,0,0,0,0,0,0,0,0,0,0,0,0,0,0,0,0,0,0,0,0,0,0,0,0,0,0,0,0,0,0,0,0,0,0,0,0,0,0,0,0,0,0,0,0,0,0,0,0,0,0,0,0
0,0,0,0,0,0,0,0.18058,0.35596,0.68197,0,0,0,0,0,0,0,0.23621,0.57729,0,0,0,0,0,0,0,0,0,0.19273,0.15825,0,0,0,0,0,0,0,0,0,0,0,0,0,0,0,0,0,0,0,0,0,0,0,0,0,0,0,0,0,0,0,0,0,0,0,0,0,0,0,0,0,0,0,0,0,0,0,0,0,0,0,0,0,0,0,0,0,0,0,0,0,0.19941,0.24879,0.39057,0.41458,0,0,0,0.15482,0.16562,0,0,0,0,0,0,0,0,0,0,0,0,0,0,0,0,0,0,0,0,0,0,0,0,0,0,1,1,1,1,1,1,1,1,1,1,0.93474,1,1,1,0.66846,1,1,1,1,1,1,1,0.67589,1,1,0.83144,1,1,0.21167,0.48092,0.72402,0.85736,1,1,1,1,1,1,0,0,0,0,0,0,0,0,0,0,0,0,0,0,0,0,0,0,0,0,0,0,0,0,0,0,0,0,0,0,0,0,0,0,0,0,0,0,0,0,0,0,0,0,0,0,0,0,0,0,0,0,0,0,0,0,0,0,0,0,0,0,0,0,0,0,0,0,0,0,0,0,0,0,0,0,0,0,0,0,0,0,0,0,0,0,0,0,0,0,0,0,0,0,0,0,0,0,0,0,0,0,0,0,0,0,0,0,0,0,0,0,0,0,0,0,0,0,0,0,0,0,0,0,0,0,0,0,0,0,0,0,0,0,0,0,0,0,0,0,0,0,0,0,0,0,0,0,0,0,0,0,0,0,0,0,0,0,0,0
0,0.20133,0,0,0.19227,0.83189,1,1,1,1,0,0,0,0.19232,0.64721,1,1,1,1,0,0,0,0,0,0,0.22464,0.49667,1,1,1,0,0,0,0,0,0,0.27193,0.72643,1,0.574,0.6046,0,0,0,0,0,0,0,0,0,0,0,0,0,0,0,0,0,0,0,0,0,0,0,0,0,0,0,0,0,0,0,0,0.13142,0.50474,0,0,0,0,0,0,0,0,0,0.47068,0,0,0,0,0,0,1,1,0.93964,0.82395,0.64213,0.71657,0.66415,0.53961,0.45369,0.1911,0.3243,0.26223,0.20676,0.13941,0.15706,0,0,0,0,0,0,0,0,0,0,0,0,0,0,0,0,0,0,0,0,1,1,1,1,1,1,1,1,1,1,1,1,1,1,1,1,1,1,1,1,1,1,1,1,1,1,1,1,1,1,1,1,0.9889,1,1,1,1,1,0,0,0,0,0,0,0,0,0,0,0,0,0,0,0,0,0,0,0,0,0,0,0,0,0,0,0,0,0,0,0,0,0,0,0,0,0,0,0,0,0,0,0,0,0,0,0,0,0,0,0,0,0,0,0,0,0,0,0,0,0,0,0,0,0,0,0,0,0,0,0,0,0,0,0,0,0,0,0,0,0,0,0,0,0,0,0,0,0,0,0,0,0,0,0,0,0,0,0,0,0,0,0,0,0,0,0,0,0,0,0,0,0,0,0,0,0,0,0,0,0,0,0,0,0,0,0,0,0,0,0,0,0,0,0,0,0,0,0,0,0,0,0,0,0,0,0,0,0,0,0,0,0,0,0,0,0,0,0,0
0,0,0,0,0,0.23246,0.51516,0.87957,1,1,0,0,0,0,0.16996,0.40371,0.65504,1,1,0,0,0,0,0,0,0,0,0.43694,0.95474,0.85025,0,0,0,0,0,0,0,0.21484,0.58445,0.14709,0.1598,0,0,0,0,0,0,0,0,0,0,0,0,0,0,0,0,0,0,0,0,0,0,0,0,0,0,0,0,0,0,0,0,0,0.17948,0,0,0,0,0,0,0,0,0,0.14052,0,0,0,0,0,0,0.84643,0.89089,0.90795,0.85864,0.2456,0.41595,0.49505,0.48129,0.4523,0,0.17956,0.19619,0.19042,0,0,0,0,0,0,0,0,0,0,0,0,0,0,0,0,0,0,0,0,0,0,1,1,1,1,1,1,1,1,1,1,1,1,1,1,1,1,1,1,1,1,1,1,1,1,1,1,1,1,0.97176,1,1,1,1,1,1,1,1,1,0,0,0,0,0,0,0,0,0,0,0,0,0,0,0,0,0,0,0,0,0,0,0,0,0,0,0,0,0,0,0,0,0,0,0,0,0,0,0,0,0,0,0,0,0,0,0,0,0,0,0,0,0,0,0,0,0,0,0,0,0,0,0,0,0,0,0,0,0,0,0,0,0,0,0,0,0,0,0,0,0,0,0,0,0,0,0,0,0,0,0,0,0,0,0,0,0,0,0,0,0,0,0,0,0,0,0,0,0,0,0,0,0,0,0,0,0,0,0,0,0,0,0,0,0,0,0,0,0,0,0,0,0,0,0,0,0,0,0,0,0,0,0,0,0,0,0,0,0,0,0,0,0,0,0,0,0,0,0,0
0,0,0,0,0,0.13719,0.24313,0.59398,0.92168,1,0,0,0,0,0,0.20653,0.37359,0.80328,1,0,0,0,0,0,0,0,0,0.2217,0.68653,0.59,0,0,0,0,0,0,0,0.12896,0.34215,0,0,0,0,0,0,0,0,0,0,0,0,0,0,0,0,0,0,0,0,0,0,0,0,0,0,0,0,0,0,0,0,0,0,0,0,0,0,0,0,0,0,0,0,0,0,0,0,0,0,0,0,0.68699,0.78686,0.86337,0.84485,0.18287,0.26763,0.3996,0.43354,0.43023,0,0.13355,0.1656,0.17789,0,0,0,0,0,0,0,0,0,0,0,0,0,0,0,0,0,0,0,0,0,0,1,1,1,1,1,1,1,1,1,1,1,1,1,1,1,1,1,1,1,1,1,1,1,1,1,1,1,1,0.75439,1,1,1,1,1,1,1,1,1,0,0,0,0,0,0,0,0,0,0,0,0,0,0,0,0,0,0,0,0,0,0,0,0,0,0,0,0,0,0,0,0,0,0,0,0,0,0,0,0,0,0,0,0,0,0,0,0,0,0,0,0,0,0,0,0,0,0,0,0,0,0,0,0,0,0,0,0,0,0,0,0,0,0,0,0,0,0,0,0,0,0,0,0,0,0,0,0,0,0,0,0,0,0,0,0,0,0,0,0,0,0,0,0,0,0,0,0,0,0,0,0,0,0,0,0,0,0,0,0,0,0,0,0,0,0,0,0,0,0,0,0,0,0,0,0,0,0,0,0,0,0,0,0,0,0,0,0,0,0,0,0,0,0,0,0,0,0,0,0
0,0,0,0,0,0,0.1639,0.35419,0.67733,1,0,0,0,0,0,0,0.20779,0.54896,0.91573,0,0,0,0,0,0,0,0,0.136,0.42831,0.33041,0,0,0,0,0,0,0,0,0.19436,0,0,0,0,0,0,0,0,0,0,0,0,0,0,0,0,0,0,0,0,0,0,0,0,0,0,0,0,0,0,0,0,0,0,0,0,0,0,0,0,0,0,0,0,0,0,0,0,0,0,0,0,0.45401,0.58167,0.69439,0.69752,0,0.18034,0.23375,0.26535,0.28003,0,0,0,0,0,0,0,0,0,0,0,0,0,0,0,0,0,0,0,0,0,0,0,0,0,0,1,1,1,1,1,1,1,1,1,1,1,1,1,1,1,1,1,1,1,1,1,1,1,1,1,1,1,1,0.50007,0.84197,1,1,1,1,1,1,1,1,0,0,0,0,0,0,0,0,0,0,0,0,0,0,0,0,0,0,0,0,0,0,0,0,0,0,0,0,0,0,0,0,0,0,0,0,0,0,0,0,0,0,0,0,0,0,0,0,0,0,0,0,0,0,0,0,0,0,0,0,0,0,0,0,0,0,0,0,0,0,0,0,0,0,0,0,0,0,0,0,0,0,0,0,0,0,0,0,0,0,0,0,0,0,0,0,0,0,0,0,0,0,0,0,0,0,0,0,0,0,0,0,0,0,0,0,0,0,0,0,0,0,0,0,0,0,0,0,0,0,0,0,0,0,0,0,0,0,0,0,0,0,0,0,0,0,0,0,0,0,0,0,0,0,0,0,0,0,0,0
0,0,0,0,0,0,0,0.24442,0.56407,0.89728,0,0,0,0,0,0,0.17445,0.46015,0.82243,0,0,0,0,0,0,0,0,0,0.35698,0.27196,0,0,0,0,0,0,0,0,0.18311,0,0,0,0,0,0,0,0,0,0,0,0,0,0,0,0,0,0,0,0,0,0,0,0,0,0,0,0,0,0,0,0,0,0,0,0,0,0,0,0,0,0,0,0,0,0,0,0,0,0,0,0,0.4956,0.66214,0.81123,0.83204,0,0.19824,0.2913,0.3848,0.41415,0,0,0.13259,0.16765,0,0,0,0,0,0,0,0,0,0,0,0,0,0,0,0,0,0,0,0,0,0,1,1,1,1,1,1,1,1,1,1,1,1,1,1,0.95612,1,1,1,1,1,1,1,1,1,1,1,1,1,0.49086,0.86527,1,1,1,1,1,1,1,1,0,0,0,0,0,0,0,0,0,0,0,0,0,0,0,0,0,0,0,0,0,0,0,0,0,0,0,0,0,0,0,0,0,0,0,0,0,0,0,0,0,0,0,0,0,0,0,0,0,0,0,0,0,0,0,0,0,0,0,0,0,0,0,0,0,0,0,0,0,0,0,0,0,0,0,0,0,0,0,0,0,0,0,0,0,0,0,0,0,0,0,0,0,0,0,0,0,0,0,0,0,0,0,0,0,0,0,0,0,0,0,0,0,0,0,0,0,0,0,0,0,0,0,0,0,0,0,0,0,0,0,0,0,0,0,0,0,0,0,0,0,0,0,0,0,0,0,0,0,0,0,0,0,0,0,0,0,0,0,0
0.22747,0.76352,0,0.23229,0.79039,1,1,1,1,1,0,0,0.23402,0.84583,1,1,1,1,1,0,0,0,0,0.23307,0.57342,0.97879,1,1,1,1,0,0,0,0.17039,0.12586,0.42346,1,1,1,1,1,0,0,0,0,0,0,0,0,0,0,0,0,0,0,0,0,0,0,0,0,0,0,0,0,0,0,0,0,0,0,0.23125,0.5075,0.61215,1,0,0,0,0.18393,0.16427,0,0,0,0,1,0,0,0,0,0,0,1,1,0.96115,0.77303,1,1,0.89734,0.63442,0.48128,0.61861,0.74426,0.53176,0.24424,0.31608,0.2499,0.17945,0,0.14332,0,0,0,0,0,0,0,0,0,0,0,0,0,0,0,0,0,1,1,1,1,0.93474,1,1,1,1,1,1,1,1,1,1,1,1,1,1,1,1,1,1,1,1,1,1,1,1,1,1,1,0.22965,0.37091,0.43282,0.96399,1,1,0,0,0,0,0,0,0,0,0,0,0,0,0,0,0,0,0,0,0,0,0,0,0,0,0,0,0,0,0,0,0,0,0,0,0,0,0,0,0,0,0,0,0,0,0,0,0,0,0,0,0,0,0,0,0,0,0,0,0,0,0,0,0,0,0,0,0,0,0,0,0,0,0,0,0,0,0,0,0,0,0,0,0,0,0,0,0,0,0,0,0,0,0,0,0,0,0,0,0,0,0,0,0,0,0,0,0,0,0,0,0,0,0,0,0,0,0,0,0,0,0,0,0,0,0,0,0,0,0,0,0,0,0,0,0,0,0,0,0,0,0,0,0,0,0,0,0,0,0,0,0,0,0,0,0,0,0,0,0,0
0,0.21069,0,0,0.21305,0.9028,1,1,1,1,0,0,0,0.22772,0.7683,1,1,1,1,0,0,0,0,0,0.13826,0.32161,0.66386,1,1,1,0,0,0,0,0,0,0.48143,0.96388,1,0.63852,0.64278,0,0,0,0,0,0,0,0,0,0,0,0,0,0,0,0,0,0,0,0,0,0,0,0,0,0,0,0,0,0,0,0.15861,0.22806,0.80615,0,0,0,0,0,0,0,0,0,0.73419,0,0,0,0,0,0,1,1,1,1,0.95763,1,0.97532,0.82967,0.72977,0.3927,0.64671,0.57559,0.41098,0.24659,0.28454,0.18689,0.17388,0,0,0,0,0,0.16185,0,0,0,0,0,0,0,0,0,0,0,0,1,1,1,1,1,1,1,1,1,1,1,1,1,1,1,1,1,1,1,1,1,1,1,1,1,1,1,1,1,1,1,1,0.7178,0.93515,1,1,1,1,0,0,0,0,0,0,0,0,0,0,0,0,0,0,0,0,0,0,0,0,0,0,0,0,0,0,0,0,0,0,0,0,0,0,0,0,0,0,0,0,0,0,0,0,0,0,0,0,0,0,0,0,0,0,0,0,0,0,0,0,0,0,0,0,0,0,0,0,0,0,0,0,0,0,0,0,0,0,0,0,0,0,0,0,0,0,0,0,0,0,0,0,0,0,0,0,0,0,0,0,0,0,0,0,0,0,0,0,0,0,0,0,0,0,0,0,0,0,0,0,0,0,0,0,0,0,0,0,0,0,0,0,0,0,0,0,0,0,0,0,0,0,0,0,0,0,0,0,0,0,0,0,0,0,0,0,0,0,0,0
0,0,0,0,0,0.15674,0.29228,0.66059,1,1,0,0,0,0,0,0.23677,0.48249,0.93013,1,0,0,0,0,0,0,0,0,0.31544,0.8439,0.76809,0,0,0,0,0,0,0,0.1917,0.55588,0,0,0,0,0,0,0,0,0,0,0,0,0,0,0,0,0,0,0,0,0,0,0,0,0,0,0,0,0,0,0,0,0,0,0,0.19468,0,0,0,0,0,0,0,0,0,0.13097,0,0,0,0,0,0,0.98086,1,1,1,0.32507,0.56903,0.71929,0.75778,0.75259,0,0.23589,0.3176,0.3574,0,0.17974,0,0.15078,0,0,0,0,0,0.18627,0,0,0,0,0,0,0,0,0,0,0,0,1,1,1,1,1,1,1,1,1,1,1,1,1,1,1,1,1,1,1,1,1,1,1,1,1,1,1,1,0.99902,1,1,1,1,1,1,1,1,1,0,0,0,0,0,0,0,0,0,0,0,0,0,0,0,0,0,0,0,0,0,0,0,0,0,0,0,0,0,0,0,0,0,0,0,0,0,0,0,0,0,0,0,0,0,0,0,0,0,0,0,0,0,0,0,0,0,0,0,0,0,0,0,0,0,0,0,0,0,0,0,0,0,0,0,0,0,0,0,0,0,0,0,0,0,0,0,0,0,0,0,0,0,0,0,0,0,0,0,0,0,0,0,0,0,0,0,0,0,0,0,0,0,0,0,0,0,0,0,0,0,0,0,0,0,0,0,0,0,0,0,0,0,0,0,0,0,0,0,0,0,0,0,0,0,0,0,0,0,0,0,0,0,0,0,0,0,0,0,0
0,0,0,0,0,0,0,0.19969,0.43779,0.77223,0,0,0,0,0,0,0.13903,0.36556,0.71931,0,0,0,0,0,0,0,0,0,0.28526,0.23906,0,0,0,0,0,0,0,0,0.17578,0,0,0,0,0,0,0,0,0,0,0,0,0,0,0,0,0,0,0,0,0,0,0,0,0,0,0,0,0,0,0,0,0,0,0,0,0,0,0,0,0,0,0,0,0,0,0,0,0,0,0,0,0.56619,0.78104,0.97551,1,0.12603,0.22782,0.42493,0.55495,0.60243,0,0,0.18009,0.2286,0,0,0,0,0,0,0,0,0,0.1577,0,0,0,0,0,0,0,0,0,0,0,0,1,1,1,1,1,1,1,1,1,1,1,1,1,1,0.88571,1,1,1,1,1,1,1,0.97204,1,1,1,1,1,0.49685,0.90898,1,1,1,1,1,1,1,1,0,0,0,0,0,0,0,0,0,0,0,0,0,0,0,0,0,0,0,0,0,0,0,0,0,0,0,0,0,0,0,0,0,0,0,0,0,0,0,0,0,0,0,0,0,0,0,0,0,0,0,0,0,0,0,0,0,0,0,0,0,0,0,0,0,0,0,0,0,0,0,0,0,0,0,0,0,0,0,0,0,0,0,0,0,0,0,0,0,0,0,0,0,0,0,0,0,0,0,0,0,0,0,0,0,0,0,0,0,0,0,0,0,0,0,0,0,0,0,0,0,0,0,0,0,0,0,0,0,0,0,0,0,0,0,0,0,0,0,0,0,0,0,0,0,0,0,0,0,0,0,0,0,0,0,0,0,0,0,0
0.2287,0.75935,0,0.25,0.83746,1,1,1,1,1,0,0.14652,0.31082,0.95999,1,1,1,1,1,0,0,0,0.14219,0.37276,0.74774,1,1,1,1,1,0,0,0,0.24097,0.20363,0.66504,1,1,1,1,1,0,0,0,0,0,0,0,0,0,0,0,0,0,0,0,0,0,0,0,0,0,0,0,0,0,0,0,0,0,0.15039,0.50721,0.84426,0.98361,1,0,0,0,0.41,0.37069,0,0.16837,0.18494,0,1,0.16022,0.19164,0,0,0,0,1,1,1,0.947,1,1,1,0.87236,0.69633,0.99124,1,0.83531,0.48598,0.66015,0.56016,0.35532,0.21551,0.27971,0.19631,0.15158,0.12808,0,0.15959,0,0,0,0,0,0,0,0,0,0,0,0.13408,1,1,1,1,0.66846,1,1,1,1,0.95612,1,1,1,0.88571,1,1,1,1,1,1,1,1,1,1,1,1,1,1,1,1,1,1,0,0.18802,0.21348,0.6977,0.83495,0.88571,0,0,0,0,0,0,0,0,0,0,0,0,0,0,0,0,0,0,0,0,0,0,0,0,0,0,0,0,0,0,0,0,0,0,0,0,0,0,0,0,0,0,0,0,0,0,0,0,0,0,0,0,0,0,0,0,0,0,0,0,0,0,0,0,0,0,0,0,0,0,0,0,0,0,0,0,0,0,0,0,0,0,0,0,0,0,0,0,0,0,0,0,0,0,0,0,0,0,0,0,0,0,0,0,0,0,0,0,0,0,0,0,0,0,0,0,0,0,0,0,0,0,0,0,0,0,0,0,0,0,0,0,0,0,0,0,0,0,0,0,0,0,0,0,0,0,0,0,0,0,0,0,0,0,0,0,0,0,0,0
0,0.17595,0,0,0.19321,0.83875,1,1,1,1,0,0,0,0.22784,0.77834,1,1,1,1,0,0,0,0,0,0.15733,0.38097,0.74684,1,1,1,0,0,0,0,0,0.13907,0.63828,1,1,0.57248,0.54213,0,0,0,0,0,0,0,0,0,0,0,0,0,0,0,0,0,0,0,0,0,0,0,0,0,0,0,0,0,0,0,0.24138,0.50045,1,0,0,0,0,0.15769,0,0,0,0,0.98795,0,0,0,0,0,0,1,1,1,1,1,1,1,1,1,0.78836,1,1,0.82287,0.66394,0.71259,0.48891,0.43816,0.26565,0.23196,0.20526,0.21293,0.15073,0.3807,0,0,0,0,0,0,0,0,0,0,0,0,1,1,1,1,1,1,1,1,1,1,1,1,1,1,1,1,1,1,1,1,1,1,1,1,1,1,1,1,1,1,1,1,0.39008,0.63294,0.74096,1,1,1,0,0,0,0,0,0,0,0,0,0,0,0,0,0,0,0,0,0,0,0,0,0,0,0,0,0,0,0,0,0,0,0,0,0,0,0,0,0,0,0,0,0,0,0,0,0,0,0,0,0,0,0,0,0,0,0,0,0,0,0,0,0,0,0,0,0,0,0,0,0,0,0,0,0,0,0,0,0,0,0,0,0,0,0,0,0,0,0,0,0,0,0,0,0,0,0,0,0,0,0,0,0,0,0,0,0,0,0,0,0,0,0,0,0,0,0,0,0,0,0,0,0,0,0,0,0,0,0,0,0,0,0,0,0,0,0,0,0,0,0,0,0,0,0,0,0,0,0,0,0,0,0,0,0,0,0,0,0,0,0
0,0,0,0,0,0.57704,0.89906,1,1,1,0,0,0,0.1302,0.48327,0.85983,1,1,1,0,0,0,0,0,0,0.18899,0.42652,1,1,1,0,0,0,0,0,0,0.30052,0.81923,1,0.31081,0.2986,0,0,0,0,0,0,0,0,0,0,0,0,0,0,0,0,0,0,0,0,0,0,0,0,0,0,0,0,0,0,0,0.12653,0.22205,0.81684,0,0,0,0,0,0,0,0,0,0.64336,0,0,0,0,0,0,1,1,1,1,1,1,1,1,1,0.50203,0.8231,0.82771,0.72694,0.43738,0.53802,0.31178,0.32946,0.18,0.17125,0.15203,0.17287,0,0.32892,0,0,0,0,0,0,0,0,0,0,0,0,1,1,1,1,1,1,1,1,1,1,1,1,1,1,1,1,1,1,1,1,1,1,1,1,1,1,1,1,1,1,1,1,0.70348,0.95688,1,1,1,1,0,0,0,0,0,0,0,0,0,0,0,0,0,0,0,0,0,0,0,0,0,0,0,0,0,0,0,0,0,0,0,0,0,0,0,0,0,0,0,0,0,0,0,0,0,0,0,0,0,0,0,0,0,0,0,0,0,0,0,0,0,0,0,0,0,0,0,0,0,0,0,0,0,0,0,0,0,0,0,0,0,0,0,0,0,0,0,0,0,0,0,0,0,0,0,0,0,0,0,0,0,0,0,0,0,0,0,0,0,0,0,0,0,0,0,0,0,0,0,0,0,0,0,0,0,0,0,0,0,0,0,0,0,0,0,0,0,0,0,0,0,0,0,0,0,0,0,0,0,0,0,0,0,0,0,0,0,0,0,0
0,0,0,0,0,0.18901,0.38968,0.75593,1,1,0,0,0,0,0.15556,0.34409,0.63506,1,1,0,0,0,0,0,0,0,0.13791,0.52341,1,1,0,0,0,0,0,0,0,0.3336,0.84175,0,0,0,0,0,0,0,0,0,0,0,0,0,0,0,0,0,0,0,0,0,0,0,0,0,0,0,0,0,0,0,0,0,0,0,0.42605,0,0,0,0,0,0,0,0,0,0.22866,0,0,0,0,0,0,1,1,1,1,0.68908,0.95872,1,1,1,0.23664,0.60271,0.71965,0.7473,0.25611,0.44089,0.23873,0.34208,0,0.13875,0.13213,0.17352,0,0.42815,0,0,0,0,0,0,0,0,0,0,0,0,1,1,1,1,1,1,1,1,1,1,1,1,1,1,1,1,1,1,1,1,1,1,1,1,1,1,1,1,1,1,1,1,0.96581,1,1,1,1,1,0,0,0,0,0,0,0,0,0,0,0,0,0,0,0,0,0,0,0,0,0,0,0,0,0,0,0,0,0,0,0,0,0,0,0,0,0,0,0,0,0,0,0,0,0,0,0,0,0,0,0,0,0,0,0,0,0,0,0,0,0,0,0,0,0,0,0,0,0,0,0,0,0,0,0,0,0,0,0,0,0,0,0,0,0,0,0,0,0,0,0,0,0,0,0,0,0,0,0,0,0,0,0,0,0,0,0,0,0,0,0,0,0,0,0,0,0,0,0,0,0,0,0,0,0,0,0,0,0,0,0,0,0,0,0,0,0,0,0,0,0,0,0,0,0,0,0,0,0,0,0,0,0,0,0,0,0,0,0,0
0,0,0,0,0,0,0.23114,0.5614,0.90781,1,0,0,0,0,0,0.21128,0.41877,0.87695,1,0,0,0,0,0,0,0,0,0.28971,0.81953,0.76474,0,0,0,0,0,0,0,0.196,0.59223,0,0,0,0,0,0,0,0,0,0,0,0,0,0,0,0,0,0,0,0,0,0,0,0,0,0,0,0,0,0,0,0,0,0,0,0.22504,0,0,0,0,0,0,0,0,0,0.14512,0,0,0,0,0,0,1,1,1,1,0.44245,0.72637,0.91973,0.98777,0.99469,0.15722,0.37758,0.52302,0.59364,0.18067,0.24987,0.17561,0.22978,0,0,0,0,0,0.31007,0,0,0,0,0,0,0,0,0,0,0,0,1,1,1,1,1,1,1,1,1,1,1,1,1,1,1,1,1,1,1,1,1,1,1,1,1,1,1,1,1,1,1,1,1,1,1,1,1,1,0,0,0,0,0,0,0,0,0,0,0,0,0,0,0,0,0,0,0,0,0,0,0,0,0,0,0,0,0,0,0,0,0,0,0,0,0,0,0,0,0,0,0,0,0,0,0,0,0,0,0,0,0,0,0,0,0,0,0,0,0,0,0,0,0,0,0,0,0,0,0,0,0,0,0,0,0,0,0,0,0,0,0,0,0,0,0,0,0,0,0,0,0,0,0,0,0,0,0,0,0,0,0,0,0,0,0,0,0,0,0,0,0,0,0,0,0,0,0,0,0,0,0,0,0,0,0,0,0,0,0,0,0,0,0,0,0,0,0,0,0,0,0,0,0,0,0,0,0,0,0,0,0,0,0,0,0,0,0,0
0,0,0,0,0,0,0.15304,0.32707,0.67362,1,0,0,0,0,0,0.13373,0.22919,0.64699,0.98435,0,0,0,0,0,0,0,0,0.1888,0.59576,0.54712,0,0,0,0,0,0,0,0.12582,0.39022,0,0,0,0,0,0,0,0,0,0,0,0,0,0,0,0,0,0,0,0,0,0,0,0,0,0,0,0,0,0,0,0,0,0,0,0.16804,0,0,0,0,0,0,0,0,0,0,0,0,0,0,0,0,0.98294,1,1,1,0.28872,0.60515,0.84611,0.96087,0.99396,0,0.27098,0.45893,0.5821,0.1516,0.23139,0.15832,0.22713,0,0,0,0,0,0.33885,0,0,0,0,0,0,0,0,0,0,0,0,1,1,1,1,1,1,1,1,1,1,1,1,1,1,1,1,1,1,1,1,1,1,1,1,1,1,1,1,0.87933,1,1,1,1,1,1,1,1,1,0,0,0,0,0,0,0,0,0,0,0,0,0,0,0,0,0,0,0,0,0,0,0,0,0,0,0,0,0,0,0,0,0,0,0,0,0,0,0,0,0,0,0,0,0,0,0,0,0,0,0,0,0,0,0,0,0,0,0,0,0,0,0,0,0,0,0,0,0,0,0,0,0,0,0,0,0,0,0,0,0,0,0,0,0,0,0,0,0,0,0,0,0,0,0,0,0,0,0,0,0,0,0,0,0,0,0,0,0,0,0,0,0,0,0,0,0,0,0,0,0,0,0,0,0,0,0,0,0,0,0,0,0,0,0,0,0,0,0,0,0,0,0,0,0,0,0,0,0,0,0,0,0,0,0,0,0,0,0,0
0,0,0,0,0,0.23508,0.52589,0.88745,1,1,0,0,0,0,0.21077,0.50128,0.80049,1,1,0,0,0,0,0,0,0,0.2013,0.71925,1,1,0,0,0,0,0,0,0.17212,0.55466,1,0.14625,0.13982,0,0,0,0,0,0,0,0,0,0,0,0,0,0,0,0,0,0,0,0,0,0,0,0,0,0,0,0,0,0,0,0,0.17081,0.67722,0,0,0,0,0,0,0,0,0,0.42189,0,0,0,0,0,0,1,1,1,1,0.94377,1,1,1,1,0.46398,0.85071,0.9475,0.93816,0.49754,0.66516,0.43943,0.53391,0.20237,0.21307,0.2031,0.23831,0.17208,0.58784,0,0,0,0,0,0,0,0,0,0,0,0,1,1,1,1,1,1,1,1,1,1,1,1,1,1,1,1,1,1,1,1,1,1,1,1,1,1,1,1,1,1,1,1,0.72224,1,1,1,1,1,0,0,0,0,0,0,0,0,0,0,0,0,0,0,0,0,0,0,0,0,0,0,0,0,0,0,0,0,0,0,0,0,0,0,0,0,0,0,0,0,0,0,0,0,0,0,0,0,0,0,0,0,0,0,0,0,0,0,0,0,0,0,0,0,0,0,0,0,0,0,0,0,0,0,0,0,0,0,0,0,0,0,0,0,0,0,0,0,0,0,0,0,0,0,0,0,0,0,0,0,0,0,0,0,0,0,0,0,0,0,0,0,0,0,0,0,0,0,0,0,0,0,0,0,0,0,0,0,0,0,0,0,0,0,0,0,0,0,0,0,0,0,0,0,0,0,0,0,0,0,0,0,0,0,0,0,0,0,0,0
0,0,0,0,0,0,0.17711,0.39565,0.74469,1,0,0,0,0,0,0.16598,0.29501,0.75972,1,0,0,0,0,0,0,0,0,0.23746,0.73713,0.70865,0,0,0,0,0,0,0,0.18674,0.58835,0,0,0,0,0,0,0,0,0,0,0,0,0,0,0,0,0,0,0,0,0,0,0,0,0,0,0,0,0,0,0,0,0,0,0,0.24932,0,0,0,0,0,0,0,0,0,0.14883,0,0,0,0,0,0,1,1,1,1,0.54835,0.88594,1,1,1,0.20591,0.55903,0.75687,0.87637,0.24973,0.49272,0.27358,0.47454,0,0.15907,0.16167,0.21699,0.1495,0.61877,0,0,0,0,0,0,0,0,0,0,0,0,1,1,1,1,1,1,1,1,1,1,1,1,1,1,1,1,1,1,1,1,1,1,1,1,1,1,1,1,1,1,1,1,0.91735,1,1,1,1,1,0,0,0,0,0,0,0,0,0,0,0,0,0,0,0,0,0,0,0,0,0,0,0,0,0,0,0,0,0,0,0,0,0,0,0,0,0,0,0,0,0,0,0,0,0,0,0,0,0,0,0,0,0,0,0,0,0,0,0,0,0,0,0,0,0,0,0,0,0,0,0,0,0,0,0,0,0,0,0,0,0,0,0,0,0,0,0,0,0,0,0,0,0,0,0,0,0,0,0,0,0,0,0,0,0,0,0,0,0,0,0,0,0,0,0,0,0,0,0,0,0,0,0,0,0,0,0,0,0,0,0,0,0,0,0,0,0,0,0,0,0,0,0,0,0,0,0,0,0,0,0,0,0,0,0,0,0,0,0,0
0.13259,0.46395,0,0.16224,0.56608,1,1,1,1,1,0,0,0.19393,0.72765,1,1,1,1,1,0,0,0,0,0.23103,0.56426,0.97015,1,1,1,1,0,0,0,0.19341,0.16394,0.54865,1,1,1,1,0.96806,0,0,0,0,0,0,0,0,0,0,0,0,0,0,0,0,0,0,0,0,0,0,0,0,0,0,0,0,0,0,0.4905,0.86621,1,1,0,0,0.126,0.48857,0.53127,0,0.20515,0.26973,0.14152,1,0.21628,0.18228,0.17745,0,0,0,1,1,1,1,1,1,1,1,1,1,1,1,0.8284,0.96367,0.88909,0.68066,0.48707,0.57654,0.40893,0.28238,0.24062,0.18502,0.32101,0.21495,0.16158,0,0,0,0,0,0,0,0,0,0.2216,1,1,1,1,0.67589,1,1,1,1,1,1,1,1,0.97204,1,1,1,1,1,1,1,1,1,1,1,1,1,1,1,1,1,1,0,0.17539,0.20726,0.70464,0.88659,0.97204,0,0,0,0,0,0,0,0,0,0,0,0,0,0,0,0,0,0,0,0,0,0,0,0,0,0,0,0,0,0,0,0,0,0,0,0,0,0,0,0,0,0,0,0,0,0,0,0,0,0,0,0,0,0,0,0,0,0,0,0,0,0,0,0,0,0,0,0,0,0,0,0,0,0,0,0,0,0,0,0,0,0,0,0,0,0,0,0,0,0,0,0,0,0,0,0,0,0,0,0,0,0,0,0,0,0,0,0,0,0,0,0,0,0,0,0,0,0,0,0,0,0,0,0,0,0,0,0,0,0,0,0,0,0,0,0,0,0,0,0,0,0,0,0,0,0,0,0,0,0,0,0,0,0,0,0,0,0,0,0
0,0,0,0,0,0.2571,0.57175,0.92202,1,1,0,0,0,0,0.24211,0.57895,0.88781,1,1,0,0,0,0,0,0,0,0.24616,0.85889,1,1,0,0,0,0,0,0,0.23086,0.74391,1,0.16391,0.15079,0,0,0,0,0,0,0,0,0,0,0,0,0,0,0,0,0,0,0,0,0,0,0,0,0,0,0,0,0,0,0,0.13125,0.27531,0.9429,0,0,0,0,0,0,0,0,0,0.64456,0,0,0,0,0,0,1,1,1,1,1,1,1,1,1,0.76314,1,1,1,0.8057,0.96644,0.74029,0.81059,0.41492,0.44015,0.4037,0.49465,0.29781,0.83362,0.16551,0.18687,0.19555,0,0,0,0,0,0,0,0,0,1,1,1,1,1,1,1,1,1,1,1,1,1,1,1,1,1,1,1,1,1,1,1,1,1,1,1,1,1,1,1,1,0.41414,0.69768,0.84145,1,1,1,0,0,0,0,0,0,0,0,0,0,0,0,0,0,0,0,0,0,0,0,0,0,0,0,0,0,0,0,0,0,0,0,0,0,0,0,0,0,0,0,0,0,0,0,0,0,0,0,0,0,0,0,0,0,0,0,0,0,0,0,0,0,0,0,0,0,0,0,0,0,0,0,0,0,0,0,0,0,0,0,0,0,0,0,0,0,0,0,0,0,0,0,0,0,0,0,0,0,0,0,0,0,0,0,0,0,0,0,0,0,0,0,0,0,0,0,0,0,0,0,0,0,0,0,0,0,0,0,0,0,0,0,0,0,0,0,0,0,0,0,0,0,0,0,0,0,0,0,0,0,0,0,0,0,0,0,0,0,0,0
0,0,0,0,0,0,0.18236,0.40447,0.75197,1,0,0,0,0,0,0.17969,0.34474,0.80995,1,0,0,0,0,0,0,0,0,0.30405,0.81861,0.81292,0,0,0,0,0,0,0,0.23135,0.7361,0,0,0,0,0,0,0,0,0,0,0,0,0,0,0,0,0,0,0,0,0,0,0,0,0,0,0,0,0,0,0,0,0,0,0,0.45372,0,0,0,0,0,0,0,0,0,0.20364,0,0,0,0,0,0,1,1,1,1,0.77338,1,1,1,1,0.36774,0.8248,1,1,0.52598,0.77908,0.5607,0.76173,0.21825,0.26479,0.27383,0.43817,0.24525,0.89545,0,0.14153,0.17289,0,0,0,0,0,0,0,0,0,1,1,1,1,1,1,1,1,1,1,1,1,1,1,1,1,1,1,1,1,1,1,1,1,1,1,1,1,1,1,1,1,0.62853,0.93689,1,1,1,1,0,0,0,0,0,0,0,0,0,0,0,0,0,0,0,0,0,0,0,0,0,0,0,0,0,0,0,0,0,0,0,0,0,0,0,0,0,0,0,0,0,0,0,0,0,0,0,0,0,0,0,0,0,0,0,0,0,0,0,0,0,0,0,0,0,0,0,0,0,0,0,0,0,0,0,0,0,0,0,0,0,0,0,0,0,0,0,0,0,0,0,0,0,0,0,0,0,0,0,0,0,0,0,0,0,0,0,0,0,0,0,0,0,0,0,0,0,0,0,0,0,0,0,0,0,0,0,0,0,0,0,0,0,0,0,0,0,0,0,0,0,0,0,0,0,0,0,0,0,0,0,0,0,0,0,0,0,0,0,0
0,0,0,0,0.155,0.68961,0.9839,1,1,1,0,0,0,0.21592,0.73209,1,1,1,1,0,0,0,0,0,0.17431,0.42154,0.80586,1,1,1,0,0,0,0,0,0.19083,0.81289,1,1,0.43235,0.35769,0,0,0,0,0,0,0,0,0,0,0,0,0,0,0,0,0,0,0,0,0,0,0,0,0,0,0,0,0,0,0.21226,0.5555,0.93512,1,0,0,0,0.27922,0.47178,0,0.15749,0.33824,0.16514,1,0.20575,0,0.21965,0,0,0,1,1,1,1,1,1,1,1,1,1,1,1,1,1,1,1,0.99098,0.86625,0.79242,0.70385,0.70291,0.52221,0.87937,0.4341,0.38138,0.32681,0.17116,0.20476,0.17822,0.16002,0,0,0.17077,0.12855,0.35906,1,1,1,1,0.83144,1,1,1,1,1,1,1,1,1,1,1,1,1,1,1,1,1,1,1,1,1,1,1,1,1,1,1,0,0.20801,0.25107,0.85806,1,1,0,0,0,0,0,0,0,0,0,0,0,0,0,0,0,0,0,0,0,0,0,0,0,0,0,0,0,0,0,0,0,0,0,0,0,0,0,0,0,0,0,0,0,0,0,0,0,0,0,0,0,0,0,0,0,0,0,0,0,0,0,0,0,0,0,0,0,0,0,0,0,0,0,0,0,0,0,0,0,0,0,0,0,0,0,0,0,0,0,0,0,0,0,0,0,0,0,0,0,0,0,0,0,0,0,0,0,0,0,0,0,0,0,0,0,0,0,0,0,0,0,0,0,0,0,0,0,0,0,0,0,0,0,0,0,0,0,0,0,0,0,0,0,0,0,0,0,0,0,0,0,0,0,0,0,0,0,0,0,0
0,0,0,0,0,0,0.18692,0.40849,0.75071,1,0,0,0,0,0,0.19241,0.38873,0.84943,1,0,0,0,0,0,0,0,0,0.38943,0.88871,0.90582,0,0,0,0,0,0,0,0.32195,0.87373,0,0,0,0,0,0,0,0,0,0,0,0,0,0,0,0,0,0,0,0,0,0,0,0,0,0,0,0,0,0,0,0,0,0,0.16277,0.65237,0,0,0,0,0,0,0,0,0,0.26984,0,0,0,0,0,0,1,1,1,1,0.99004,1,1,1,1,0.61088,1,1,1,0.79388,1,0.83593,1,0.42567,0.54015,0.5485,0.70772,0.50555,1,0.17765,0.2331,0.28875,0,0,0,0,0,0,0.19774,0,0,1,1,1,1,1,1,1,1,1,1,1,1,1,1,1,1,1,1,1,1,1,1,1,1,1,1,1,1,1,1,1,1,0.3543,0.6619,0.83057,1,1,1,0,0,0,0,0,0,0,0,0,0,0,0,0,0,0,0,0,0,0,0,0,0,0,0,0,0,0,0,0,0,0,0,0,0,0,0,0,0,0,0,0,0,0,0,0,0,0,0,0,0,0,0,0,0,0,0,0,0,0,0,0,0,0,0,0,0,0,0,0,0,0,0,0,0,0,0,0,0,0,0,0,0,0,0,0,0,0,0,0,0,0,0,0,0,0,0,0,0,0,0,0,0,0,0,0,0,0,0,0,0,0,0,0,0,0,0,0,0,0,0,0,0,0,0,0,0,0,0,0,0,0,0,0,0,0,0,0,0,0,0,0,0,0,0,0,0,0,0,0,0,0,0,0,0,0,0,0,0,0,0
0,0,0,0,0,0,0.2238,0.50601,0.83875,1,0,0,0,0,0.12824,0.23755,0.52748,0.97857,1,0,0,0,0,0,0,0,0.15086,0.56887,1,1,0,0,0,0,0,0,0.15888,0.54116,1,0,0,0,0,0,0,0,0,0,0,0,0,0,0,0,0,0,0,0,0,0,0,0,0,0,0,0,0,0,0,0,0,0,0,0.26642,0.92686,0,0,0,0,0.13924,0,0,0.14232,0,0.51568,0,0,0,0,0,0,1,1,1,1,1,1,1,1,1,0.9084,1,1,1,1,1,1,1,0.71615,0.81278,0.80801,0.94202,0.7414,1,0.31841,0.4597,0.52629,0,0.1702,0.17488,0.17871,0,0,0.3054,0.18261,0.20219,1,1,1,1,1,1,1,1,1,1,1,1,1,1,1,1,1,1,1,1,1,1,1,1,1,1,1,1,1,1,1,1,0.19634,0.39171,0.55538,1,1,1,0,0,0,0,0,0,0,0,0,0,0,0,0,0,0,0,0,0,0,0,0,0,0,0,0,0,0,0,0,0,0,0,0,0,0,0,0,0,0,0,0,0,0,0,0,0,0,0,0,0,0,0,0,0,0,0,0,0,0,0,0,0,0,0,0,0,0,0,0,0,0,0,0,0,0,0,0,0,0,0,0,0,0,0,0,0,0,0,0,0,0,0,0,0,0,0,0,0,0,0,0,0,0,0,0,0,0,0,0,0,0,0,0,0,0,0,0,0,0,0,0,0,0,0,0,0,0,0,0,0,0,0,0,0,0,0,0,0,0,0,0,0,0,0,0,0,0,0,0,0,0,0,0,0,0,0,0,0,0,0
0,0.35649,0,0.16153,0.52566,1,1,1,1,1,0,0,0.22051,0.77819,1,1,1,1,1,0,0,0,0.15604,0.37484,0.72621,1,1,1,1,1,0,0,0.14229,0.33495,0.28992,0.83555,1,1,1,0.94544,0.82385,0,0,0,0,0,0,0,0,0,0,0,0,0,0,0,0,0,0,0,0,0,0,0,0,0,0,0,0,0.12815,0.23276,0.93097,1,1,1,0,0.23681,0.40228,1,1,0,0.6913,0.87603,0.53121,1,0.75259,0.48141,0.63163,0.36601,0.40512,0,1,1,1,1,1,1,1,1,1,1,1,1,1,1,1,1,0.82592,1,0.87946,0.72229,0.59855,0.45241,0.57271,0.68446,0.45317,0.29088,0.38291,0.3763,0.23799,0.20035,0.17808,0,0.13716,0.1379,0.74574,1,1,0.74786,0.57823,0.21167,1,0.97176,0.75439,0.50007,0.49086,1,1,0.99902,0.49685,1,1,1,1,1,0.87933,1,1,1,1,1,1,1,1,1,1,1,1,0,0,0,0.22103,0.37904,0.49685,0,0,0,0,0,0,0,0,0,0,0,0,0,0,0,0,0,0,0,0,0,0,0,0,0,0,0,0,0,0,0,0,0,0,0,0,0,0,0,0,0,0,0,0,0,0,0,0,0,0,0,0,0,0,0,0,0,0,0,0,0,0,0,0,0,0,0,0,0,0,0,0,0,0,0,0,0,0,0,0,0,0,0,0,0,0,0,0,0,0,0,0,0,0,0,0,0,0,0,0,0,0,0,0,0,0,0,0,0,0,0,0,0,0,0,0,0,0,0,0,0,0,0,0,0,0,0,0,0,0,0,0,0,0,0,0,0,0,0,0,0,0,0,0,0,0,0,0,0,0,0,0,0,0,0,0,0,0,0,0
0,0.13645,0,0,0.18399,0.74232,1,1,1,1,0,0,0,0.27632,0.84291,1,1,1,1,0,0,0,0,0,0.23338,0.58698,0.97314,1,1,1,0,0,0,0,0,0.3019,1,1,1,0.49627,0.39703,0,0,0,0,0,0,0,0,0,0,0,0,0,0,0,0,0,0,0,0,0,0,0,0,0,0,0,0,0,0,0.428,0.85863,1,1,0,0,0.15317,0.61131,0.82143,0,0.31624,0.68425,0.34057,1,0.46777,0.15971,0.49672,0.21886,0.22026,0,1,1,1,1,1,1,1,1,1,1,1,1,1,1,1,1,1,1,1,0.92877,0.88073,0.71201,0.96687,0.72788,0.62155,0.52792,0.33249,0.4089,0.30604,0.24442,0.16872,0.14166,0.22848,0.20232,0.68315,1,1,0.9929,0.86818,0.48092,1,1,1,0.84197,0.86527,1,1,1,0.90898,1,1,1,1,1,1,1,1,1,1,1,1,1,1,1,1,1,1,0,0,0.13355,0.50756,0.76176,0.90898,0,0,0,0,0,0,0,0,0,0,0,0,0,0,0,0,0,0,0,0,0,0,0,0,0,0,0,0,0,0,0,0,0,0,0,0,0,0,0,0,0,0,0,0,0,0,0,0,0,0,0,0,0,0,0,0,0,0,0,0,0,0,0,0,0,0,0,0,0,0,0,0,0,0,0,0,0,0,0,0,0,0,0,0,0,0,0,0,0,0,0,0,0,0,0,0,0,0,0,0,0,0,0,0,0,0,0,0,0,0,0,0,0,0,0,0,0,0,0,0,0,0,0,0,0,0,0,0,0,0,0,0,0,0,0,0,0,0,0,0,0,0,0,0,0,0,0,0,0,0,0,0,0,0,0,0,0,0,0,0
0,0,0,0,0,0.24464,0.52087,0.82611,1,1,0,0,0,0,0.30506,0.60237,0.9171,1,1,0,0,0,0,0,0,0.1775,0.41875,1,1,1,0,0,0,0,0,0,0.48551,1,1,0.16025,0.13213,0,0,0,0,0,0,0,0,0,0,0,0,0,0,0,0,0,0,0,0,0,0,0,0,0,0,0,0,0,0,0.13573,0.34865,0.82206,1,0,0,0,0.2189,0.45895,0,0.13631,0.43085,0.19973,1,0.21233,0,0.3031,0.13416,0,0,1,1,1,1,1,1,1,1,1,1,1,1,1,1,1,1,1,1,1,1,1,0.93103,1,0.70286,0.73775,0.72718,0.2424,0.38591,0.35001,0.32349,0.14453,0.14673,0.4389,0.26933,0.5524,1,1,1,1,0.72402,1,1,1,1,1,1,1,1,1,1,1,1,1,1,1,1,1,1,1,1,1,1,1,1,1,1,1,0,0.16457,0.21395,0.74786,1,1,0,0,0,0,0,0,0,0,0,0,0,0,0,0,0,0,0,0,0,0,0,0,0,0,0,0,0,0,0,0,0,0,0,0,0,0,0,0,0,0,0,0,0,0,0,0,0,0,0,0,0,0,0,0,0,0,0,0,0,0,0,0,0,0,0,0,0,0,0,0,0,0,0,0,0,0,0,0,0,0,0,0,0,0,0,0,0,0,0,0,0,0,0,0,0,0,0,0,0,0,0,0,0,0,0,0,0,0,0,0,0,0,0,0,0,0,0,0,0,0,0,0,0,0,0,0,0,0,0,0,0,0,0,0,0,0,0,0,0,0,0,0,0,0,0,0,0,0,0,0,0,0,0,0,0,0,0,0,0,0
0,0,0,0,0,0,0.14688,0.26283,0.5862,0.83829,0,0,0,0,0,0.16774,0.31885,0.75698,0.95396,0,0,0,0,0,0,0,0,0.40266,0.85494,0.91835,0,0,0,0,0,0,0,0.42856,0.986,0,0,0,0,0,0,0,0,0,0,0,0,0,0,0,0,0,0,0,0,0,0,0,0,0,0,0,0,0,0,0,0,0,0,0.27943,0.92218,0,0,0,0,0.16439,0,0,0.18722,0,0.44907,0,0,0.16452,0,0,0,1,1,1,1,1,1,1,1,1,1,1,1,1,1,1,1,1,0.92482,1,1,1,1,1,0.54498,0.73407,0.8245,0.169,0.2483,0.28325,0.31011,0,0,0.61942,0.34312,0.29458,0.83594,0.99458,1,1,0.85736,1,1,1,1,1,1,1,1,1,1,1,1,1,1,1,1,1,1,1,1,1,1,1,1,1,1,1,0,0.20913,0.29823,0.87625,1,1,0,0,0,0,0,0,0,0,0,0,0,0,0,0,0,0,0,0,0,0,0,0,0,0,0,0,0,0,0,0,0,0,0,0,0,0,0,0,0,0,0,0,0,0,0,0,0,0,0,0,0,0,0,0,0,0,0,0,0,0,0,0,0,0,0,0,0,0,0,0,0,0,0,0,0,0,0,0,0,0,0,0,0,0,0,0,0,0,0,0,0,0,0,0,0,0,0,0,0,0,0,0,0,0,0,0,0,0,0,0,0,0,0,0,0,0,0,0,0,0,0,0,0,0,0,0,0,0,0,0,0,0,0,0,0,0,0,0,0,0,0,0,0,0,0,0,0,0,0,0,0,0,0,0,0,0,0,0,0,0
0,0,0,0,0,0,0,0,0,0.16919,0,0,0,0,0,0,0,0,0,0,0,0,0,0,0,0,0,0,0,0,0,0,0,0,0,0,0,0,0,0,0,0,0,0,0,0,0,0,0,0,0,0,0,0,0,0,0,0,0,0,0,0,0,0,0,0,0,0,0,0,0,0,0,0,0,0,0,0,0,0,0,0,0,0,0,0,0,0,0,0,0,0,0,0,0,0,0,0,0,0,0,0,0,0,0,0,0,0,0,0,0,0,0,0,0,0,0,0,0,0,0,0,0,0,0,0,0.53206,1,1,1,1,0.9889,1,1,1,1,0.22965,0.7178,1,1,0,0.39008,0.70348,0.96581,1,1,0.72224,0.91735,0,0.41414,0.62853,0,0.3543,0.19634,0,0,0,0,1,1,1,1,1,1,0,0,0,0,0,0,0,0,0,0,0,0,0,0,0,0,0,0,0,0,0,0,0,0,0,0,0,0,0,0,0,0,0,0,0,0,0,0,0,0,0,0,0,0,0,0,0,0,0,0,0,0,0,0,0,0,0,0,0,0,0,0,0,0,0,0,0,0,0,0,0,0,0,0,0,0,0,0,0,0,0,0,0,0,0,0,0,0,0,0,0,0,0,0,0,0,0,0,0,0,0,0,0,0,0,0,0,0,0,0,0,0,0,0,0,0,0,0,0,0,0,0,0,0,0,0,0,0,0,0,0,0,0,0,0,0,0,0,0,0,0,0,0,0,0,0,0,0,0,0,0,0,0,0,0,0,0,0,0,0
0,0,0,0,0,0,0,0,0,0.22147,0,0,0,0,0,0,0,0,0.17518,0,0,0,0,0,0,0,0,0,0,0,0,0,0,0,0,0,0,0,0,0,0,0,0,0,0,0,0,0,0,0,0,0,0,0,0,0,0,0,0,0,0,0,0,0,0,0,0,0,0,0,0,0,0,0,0,0,0,0,0,0,0,0,0,0,0,0,0,0,0,0,0,0,0,0,0,0,0,0,0,0,0,0,0,0,0,0,0,0,0,0,0,0,0,0,0,0,0,0,0,0,0,0,0,0,0,0,0.67548,1,1,1,1,1,1,1,1,1,0.37091,0.93515,1,1,0.18802,0.63294,0.95688,1,1,1,1,1,0.17539,0.69768,0.93689,0.20801,0.6619,0.39171,0,0,0.16457,0.20913,1,1,1,1,1,1,0,0,0,0,0,0,0,0,0,0,0,0,0,0,0,0,0,0,0,0,0,0,0,0,0,0,0,0,0,0,0,0,0,0,0,0,0,0,0,0,0,0,0,0,0,0,0,0,0,0,0,0,0,0,0,0,0,0,0,0,0,0,0,0,0,0,0,0,0,0,0,0,0,0,0,0,0,0,0,0,0,0,0,0,0,0,0,0,0,0,0,0,0,0,0,0,0,0,0,0,0,0,0,0,0,0,0,0,0,0,0,0,0,0,0,0,0,0,0,0,0,0,0,0,0,0,0,0,0,0,0,0,0,0,0,0,0,0,0,0,0,0,0,0,0,0,0,0,0,0,0,0,0,0,0,0,0,0,0,0
0,0,0,0,0,0,0,0,0.13145,0.23642,0,0,0,0,0,0,0,0,0.19396,0,0,0,0,0,0,0,0,0,0,0,0,0,0,0,0,0,0,0,0,0,0,0,0,0,0,0,0,0,0,0,0,0,0,0,0,0,0,0,0,0,0,0,0,0,0,0,0,0,0,0,0,0,0,0,0,0,0,0,0,0,0,0,0,0,0,0,0,0,0,0,0,0,0,0,0,0,0,0,0,0,0,0,0,0,0,0,0,0,0,0,0,0,0,0,0,0,0,0,0,0,0,0,0,0,0,0,0.70794,1,1,1,1,1,1,1,1,1,0.43282,1,1,1,0.21348,0.74096,1,1,1,1,1,1,0.20726,0.84145,1,0.25107,0.83057,0.55538,0,0.13355,0.21395,0.29823,1,1,1,1,1,1,0,0,0,0,0,0,0,0,0,0,0,0,0,0,0,0,0,0,0,0,0,0,0,0,0,0,0,0,0,0,0,0,0,0,0,0,0,0,0,0,0,0,0,0,0,0,0,0,0,0,0,0,0,0,0,0,0,0,0,0,0,0,0,0,0,0,0,0,0,0,0,0,0,0,0,0,0,0,0,0,0,0,0,0,0,0,0,0,0,0,0,0,0,0,0,0,0,0,0,0,0,0,0,0,0,0,0,0,0,0,0,0,0,0,0,0,0,0,0,0,0,0,0,0,0,0,0,0,0,0,0,0,0,0,0,0,0,0,0,0,0,0,0,0,0,0,0,0,0,0,0,0,0,0,0,0,0,0,0,0
0,0,0,0,0,0,0,0.1901,0.38479,0.71094,0,0,0,0,0,0,0,0.24596,0.60651,0,0,0,0,0,0,0,0,0,0.20249,0.16798,0,0,0,0,0,0,0,0,0,0,0,0,0,0,0,0,0,0,0,0,0,0,0,0,0,0,0,0,0,0,0,0,0,0,0,0,0,0,0,0,0,0,0,0,0,0,0,0,0,0,0,0,0,0,0,0,0,0,0,0,0,0.20797,0.26927,0.41005,0.43198,0,0,0.13162,0.16118,0.17139,0,0,0,0,0,0,0,0,0,0,0,0,0,0,0,0,0,0,0,0,0,0,0,0,0,0,1,1,1,1,1,1,1,1,1,1,0.96399,1,1,1,0.6977,1,1,1,1,1,1,1,0.70464,1,1,0.85806,1,1,0.22103,0.50756,0.74786,0.87625,1,1,1,1,1,1,0,0,0,0,0,0,0,0,0,0,0,0,0,0,0,0,0,0,0,0,0,0,0,0,0,0,0,0,0,0,0,0,0,0,0,0,0,0,0,0,0,0,0,0,0,0,0,0,0,0,0,0,0,0,0,0,0,0,0,0,0,0,0,0,0,0,0,0,0,0,0,0,0,0,0,0,0,0,0,0,0,0,0,0,0,0,0,0,0,0,0,0,0,0,0,0,0,0,0,0,0,0,0,0,0,0,0,0,0,0,0,0,0,0,0,0,0,0,0,0,0,0,0,0,0,0,0,0,0,0,0,0,0,0,0,0,0,0,0,0,0,0,0,0,0,0,0,0,0,0,0,0,0,0,0,0,0,0,0,0
0,0,0,0,0,0,0,0.20393,0.4421,0.7752,0,0,0,0,0,0,0.13364,0.33781,0.7,0,0,0,0,0,0,0,0,0,0.24518,0.21725,0,0,0,0,0,0,0,0,0.14426,0,0,0,0,0,0,0,0,0,0,0,0,0,0,0,0,0,0,0,0,0,0,0,0,0,0,0,0,0,0,0,0,0,0,0,0,0,0,0,0,0,0,0,0,0,0,0,0,0,0,0,0,0.39871,0.581,0.74921,0.78147,0,0.16762,0.23849,0.32528,0.3642,0,0,0,0.14993,0,0,0,0,0,0,0,0,0,0,0,0,0,0,0,0,0,0,0,0,0,0,1,1,1,1,1,1,1,1,1,1,1,1,1,1,0.83495,1,1,1,1,1,1,1,0.88659,1,1,1,1,1,0.37904,0.76176,1,1,1,1,1,1,1,1,0,0,0,0,0,0,0,0,0,0,0,0,0,0,0,0,0,0,0,0,0,0,0,0,0,0,0,0,0,0,0,0,0,0,0,0,0,0,0,0,0,0,0,0,0,0,0,0,0,0,0,0,0,0,0,0,0,0,0,0,0,0,0,0,0,0,0,0,0,0,0,0,0,0,0,0,0,0,0,0,0,0,0,0,0,0,0,0,0,0,0,0,0,0,0,0,0,0,0,0,0,0,0,0,0,0,0,0,0,0,0,0,0,0,0,0,0,0,0,0,0,0,0,0,0,0,0,0,0,0,0,0,0,0,0,0,0,0,0,0,0,0,0,0,0,0,0,0,0,0,0,0,0,0,0,0,0,0,0,0
0,0,0,0,0,0,0,0.19969,0.43779,0.77223,0,0,0,0,0,0,0.13903,0.36556,0.71931,0,0,0,0,0,0,0,0,0,0.28526,0.23906,0,0,0,0,0,0,0,0,0.17578,0,0,0,0,0,0,0,0,0,0,0,0,0,0,0,0,0,0,0,0,0,0,0,0,0,0,0,0,0,0,0,0,0,0,0,0,0,0,0,0,0,0,0,0,0,0,0,0,0,0,0,0,0.56619,0.78104,0.97551,1,0.12603,0.22782,0.42493,0.55495,0.60243,0,0,0.18009,0.2286,0,0,0,0,0,0,0,0,0,0.1577,0,0,0,0,0,0,0,0,0,0,0,0,1,1,1,1,1,1,1,1,1,1,1,1,1,1,0.88571,1,1,1,1,1,1,1,0.97204,1,1,1,1,1,0.49685,0.90898,1,1,1,1,1,1,1,1,0,0,0,0,0,0,0,0,0,0,0,0,0,0,0,0,0,0,0,0,0,0,0,0,0,0,0,0,0,0,0,0,0,0,0,0,0,0,0,0,0,0,0,0,0,0,0,0,0,0,0,0,0,0,0,0,0,0,0,0,0,0,0,0,0,0,0,0,0,0,0,0,0,0,0,0,0,0,0,0,0,0,0,0,0,0,0,0,0,0,0,0,0,0,0,0,0,0,0,0,0,0,0,0,0,0,0,0,0,0,0,0,0,0,0,0,0,0,0,0,0,0,0,0,0,0,0,0,0,0,0,0,0,0,0,0,0,0,0,0,0,0,0,0,0,0,0,0,0,0,0,0,0,0,0,0,0,0,0,0
0.14747,0,0.52125,0.19842,0,0,0,0,0,0,0.88026,0.52015,0.2208,0,0,0,0,0,0,1,1,1,0.48348,0.19206,0,0,0,0,0,0,1,1,0.46216,0.19743,0.18926,0,0,0,0,0,0,0.20171,0.14172,0.2336,0.23843,0.59598,0.53676,1,1,0.60335,1,1,0.79614,1,1,0.89197,0.8885,1,1,0.90153,1,1,1,1,1,0.49272,0.32188,0.20913,0.53237,0.25848,0.17736,0,0,0,0,0.22639,0,0,0,0,0,0,0,0,0,0,0,0,0,0,0,0,0,0,0,0,0,0,0,0,0,0,0,0,0,0,0,0,0,0,0,0,0,0,0,0,0,0,0,0,0,0,0,0,0,0,0,0,0,0,0,0,0,0,0,0,0,0,0,0,0,0,0,0,0,0,0,0,0,0,0,0,0,0,0,0,0,0,0,0,0,0,0,0,1,1,1,1,1,1,1,1,1,1,0.77648,1,1,1,1,1,1,1,1,1,1,1,0.74502,1,0.80054,1,1,1,0.82391,0.56314,0.29871,0.90325,1,1,1,0.52495,0.26556,0.43485,0.16821,0.33733,0.14094,0.23529,0,0.17205,0,0.12552,0,0,0,0,0,0,0,0,0,0,0,0,0,0,0,0,0,0,0,0,0,0,0,0,0.1518,0,0,0,0,0,0,0,0,0,0.18404,0.16017,0,0,0,0,0,0,0,0,0,0,0,0,0,0,0,0,0,0,0,0,0,0,0,0,0,0,0,0,0,0,0,0,0,0,0,0,0,0,0,0,0,0,0,0,0,0,0,0,0,0,0,0,0,0,0,0,0,0,0,0,0,0,0,0,0,0,0,0,0,0,0,0,0,0,0,0,0,0
0.22593,0,0.77349,0.36195,0,0,0,0,0,0,1,0.81159,0.46383,0,0,0,0,0,0,1,1,1,0.82792,0.41103,0.18112,0,0,0,0,0,1,1,0.82078,0.44419,0.42752,0.14361,0,0,0,0,0,0.17374,0,0.17407,0.23386,0.57113,0.35455,0.92926,0.95168,0.45239,1,1,0.82655,1,1,0.99489,1,1,1,1,1,1,1,1,1,0.61051,0.53742,0.16316,0.90016,0.62604,0.39746,0,0,0,0,0.54135,0,0,0,0,0.19698,0,0,0,0,0,0,0,0,0,0,0,0,0,0,0,0,0,0,0,0,0,0,0,0,0,0,0,0,0,0,0,0,0,0,0,0,0,0,0,0,0,0,0,0,0,0,0,0,0,0,0,0,0,0,0,0,0,0,0,0,0,0,0,0,0,0,0,0,0,0,0,0,0,0,0,0,0,0,0,0,0,0,0,1,1,1,1,1,1,1,1,1,1,1,1,1,1,1,1,1,1,1,1,1,1,1,1,1,1,1,1,1,0.72676,0.43294,0.93074,1,1,1,0.81728,0.56949,0.70083,0.29401,0.58404,0.23243,0.42428,0.14977,0.23707,0,0.17747,0,0,0,0,0,0,0,0,0,0,0,0,0,0,0,0,0,0,0,0,0,0,0,0,0.16435,0,0,0,0,0,0,0,0,0,0.38312,0.29834,0,0,0,0.19906,0,0,0,0,0,0,0,0,0,0.13593,0,0,0,0,0,0,0,0,0,0,0,0,0,0,0,0,0,0,0,0,0,0,0,0,0,0,0,0,0,0,0,0,0,0,0,0,0,0,0,0,0,0,0,0,0,0,0,0,0,0,0,0,0,0,0,0,0,0,0,0,0,0,0,0
0.29814,0,0.90715,0.51934,0.16161,0,0,0,0,0,1,0.99711,0.66733,0.18066,0,0,0,0,0,1,1,1,1,0.66608,0.29354,0.12844,0,0,0,0,1,1,1,0.7298,0.72996,0.23971,0,0,0,0,0,0,0,0,0.19073,0.42776,0.19897,0.66293,0.72013,0.23834,1,1,0.72606,1,1,0.95828,1,1,1,1,1,1,1,1,1,0.59613,0.62986,0,1,0.95382,0.71548,0,0,0,0,0.88365,0.23648,0,0,0,0.43374,0,0,0,0,0,0.21095,0,0,0,0,0,0,0,0,0,0,0,0,0,0,0,0,0,0,0,0,0,0,0,0,0,0,0,0,0,0,0,0,0,0,0,0,0,0,0,0,0,0,0,0,0,0,0,0,0,0,0,0,0,0,0,0,0,0,0,0,0,0,0,0,0,0,0,0,0,0,0,0,0,0,0,0,0,1,1,1,1,1,1,1,1,1,1,1,1,1,1,1,1,1,1,1,1,1,1,1,1,1,1,1,1,1,0.9136,0.59637,0.98542,1,1,1,1,0.88177,0.9812,0.59596,0.84846,0.48767,0.66488,0.24257,0.43267,0.15412,0.23999,0.16155,0,0,0.15995,0,0,0,0,0,0,0,0,0,0,0,0,0,0,0,0,0,0,0,0,0.1907,0,0,0,0,0.15314,0,0,0,0.1804,0.71475,0.62152,0.21996,0,0,0.41253,0.18275,0,0,0,0,0,0,0,0,0.23823,0.12736,0,0,0,0,0,0,0,0,0.17802,0,0,0,0,0,0,0,0,0,0,0,0,0,0,0,0,0,0,0,0,0,0,0,0,0,0,0,0,0,0,0,0,0,0,0,0,0,0,0,0,0,0,0,0,0,0,0,0,0,0,0,0,0,0
0.44852,0.21561,1,0.78387,0.38591,0,0,0,0,0,1,1,1,0.58772,0.19246,0,0,0,0,1,1,1,1,1,0.96615,0.57054,0.24629,0,0,0,1,1,1,1,1,1,0.33699,0,0,0.16282,0,0,0,0,0,0,0,0,0,0,0.77332,0.34627,0.21936,1,0.88396,0.53781,0.85411,1,1,1,1,1,1,1,1,0.27852,0.6465,0,1,1,1,0.82281,0.36648,0,0,1,1,0.66588,0.23336,0,1,0.17015,0,0,0,0,1,0,0,0,0,0,0,0,0,0,0,0,0,0,0,0,0,0,0,0,0,0,0,0,0,0,0,0,0,0,0,0,0,0,0,0,0,0,0,0,0,0,0,0,0,0,0,0,0,0,0,0,0,0,0,0,0,0,0,0,0,0,0,0,0,0,0,0,0,0,0,0,0,0,0,0,0,0,1,1,1,1,1,1,1,1,1,1,1,1,1,1,1,1,1,1,1,1,1,1,1,1,1,1,1,1,1,1,0.82521,0.78387,1,1,1,1,1,1,1,1,1,1,0.99475,0.91808,0.69424,0.5829,0.52207,0.34749,0.23275,0.3632,0.27736,0.22378,0.12549,0.193,0.15191,0.13539,0.1702,0,0,0,0,0,0,0,0,0,0,0,0,0,0.18309,0.15522,0,0,0,0.23594,0,0,0,1,1,1,1,0.83164,0,1,1,0.71959,0.28424,0,0,0,0,0,0,1,0.87861,0.54418,0.24354,0.14922,0,0,0,0,0,0.92234,0.70676,0.37128,0.18481,0,0,0,0,0.21985,0.29096,0,0,0,0,0,0,0.27528,0.16304,0,0,0,0,0,0,0,0,0,0,0,0,0,0,0,0,0,0,0,0,0,0,0,0,0,0,0,0,0,0,0,0,0,0,0,0,0
0,0,0.15807,0,0,0,0,0,0,0,0.3993,0.17049,0,0,0,0,0,0,0,0.81926,1,0.80366,0.19071,0,0,0,0,0,0,0,1,0.72531,0.20155,0,0,0,0,0,0,0,0,0,0,0,0,0.17584,0.19817,0.66996,0.58432,0.20848,1,0.56588,0.23572,1,0.7316,0.29423,0.30089,0.89256,0.62686,0.3323,1,1,1,1,1,0.13179,0,0,0.27826,0.16242,0,0,0,0,0,0.17186,0,0,0,0,0,0,0,0,0,0,0,0,0,0,0,0,0,0,0,0,0,0,0,0,0,0,0,0,0,0,0,0,0,0,0,0,0,0,0,0,0,0,0,0,0,0,0,0,0,0,0,0,0,0,0,0,0,0,0,0,0,0,0,0,0,0,0,0,0,0,0,0,0,0,0,0,0,0,0,0,0,0,0,0,0,0,0,0,1,1,1,1,1,1,1,1,1,1,0.66794,1,1,1,1,1,1,1,1,1,1,1,0.73862,1,0.93876,1,1,1,1,0.90248,0.68831,1,1,1,1,0.61513,0.33318,0.59029,0.20567,0.53674,0.19096,0.46361,0.12695,0.31946,0,0.24805,0.12524,0,0,0.17087,0,0,0.1432,0,0,0,0,0,0,0,0,0,0,0,0,0,0,0,0,0,0.46274,0,0,0,0,0.20565,0,0,0,0,0.18062,0.17166,0,0,0,0,0,0,0,0,0,0,0,0,0,0,0,0,0,0,0,0,0,0,0,0,0,0,0,0,0,0,0,0,0,0,0,0,0,0,0,0,0,0,0,0,0,0,0,0,0,0,0,0,0,0,0,0,0,0,0,0,0,0,0,0,0,0,0,0,0,0,0,0,0,0,0,0,0,0
0,0,0.29134,0.12621,0,0,0,0,0,0,0.71608,0.3299,0.16159,0,0,0,0,0,0,1,1,1,0.37772,0.15041,0,0,0,0,0,0,1,1,0.39778,0.16911,0.1699,0,0,0,0,0,0,0,0,0.12577,0,0.25209,0.23787,0.79411,0.74812,0.27023,1,0.80794,0.45983,1,1,0.57595,0.60322,1,0.9376,0.64442,1,1,1,1,1,0.22713,0.18762,0,0.54109,0.25469,0.16819,0,0,0,0,0.24814,0,0,0,0,0,0,0,0,0,0,0,0,0,0,0,0,0,0,0,0,0,0,0,0,0,0,0,0,0,0,0,0,0,0,0,0,0,0,0,0,0,0,0,0,0,0,0,0,0,0,0,0,0,0,0,0,0,0,0,0,0,0,0,0,0,0,0,0,0,0,0,0,0,0,0,0,0,0,0,0,0,0,0,0,0,0,0,0,1,1,1,1,1,1,1,1,1,1,0.87784,1,1,1,1,1,1,1,1,1,1,1,0.9034,1,1,1,1,1,1,0.87038,0.61996,1,1,1,1,0.73084,0.45901,0.67046,0.23948,0.59145,0.21788,0.48285,0.14609,0.30927,0,0.23013,0,0,0,0.15118,0,0,0,0,0,0,0,0,0,0,0,0,0,0,0,0,0,0,0,0,0.29921,0,0,0,0,0.17357,0,0,0,0,0.23486,0.21866,0,0,0,0.16164,0,0,0,0,0,0,0,0,0,0,0,0,0,0,0,0,0,0,0,0,0,0,0,0,0,0,0,0,0,0,0,0,0,0,0,0,0,0,0,0,0,0,0,0,0,0,0,0,0,0,0,0,0,0,0,0,0,0,0,0,0,0,0,0,0,0,0,0,0,0,0,0,0,0
0.17389,0,0.63056,0.2479,0,0,0,0,0,0,1,0.72426,0.39841,0,0,0,0,0,0,1,1,1,0.85344,0.41567,0.18053,0,0,0,0,0,1,1,0.89848,0.499,0.51502,0.16408,0,0,0,0,0,0,0,0,0,0.24424,0.16399,0.56729,0.58977,0.19661,1,0.81791,0.50839,1,1,0.71411,0.82866,1,1,0.92909,1,1,1,1,1,0.34366,0.3552,0,1,0.77595,0.52094,0,0,0,0,0.76443,0.18646,0,0,0,0.33311,0,0,0,0,0,0.15407,0,0,0,0,0,0,0,0,0,0,0,0,0,0,0,0,0,0,0,0,0,0,0,0,0,0,0,0,0,0,0,0,0,0,0,0,0,0,0,0,0,0,0,0,0,0,0,0,0,0,0,0,0,0,0,0,0,0,0,0,0,0,0,0,0,0,0,0,0,0,0,0,0,0,0,0,0,1,1,1,1,1,1,1,1,1,1,1,1,1,1,1,1,1,1,1,1,1,1,1,1,1,1,1,1,1,1,0.78618,1,1,1,1,1,0.8986,1,0.63353,0.94186,0.54492,0.78655,0.30315,0.57402,0.18401,0.39113,0.20749,0,0,0.2169,0.13743,0,0.13337,0,0,0,0,0,0,0,0,0,0,0,0,0,0,0,0,0,0.3096,0,0,0,0,0.21866,0,0,0,0.15965,0.68269,0.61425,0.20656,0,0,0.42429,0.17758,0,0,0,0,0,0,0,0,0.24799,0.12814,0,0,0,0,0,0,0,0,0.19181,0,0,0,0,0,0,0,0,0,0,0,0,0,0,0,0,0,0,0,0,0,0,0,0,0,0,0,0,0,0,0,0,0,0,0,0,0,0,0,0,0,0,0,0,0,0,0,0,0,0,0,0,0,0
0.46054,0.1812,1,0.72107,0.23944,0,0,0,0,0,1,1,0.92017,0.31595,0,0,0,0,0,1,1,1,1,0.97746,0.60234,0.23107,0,0,0,0,1,1,1,1,1,0.56798,0,0,0,0,0,0,0,0,0.15219,0.29181,0,0.38822,0.48337,0.15903,1,0.88392,0.63205,1,1,0.9293,1,1,1,1,1,1,1,1,1,0.6003,0.75483,0,1,1,1,0.22574,0,0,0,1,0.59486,0.14486,0,0,0.81048,0,0,0,0,0,0.51586,0,0,0,0,0,0,0,0,0,0,0,0,0,0,0,0,0,0,0,0,0,0,0,0,0,0,0,0,0,0,0,0,0,0,0,0,0,0,0,0,0,0,0,0,0,0,0,0,0,0,0,0,0,0,0,0,0,0,0,0,0,0,0,0,0,0,0,0,0,0,0,0,0,0,0,0,0,1,1,1,1,1,1,1,1,1,1,1,1,1,1,1,1,1,1,1,1,1,1,1,1,1,1,1,1,1,1,0.66493,0.91363,1,1,1,1,1,1,0.87407,1,0.74614,0.84085,0.4684,0.58375,0.22952,0.32662,0.21543,0,0,0.19661,0.13868,0,0,0,0,0,0,0,0,0,0,0,0,0,0,0,0,0,0,0,0.18171,0,0,0,0,0.17451,0,0,0,0.40172,1,0.94101,0.50671,0.1964,0,0.71724,0.37803,0.16262,0,0,0,0,0,0,0,0.50463,0.23282,0,0,0,0,0,0,0,0,0.31344,0.1824,0,0,0,0,0,0,0,0,0,0,0,0,0,0,0,0,0,0,0,0,0,0,0,0,0,0,0,0,0,0,0,0,0,0,0,0,0,0,0,0,0,0,0,0,0,0,0,0,0,0,0,0,0
0.30036,0.14518,0.90703,0.59931,0.21461,0,0,0,0,0,1,1,0.85885,0.29658,0,0,0,0,0,1,1,1,1,1,0.63576,0.24371,0.12765,0,0,0,1,1,1,1,1,0.68581,0.14836,0,0,0,0,0,0,0,0,0.14263,0,0.16459,0.19721,0,1,0.51753,0.28407,1,1,0.61196,0.86521,1,1,1,1,1,1,1,1,0.30711,0.5533,0,1,1,1,0.38874,0.14477,0,0,1,0.87132,0.24273,0,0,1,0,0,0,0,0,0.75929,0,0,0,0,0,0,0,0,0,0,0,0,0,0,0,0,0,0,0,0,0,0,0,0,0,0,0,0,0,0,0,0,0,0,0,0,0,0,0,0,0,0,0,0,0,0,0,0,0,0,0,0,0,0,0,0,0,0,0,0,0,0,0,0,0,0,0,0,0,0,0,0,0,0,0,0,0,1,1,1,1,1,1,1,1,1,1,1,1,1,1,1,1,1,1,1,1,1,1,1,1,1,1,1,1,1,1,0.94163,1,1,1,1,1,1,1,1,1,1,1,0.85161,0.92088,0.56711,0.63611,0.49292,0.24732,0.17998,0.40366,0.2573,0.19571,0.16459,0.18938,0.13024,0,0,0,0,0,0,0,0,0,0,0,0,0,0,0,0.24974,0.17253,0,0,0,0.30432,0,0,0,0.76972,1,1,0.88731,0.46084,0,1,0.7674,0.3673,0.13585,0,0,0,0,0,0,0.89877,0.59131,0.23788,0.12559,0,0,0,0,0,0,0.70656,0.44149,0.18622,0,0,0,0,0,0,0.17782,0,0,0,0,0,0,0.18641,0,0,0,0,0,0,0,0,0,0,0,0,0,0,0,0,0,0,0,0,0,0,0,0,0,0,0,0,0,0,0,0,0,0,0,0,0,0
0.24451,0.14978,0.81057,0.57637,0.23275,0,0,0,0,0,1,1,0.90746,0.42041,0.14279,0,0,0,0,1,1,1,1,1,0.81857,0.4315,0.20453,0,0,0,1,1,1,1,1,0.97588,0.2481,0,0,0,0,0,0,0,0,0,0,0,0,0,0.57426,0.20846,0.14356,0.78131,0.6564,0.30652,0.62153,1,1,0.87251,1,1,1,1,1,0.18197,0.42157,0,1,1,1,0.79783,0.33825,0,0,1,1,0.72003,0.23899,0,1,0.1869,0,0,0,0,1,0,0,0,0,0,0,0,0,0,0,0,0,0,0,0,0,0,0,0,0,0,0,0,0,0,0,0,0,0,0,0,0,0,0,0,0,0,0,0,0,0,0,0,0,0,0,0,0,0,0,0,0,0,0,0,0,0,0,0,0,0,0,0,0,0,0,0,0,0,0,0,0,0,0,0,0,0,1,1,1,1,1,1,1,1,1,1,1,1,1,1,1,1,1,1,1,1,1,1,1,1,1,1,1,1,1,1,1,0.92426,1,1,1,1,1,1,1,1,1,1,1,1,0.9262,0.8008,0.75172,0.58,0.42758,0.58404,0.50647,0.40393,0.19399,0.30742,0.22932,0.21272,0.24634,0,0,0.17171,0,0,0,0,0,0,0,0,0,0,0.24267,0.22844,0,0,0,0.41758,0,0,0,1,1,1,1,0.98557,0,1,1,0.88704,0.43303,0.16205,0,0,0,0,0,1,1,0.72465,0.39658,0.20219,0,0,0,0,0,1,0.91528,0.56066,0.24317,0,0,0,0,0.35846,0.50121,0.17275,0,0,0,0,0,0.49595,0.23202,0,0,0,0,0,0,0.16459,0,0,0,0,0,0.13339,0,0,0,0,0,0,0,0,0,0,0,0,0,0,0,0,0,0,0,0,0,0,0,0
0.20194,0.13601,0.63539,0.4796,0.23034,0,0,0,0,0,1,0.97948,0.86706,0.4782,0.18369,0,0,0,0,1,1,1,1,1,0.9247,0.57206,0.29708,0,0,0,1,1,1,1,1,1,0.50294,0.15706,0,0,0,0,0,0,0,0,0,0,0,0,0.20078,0,0,0.35852,0.27514,0.15444,0.3234,0.62795,0.72338,0.60727,0.56601,1,0.95861,0.69977,1,0,0.24259,0,1,1,1,1,0.72111,0.20213,0,1,1,1,0.66868,0.16591,1,0.55112,0,0,0.18083,0.15588,1,0,0,0,0,0,0,0,0,0,0,0,0,0,0,0,0,0,0,0,0,0,0,0,0,0,0,0,0,0,0,0,0,0,0,0,0,0,0,0,0,0,0,0,0,0,0,0,0,0,0,0,0,0,0,0,0,0,0,0,0,0,0,0,0,0,0,0,0,0,0,0,0,0,0,0,0,0,0.77648,1,1,1,0.66794,0.87784,1,1,1,1,1,0.731,1,1,1,1,1,1,1,1,1,1,1,1,1,1,1,1,1,1,0.96095,0.66015,0.87834,1,1,1,1,1,1,1,1,1,1,1,1,0.82927,0.89039,0.82361,0.74085,0.63877,0.64275,0.62561,0.18486,0.43838,0.39115,0.40956,0.56456,0,0,0.22936,0.15341,0.14527,0,0,0,0,0,0,0,0.18553,0.19619,0.24643,0.1383,0,0,0.40596,0,0,0,1,1,1,1,1,0.23013,1,1,1,0.95731,0.51497,0.20204,0,0,0,0,1,1,1,0.90901,0.62473,0.32025,0.16199,0,0,0,1,1,1,0.73217,0.12752,0,0,0,0.81893,0.92771,0.50828,0.20803,0,0,0,0,0.87644,0.63498,0.31363,0.13796,0,0,0,0,0.42173,0.20734,0,0,0,0,0.28363,0.24943,0.14325,0,0,0,0.23997,0.1855,0,0,0,0,0,0,0,0,0,0,0,0,0,0,0,0,0
0,0,0,0,0,0,0,0,0,0,0.25801,0,0,0,0,0,0,0,0,0.78542,1,0.68532,0.1597,0,0,0,0,0,0,0,1,0.66053,0.18115,0,0,0,0,0,0,0,0,0,0,0,0,0,0,0.36624,0.28014,0,1,0.27934,0.14189,0.79304,0.47368,0.17801,0.18911,0.65608,0.41113,0.20705,1,1,1,1,1,0,0,0,0.27248,0.1587,0,0,0,0,0,0.18708,0,0,0,0,0,0,0,0,0,0,0,0,0,0,0,0,0,0,0,0,0,0,0,0,0,0,0,0,0,0,0,0,0,0,0,0,0,0,0,0,0,0,0,0,0,0,0,0,0,0,0,0,0,0,0,0,0,0,0,0,0,0,0,0,0,0,0,0,0,0,0,0,0,0,0,0,0,0,0,0,0,0,0,0,0,0,0,0,1,1,1,1,1,1,1,1,1,1,0.731,1,1,1,1,1,1,1,1,1,1,1,0.85086,1,1,1,1,1,1,1,0.96814,1,1,1,1,0.77554,0.48738,0.78059,0.29411,0.74679,0.2669,0.69836,0.1978,0.57264,0.1333,0.51941,0.21145,0,0,0.29084,0.15591,0,0.24282,0,0,0,0,0.19608,0,0,0,0,0.13984,0,0,0,0,0,0,0,0.76694,0.16999,0,0,0,0.40854,0,0,0,0,0.2211,0.21927,0,0,0,0.17524,0,0,0,0,0,0,0,0,0,0.13371,0,0,0,0,0,0,0,0,0,0,0,0,0,0,0,0,0,0,0,0,0,0,0,0,0,0,0,0,0,0,0,0,0,0,0,0,0,0,0,0,0,0,0,0,0,0,0,0,0,0,0,0,0,0,0,0,0,0,0,0,0,0,0,0
0,0,0.20153,0,0,0,0,0,0,0,0.60931,0.23213,0,0,0,0,0,0,0,1,1,1,0.35273,0.1363,0,0,0,0,0,0,1,1,0.42437,0.1717,0.18367,0,0,0,0,0,0,0,0,0,0,0,0,0.368,0.32869,0,1,0.43238,0.19912,0.99516,0.69514,0.25504,0.33246,0.91172,0.69697,0.41448,1,1,1,1,1,0,0,0,0.65473,0.35875,0.19461,0,0,0,0,0.43157,0,0,0,0,0.17897,0,0,0,0,0,0,0,0,0,0,0,0,0,0,0,0,0,0,0,0,0,0,0,0,0,0,0,0,0,0,0,0,0,0,0,0,0,0,0,0,0,0,0,0,0,0,0,0,0,0,0,0,0,0,0,0,0,0,0,0,0,0,0,0,0,0,0,0,0,0,0,0,0,0,0,0,0,0,0,0,0,0,0,1,1,1,1,1,1,1,1,1,1,1,1,1,1,1,1,1,1,1,1,1,1,1,1,1,1,1,1,1,1,1,1,1,1,1,1,0.78771,1,0.56994,0.97819,0.52183,0.88853,0.32247,0.72591,0.20196,0.61597,0.27709,0,0,0.37951,0.19683,0,0.2425,0.1479,0,0,0,0.1887,0,0,0,0,0.12598,0,0,0,0,0,0,0,0.70382,0.18854,0,0,0,0.44623,0,0,0,0,0.49203,0.46879,0.14252,0,0,0.31823,0.12857,0,0,0,0,0,0,0,0,0.22494,0,0,0,0,0,0,0,0,0,0.17766,0,0,0,0,0,0,0,0,0,0,0,0,0,0,0,0,0,0,0,0,0,0,0,0,0,0,0,0,0,0,0,0,0,0,0,0,0,0,0,0,0,0,0,0,0,0,0,0,0,0,0,0,0,0
0,0,0.36234,0.16466,0,0,0,0,0,0,0.91576,0.4907,0.22788,0,0,0,0,0,0,1,1,1,0.7033,0.25461,0.12644,0,0,0,0,0,1,1,0.79331,0.37971,0.42551,0.12832,0,0,0,0,0,0,0,0,0,0.1294,0,0.25296,0.25994,0,1,0.47319,0.22161,1,0.81272,0.37942,0.51263,1,0.9005,0.6325,1,1,1,1,1,0.17153,0.18871,0,1,0.7446,0.46649,0,0,0,0,0.81758,0.19287,0,0,0,0.41692,0,0,0,0,0,0.15058,0,0,0,0,0,0,0,0,0,0,0,0,0,0,0,0,0,0,0,0,0,0,0,0,0,0,0,0,0,0,0,0,0,0,0,0,0,0,0,0,0,0,0,0,0,0,0,0,0,0,0,0,0,0,0,0,0,0,0,0,0,0,0,0,0,0,0,0,0,0,0,0,0,0,0,0,0,1,1,1,1,1,1,1,1,1,1,1,1,1,1,1,1,1,1,1,1,1,1,1,1,1,1,1,1,1,1,1,1,1,1,1,1,1,1,0.86981,1,0.80048,1,0.57637,0.89378,0.33814,0.72636,0.44154,0.18969,0,0.48613,0.24561,0.15329,0.24826,0.19156,0,0,0,0.18817,0,0,0,0,0,0,0,0,0,0,0,0,0.64942,0.21441,0,0,0,0.4991,0,0,0,0.20469,0.84498,0.80488,0.27921,0,0,0.63699,0.24013,0,0,0,0,0,0,0,0,0.47573,0.19732,0,0,0,0,0,0,0,0,0.31993,0.16164,0,0,0,0,0,0,0,0,0,0,0,0,0,0,0,0,0,0,0,0,0,0,0,0,0,0,0,0,0,0,0,0,0,0,0,0,0,0,0,0,0,0,0,0,0,0,0,0,0,0,0,0,0
0.20186,0,0.71915,0.37286,0.1271,0,0,0,0,0,1,0.88071,0.58886,0.16613,0,0,0,0,0,1,1,1,1,0.68401,0.30904,0.13372,0,0,0,0,1,1,1,0.81666,0.86284,0.3226,0,0,0,0,0,0,0,0,0,0.16734,0,0.2345,0.2629,0,1,0.59479,0.32234,1,1,0.59579,0.7874,1,1,0.94574,1,1,1,1,1,0.25672,0.39708,0,1,1,0.89924,0.16736,0,0,0,1,0.48402,0,0,0,0.7808,0,0,0,0,0,0.37049,0,0,0,0,0,0,0,0,0,0,0,0,0,0,0,0,0,0,0,0,0,0,0,0,0,0,0,0,0,0,0,0,0,0,0,0,0,0,0,0,0,0,0,0,0,0,0,0,0,0,0,0,0,0,0,0,0,0,0,0,0,0,0,0,0,0,0,0,0,0,0,0,0,0,0,0,0,1,1,1,1,1,1,1,1,1,1,1,1,1,1,1,1,1,1,1,1,1,1,1,1,1,1,1,1,1,1,0.99838,1,1,1,1,1,1,1,1,1,0.94573,1,0.68728,0.87573,0.42158,0.64296,0.43067,0.20662,0.12577,0.40412,0.23578,0.16175,0.19035,0.17645,0,0,0,0,0,0,0,0,0,0,0,0,0,0,0,0,0.40055,0.17834,0,0,0,0.35736,0,0,0,0.43134,1,1,0.56981,0.20967,0,0.85628,0.47629,0.18329,0,0,0,0,0,0,0,0.66544,0.32058,0.1379,0,0,0,0,0,0,0,0.48844,0.22974,0,0,0,0,0,0,0,0,0,0,0,0,0,0,0,0,0,0,0,0,0,0,0,0,0,0,0,0,0,0,0,0,0,0,0,0,0,0,0,0,0,0,0,0,0,0,0,0,0,0,0,0,0
0.12573,0,0.47448,0.23246,0,0,0,0,0,0,1,0.72161,0.49586,0.15901,0,0,0,0,0,1,1,1,1,0.71937,0.35874,0.15538,0,0,0,0,1,1,1,0.9431,1,0.4974,0,0,0,0,0,0,0,0,0,0,0,0,0,0,0.58516,0.18035,0,0.69693,0.51621,0.20942,0.38908,0.84203,0.80741,0.6035,1,1,1,1,1,0,0.202,0,1,1,1,0.33089,0,0,0,1,0.90618,0.31125,0,0,1,0,0,0,0,0,0.74099,0,0,0,0,0,0,0,0,0,0,0,0,0,0,0,0,0,0,0,0,0,0,0,0,0,0,0,0,0,0,0,0,0,0,0,0,0,0,0,0,0,0,0,0,0,0,0,0,0,0,0,0,0,0,0,0,0,0,0,0,0,0,0,0,0,0,0,0,0,0,0,0,0,0,0,0,0,1,1,1,1,1,1,1,1,1,1,1,1,1,1,1,1,1,1,1,1,1,1,1,1,1,1,1,1,1,1,1,1,1,1,1,1,1,1,1,1,1,1,1,1,1,1,0.97698,0.71664,0.49872,0.88151,0.74136,0.5665,0.44624,0.55185,0.37298,0.25972,0.30195,0.24432,0.18565,0.24355,0.16359,0.13495,0.16644,0,0.15221,0,0,0,0,0.13566,0.65321,0.49228,0.18474,0,0,0.76601,0,0,0,1,1,1,1,0.72891,0,1,1,0.66526,0.22472,0,0,0,0,0,0,1,0.96074,0.54248,0.22645,0.12512,0,0,0,0,0,1,0.83273,0.40998,0.17981,0,0,0,0,0.24859,0.43543,0,0,0,0,0,0,0.48933,0.2065,0,0,0,0,0,0,0.14557,0,0,0,0,0,0.13448,0,0,0,0,0,0.1321,0,0,0,0,0,0,0,0,0,0,0,0,0,0,0,0,0,0
0.13083,0,0.47257,0.24469,0,0,0,0,0,0,1,0.75622,0.56662,0.19633,0,0,0,0,0,1,1,1,1,0.84488,0.49717,0.20551,0,0,0,0,1,1,1,1,1,0.68776,0.15535,0,0,0,0,0,0,0,0,0,0,0,0,0,0.37255,0,0,0.53103,0.38012,0.17116,0.30966,0.71869,0.72711,0.54993,0.93443,1,1,1,1,0,0.1956,0,1,1,1,0.58289,0.20792,0,0,1,1,0.60481,0.18575,0,1,0.14899,0,0,0,0,1,0,0,0,0,0,0,0,0,0,0,0,0,0,0,0,0,0,0,0,0,0,0,0,0,0,0,0,0,0,0,0,0,0,0,0,0,0,0,0,0,0,0,0,0,0,0,0,0,0,0,0,0,0,0,0,0,0,0,0,0,0,0,0,0,0,0,0,0,0,0,0,0,0,0,0,0,0,1,1,1,1,1,1,1,1,1,1,1,1,1,1,1,1,1,1,1,1,1,1,1,1,1,1,1,1,1,1,1,1,1,1,1,1,1,1,1,1,1,1,1,1,1,1,1,0.87426,0.69277,0.92271,0.83264,0.7074,0.42413,0.63552,0.49863,0.42487,0.49964,0.23452,0.18668,0.33496,0.19896,0.17675,0.15473,0,0.15995,0,0,0,0,0.18966,0.55856,0.5248,0.20794,0,0,0.75995,0,0,0,1,1,1,1,1,0,1,1,0.96449,0.47794,0.16883,0,0,0,0,0,1,1,0.83358,0.4769,0.22498,0,0,0,0,0,1,1,0.69288,0.33126,0,0,0,0,0.51699,0.69099,0.21421,0,0,0,0,0,0.72101,0.37807,0.15925,0,0,0,0,0,0.22917,0,0,0,0,0,0.20963,0.17774,0,0,0,0,0.20238,0.13456,0,0,0,0,0,0,0,0,0,0,0,0,0,0,0,0,0
0,0,0,0,0,0,0,0,0,0,0.36226,0.14501,0,0,0,0,0,0,0,1,1,0.82041,0.22548,0,0,0,0,0,0,0,1,0.88921,0.29245,0,0.14644,0,0,0,0,0,0,0,0,0,0,0,0,0.15258,0.1375,0,0.73958,0.17463,0,0.59989,0.31003,0,0.15892,0.54525,0.35641,0.19446,1,1,1,1,1,0,0,0,0.60153,0.30242,0.1693,0,0,0,0,0.46216,0,0,0,0,0.20316,0,0,0,0,0,0,0,0,0,0,0,0,0,0,0,0,0,0,0,0,0,0,0,0,0,0,0,0,0,0,0,0,0,0,0,0,0,0,0,0,0,0,0,0,0,0,0,0,0,0,0,0,0,0,0,0,0,0,0,0,0,0,0,0,0,0,0,0,0,0,0,0,0,0,0,0,0,0,0,0,0,0,0,1,1,1,1,1,1,1,1,1,1,1,1,1,1,1,1,1,1,1,1,1,1,1,1,1,1,1,1,1,1,1,1,1,1,1,1,0.99159,1,0.81225,1,0.7916,1,0.62151,1,0.42716,1,0.64553,0.23585,0,0.77484,0.46981,0.21097,0.64353,0.33094,0.17126,0,0,0.48314,0.23202,0.15479,0,0,0.29473,0.17233,0.17528,0,0,0,0,0,1,0.47138,0.14517,0,0,0.85689,0,0,0,0.12923,0.64377,0.65554,0.19642,0,0,0.53656,0.19403,0,0,0,0,0,0,0,0,0.42092,0.1651,0,0,0,0,0,0,0,0,0.29855,0.1415,0,0,0,0,0,0,0,0,0,0,0,0,0,0,0,0,0,0,0,0,0,0,0,0,0,0,0,0,0,0,0,0,0,0,0,0,0,0,0,0,0,0,0,0,0,0,0,0,0,0,0,0,0
0,0,0.17922,0,0,0,0,0,0,0,0.626,0.23093,0.13445,0,0,0,0,0,0,1,1,1,0.47402,0.17353,0,0,0,0,0,0,1,1,0.60339,0.2275,0.25582,0,0,0,0,0,0,0,0,0,0,0,0,0.13947,0.13617,0,0.78147,0.20024,0,0.70792,0.4407,0.16955,0.21765,0.70272,0.54697,0.2858,1,1,1,1,1,0,0,0,0.92576,0.62671,0.33031,0,0,0,0,0.78689,0.17458,0,0,0,0.42813,0,0,0,0,0,0,0,0,0,0,0,0,0,0,0,0,0,0,0,0,0,0,0,0,0,0,0,0,0,0,0,0,0,0,0,0,0,0,0,0,0,0,0,0,0,0,0,0,0,0,0,0,0,0,0,0,0,0,0,0,0,0,0,0,0,0,0,0,0,0,0,0,0,0,0,0,0,0,0,0,0,0,0,1,1,1,1,1,1,1,1,1,1,1,1,1,1,1,1,1,1,1,1,1,1,1,1,1,1,1,1,1,1,1,1,1,1,1,1,1,1,1,1,1,1,0.82636,1,0.60906,1,0.76279,0.36184,0.18448,0.8357,0.56785,0.26703,0.61621,0.41305,0.20904,0.13583,0,0.43754,0.22581,0.18424,0,0,0.24435,0.15145,0.17476,0,0,0,0,0,1,0.50209,0.16138,0,0,0.86489,0,0,0,0.22983,0.94148,0.93828,0.38194,0.13852,0,0.80225,0.35894,0.12647,0,0,0,0,0,0,0,0.66875,0.25742,0,0,0,0,0,0,0,0,0.53203,0.22419,0,0,0,0,0,0,0,0,0,0,0,0,0,0,0.14514,0,0,0,0,0,0,0,0,0,0,0,0,0,0,0,0,0,0,0,0,0,0,0,0,0,0,0,0,0,0,0,0,0,0,0,0,0,0
0,0,0.32676,0.16327,0,0,0,0,0,0,0.93946,0.50281,0.24138,0,0,0,0,0,0,1,1,1,0.8111,0.35725,0.1616,0,0,0,0,0,1,1,0.94562,0.52444,0.5985,0.18233,0,0,0,0,0,0,0,0,0,0,0,0.14585,0.15494,0,0.87378,0.24619,0.15056,0.87037,0.62975,0.23601,0.38963,0.91585,0.79452,0.54662,1,1,1,1,1,0,0.16657,0,1,0.96472,0.67065,0,0,0,0,1,0.3447,0,0,0,0.72208,0,0,0,0,0,0.23228,0,0,0,0,0,0,0,0,0,0,0,0,0,0,0,0,0,0,0,0,0,0,0,0,0,0,0,0,0,0,0,0,0,0,0,0,0,0,0,0,0,0,0,0,0,0,0,0,0,0,0,0,0,0,0,0,0,0,0,0,0,0,0,0,0,0,0,0,0,0,0,0,0,0,0,0,0,1,1,1,1,1,1,1,1,1,1,1,1,1,1,1,1,1,1,1,1,1,1,1,1,1,1,1,1,1,1,1,1,1,1,1,1,1,1,1,1,1,1,0.92154,1,0.67701,0.99975,0.74947,0.39844,0.20799,0.75952,0.53605,0.28061,0.45807,0.36606,0.20608,0.14627,0.14146,0.26526,0.17745,0.17229,0,0,0.18292,0,0.13227,0,0,0,0,0,0.79952,0.40055,0.13562,0,0,0.7357,0,0,0,0.44584,1,1,0.61964,0.22006,0,0.989,0.56868,0.20251,0,0,0,0,0,0,0,0.82862,0.44368,0.16698,0,0,0,0,0,0,0,0.67195,0.33779,0.12805,0,0,0,0,0,0,0.15247,0,0,0,0,0,0,0.18376,0,0,0,0,0,0,0,0,0,0,0,0,0,0,0,0,0,0,0,0,0,0,0,0,0,0,0,0,0,0,0,0,0,0,0,0,0,0
0,0,0.24496,0.14596,0,0,0,0,0,0,0.90025,0.46072,0.23986,0,0,0,0,0,0,1,1,1,0.87458,0.42394,0.18691,0,0,0,0,0,1,1,1,0.64004,0.74871,0.23062,0,0,0,0,0,0,0,0,0,0,0,0,0,0,0.53918,0.14802,0,0.59123,0.38091,0.15858,0.23469,0.69092,0.61943,0.39702,1,1,1,1,1,0,0.12638,0,1,1,0.86044,0.17767,0,0,0,1,0.62305,0.18141,0,0,1,0,0,0,0,0,0.44803,0,0,0,0,0,0,0,0,0,0,0,0,0,0,0,0,0,0,0,0,0,0,0,0,0,0,0,0,0,0,0,0,0,0,0,0,0,0,0,0,0,0,0,0,0,0,0,0,0,0,0,0,0,0,0,0,0,0,0,0,0,0,0,0,0,0,0,0,0,0,0,0,0,0,0,0,0,1,1,1,1,1,1,1,1,1,1,1,1,1,1,1,1,1,1,1,1,1,1,1,1,1,1,1,1,1,1,1,1,1,1,1,1,1,1,1,1,1,1,1,1,1,1,1,0.76727,0.50927,1,0.86052,0.63741,0.6648,0.68063,0.46216,0.30712,0.31003,0.45821,0.2593,0.34282,0.20107,0.16617,0.24328,0.15259,0.21456,0.16781,0,0,0,0.15366,0.91764,0.66745,0.23358,0,0,0.96964,0,0,0,0.8174,1,1,1,0.5398,0,1,0.96486,0.49611,0.16311,0,0,0,0,0,0,1,0.84516,0.39725,0.17269,0,0,0,0,0,0,1,0.74108,0.28465,0.13171,0,0,0,0,0.21497,0.36044,0,0,0,0,0,0,0.45015,0.18066,0,0,0,0,0,0,0,0,0,0,0,0,0.126,0,0,0,0,0,0.13028,0,0,0,0,0,0,0,0,0,0,0,0,0,0,0,0,0,0
0,0,0.16452,0,0,0,0,0,0,0,0.69751,0.26698,0.19083,0,0,0,0,0,0,1,1,1,0.78829,0.35539,0.17065,0,0,0,0,0,1,1,1,0.62643,0.77715,0.2428,0,0,0,0,0,0,0,0,0,0,0,0,0,0,0.1943,0,0,0.22501,0.16372,0,0,0.31741,0.29065,0.1986,0.71032,1,0.82182,0.91352,1,0,0,0,1,1,0.93988,0.23128,0,0,0,1,0.84487,0.32528,0,0,1,0,0,0,0,0,0.63079,0,0,0,0,0,0,0,0,0,0,0,0,0,0,0,0,0,0,0,0,0,0,0,0,0,0,0,0,0,0,0,0,0,0,0,0,0,0,0,0,0,0,0,0,0,0,0,0,0,0,0,0,0,0,0,0,0,0,0,0,0,0,0,0,0,0,0,0,0,0,0,0,0,0,0,0,0,1,1,1,1,1,1,1,1,1,1,1,1,1,1,1,1,1,1,1,1,1,1,1,1,1,1,1,1,1,1,1,1,1,1,1,1,1,1,1,1,1,1,1,1,1,1,1,1,0.98956,1,1,1,0.91642,1,0.89644,0.77066,0.79086,0.69673,0.54587,0.7557,0.51582,0.4287,0.45786,0.23235,0.45782,0.34117,0.20561,0.15856,0,0.42027,1,0.99904,0.5744,0.19625,0,1,0.21986,0,0,1,1,1,1,0.95092,0,1,1,0.92852,0.40979,0.13796,0,0,0,0,0,1,1,0.85028,0.46068,0.21603,0,0,0,0,0,1,1,0.751,0.35123,0,0,0,0,0.62313,0.84583,0.23403,0,0,0,0,0,0.93897,0.52725,0.18969,0,0,0,0,0,0.36091,0.14248,0,0,0,0,0.36572,0.24199,0,0,0,0,0.37503,0.21568,0,0,0,0,0,0,0,0,0,0,0,0,0,0,0,0,0
0,0,0.24687,0.18784,0,0,0,0,0,0,0.96927,0.5704,0.44226,0.18185,0,0,0,0,0,1,1,1,1,0.80644,0.49297,0.21462,0.12543,0,0,0,1,1,1,1,1,0.78319,0.20039,0,0,0,0,0,0,0,0,0,0,0,0,0,0.13525,0,0,0.2014,0.16156,0,0.15974,0.33258,0.38895,0.2492,0.44083,1,0.7311,0.60569,0.96556,0,0,0,1,1,1,0.83033,0.38129,0,0,1,1,0.98711,0.39549,0,1,0.3398,0,0,0,0,1,0,0,0,0,0,0,0,0,0,0,0,0,0,0,0,0,0,0,0,0,0,0,0,0,0,0,0,0,0,0,0,0,0,0,0,0,0,0,0,0,0,0,0,0,0,0,0,0,0,0,0,0,0,0,0,0,0,0,0,0,0,0,0,0,0,0,0,0,0,0,0,0,0,0,0,0,0,0.74502,1,1,1,0.73862,0.9034,1,1,1,1,1,0.85086,1,1,1,1,1,1,1,1,1,1,1,1,1,1,1,1,1,1,1,1,1,1,1,1,1,1,1,1,1,1,1,1,1,1,1,1,1,1,1,1,0.48392,0.86287,0.79657,0.78533,0.90714,0.25662,0.2232,0.60233,0.37138,0.3358,0.17092,0,0.20793,0.18283,0,0,0,0.42951,0.49454,0.67167,0.33988,0.14074,0,0.8363,0,0,0,1,1,1,1,1,0.20533,1,1,1,0.97525,0.49627,0.1889,0,0,0,0,1,1,1,0.98224,0.67877,0.35642,0.15997,0,0,0,1,1,1,0.83806,0.13534,0,0,0,1,1,0.64773,0.23649,0,0,0,0,1,0.86351,0.47904,0.17606,0,0,0,0,0.66549,0.30718,0.1323,0,0,0,0.57729,0.50432,0.21106,0,0,0,0.53658,0.3503,0.13707,0,0,0.16256,0,0,0,0,0,0,0,0,0,0,0,0,0
0.14022,0,0.53434,0.22908,0,0,0,0,0,0,1,0.69539,0.40525,0,0,0,0,0,0,1,1,1,0.96142,0.50945,0.21165,0,0,0,0,0,1,1,1,0.65287,0.70865,0.22127,0,0,0,0,0,0,0,0,0,0,0,0.20971,0.22304,0,1,0.46204,0.22609,1,0.85793,0.43629,0.61477,1,1,0.76626,1,1,1,1,1,0.19683,0.23823,0,1,1,0.75817,0,0,0,0,1,0.37718,0,0,0,0.70869,0,0,0,0,0,0.24987,0,0,0,0,0,0,0,0,0,0,0,0,0,0,0,0,0,0,0,0,0,0,0,0,0,0,0,0,0,0,0,0,0,0,0,0,0,0,0,0,0,0,0,0,0,0,0,0,0,0,0,0,0,0,0,0,0,0,0,0,0,0,0,0,0,0,0,0,0,0,0,0,0,0,0,0,0,1,1,1,1,1,1,1,1,1,1,1,1,1,1,1,1,1,1,1,1,1,1,1,1,1,1,1,1,1,1,1,1,1,1,1,1,1,1,1,1,0.99714,1,0.75284,0.99131,0.49778,0.77865,0.54234,0.23608,0.14936,0.53874,0.3248,0.1943,0.24328,0.21721,0.13802,0,0,0.179,0,0,0,0,0,0,0,0,0,0,0,0,0.57536,0.22551,0,0,0,0.50867,0,0,0,0.3906,1,1,0.5455,0.19838,0,0.87175,0.47151,0.17599,0,0,0,0,0,0,0,0.69513,0.33,0.13511,0,0,0,0,0,0,0,0.52775,0.2369,0,0,0,0,0,0,0,0,0,0,0,0,0,0,0.13236,0,0,0,0,0,0,0,0,0,0,0,0,0,0,0,0,0,0,0,0,0,0,0,0,0,0,0,0,0,0,0,0,0,0,0,0,0,0
0,0,0,0,0,0,0,0,0,0,0.49324,0.19101,0.13594,0,0,0,0,0,0,1,1,0.9329,0.64976,0.245,0.13619,0,0,0,0,0,1,1,0.92432,0.53651,0.71187,0.22609,0,0,0,0,0,0,0,0,0,0,0,0,0,0,0,0,0,0,0,0,0,0.17624,0.17467,0,0.37831,0.97529,0.51294,0.58,0.84035,0,0,0,1,1,0.90563,0.24412,0,0,0,1,0.91888,0.45593,0,0,1,0,0,0,0,0,0.67872,0,0,0,0,0,0,0,0,0,0,0,0,0,0,0,0,0,0,0,0,0,0,0,0,0,0,0,0,0,0,0,0,0,0,0,0,0,0,0,0,0,0,0,0,0,0,0,0,0,0,0,0,0,0,0,0,0,0,0,0,0,0,0,0,0,0,0,0,0,0,0,0,0,0,0,0,0,0.80054,1,1,1,0.93876,1,1,1,1,1,1,1,1,1,1,1,1,1,1,1,1,1,1,1,1,1,1,1,1,1,1,1,1,1,1,1,1,1,1,1,1,1,1,1,1,1,1,1,1,1,1,1,1,1,1,1,1,0.84469,0.73262,1,0.79973,0.72624,0.60167,0.35259,0.66667,0.56917,0.35813,0.24287,0.14695,0.73878,1,1,0.82796,0.36379,0.13238,1,0.36788,0.19419,0,1,1,1,1,1,0,1,1,1,0.66364,0.22022,0,0,0,0,0,1,1,1,0.73643,0.42207,0.1962,0,0,0,0,1,1,1,0.64155,0,0,0,0,0.93804,1,0.50625,0.16954,0,0,0,0,1,0.85192,0.38261,0,0,0,0,0,0.68986,0.24914,0,0,0,0,0.69967,0.55741,0.20276,0,0,0,0.70838,0.48104,0.13566,0,0,0.20111,0,0,0,0,0,0,0,0,0,0,0,0,0
0,0,0.1558,0,0,0,0,0,0,0,0.57921,0.21408,0,0,0,0,0,0,0,1,1,1,0.46526,0.17041,0,0,0,0,0,0,1,1,0.61541,0.23099,0.28033,0,0,0,0,0,0,0,0,0,0,0,0,0,0,0,0.62499,0.15182,0,0.57153,0.3139,0.12855,0.18269,0.58671,0.44852,0.23173,1,1,1,1,1,0,0,0,0.97242,0.67448,0.3711,0,0,0,0,0.87236,0.20101,0,0,0,0.53257,0,0,0,0,0,0.14464,0,0,0,0,0,0,0,0,0,0,0,0,0,0,0,0,0,0,0,0,0,0,0,0,0,0,0,0,0,0,0,0,0,0,0,0,0,0,0,0,0,0,0,0,0,0,0,0,0,0,0,0,0,0,0,0,0,0,0,0,0,0,0,0,0,0,0,0,0,0,0,0,0,0,0,0,0,1,1,1,1,1,1,1,1,1,1,1,1,1,1,1,1,1,1,1,1,1,1,1,1,1,1,1,1,1,1,1,1,1,1,1,1,1,1,1,1,1,1,0.99875,1,0.78398,1,0.93746,0.53791,0.24282,1,0.74084,0.44283,0.76214,0.5842,0.30178,0.19452,0.17652,0.57813,0.32713,0.24165,0.16364,0,0.36867,0.19678,0.22634,0.16999,0,0,0,0,1,0.6638,0.21676,0,0,1,0.13272,0,0,0.31826,1,1,0.51912,0.18356,0,0.95666,0.50713,0.17389,0,0,0,0,0,0,0,0.8305,0.41319,0.14769,0,0,0,0,0,0,0,0.69818,0.33393,0,0,0,0,0,0,0,0.15871,0,0,0,0,0,0,0.20204,0,0,0,0,0,0,0,0,0,0,0,0,0,0,0,0,0,0,0,0,0,0,0,0,0,0,0,0,0,0,0,0,0,0,0,0,0,0
0,0,0,0,0,0,0,0,0,0,0.49216,0.18411,0,0,0,0,0,0,0,1,1,0.96536,0.45644,0.16868,0,0,0,0,0,0,1,1,0.64711,0.24218,0.34184,0,0,0,0,0,0,0,0,0,0,0,0,0,0,0,0.31774,0,0,0.30602,0.18975,0,0,0.36192,0.25984,0.17473,1,1,0.93814,1,1,0,0,0,1,0.77941,0.46526,0,0,0,0,1,0.27968,0,0,0,0.75824,0,0,0,0,0,0.19538,0,0,0,0,0,0,0,0,0,0,0,0,0,0,0,0,0,0,0,0,0,0,0,0,0,0,0,0,0,0,0,0,0,0,0,0,0,0,0,0,0,0,0,0,0,0,0,0,0,0,0,0,0,0,0,0,0,0,0,0,0,0,0,0,0,0,0,0,0,0,0,0,0,0,0,0,0,1,1,1,1,1,1,1,1,1,1,1,1,1,1,1,1,1,1,1,1,1,1,1,1,1,1,1,1,1,1,1,1,1,1,1,1,1,1,1,1,1,1,1,1,1,1,1,0.89542,0.58831,1,1,0.79603,1,0.91656,0.64872,0.43993,0.38939,0.81874,0.59432,0.56193,0.32579,0.23253,0.59754,0.32195,0.46108,0.30403,0.18454,0.12871,0,0.20259,1,0.96462,0.46658,0.14526,0,1,0.22447,0,0,0.59594,1,1,0.813,0.34228,0,1,0.82316,0.32757,0,0,0,0,0,0,0,1,0.74415,0.2639,0,0,0,0,0,0,0,1,0.67525,0.22696,0,0,0,0,0,0.19245,0.32513,0,0,0,0,0,0,0.46235,0.16943,0,0,0,0,0,0,0,0,0,0,0,0,0.13941,0,0,0,0,0,0.15273,0,0,0,0,0,0,0,0,0,0,0,0,0,0,0,0,0,0
0,0,0,0,0,0,0,0,0,0,0.33329,0.13193,0,0,0,0,0,0,0,1,1,0.80161,0.36498,0.1411,0,0,0,0,0,0,1,1,0.58955,0.2256,0.31702,0,0,0,0,0,0,0,0,0,0,0,0,0,0,0,0.16722,0,0,0.17201,0,0,0,0.19977,0.17464,0,0.68184,1,0.65581,0.90892,1,0,0,0,1,0.79018,0.47053,0,0,0,0,1,0.37309,0,0,0,0.9006,0,0,0,0,0,0.21856,0,0,0,0,0,0,0,0,0,0,0,0,0,0,0,0,0,0,0,0,0,0,0,0,0,0,0,0,0,0,0,0,0,0,0,0,0,0,0,0,0,0,0,0,0,0,0,0,0,0,0,0,0,0,0,0,0,0,0,0,0,0,0,0,0,0,0,0,0,0,0,0,0,0,0,0,0,1,1,1,1,1,1,1,1,1,1,1,1,1,1,1,1,1,1,1,1,1,1,1,1,1,1,1,1,1,1,1,1,1,1,1,1,1,1,1,1,1,1,1,1,1,1,1,1,0.92438,1,1,1,1,1,0.98251,0.7786,0.72576,1,0.85477,0.8882,0.65068,0.52835,0.81967,0.54929,0.73702,0.59223,0.34849,0.22922,0.17086,0.44574,1,1,0.77497,0.25251,0,1,0.44427,0.19787,0,0.80405,1,1,1,0.57044,0,1,1,0.57468,0.18201,0,0,0,0,0,0,1,1,0.53179,0.20939,0,0,0,0,0,0,1,0.97205,0.46428,0.18171,0,0,0,0,0.37712,0.63565,0.14255,0,0,0,0,0,0.78644,0.32067,0,0,0,0,0,0,0.22688,0,0,0,0,0,0.2499,0.18913,0,0,0,0,0.29367,0.18099,0,0,0,0,0,0,0,0,0,0,0,0,0,0,0,0,0
0,0,0,0,0,0,0,0,0,0,0.24352,0,0,0,0,0,0,0,0,1,0.96872,0.68442,0.34375,0.13976,0,0,0,0,0,0,1,1,0.60448,0.23617,0.3759,0,0,0,0,0,0,0,0,0,0,0,0,0,0,0,0,0,0,0,0,0,0,0,0,0,0.34328,0.83255,0.3882,0.56167,0.75901,0,0,0,1,0.88127,0.56198,0.12669,0,0,0,1,0.56785,0.20539,0,0,1,0,0,0,0,0,0.32648,0,0,0,0,0,0,0,0,0,0,0,0,0,0,0,0,0,0,0,0,0,0,0,0,0,0,0,0,0,0,0,0,0,0,0,0,0,0,0,0,0,0,0,0,0,0,0,0,0,0,0,0,0,0,0,0,0,0,0,0,0,0,0,0,0,0,0,0,0,0,0,0,0,0,0,0,0,0.82391,1,1,1,1,1,1,1,1,1,1,1,1,1,1,1,1,1,1,1,1,1,1,1,1,1,1,1,1,1,1,1,1,1,1,1,1,1,1,1,1,1,1,1,1,1,1,1,1,1,1,1,1,1,1,1,1,1,1,1,0.95617,0.85393,0.91334,0.6566,0.92751,0.80953,0.58256,0.43764,0.23275,0.80594,1,1,1,0.53809,0.1548,1,0.62924,0.3149,0.1912,1,1,1,1,0.90696,0,1,1,0.92892,0.39759,0.13009,0,0,0,0,0,1,1,0.90406,0.49627,0.22727,0,0,0,0,0,1,1,0.84839,0.42442,0,0,0,0,0.77129,1,0.31681,0,0,0,0,0,1,0.71993,0.23906,0,0,0,0,0,0.58109,0.20092,0,0,0,0,0.64645,0.4675,0.16135,0,0,0,0.68499,0.43779,0,0,0,0.18604,0,0,0,0,0,0,0,0,0,0,0,0,0
0,0,0,0,0,0,0,0,0,0,0,0,0,0,0,0,0,0,0,0.71888,0.45418,0.2147,0,0,0,0,0,0,0,0,0.62721,0.45009,0.17733,0,0,0,0,0,0,0,0,0,0,0,0,0,0,0,0,0,0,0,0,0,0,0,0,0,0,0,0.17276,0.37754,0.15284,0.25295,0.36945,0,0,0,0.56422,0.31336,0.16498,0,0,0,0,0.76495,0.18025,0,0,0,0.6411,0,0,0,0,0,0,0,0,0,0,0,0,0,0,0,0,0,0,0,0,0,0,0,0,0,0,0,0,0,0,0,0,0,0,0,0,0,0,0,0,0,0,0,0,0,0,0,0,0,0,0,0,0,0,0,0,0,0,0,0,0,0,0,0,0,0,0,0,0,0,0,0,0,0,0,0,0,0,0,0,0,0,0,0.56314,0.72676,0.9136,1,0.90248,0.87038,1,1,1,1,1,1,1,1,1,1,1,1,1,1,1,1,1,1,1,1,1,1,1,1,1,1,1,1,1,1,1,1,1,1,1,1,1,1,1,1,1,1,1,1,1,1,1,1,1,1,1,1,1,1,1,1,1,1,1,1,1,0.87997,0.70883,1,1,1,1,0.92661,0.23315,1,1,0.79173,0.51248,0.70153,1,1,0.97563,0.53416,0,1,1,0.59492,0.18929,0,0,0,0,0,0,1,1,0.62301,0.23688,0.1342,0,0,0,0,0,1,1,0.61606,0.22679,0,0,0,0,0.60121,0.90263,0.20756,0,0,0,0,0,1,0.60864,0.18869,0,0,0,0,0,0.51288,0.16311,0,0,0,0,0.66636,0.43407,0.13587,0,0,0,0.75187,0.48152,0,0,0,0.2033,0,0,0,0,0,0,0,0,0,0,0,0,0
0,0,0,0,0,0,0,0,0,0,0,0,0,0,0,0,0,0,0,0.35082,0.19803,0,0,0,0,0,0,0,0,0,0.2722,0.19397,0,0,0,0,0,0,0,0,0,0,0,0,0,0,0,0,0,0,0,0,0,0,0,0,0,0,0,0,0,0.17863,0,0.15679,0.18401,0,0,0,0.23523,0.15335,0,0,0,0,0,0.42932,0,0,0,0,0.33672,0,0,0,0,0,0,0,0,0,0,0,0,0,0,0,0,0,0,0,0,0,0,0,0,0,0,0,0,0,0,0,0,0,0,0,0,0,0,0,0,0,0,0,0,0,0,0,0,0,0,0,0,0,0,0,0,0,0,0,0,0,0,0,0,0,0,0,0,0,0,0,0,0,0,0,0,0,0,0,0,0,0,0,0.29871,0.43294,0.59637,0.82521,0.68831,0.61996,0.78618,0.66493,0.94163,1,0.96095,0.96814,1,1,0.99838,1,1,1,1,1,1,1,1,1,1,1,1,1,1,1,1,1,1,1,1,1,1,1,1,1,1,1,1,1,1,1,1,1,1,1,1,1,1,1,1,1,1,1,1,1,1,1,1,1,1,1,1,1,1,1,1,1,1,1,0.3657,1,1,1,0.81249,0.4474,1,1,0.72958,0.3085,0,1,0.89399,0.39148,0,0,0,0,0,0,0,1,0.95867,0.45067,0.18082,0,0,0,0,0,0,1,1,0.47316,0.17939,0,0,0,0,0.49659,0.81386,0.17076,0,0,0,0,0,1,0.54026,0.16114,0,0,0,0,0,0.47382,0.14389,0,0,0,0,0.68002,0.41892,0,0,0,0,0.79397,0.51518,0,0,0,0.21873,0,0,0,0,0,0,0,0,0,0,0,0,0
0,0,0,0,0,0,0,0,0,0,0,0,0,0,0,0,0,0,0,0.26499,0.24314,0,0,0,0,0,0,0,0,0,0.45006,0.17752,0,0,0,0,0,0,0,0,0,0,0,0,0,0,0,0,0,0,0,0,0,0,0,0,0,0,0,0,0.28363,0.32759,0.16705,0.53217,0.47339,0,0,0,0.15189,0,0,0,0,0,0,0.17314,0,0,0,0,0,0,0,0,0,0,0,0,0,0,0,0,0,0,0,0,0,0,0,0,0,0,0,0,0,0,0,0,0,0,0,0,0,0,0,0,0,0,0,0,0,0,0,0,0,0,0,0,0,0,0,0,0,0,0,0,0,0,0,0,0,0,0,0,0,0,0,0,0,0,0,0,0,0,0,0,0,0,0,0,0,0,0,0,0.90325,0.93074,0.98542,0.78387,1,1,1,0.91363,1,0.92426,0.66015,1,1,1,1,1,1,1,1,1,1,1,1,1,1,1,1,1,1,1,1,1,1,1,1,1,0.96489,1,0.94833,1,1,1,1,1,0.93724,1,1,0.84802,0.44682,1,1,0.85257,1,1,0.81175,0.46557,0.27065,1,1,0.84175,0.6436,0.45094,1,1,1,0.90418,0.63272,0.43329,0.47911,0.23594,1,1,0.92047,0.36376,0,1,0.8736,0.44311,0.19469,0,0.5067,0.62499,0.1809,0,0,0.62645,0.21566,0,0,0,0,0,0,0,0,0.62372,0.21941,0,0,0,0,0,0,0,0,0.5884,0.22391,0,0,0,0,0,0,0,0.14093,0,0,0,0,0,0,0.22082,0,0,0,0,0,0,0,0,0,0,0,0,0,0,0,0,0,0,0,0,0,0,0,0,0,0,0,0,0,0,0,0,0,0,0,0,0,0
0,0,0,0,0,0,0,0,0,0,0,0,0,0,0,0,0,0,0,0.6287,0.70263,0.29522,0,0,0,0,0,0,0,0,0.93503,0.42413,0,0,0,0,0,0,0,0,0,0,0,0,0,0,0,0,0,0,0.21666,0,0,0.16525,0,0,0,0.14794,0,0,0.87964,0.86067,0.56489,1,1,0,0,0,0.24675,0.14846,0,0,0,0,0,0.23446,0,0,0,0,0.13874,0,0,0,0,0,0,0,0,0,0,0,0,0,0,0,0,0,0,0,0,0,0,0,0,0,0,0,0,0,0,0,0,0,0,0,0,0,0,0,0,0,0,0,0,0,0,0,0,0,0,0,0,0,0,0,0,0,0,0,0,0,0,0,0,0,0,0,0,0,0,0,0,0,0,0,0,0,0,0,0,0,0,0,1,1,1,1,1,1,1,1,1,1,0.87834,1,1,1,1,1,1,1,1,1,1,1,1,1,1,1,1,1,1,1,1,1,1,1,1,1,0.96318,1,0.86188,1,0.89533,1,0.79329,1,0.65529,1,0.98814,0.49659,0.20799,1,0.84943,0.46052,1,0.73862,0.37936,0.1921,0.14494,1,0.7303,0.36999,0.21861,0.16019,0.86425,0.58887,0.54487,0.34369,0.19131,0.12659,0.13033,0,1,0.94686,0.39712,0,0,1,0.29314,0,0,0,0.5474,0.61464,0.1759,0,0,0.55453,0.19246,0,0,0,0,0,0,0,0,0.49371,0.17968,0,0,0,0,0,0,0,0,0.41277,0.16996,0,0,0,0,0,0,0,0,0,0,0,0,0,0,0.1343,0,0,0,0,0,0,0,0,0,0,0,0,0,0,0,0,0,0,0,0,0,0,0,0,0,0,0,0,0,0,0,0,0,0,0,0,0,0
0,0,0,0,0,0,0,0,0,0,0.19866,0,0,0,0,0,0,0,0,0.9197,0.96658,0.56629,0.16263,0,0,0,0,0,0,0,1,0.71067,0.21633,0,0,0,0,0,0,0,0,0,0,0,0,0,0,0,0,0,0.28477,0,0,0.22428,0.13211,0,0,0.2171,0.16399,0,1,1,0.76459,1,1,0,0,0,0.53554,0.24689,0.14359,0,0,0,0,0.49319,0,0,0,0,0.23219,0,0,0,0,0,0,0,0,0,0,0,0,0,0,0,0,0,0,0,0,0,0,0,0,0,0,0,0,0,0,0,0,0,0,0,0,0,0,0,0,0,0,0,0,0,0,0,0,0,0,0,0,0,0,0,0,0,0,0,0,0,0,0,0,0,0,0,0,0,0,0,0,0,0,0,0,0,0,0,0,0,0,0,1,1,1,1,1,1,1,1,1,1,1,1,1,1,1,1,1,1,1,1,1,1,1,1,1,1,1,1,1,1,1,1,1,1,1,1,1,1,1,1,1,1,0.96768,1,0.80249,1,1,0.61124,0.25829,1,0.91045,0.55294,1,0.77989,0.44807,0.22503,0.18815,0.94479,0.66197,0.41178,0.22933,0.17587,0.75159,0.47319,0.49266,0.30478,0.17978,0,0,0,1,0.93547,0.39668,0,0,1,0.24198,0,0,0.18408,0.81047,0.86392,0.28003,0,0,0.78596,0.3137,0,0,0,0,0,0,0,0,0.7061,0.25955,0,0,0,0,0,0,0,0,0.60906,0.23848,0,0,0,0,0,0,0,0.13134,0,0,0,0,0,0,0.18984,0,0,0,0,0,0,0,0,0,0,0,0,0,0,0,0,0,0,0,0,0,0,0,0,0,0,0,0,0,0,0,0,0,0,0,0,0,0
0,0,0,0,0,0,0,0,0,0,0.19784,0,0,0,0,0,0,0,0,1,0.94038,0.56697,0.1843,0,0,0,0,0,0,0,1,0.7713,0.24911,0,0.14953,0,0,0,0,0,0,0,0,0,0,0,0,0,0,0,0.18575,0,0,0.16523,0,0,0,0.1728,0.13154,0,0.77052,0.98403,0.61289,1,1,0,0,0,0.68504,0.39801,0.19377,0,0,0,0,0.70945,0.14585,0,0,0,0.45093,0,0,0,0,0,0,0,0,0,0,0,0,0,0,0,0,0,0,0,0,0,0,0,0,0,0,0,0,0,0,0,0,0,0,0,0,0,0,0,0,0,0,0,0,0,0,0,0,0,0,0,0,0,0,0,0,0,0,0,0,0,0,0,0,0,0,0,0,0,0,0,0,0,0,0,0,0,0,0,0,0,0,0,1,1,1,1,1,1,1,1,1,1,1,1,1,1,1,1,1,1,1,1,1,1,1,1,1,1,1,1,1,1,1,1,1,1,1,1,1,1,1,1,1,1,1,1,1,1,1,0.96465,0.61537,1,1,0.90004,1,1,0.78614,0.52494,0.42107,1,0.90093,0.73656,0.50826,0.35663,0.94311,0.66504,0.74841,0.57372,0.31373,0.21152,0.18224,0.23772,1,1,0.69483,0.21591,0,1,0.47032,0.19358,0,0.34961,1,1,0.58846,0.20654,0,1,0.63974,0.21,0,0,0,0,0,0,0,1,0.59792,0.19936,0,0,0,0,0,0,0,0.95982,0.56211,0.18091,0,0,0,0,0,0.15794,0.24911,0,0,0,0,0,0,0.42677,0.14577,0,0,0,0,0,0,0,0,0,0,0,0,0.13981,0,0,0,0,0,0.16181,0,0,0,0,0,0,0,0,0,0,0,0,0,0,0,0,0,0
0,0,0,0,0,0,0,0,0,0,0.51739,0.20549,0.16326,0,0,0,0,0,0,1,1,0.92706,0.75229,0.36416,0.1866,0,0,0,0,0,1,1,1,0.69399,0.89158,0.37995,0,0,0,0,0,0,0,0,0,0,0,0,0,0,0,0,0,0,0,0,0,0.14196,0.15375,0,0.21637,0.83517,0.36213,0.33585,0.64371,0,0,0,1,1,1,0.50939,0.19172,0,0,1,1,0.79118,0.22045,0,1,0.22391,0,0,0,0,0.95877,0,0,0,0,0,0,0,0,0,0,0,0,0,0,0,0,0,0,0,0,0,0,0,0,0,0,0,0,0,0,0,0,0,0,0,0,0,0,0,0,0,0,0,0,0,0,0,0,0,0,0,0,0,0,0,0,0,0,0,0,0,0,0,0,0,0,0,0,0,0,0,0,0,0,0,0,0,0.52495,0.81728,1,1,0.61513,0.73084,1,1,1,1,1,0.77554,1,1,1,1,1,1,1,1,1,1,1,1,1,1,1,1,1,1,1,1,1,1,1,1,1,1,1,1,1,1,1,1,1,1,1,1,1,1,1,1,0.89519,1,1,1,1,0.6671,0.60139,1,0.82423,0.78397,0.42322,0.22996,0.56535,0.49683,0.30939,0.23363,0,0.85956,0.84096,1,0.79287,0.37569,0.1767,1,0.26995,0.17572,0,1,1,1,1,1,0.19856,1,1,1,1,0.52547,0.1947,0,0,0,0,1,1,1,1,0.77959,0.44692,0.178,0,0,0,1,1,1,0.98937,0.16415,0,0,0,1,1,0.84063,0.35514,0.13678,0,0,0,1,1,0.70362,0.2359,0,0,0,0,0.96913,0.55593,0.20061,0,0,0,0.93374,0.82349,0.40373,0.15832,0,0,0.91616,0.70951,0.23123,0.16281,0,0.3376,0.20815,0,0,0.14407,0,0,0,0,0,0,0,0,0
0,0,0,0,0,0,0,0,0,0,0.45364,0.19073,0.15933,0,0,0,0,0,0,1,0.97138,0.83471,0.74902,0.38886,0.20234,0,0,0,0,0,1,1,1,0.73989,0.95519,0.47082,0,0,0,0,0,0,0,0,0,0,0,0,0,0,0,0,0,0,0,0,0,0,0,0,0.13883,0.65175,0.22537,0.19799,0.4274,0,0,0,1,1,1,0.67583,0.25551,0,0,1,1,1,0.38255,0,1,0.42115,0,0,0,0.12946,1,0,0,0,0,0,0,0,0,0,0,0,0,0,0,0,0,0,0,0,0,0,0,0,0,0,0,0,0,0,0,0,0,0,0,0,0,0,0,0,0,0,0,0,0,0,0,0,0,0,0,0,0,0,0,0,0,0,0,0,0,0,0,0,0,0,0,0,0,0,0,0,0,0,0,0,0,0,0.26556,0.56949,0.88177,1,0.33318,0.45901,0.8986,1,1,1,1,0.48738,0.78771,1,1,1,1,0.99159,1,1,1,1,1,1,1,1,1,1,1,1,1,0.96489,0.96318,1,1,1,1,1,1,1,1,1,1,1,1,1,1,1,1,1,1,1,0.76615,1,1,1,1,0.53902,0.51017,1,0.85314,0.84045,0.297,0.19272,0.498,0.45317,0.28664,0.23202,0,0.96664,0.64569,1,0.77457,0.40063,0.21871,1,0.2362,0.16731,0,1,1,1,1,1,0.38223,1,1,1,1,0.81652,0.37468,0.16135,0,0,0,1,1,1,1,1,0.73908,0.32638,0.14648,0,0,1,1,1,1,0.28458,0.13007,0,0,1,1,1,0.64254,0.23342,0,0,0,1,1,0.97438,0.48908,0.2184,0.14025,0,0,1,0.81808,0.37709,0.15362,0,0,1,1,0.65666,0.24828,0.12697,0,1,0.90757,0.44077,0.24823,0,0.54307,0.35832,0.15014,0,0.21973,0,0,0,0.15774,0,0,0,0,0
0,0,0,0,0,0,0,0,0,0,0.245,0,0,0,0,0,0,0,0,1,0.86675,0.65608,0.451,0.18628,0,0,0,0,0,0,0.97433,1,0.75013,0.38677,0.58411,0.19131,0,0,0,0,0,0,0,0,0,0,0,0,0,0,0,0,0,0,0,0,0,0,0,0,0.17065,0.63122,0.2214,0.23759,0.4794,0,0,0,1,1,0.80586,0.24086,0,0,0,1,0.93676,0.54924,0.13588,0,1,0.14905,0,0,0,0,0.67213,0,0,0,0,0,0,0,0,0,0,0,0,0,0,0,0,0,0,0,0,0,0,0,0,0,0,0,0,0,0,0,0,0,0,0,0,0,0,0,0,0,0,0,0,0,0,0,0,0,0,0,0,0,0,0,0,0,0,0,0,0,0,0,0,0,0,0,0,0,0,0,0,0,0,0,0,0,0.43485,0.70083,0.9812,1,0.59029,0.67046,1,1,1,1,1,0.78059,1,1,1,1,1,1,1,1,1,1,1,1,1,1,1,1,1,1,1,1,1,1,1,1,1,1,1,1,1,1,1,1,1,1,1,1,1,1,1,1,1,1,1,1,1,0.97111,0.90891,1,1,1,0.72741,0.49611,0.87173,0.79975,0.60769,0.49395,0.21922,1,1,1,1,0.65655,0.24942,1,0.57585,0.32653,0.21471,1,1,1,1,1,0.14979,1,1,1,0.91191,0.40386,0.15346,0,0,0,0,1,1,1,1,0.70017,0.36569,0.14459,0,0,0,1,1,1,0.94125,0.13794,0,0,0,1,1,0.82668,0.31346,0,0,0,0,1,1,0.71723,0.23094,0,0,0,0,1,0.59186,0.20259,0,0,0,1,0.91944,0.46046,0.16556,0,0,1,0.84824,0.26333,0.1805,0,0.47038,0.23918,0,0,0.17916,0,0,0,0,0,0,0,0,0
0,0,0,0,0,0,0,0,0,0,0.20753,0,0,0,0,0,0,0,0,1,0.64077,0.50104,0.43179,0.19455,0,0,0,0,0,0,0.70766,0.93583,0.75959,0.44332,0.66685,0.23419,0,0,0,0,0,0,0,0,0,0,0,0,0,0,0,0,0,0,0,0,0,0,0,0,0,0.3327,0,0,0.20835,0,0,0,1,1,0.92062,0.47227,0.19049,0,0,1,1,0.91211,0.25471,0,1,0.34597,0,0,0,0,0.91481,0,0,0,0,0,0,0,0,0,0,0,0,0,0,0,0,0,0,0,0,0,0,0,0,0,0,0,0,0,0,0,0,0,0,0,0,0,0,0,0,0,0,0,0,0,0,0,0,0,0,0,0,0,0,0,0,0,0,0,0,0,0,0,0,0,0,0,0,0,0,0,0,0,0,0,0,0,0.16821,0.29401,0.59596,1,0.20567,0.23948,0.63353,0.87407,1,1,1,0.29411,0.56994,0.86981,1,1,1,0.81225,1,1,1,1,1,1,1,1,1,1,1,1,1,0.94833,0.86188,1,1,1,1,1,1,1,1,1,1,1,1,1,1,1,1,1,1,1,0.95396,1,1,1,1,0.73051,0.7379,1,1,1,0.49279,0.29023,0.74628,0.71998,0.56871,0.48942,0.18994,1,0.75382,1,1,0.70871,0.48991,1,0.46372,0.28371,0.22137,1,1,1,1,1,0.42752,1,1,1,1,0.89359,0.45045,0.18654,0,0,0,1,1,1,1,1,0.86762,0.43218,0.18011,0,0,1,1,1,1,0.41645,0.17127,0,0,1,1,1,0.81632,0.35927,0.15719,0,0,1,1,1,0.69039,0.34244,0.19931,0,0,1,1,0.59807,0.2213,0,0,1,1,0.92218,0.4796,0.19939,0,1,1,0.71482,0.50543,0,0.85576,0.64795,0.23533,0.12697,0.45549,0.18456,0,0,0.27454,0,0,0,0,0
0,0,0,0,0,0,0,0,0,0,0.17316,0,0,0,0,0,0,0,0,1,0.67141,0.44627,0.24202,0,0,0,0,0,0,0,0.78999,0.82962,0.52381,0.22002,0.35796,0,0,0,0,0,0,0,0,0,0,0,0,0,0,0,0,0,0,0,0,0,0,0,0,0,0.12843,0.45991,0.16608,0.19817,0.3332,0,0,0,1,0.88868,0.58139,0.1711,0,0,0,1,0.73211,0.37046,0,0,1,0,0,0,0,0,0.46247,0,0,0,0,0,0,0,0,0,0,0,0,0,0,0,0,0,0,0,0,0,0,0,0,0,0,0,0,0,0,0,0,0,0,0,0,0,0,0,0,0,0,0,0,0,0,0,0,0,0,0,0,0,0,0,0,0,0,0,0,0,0,0,0,0,0,0,0,0,0,0,0,0,0,0,0,0,0.33733,0.58404,0.84846,1,0.53674,0.59145,0.94186,1,1,1,1,0.74679,0.97819,1,1,1,1,1,1,1,1,1,1,1,1,1,1,1,1,1,1,1,1,1,1,1,1,1,1,1,1,1,1,1,1,1,1,1,1,1,1,1,1,1,1,1,1,1,1,1,1,1,0.94845,0.71988,1,1,0.82945,0.71202,0.38346,1,1,1,1,0.86522,0.40848,1,0.80228,0.54912,0.35964,1,1,1,1,1,0,1,1,1,0.8169,0.3085,0,0,0,0,0,1,1,1,0.94427,0.63237,0.29911,0,0,0,0,1,1,1,0.89342,0,0,0,0,1,1,0.80475,0.27566,0,0,0,0,1,1,0.71664,0.22512,0,0,0,0,1,0.60901,0.20205,0,0,0,1,0.97914,0.4943,0.16913,0,0,1,0.94209,0.30831,0.19178,0,0.56243,0.2806,0,0,0.20363,0,0,0,0.14972,0,0,0,0,0
0,0,0,0,0,0,0,0,0,0,0.14196,0,0,0,0,0,0,0,0,1,0.47145,0.31367,0.24071,0,0,0,0,0,0,0,0.55089,0.74108,0.54756,0.2425,0.45007,0.16174,0,0,0,0,0,0,0,0,0,0,0,0,0,0,0,0,0,0,0,0,0,0,0,0,0,0.2286,0,0,0.16687,0,0,0,1,0.98573,0.70324,0.26333,0,0,0,1,0.99308,0.72762,0.18912,0,1,0.22602,0,0,0,0,0.70406,0,0,0,0,0,0,0,0,0,0,0,0,0,0,0,0,0,0,0,0,0,0,0,0,0,0,0,0,0,0,0,0,0,0,0,0,0,0,0,0,0,0,0,0,0,0,0,0,0,0,0,0,0,0,0,0,0,0,0,0,0,0,0,0,0,0,0,0,0,0,0,0,0,0,0,0,0,0.14094,0.23243,0.48767,1,0.19096,0.21788,0.54492,0.74614,1,1,1,0.2669,0.52183,0.80048,0.94573,1,1,0.7916,1,1,1,1,1,0.99714,1,1,1,1,1,1,1,1,0.89533,1,1,1,1,1,1,1,1,1,1,1,1,1,1,1,1,1,1,1,1,1,1,1,1,0.92562,0.94527,1,1,1,0.69009,0.49349,0.95897,0.93603,0.78609,0.70656,0.28602,1,0.91162,1,1,0.92327,0.67002,1,0.67802,0.5011,0.38018,1,1,1,1,1,0.3175,1,1,1,1,0.79866,0.35806,0.15644,0,0,0,1,1,1,1,1,0.806,0.35874,0.15532,0,0,1,1,1,1,0.36064,0.15154,0,0,1,1,1,0.78825,0.32338,0.1437,0,0,1,1,1,0.68575,0.32858,0.19248,0,0,1,1,0.61134,0.22138,0,0,1,1,0.97741,0.50646,0.2037,0,1,1,0.78121,0.55828,0,0.97419,0.73374,0.25501,0.13706,0.55104,0.20482,0,0,0.3778,0,0,0,0,0
0,0,0,0,0,0,0,0,0,0,0,0,0,0,0,0,0,0,0,0.80926,0.40463,0.21977,0.13806,0,0,0,0,0,0,0,0.53781,0.52991,0.23611,0,0.17961,0,0,0,0,0,0,0,0,0,0,0,0,0,0,0,0,0,0,0,0,0,0,0,0,0,0,0.24239,0,0.14547,0.2118,0,0,0,0.78306,0.56938,0.26222,0,0,0,0,1,0.42725,0.19708,0,0,1,0,0,0,0,0,0.21785,0,0,0,0,0,0,0,0,0,0,0,0,0,0,0,0,0,0,0,0,0,0,0,0,0,0,0,0,0,0,0,0,0,0,0,0,0,0,0,0,0,0,0,0,0,0,0,0,0,0,0,0,0,0,0,0,0,0,0,0,0,0,0,0,0,0,0,0,0,0,0,0,0,0,0,0,0,0.23529,0.42428,0.66488,1,0.46361,0.48285,0.78655,0.84085,1,1,1,0.69836,0.88853,1,1,1,1,1,1,1,1,1,1,1,1,1,1,1,1,1,1,1,1,1,1,1,1,1,1,1,1,1,1,1,1,1,1,1,1,1,1,1,1,1,1,1,1,1,1,1,1,1,1,1,1,1,1,1,0.69561,1,1,1,1,1,0.59001,1,1,0.85183,0.64602,1,1,1,1,1,0,1,1,1,0.62822,0.20783,0,0,0,0,0,1,1,1,0.78384,0.47844,0.21654,0,0,0,0,1,1,1,0.76153,0,0,0,0,1,1,0.70739,0.22105,0,0,0,0,1,1,0.64894,0.19687,0,0,0,0,1,0.56704,0.18112,0,0,0,1,0.9929,0.47718,0.15413,0,0,1,1,0.30918,0.18746,0,0.63096,0.30822,0,0,0.21849,0,0,0,0.16925,0,0,0,0,0
0,0,0,0,0,0,0,0,0,0,0,0,0,0,0,0,0,0,0,0.69945,0.22185,0.16649,0.13568,0,0,0,0,0,0,0,0.25251,0.42475,0.24473,0.13996,0.21525,0,0,0,0,0,0,0,0,0,0,0,0,0,0,0,0,0,0,0,0,0,0,0,0,0,0,0.13165,0,0,0,0,0,0,0.83165,0.68023,0.4035,0.16807,0,0,0,1,0.73284,0.52113,0,0,1,0.16863,0,0,0,0,0.43865,0,0,0,0,0,0,0,0,0,0,0,0,0,0,0,0,0,0,0,0,0,0,0,0,0,0,0,0,0,0,0,0,0,0,0,0,0,0,0,0,0,0,0,0,0,0,0,0,0,0,0,0,0,0,0,0,0,0,0,0,0,0,0,0,0,0,0,0,0,0,0,0,0,0,0,0,0,0,0.14977,0.24257,0.99475,0.12695,0.14609,0.30315,0.4684,0.85161,1,1,0.1978,0.32247,0.57637,0.68728,1,1,0.62151,0.82636,0.92154,1,1,1,0.75284,1,0.99875,1,1,1,1,1,1,0.79329,0.96768,1,1,1,1,1,1,1,1,1,1,1,1,1,1,1,1,1,1,1,1,1,1,1,1,1,1,1,1,0.89368,0.71609,1,1,1,1,0.56242,1,1,1,1,1,0.9763,1,0.94219,0.79066,0.6855,1,1,1,1,1,0.24725,1,1,1,1,0.74136,0.3096,0.14244,0,0,0,1,1,1,1,1,0.7992,0.33936,0.14953,0,0,1,1,1,1,0.36781,0.15345,0,0,1,1,1,0.83127,0.36039,0.15494,0,0,1,1,1,0.764,0.39755,0.21305,0.12935,0,1,1,0.71595,0.25477,0,0,1,1,1,0.63122,0.24,0,1,1,0.95698,0.71813,0,1,0.93557,0.41228,0.18185,0.76683,0.28839,0.16068,0.14813,0.60431,0,0,0,0,0
0,0,0,0,0,0,0,0,0,0,0,0,0,0,0,0,0,0,0,0.50528,0.20615,0,0,0,0,0,0,0,0,0,0.26014,0.2421,0.13342,0,0,0,0,0,0,0,0,0,0,0,0,0,0,0,0,0,0,0,0,0,0,0,0,0,0,0,0,0.15431,0,0,0.13195,0,0,0,0.47556,0.26427,0.15286,0,0,0,0,0.79452,0.21509,0,0,0,0.78398,0,0,0,0,0,0,0,0,0,0,0,0,0,0,0,0,0,0,0,0,0,0,0,0,0,0,0,0,0,0,0,0,0,0,0,0,0,0,0,0,0,0,0,0,0,0,0,0,0,0,0,0,0,0,0,0,0,0,0,0,0,0,0,0,0,0,0,0,0,0,0,0,0,0,0,0,0,0,0,0,0,0,0,0.17205,0.23707,0.43267,0.91808,0.31946,0.30927,0.57402,0.58375,0.92088,1,1,0.57264,0.72591,0.89378,0.87573,1,1,1,1,1,1,1,1,0.99131,1,1,1,1,1,1,1,1,1,1,1,1,1,1,1,1,1,1,1,1,1,1,1,1,1,1,1,1,1,1,1,1,1,1,1,1,1,1,1,1,1,1,1,1,1,1,1,1,1,1,0.77913,1,1,1,0.93496,0.97334,1,1,1,0.86646,0,1,1,0.96692,0.45959,0.15413,0,0,0,0,0,1,1,1,0.63983,0.34382,0.17404,0,0,0,0,1,1,1,0.64433,0,0,0,0,1,1,0.62324,0.19024,0,0,0,0,1,1,0.59358,0.17508,0,0,0,0,1,0.5373,0.16649,0,0,0,1,1,0.47243,0.14543,0,0,1,1,0.32376,0.18872,0,0.70751,0.34875,0,0,0.23803,0,0,0,0.19379,0,0,0,0,0
0,0,0,0,0,0,0,0,0,0,0,0,0,0,0,0,0,0,0,0.3917,0,0,0,0,0,0,0,0,0,0,0.15244,0.20557,0.1432,0,0,0,0,0,0,0,0,0,0,0,0,0,0,0,0,0,0,0,0,0,0,0,0,0,0,0,0,0,0,0,0,0,0,0,0.52728,0.38213,0.20349,0,0,0,0,0.97592,0.47141,0.3055,0,0,1,0,0,0,0,0,0.22468,0,0,0,0,0,0,0,0,0,0,0,0,0,0,0,0,0,0,0,0,0,0,0,0,0,0,0,0,0,0,0,0,0,0,0,0,0,0,0,0,0,0,0,0,0,0,0,0,0,0,0,0,0,0,0,0,0,0,0,0,0,0,0,0,0,0,0,0,0,0,0,0,0,0,0,0,0,0,0,0.15412,0.69424,0,0,0.18401,0.22952,0.56711,0.9262,1,0.1333,0.20196,0.33814,0.42158,1,1,0.42716,0.60906,0.67701,1,1,1,0.49778,1,0.78398,1,1,1,1,1,0.93724,0.65529,0.80249,1,1,1,1,1,1,1,1,1,1,1,1,1,1,1,1,1,1,1,1,1,1,1,1,1,1,1,1,1,0.90675,1,1,1,1,0.81826,1,1,1,1,1,1,1,1,1,0.97737,1,1,1,1,1,0.21475,1,1,1,1,0.65514,0.2456,0,0,0,0,1,1,1,1,1,0.75952,0.29374,0.13624,0,0,1,1,1,1,0.34737,0.14753,0,0,1,1,1,0.83958,0.36922,0.15813,0,0,1,1,1,0.80876,0.43779,0.22496,0.14065,0,1,1,0.78849,0.31851,0.13274,0,1,1,1,0.7259,0.30278,0,1,1,1,0.84906,0,1,1,0.54382,0.21875,0.95892,0.43887,0.20453,0.19707,0.80988,0,0,0,0,0
0,0,0,0,0,0,0,0,0,0,0,0,0,0,0,0,0,0,0,0.21467,0,0,0,0,0,0,0,0,0,0,0.15558,0,0,0,0,0,0,0,0,0,0,0,0,0,0,0,0,0,0,0,0,0,0,0,0,0,0,0,0,0,0,0,0,0,0,0,0,0,0.19291,0,0,0,0,0,0,0.37933,0,0,0,0,0.36277,0,0,0,0,0,0,0,0,0,0,0,0,0,0,0,0,0,0,0,0,0,0,0,0,0,0,0,0,0,0,0,0,0,0,0,0,0,0,0,0,0,0,0,0,0,0,0,0,0,0,0,0,0,0,0,0,0,0,0,0,0,0,0,0,0,0,0,0,0,0,0,0,0,0,0,0,0,0,0,0,0,0,0,0.12552,0.17747,0.23999,0.5829,0.24805,0.23013,0.39113,0.32662,0.63611,0.8008,0.82927,0.51941,0.61597,0.72636,0.64296,1,1,1,1,0.99975,1,1,1,0.77865,1,1,1,1,1,1,1,1,1,1,1,1,1,1,1,1,1,1,1,1,1,1,1,1,1,1,1,1,1,1,1,1,1,1,1,1,1,1,1,1,1,1,1,1,1,1,1,1,1,1,0.82239,1,1,1,1,0.56265,1,1,0.85103,0.46999,0,1,1,0.58242,0.1957,0,0,0,0,0,0,1,1,0.6804,0.28407,0.16583,0,0,0,0,0,1,1,0.73703,0.30976,0,0,0,0,0.80071,1,0.31762,0,0,0,0,0,1,0.87811,0.31561,0,0,0,0,0,0.83755,0.2861,0,0,0,0,1,0.80161,0.24973,0,0,0,1,0.92886,0.20824,0,0,0.57912,0.22685,0,0,0.19024,0,0,0,0.1532,0,0,0,0,0
0,0,0,0,0,0,0,0,0,0,0,0,0,0,0,0,0,0,0,0.21304,0,0,0,0,0,0,0,0,0,0,0,0,0,0,0,0,0,0,0,0,0,0,0,0,0,0,0,0,0,0,0,0,0,0,0,0,0,0,0,0,0,0,0,0,0,0,0,0,0.22315,0.1612,0,0,0,0,0,0.54775,0.15438,0,0,0,0.61233,0,0,0,0,0,0,0,0,0,0,0,0,0,0,0,0,0,0,0,0,0,0,0,0,0,0,0,0,0,0,0,0,0,0,0,0,0,0,0,0,0,0,0,0,0,0,0,0,0,0,0,0,0,0,0,0,0,0,0,0,0,0,0,0,0,0,0,0,0,0,0,0,0,0,0,0,0,0,0,0,0,0,0,0,0,0.16155,0.52207,0.12524,0,0.20749,0.21543,0.49292,0.75172,0.89039,0.21145,0.27709,0.44154,0.43067,0.97698,1,0.64553,0.76279,0.74947,1,1,1,0.54234,1,0.93746,1,1,1,1,1,1,0.98814,1,1,1,1,1,1,1,1,1,1,1,1,1,1,1,1,1,1,1,1,1,1,1,1,1,1,1,1,1,1,1,1,1,1,1,1,1,1,1,1,1,1,1,1,1,1,0.89616,1,1,1,0.84852,0,1,1,0.98474,0.51413,0.17948,0,0,0,0,0,1,1,1,0.73098,0.45629,0.21708,0,0,0,0,1,1,1,0.77724,0,0,0,0,1,1,0.80522,0.25115,0,0,0,0,1,1,0.81601,0.24799,0,0,0,0,1,0.79425,0.24892,0,0,0,1,1,0.76125,0.23556,0,0,1,1,0.63714,0.37045,0,1,0.68992,0.19046,0,0.57485,0.16507,0,0,0.45734,0,0,0,0,0
0,0,0,0,0,0,0,0,0,0,0,0,0,0,0,0,0,0,0,0.17731,0,0,0,0,0,0,0,0,0,0,0,0,0,0,0,0,0,0,0,0,0,0,0,0,0,0,0,0,0,0,0,0,0,0,0,0,0,0,0,0,0,0,0,0,0,0,0,0,0.22067,0.17295,0,0,0,0,0,0.61477,0.21044,0.16752,0,0,0.77436,0,0,0,0,0,0,0,0,0,0,0,0,0,0,0,0,0,0,0,0,0,0,0,0,0,0,0,0,0,0,0,0,0,0,0,0,0,0,0,0,0,0,0,0,0,0,0,0,0,0,0,0,0,0,0,0,0,0,0,0,0,0,0,0,0,0,0,0,0,0,0,0,0,0,0,0,0,0,0,0,0,0,0,0,0,0,0.34749,0,0,0,0,0.24732,0.58,0.82361,0,0,0.18969,0.20662,0.71664,0.87426,0.23585,0.36184,0.39844,0.76727,1,1,0.23608,1,0.53791,0.89542,1,1,1,1,0.84802,0.49659,0.61124,0.96465,1,1,1,1,1,1,1,1,1,1,1,1,1,1,1,1,1,1,1,1,1,1,1,1,1,1,1,1,1,1,1,1,1,1,1,1,1,1,1,1,1,1,1,1,1,1,1,1,1,0.15112,1,1,1,0.91929,0.46988,0.19015,0,0,0,0,1,1,1,1,0.91,0.62103,0.21851,0,0,0,1,1,1,1,0.24531,0,0,0,1,1,1,0.75236,0.29039,0.13376,0,0,1,1,1,0.76445,0.39454,0.20996,0.12593,0,1,1,0.77819,0.30525,0.12625,0,1,1,1,0.74454,0.31327,0,1,1,1,0.91256,0,1,1,0.61356,0.23469,1,0.53574,0.22973,0.22917,0.98027,0,0,0,0,0
0,0,0,0,0,0,0,0,0,0,0,0,0,0,0,0,0,0,0,0.14616,0,0,0,0,0,0,0,0,0,0,0,0,0,0,0,0,0,0,0,0,0,0,0,0,0,0,0,0,0,0,0,0,0,0,0,0,0,0,0,0,0,0,0,0,0,0,0,0,0.21391,0.17822,0,0,0,0,0,0.6415,0.25129,0.23541,0,0,0.87347,0,0,0,0,0,0.15011,0,0,0,0,0,0,0,0,0,0,0,0,0,0,0,0,0,0,0,0,0,0,0,0,0,0,0,0,0,0,0,0,0,0,0,0,0,0,0,0,0,0,0,0,0,0,0,0,0,0,0,0,0,0,0,0,0,0,0,0,0,0,0,0,0,0,0,0,0,0,0,0,0,0,0,0,0,0,0,0,0.23275,0,0,0,0,0.17998,0.42758,0.74085,0,0,0,0.12577,0.49872,0.69277,0,0.18448,0.20799,0.50927,0.98956,1,0.14936,1,0.24282,0.58831,0.92438,1,1,1,0.44682,0.20799,0.25829,0.61537,1,1,1,1,1,1,1,1,1,1,1,1,1,1,1,1,1,1,1,1,1,1,1,1,1,1,1,0.88042,0.7835,1,1,1,1,0.87624,1,0.71775,1,1,1,1,1,1,1,1,1,1,1,1,1,0.29183,1,1,1,1,0.80857,0.42677,0.19311,0,0,0,1,1,1,1,1,0.99153,0.5295,0.22084,0,0,1,1,1,1,0.62387,0.24401,0,0,1,1,1,1,0.69196,0.30606,0,0,1,1,1,1,0.80655,0.54207,0.29062,0.13326,1,1,1,0.72293,0.29604,0.14303,1,1,1,1,0.73295,0.28846,1,1,1,1,0,1,1,1,0.6226,1,0.94505,0.60338,0.59646,1,0,0,0,0,0
0,0,0,0,0,0,0,0,0,0,0,0,0,0,0,0,0,0,0,0.14491,0,0,0,0,0,0,0,0,0,0,0,0,0,0,0,0,0,0,0,0,0,0,0,0,0,0,0,0,0,0,0,0,0,0,0,0,0,0,0,0,0,0,0,0,0,0,0,0,0.13134,0,0,0,0,0,0,0.24021,0,0,0,0,0.2452,0,0,0,0,0,0,0,0,0,0,0,0,0,0,0,0,0,0,0,0,0,0,0,0,0,0,0,0,0,0,0,0,0,0,0,0,0,0,0,0,0,0,0,0,0,0,0,0,0,0,0,0,0,0,0,0,0,0,0,0,0,0,0,0,0,0,0,0,0,0,0,0,0,0,0,0,0,0,0,0,0,0,0,0,0,0.15995,0.3632,0.17087,0.15118,0.2169,0.19661,0.40366,0.58404,0.63877,0.29084,0.37951,0.48613,0.40412,0.88151,0.92271,0.77484,0.8357,0.75952,1,1,1,0.53874,1,1,1,1,1,1,1,1,1,1,1,1,1,1,1,1,1,1,1,1,1,1,1,1,1,1,1,1,1,1,1,1,1,1,1,1,1,1,1,1,1,1,1,1,1,1,1,1,1,1,1,1,1,1,1,0.47607,0.98711,1,0.76441,0.40897,0,1,0.99221,0.53705,0.18636,0,0,0,0,0,0,1,1,0.65753,0.27262,0.16566,0,0,0,0,0,1,1,0.73586,0.318,0,0,0,0,0.8275,1,0.34985,0,0,0,0,0,1,0.93051,0.36847,0,0,0,0,0,0.91268,0.35752,0,0,0,0,1,0.89482,0.33864,0,0,0,1,1,0.24313,0.15294,0,0.7178,0.30193,0,0,0.23523,0,0,0,0.20192,0,0,0,0,0
0,0,0,0,0,0,0,0,0,0,0,0,0,0,0,0,0,0,0,0.13047,0,0,0,0,0,0,0,0,0,0,0,0,0,0,0,0,0,0,0,0,0,0,0,0,0,0,0,0,0,0,0,0,0,0,0,0,0,0,0,0,0,0,0,0,0,0,0,0,0.14123,0,0,0,0,0,0,0.30923,0,0,0,0,0.38887,0,0,0,0,0,0,0,0,0,0,0,0,0,0,0,0,0,0,0,0,0,0,0,0,0,0,0,0,0,0,0,0,0,0,0,0,0,0,0,0,0,0,0,0,0,0,0,0,0,0,0,0,0,0,0,0,0,0,0,0,0,0,0,0,0,0,0,0,0,0,0,0,0,0,0,0,0,0,0,0,0,0,0,0,0,0,0.27736,0,0,0.13743,0.13868,0.2573,0.50647,0.64275,0.15591,0.19683,0.24561,0.23578,0.74136,0.83264,0.46981,0.56785,0.53605,0.86052,1,1,0.3248,1,0.74084,1,1,1,1,1,1,0.84943,0.91045,1,1,1,1,1,1,1,1,1,1,1,1,1,1,1,1,1,1,1,1,1,1,1,1,1,1,1,1,1,1,1,1,1,1,1,1,1,1,1,1,1,1,1,1,1,0.69733,1,1,0.98094,0.67033,0,1,1,0.81887,0.36815,0.13524,0,0,0,0,0,1,1,0.96722,0.59969,0.33797,0.18128,0,0,0,0,1,1,1,0.66607,0,0,0,0,1,1,0.72047,0.22367,0,0,0,0,1,1,0.75549,0.22896,0,0,0,0,1,0.75674,0.23605,0,0,0,1,1,0.74702,0.2281,0,0,1,1,0.64334,0.37191,0,1,0.71907,0.19305,0,0.62315,0.17322,0,0,0.52164,0,0,0,0,0
0,0,0,0,0,0,0,0,0,0,0,0,0,0,0,0,0,0,0,0,0,0,0,0,0,0,0,0,0,0,0,0,0,0,0,0,0,0,0,0,0,0,0,0,0,0,0,0,0,0,0,0,0,0,0,0,0,0,0,0,0,0,0,0,0,0,0,0,0.15085,0,0,0,0,0,0,0.39733,0.13591,0,0,0,0.55111,0,0,0,0,0,0,0,0,0,0,0,0,0,0,0,0,0,0,0,0,0,0,0,0,0,0,0,0,0,0,0,0,0,0,0,0,0,0,0,0,0,0,0,0,0,0,0,0,0,0,0,0,0,0,0,0,0,0,0,0,0,0,0,0,0,0,0,0,0,0,0,0,0,0,0,0,0,0,0,0,0,0,0,0,0,0,0.22378,0,0,0,0,0.19571,0.40393,0.62561,0,0,0.15329,0.16175,0.5665,0.7074,0.21097,0.26703,0.28061,0.63741,1,1,0.1943,1,0.44283,0.79603,1,1,1,1,0.85257,0.46052,0.55294,0.90004,1,1,1,1,1,1,1,1,1,1,1,1,1,1,1,1,1,1,1,1,1,1,1,1,1,1,1,1,1,1,1,1,1,1,1,1,1,1,1,1,1,1,1,1,0.93485,1,1,1,0.9586,0,1,1,1,0.72061,0.28172,0.13021,0,0,0,0,1,1,1,0.97165,0.72958,0.45012,0.16223,0,0,0,1,1,1,1,0.19273,0,0,0,1,1,1,0.60253,0.2157,0,0,0,1,1,1,0.63457,0.26772,0.16789,0,0,1,1,0.66527,0.23141,0,0,1,1,1,0.64727,0.23828,0,1,1,1,0.83903,0,1,1,0.54659,0.20909,1,0.486,0.20964,0.21332,0.97532,0,0,0,0,0
0,0,0,0,0,0,0,0,0,0,0,0,0,0,0,0,0,0,0,0,0,0,0,0,0,0,0,0,0,0,0,0,0,0,0,0,0,0,0,0,0,0,0,0,0,0,0,0,0,0,0,0,0,0,0,0,0,0,0,0,0,0,0,0,0,0,0,0,0,0,0,0,0,0,0,0,0,0,0,0,0,0,0,0,0,0,0,0,0,0,0,0,0,0,0,0,0,0,0,0,0,0,0,0,0,0,0,0,0,0,0,0,0,0,0,0,0,0,0,0,0,0,0,0,0,0,0,0,0,0,0,0,0,0,0,0,0,0,0,0,0,0,0,0,0,0,0,0,0,0,0,0,0,0,0,0,0,0,0,0,0,0,0,0,0,0,0,0.12549,0.1432,0,0.13337,0,0.16459,0.19399,0.18486,0.24282,0.2425,0.24826,0.19035,0.44624,0.42413,0.64353,0.61621,0.45807,0.6648,0.91642,0.48392,0.24328,1,0.76214,1,1,1,1,1,1,1,1,1,0.89519,0.76615,1,0.95396,1,1,1,1,1,1,1,1,1,1,1,1,1,1,1,1,1,1,1,1,1,1,1,1,1,1,1,1,1,1,1,1,1,1,1,0.72929,1,1,1,1,0,0.3152,0.52862,0.18769,0,0,0.67871,0.2863,0,0,0,0,0,0,0,0,0.82374,0.42235,0.15183,0,0,0,0,0,0,0,0.91717,0.54576,0.18079,0,0,0,0,0,0.21709,0.48115,0,0,0,0,0,0,0.80695,0.27621,0,0,0,0,0,0,0.28465,0,0,0,0,0,0.60361,0.29228,0,0,0,0,0.77872,0.50395,0,0,0,0.23476,0,0,0,0,0,0,0,0,0,0,0,0,0
0,0,0,0,0,0,0,0,0,0,0,0,0,0,0,0,0,0,0,0,0,0,0,0,0,0,0,0,0,0,0,0,0,0,0,0,0,0,0,0,0,0,0,0,0,0,0,0,0,0,0,0,0,0,0,0,0,0,0,0,0,0,0,0,0,0,0,0,0,0,0,0,0,0,0,0.20241,0,0,0,0,0.23151,0,0,0,0,0,0,0,0,0,0,0,0,0,0,0,0,0,0,0,0,0,0,0,0,0,0,0,0,0,0,0,0,0,0,0,0,0,0,0,0,0,0,0,0,0,0,0,0,0,0,0,0,0,0,0,0,0,0,0,0,0,0,0,0,0,0,0,0,0,0,0,0,0,0,0,0,0,0,0,0,0,0,0,0,0,0,0.193,0,0,0,0,0.18938,0.30742,0.43838,0,0.1479,0.19156,0.17645,0.55185,0.63552,0.33094,0.41305,0.36606,0.68063,1,0.86287,0.21721,1,0.5842,0.91656,1,1,1,1,1,0.73862,0.77989,1,1,1,1,1,1,1,1,1,1,1,1,1,1,1,1,1,1,1,1,1,1,1,1,1,1,1,1,1,1,1,1,1,1,1,1,1,1,1,1,1,1,1,1,1,0.51699,0.915,1,0.79837,0.5029,0,1,1,0.65894,0.24096,0,0,0,0,0,0,1,1,0.81971,0.46372,0.23735,0.14225,0,0,0,0,1,1,0.93649,0.54391,0,0,0,0,1,1,0.61703,0.19118,0,0,0,0,1,1,0.66978,0.20223,0,0,0,0,1,0.68853,0.21403,0,0,0,1,1,0.69706,0.21037,0,0,1,1,0.61046,0.33683,0,1,0.70452,0.18355,0,0.62535,0.16837,0,0,0.5382,0,0,0,0,0
0,0,0,0,0,0,0,0,0,0,0,0,0,0,0,0,0,0,0,0,0,0,0,0,0,0,0,0,0,0,0,0,0,0,0,0,0,0,0,0,0,0,0,0,0,0,0,0,0,0,0,0,0,0,0,0,0,0,0,0,0,0,0,0,0,0,0,0,0,0,0,0,0,0,0,0.21633,0,0,0,0,0.30048,0,0,0,0,0,0,0,0,0,0,0,0,0,0,0,0,0,0,0,0,0,0,0,0,0,0,0,0,0,0,0,0,0,0,0,0,0,0,0,0,0,0,0,0,0,0,0,0,0,0,0,0,0,0,0,0,0,0,0,0,0,0,0,0,0,0,0,0,0,0,0,0,0,0,0,0,0,0,0,0,0,0,0,0,0,0,0.15191,0,0,0,0,0.13024,0.22932,0.39115,0,0,0,0,0.37298,0.49863,0.17126,0.20904,0.20608,0.46216,0.89644,0.79657,0.13802,1,0.30178,0.64872,0.98251,1,1,1,0.81175,0.37936,0.44807,0.78614,1,1,1,1,1,1,1,1,1,1,1,1,1,1,1,1,1,1,1,1,1,1,1,1,1,1,1,1,1,1,1,1,1,1,1,1,1,1,1,1,1,1,1,1,0.68848,0.97353,1,0.95627,0.72044,0,1,1,0.89676,0.50293,0.19222,0,0,0,0,0,1,1,1,0.76176,0.53185,0.2636,0,0,0,0,1,1,1,0.8676,0.13575,0,0,0,1,1,0.97004,0.43818,0.1639,0,0,0,1,1,1,0.49146,0.20992,0,0,0,1,1,0.54016,0.19126,0,0,1,1,1,0.53914,0.20267,0,1,1,1,0.75501,0,1,1,0.47207,0.18153,1,0.43081,0.18814,0.19648,0.96517,0,0,0,0,0
0,0,0,0,0,0,0,0,0,0,0,0,0,0,0,0,0,0,0,0,0,0,0,0,0,0,0,0,0,0,0,0,0,0,0,0,0,0,0,0,0,0,0,0,0,0,0,0,0,0,0,0,0,0,0,0,0,0,0,0,0,0,0,0,0,0,0,0,0,0,0,0,0,0,0,0.26127,0,0,0,0,0.47367,0,0,0,0,0,0,0,0,0,0,0,0,0,0,0,0,0,0,0,0,0,0,0,0,0,0,0,0,0,0,0,0,0,0,0,0,0,0,0,0,0,0,0,0,0,0,0,0,0,0,0,0,0,0,0,0,0,0,0,0,0,0,0,0,0,0,0,0,0,0,0,0,0,0,0,0,0,0,0,0,0,0,0,0,0,0,0.13539,0,0,0,0,0,0.21272,0.40956,0,0,0,0,0.25972,0.42487,0,0.13583,0.14627,0.30712,0.77066,0.78533,0,1,0.19452,0.43993,0.7786,1,1,1,0.46557,0.1921,0.22503,0.52494,1,1,1,1,1,1,1,1,1,1,1,1,1,1,1,1,1,1,1,1,1,1,1,1,1,1,1,1,1,1,1,1,1,1,1,0.87187,1,1,1,1,1,1,1,1,0.91888,1,1,1,0.99579,0.14211,1,1,1,0.84092,0.44074,0.19191,0,0,0,0,1,1,1,1,0.90455,0.65175,0.23243,0,0,0,1,1,1,1,0.31127,0.14378,0,0,1,1,1,0.84585,0.40615,0.17715,0,0,1,1,1,0.91113,0.55199,0.29056,0.18124,0,1,1,0.96565,0.50049,0.19135,0,1,1,1,0.96696,0.53596,0.19746,1,1,1,1,0,1,1,0.89649,0.47054,1,0.84891,0.48564,0.50528,1,0,0,0,0,0
0,0,0,0,0,0,0,0,0,0,0,0,0,0,0,0,0,0,0,0,0,0,0,0,0,0,0,0,0,0,0,0,0,0,0,0,0,0,0,0,0,0,0,0,0,0,0,0,0,0,0,0,0,0,0,0,0,0,0,0,0,0,0,0,0,0,0,0,0.16105,0.12907,0,0,0,0,0,0.49487,0.21357,0.21158,0,0,0.75071,0,0,0,0,0,0,0,0,0,0,0,0,0,0,0,0,0,0,0,0,0,0,0,0,0,0,0,0,0,0,0,0,0,0,0,0,0,0,0,0,0,0,0,0,0,0,0,0,0,0,0,0,0,0,0,0,0,0,0,0,0,0,0,0,0,0,0,0,0,0,0,0,0,0,0,0,0,0,0,0,0,0,0,0,0,0,0.1702,0,0,0,0,0,0.24634,0.56456,0,0,0,0,0.30195,0.49964,0,0,0.14146,0.31003,0.79086,0.90714,0,1,0.17652,0.38939,0.72576,1,1,1,0.27065,0.14494,0.18815,0.42107,1,1,1,1,1,1,1,1,1,1,1,1,1,1,1,1,1,1,1,1,1,1,0.96822,1,1,1,1,0.79973,0.72298,1,1,1,1,0.87862,1,0.58161,1,1,1,1,1,1,1,1,1,1,1,1,1,0.3078,1,1,1,1,0.82163,0.45804,0.20774,0,0,0,1,1,1,1,1,1,0.57817,0.24046,0,0,1,1,1,1,0.68848,0.30506,0.1302,0,1,1,1,1,0.77565,0.39644,0.15094,0,1,1,1,1,0.90964,0.64642,0.39715,0.16937,1,1,1,0.84295,0.4155,0.18311,1,1,1,1,0.86495,0.41998,1,1,1,1,0.15025,1,1,1,0.77254,1,1,0.76498,0.76593,1,0,0,0,0,0
0,0,0,0,0,0,0,0,0,0,0,0,0,0,0,0,0,0,0,0,0,0,0,0,0,0,0,0,0,0,0,0,0,0,0,0,0,0,0,0,0,0,0,0,0,0,0,0,0,0,0,0,0,0,0,0,0,0,0,0,0,0,0,0,0,0,0,0,0,0,0,0,0,0,0,0,0,0,0,0,0,0,0,0,0,0,0,0,0,0,0,0,0,0,0,0,0,0,0,0,0,0,0,0,0,0,0,0,0,0,0,0,0,0,0,0,0,0,0,0,0,0,0,0,0,0,0,0,0,0,0,0,0,0,0,0,0,0,0,0,0,0,0,0,0,0,0,0,0,0,0,0,0,0,0,0,0,0,0,0,0,0,0,0,0,0,0,0,0,0,0,0,0,0,0,0.19608,0.1887,0.18817,0,0.24432,0.23452,0.48314,0.43754,0.26526,0.45821,0.69673,0.25662,0.179,0.84469,0.57813,0.81874,1,1,1,1,1,1,0.94479,1,0.6671,0.53902,0.97111,0.73051,1,0.92562,1,1,1,1,1,1,1,1,1,1,1,1,1,1,1,0.96822,1,1,1,1,1,1,1,1,1,1,1,1,1,1,1,1,1,0.68718,1,1,1,1,0,0.1965,0.30449,0,0,0,0.45887,0.19118,0,0,0,0,0,0,0,0,0.60982,0.23877,0,0,0,0,0,0,0,0,0.71031,0.3468,0,0,0,0,0,0,0.15724,0.30058,0,0,0,0,0,0,0.63167,0.20267,0,0,0,0,0,0,0.20957,0,0,0,0,0,0.46377,0.21574,0,0,0,0,0.64774,0.37806,0,0,0,0.19815,0,0,0,0,0,0,0,0,0,0,0,0,0
0,0,0,0,0,0,0,0,0,0,0,0,0,0,0,0,0,0,0,0,0,0,0,0,0,0,0,0,0,0,0,0,0,0,0,0,0,0,0,0,0,0,0,0,0,0,0,0,0,0,0,0,0,0,0,0,0,0,0,0,0,0,0,0,0,0,0,0,0,0,0,0,0,0,0,0,0,0,0,0,0,0,0,0,0,0,0,0,0,0,0,0,0,0,0,0,0,0,0,0,0,0,0,0,0,0,0,0,0,0,0,0,0,0,0,0,0,0,0,0,0,0,0,0,0,0,0,0,0,0,0,0,0,0,0,0,0,0,0,0,0,0,0,0,0,0,0,0,0,0,0,0,0,0,0,0,0,0,0,0,0,0,0,0,0,0,0,0,0,0,0,0,0,0,0,0,0,0,0,0.18565,0.18668,0.23202,0.22581,0.17745,0.2593,0.54587,0.2232,0,0.73262,0.32713,0.59432,0.85477,1,1,1,1,0.7303,0.66197,0.90093,0.60139,0.51017,0.90891,0.7379,1,0.94527,1,1,1,1,1,1,1,1,1,1,1,1,1,1,1,1,1,1,1,1,1,1,1,1,1,1,1,1,1,1,1,1,1,1,1,1,1,1,0,0.19432,0.31086,0.13251,0,0,0.4929,0.21524,0,0,0,0,0,0,0,0,0.67181,0.31333,0.12711,0,0,0,0,0,0,0,0.79904,0.46576,0.16592,0,0,0,0,0,0.21497,0.46871,0,0,0,0,0,0,0.80829,0.30451,0,0,0,0,0,0,0.34819,0,0,0,0,0,0.70728,0.38499,0,0,0,0,0.90278,0.6425,0,0,0,0.38106,0.13948,0,0,0.1267,0,0,0,0,0,0,0,0,0
0,0,0,0,0,0,0,0,0,0,0,0,0,0,0,0,0,0,0,0,0,0,0,0,0,0,0,0,0,0,0,0,0,0,0,0,0,0,0,0,0,0,0,0,0,0,0,0,0,0,0,0,0,0,0,0,0,0,0,0,0,0,0,0,0,0,0,0,0,0,0,0,0,0,0,0.13847,0,0,0,0,0.18369,0,0,0,0,0,0,0,0,0,0,0,0,0,0,0,0,0,0,0,0,0,0,0,0,0,0,0,0,0,0,0,0,0,0,0,0,0,0,0,0,0,0,0,0,0,0,0,0,0,0,0,0,0,0,0,0,0,0,0,0,0,0,0,0,0,0,0,0,0,0,0,0,0,0,0,0,0,0,0,0,0,0,0,0,0,0,0,0,0,0,0,0,0.17171,0.22936,0,0,0,0,0.24355,0.33496,0.15479,0.18424,0.17229,0.34282,0.7557,0.60233,0,1,0.24165,0.56193,0.8882,1,1,1,0.84175,0.36999,0.41178,0.73656,1,1,1,1,1,1,1,1,1,1,1,1,1,1,1,1,1,1,1,1,1,1,1,1,1,1,1,1,1,1,1,1,1,1,1,1,1,1,1,1,1,1,1,1,0.42832,0.73733,0.98294,0.69845,0.456,0,1,0.97969,0.63162,0.24642,0,0,0,0,0,0,1,1,0.82277,0.49993,0.27421,0.17029,0,0,0,0,1,1,0.97071,0.61035,0,0,0,0,1,1,0.72157,0.23203,0,0,0,0,1,1,0.80776,0.26128,0.13457,0,0,0,1,0.85765,0.32106,0,0,0,1,1,0.89657,0.33137,0.13426,0,1,1,0.83753,0.56334,0,1,0.95696,0.2891,0,0.90077,0.26328,0.13039,0.14249,0.83177,0,0,0,0,0
0,0,0,0,0,0,0,0,0,0,0,0,0,0,0,0,0,0,0,0,0,0,0,0,0,0,0,0,0,0,0,0,0,0,0,0,0,0,0,0,0,0,0,0,0,0,0,0,0,0,0,0,0,0,0,0,0,0,0,0,0,0,0,0,0,0,0,0,0,0,0,0,0,0,0,0,0,0,0,0,0,0,0,0,0,0,0,0,0,0,0,0,0,0,0,0,0,0,0,0,0,0,0,0,0,0,0,0,0,0,0,0,0,0,0,0,0,0,0,0,0,0,0,0,0,0,0,0,0,0,0,0,0,0,0,0,0,0,0,0,0,0,0,0,0,0,0,0,0,0,0,0,0,0,0,0,0,0,0,0,0,0,0,0,0,0,0,0,0,0,0,0,0,0,0.15341,0,0,0,0,0.16359,0.19896,0,0,0,0.20107,0.51582,0.37138,0,0.79973,0.16364,0.32579,0.65068,0.95617,1,1,0.6436,0.21861,0.22933,0.50826,0.82423,0.85314,1,1,1,1,1,1,1,1,1,1,1,1,1,1,1,1,1,1,1,1,1,1,1,1,1,1,1,1,1,1,1,1,1,1,1,1,1,1,1,1,1,1,0.25877,0.53036,0.77672,0.52229,0.30611,0,1,0.80995,0.49036,0.20811,0,0,0,0,0,0,1,1,0.69583,0.39442,0.22863,0.14601,0,0,0,0,1,1,0.85952,0.52193,0,0,0,0,1,1,0.65628,0.2158,0,0,0,0,1,1,0.76431,0.24491,0.12857,0,0,0,1,0.83628,0.31222,0,0,0,1,1,0.8984,0.33913,0.13874,0,1,1,0.86301,0.59097,0,1,1,0.32922,0.13144,0.97048,0.3214,0.14827,0.16449,0.92096,0,0,0,0,0
0,0,0,0,0,0,0,0,0,0,0,0,0,0,0,0,0,0,0,0,0,0,0,0,0,0,0,0,0,0,0,0,0,0,0,0,0,0,0,0,0,0,0,0,0,0,0,0,0,0,0,0,0,0,0,0,0,0,0,0,0,0,0,0,0,0,0,0,0,0,0,0,0,0,0,0,0,0,0,0,0.13633,0,0,0,0,0,0,0,0,0,0,0,0,0,0,0,0,0,0,0,0,0,0,0,0,0,0,0,0,0,0,0,0,0,0,0,0,0,0,0,0,0,0,0,0,0,0,0,0,0,0,0,0,0,0,0,0,0,0,0,0,0,0,0,0,0,0,0,0,0,0,0,0,0,0,0,0,0,0,0,0,0,0,0,0,0,0,0,0,0,0,0,0,0,0.14527,0,0,0,0,0.13495,0.17675,0,0,0,0.16617,0.4287,0.3358,0,0.72624,0,0.23253,0.52835,0.85393,1,1,0.45094,0.16019,0.17587,0.35663,0.78397,0.84045,1,1,1,1,1,1,1,1,1,1,1,1,1,1,1,1,1,1,1,1,1,1,1,1,1,1,1,1,1,1,1,1,1,1,1,1,1,1,1,1,1,1,0.3369,0.55066,0.79686,0.59039,0.40731,0,1,0.8845,0.59989,0.26113,0.12537,0,0,0,0,0,1,1,0.81857,0.53831,0.34461,0.20299,0,0,0,0,1,1,0.9958,0.67916,0,0,0,0,1,1,0.8298,0.33354,0.13822,0,0,0,1,1,0.95142,0.43313,0.1964,0,0,0,1,1,0.51916,0.19043,0,0,1,1,1,0.55311,0.21101,0,1,1,1,0.81167,0,1,1,0.55396,0.20622,1,0.55024,0.22434,0.24127,1,0,0,0,0,0
0,0,0,0,0,0,0,0,0,0,0,0,0,0,0,0,0,0,0,0,0,0,0,0,0,0,0,0,0,0,0,0,0,0,0,0,0,0,0,0,0,0,0,0,0,0,0,0,0,0,0,0,0,0,0,0,0,0,0,0,0,0,0,0,0,0,0,0,0,0,0,0,0,0,0,0,0,0,0,0,0,0,0,0,0,0,0,0,0,0,0,0,0,0,0,0,0,0,0,0,0,0,0,0,0,0,0,0,0,0,0,0,0,0,0,0,0,0,0,0,0,0,0,0,0,0,0,0,0,0,0,0,0,0,0,0,0,0,0,0,0,0,0,0,0,0,0,0,0,0,0,0,0,0,0,0,0,0,0,0,0,0,0,0,0,0,0,0,0,0,0,0,0,0,0,0.13984,0.12598,0,0,0.16644,0.15473,0.29473,0.24435,0.18292,0.24328,0.45786,0.17092,0,0.60167,0.36867,0.59754,0.81967,0.91334,1,1,1,0.86425,0.75159,0.94311,0.42322,0.297,0.72741,0.49279,0.94845,0.69009,1,0.89368,1,1,1,1,1,0.88042,1,1,1,1,1,1,1,0.79973,1,1,1,1,1,1,1,1,1,1,1,1,1,1,1,1,1,0.63139,1,1,1,1,0,0,0.18872,0,0,0,0.24172,0,0,0,0,0,0,0,0,0,0.38213,0.1657,0,0,0,0,0,0,0,0,0.4896,0.21152,0,0,0,0,0,0,0,0.20229,0,0,0,0,0,0,0.44226,0.14239,0,0,0,0,0,0,0.15337,0,0,0,0,0,0.31011,0.16319,0,0,0,0,0.502,0.24625,0,0,0,0.15756,0,0,0,0,0,0,0,0,0,0,0,0,0
0,0,0,0,0,0,0,0,0,0,0,0,0,0,0,0,0,0,0,0,0,0,0,0,0,0,0,0,0,0,0,0,0,0,0,0,0,0,0,0,0,0,0,0,0,0,0,0,0,0,0,0,0,0,0,0,0,0,0,0,0,0,0,0,0,0,0,0,0,0,0,0,0,0,0,0,0,0,0,0,0,0,0,0,0,0,0,0,0,0,0,0,0,0,0,0,0,0,0,0,0,0,0,0,0,0,0,0,0,0,0,0,0,0,0,0,0,0,0,0,0,0,0,0,0,0,0,0,0,0,0,0,0,0,0,0,0,0,0,0,0,0,0,0,0,0,0,0,0,0,0,0,0,0,0,0,0,0,0,0,0,0,0,0,0,0,0,0,0,0,0,0,0,0,0,0,0,0,0,0,0,0.17233,0.15145,0,0.15259,0.23235,0,0,0.35259,0.19678,0.32195,0.54929,0.6566,1,1,1,0.58887,0.47319,0.66504,0.22996,0.19272,0.49611,0.29023,0.71988,0.49349,1,0.71609,1,0.90675,1,1,1,0.7835,1,1,1,1,1,1,1,0.72298,1,1,1,1,1,1,1,1,1,1,1,1,1,1,1,1,1,0.69924,1,1,1,1,0,0,0,0,0,0,0.17838,0,0,0,0,0,0,0,0,0,0.23551,0,0,0,0,0,0,0,0,0,0.32857,0.1639,0,0,0,0,0,0,0,0.16548,0,0,0,0,0,0,0.33684,0,0,0,0,0,0,0,0.1298,0,0,0,0,0,0.25853,0.14482,0,0,0,0,0.4598,0.23577,0,0,0,0.15539,0,0,0,0,0,0,0,0,0,0,0,0,0
0,0,0,0,0,0,0,0,0,0,0,0,0,0,0,0,0,0,0,0,0,0,0,0,0,0,0,0,0,0,0,0,0,0,0,0,0,0,0,0,0,0,0,0,0,0,0,0,0,0,0,0,0,0,0,0,0,0,0,0,0,0,0,0,0,0,0,0,0,0,0,0,0,0,0,0,0,0,0,0,0,0,0,0,0,0,0,0,0,0,0,0,0,0,0,0,0,0,0,0,0,0,0,0,0,0,0,0,0,0,0,0,0,0,0,0,0,0,0,0,0,0,0,0,0,0,0,0,0,0,0,0,0,0,0,0,0,0,0,0,0,0,0,0,0,0,0,0,0,0,0,0,0,0,0,0,0,0,0,0,0,0,0,0,0,0,0,0,0,0,0,0,0,0,0,0,0,0,0,0.15221,0.15995,0.17528,0.17476,0.13227,0.21456,0.45782,0.20793,0,0.66667,0.22634,0.46108,0.73702,0.92751,1,1,1,0.54487,0.49266,0.74841,0.56535,0.498,0.87173,0.74628,1,0.95897,1,1,1,1,1,1,1,1,1,1,1,1,1,1,1,1,1,1,1,1,1,1,1,1,1,1,1,1,1,1,1,1,1,1,1,1,1,1,0,0.19608,0.32258,0.147,0,0,0.52062,0.23349,0,0,0,0,0,0,0,0,0.7157,0.38279,0.15704,0,0,0,0,0,0,0,0.85884,0.5482,0.20026,0,0,0,0,0,0.2644,0.58297,0,0,0,0,0,0,0.92545,0.43812,0.13627,0,0,0,0,0,0.49637,0.1539,0,0,0,0,0.86908,0.54473,0.16994,0,0,0,1,0.81819,0.15542,0,0,0.5717,0.20175,0,0,0.19195,0,0,0,0.17844,0,0,0,0,0
0,0,0,0,0,0,0,0,0,0,0,0,0,0,0,0,0,0,0,0,0,0,0,0,0,0,0,0,0,0,0,0,0,0,0,0,0,0,0,0,0,0,0,0,0,0,0,0,0,0,0,0,0,0,0,0,0,0,0,0,0,0,0,0,0,0,0,0,0,0,0,0,0,0,0,0,0,0,0,0,0,0,0,0,0,0,0,0,0,0,0,0,0,0,0,0,0,0,0,0,0,0,0,0,0,0,0,0,0,0,0,0,0,0,0,0,0,0,0,0,0,0,0,0,0,0,0,0,0,0,0,0,0,0,0,0,0,0,0,0,0,0,0,0,0,0,0,0,0,0,0,0,0,0,0,0,0,0,0,0,0,0,0,0,0,0,0,0,0,0,0,0,0,0,0,0,0,0,0,0,0,0,0,0,0.16781,0.34117,0.18283,0,0.56917,0.16999,0.30403,0.59223,0.80953,1,1,0.90418,0.34369,0.30478,0.57372,0.49683,0.45317,0.79975,0.71998,1,0.93603,1,1,1,1,1,1,1,1,1,1,1,1,1,1,1,1,1,1,1,1,1,1,1,1,1,1,1,1,1,1,1,1,1,1,1,1,1,1,0,0.18774,0.30272,0.15192,0,0,0.51568,0.24189,0,0,0,0,0,0,0,0,0.72594,0.42242,0.17827,0,0,0,0,0,0,0,0.88453,0.60066,0.22609,0,0,0,0,0,0.35938,0.67027,0.1451,0,0,0,0,0,1,0.54819,0.17765,0,0,0,0,0,0.62297,0.19977,0,0,0,0,1,0.6847,0.2202,0,0,0,1,0.97614,0.20995,0,0,0.74917,0.27925,0,0,0.26093,0,0,0,0.24317,0,0,0,0,0
0,0,0,0,0,0,0,0,0,0,0,0,0,0,0,0,0,0,0,0,0,0,0,0,0,0,0,0,0,0,0,0,0,0,0,0,0,0,0,0,0,0,0,0,0,0,0,0,0,0,0,0,0,0,0,0,0,0,0,0,0,0,0,0,0,0,0,0,0,0,0,0,0,0,0,0,0,0,0,0,0,0,0,0,0,0,0,0,0,0,0,0,0,0,0,0,0,0,0,0,0,0,0,0,0,0,0,0,0,0,0,0,0,0,0,0,0,0,0,0,0,0,0,0,0,0,0,0,0,0,0,0,0,0,0,0,0,0,0,0,0,0,0,0,0,0,0,0,0,0,0,0,0,0,0,0,0,0,0,0,0,0,0,0,0,0,0,0,0,0,0,0,0,0,0,0,0,0,0,0,0,0,0,0,0,0.20561,0,0,0.35813,0,0.18454,0.34849,0.58256,1,1,0.63272,0.19131,0.17978,0.31373,0.30939,0.28664,0.60769,0.56871,0.82945,0.78609,1,1,1,1,1,1,1,1,1,1,1,1,1,1,1,1,1,1,1,1,1,1,1,1,1,1,1,1,1,1,1,1,1,1,1,1,1,1,0,0.1391,0.22015,0,0,0,0.38668,0.21001,0,0,0,0,0,0,0,0,0.61066,0.34127,0.16137,0,0,0,0,0,0,0,0.78396,0.53259,0.21445,0,0,0,0,0,0.34513,0.64353,0.14775,0,0,0,0,0,0.98388,0.55224,0.18669,0,0,0,0,0,0.64916,0.21508,0,0,0,0,1,0.7297,0.24196,0,0,0,1,1,0.23847,0.14968,0,0.85364,0.38105,0,0,0.38211,0,0,0,0.36765,0,0,0,0,0
0,0,0,0,0,0,0,0,0,0,0,0,0,0,0,0,0,0,0,0,0,0,0,0,0,0,0,0,0,0,0,0,0,0,0,0,0,0,0,0,0,0,0,0,0,0,0,0,0,0,0,0,0,0,0,0,0,0,0,0,0,0,0,0,0,0,0,0,0,0,0,0,0,0,0,0,0,0,0,0,0,0,0,0,0,0,0,0,0,0,0,0,0,0,0,0,0,0,0,0,0,0,0,0,0,0,0,0,0,0,0,0,0,0,0,0,0,0,0,0,0,0,0,0,0,0,0,0,0,0,0,0,0,0,0,0,0,0,0,0,0,0,0,0,0,0,0,0,0,0,0,0,0,0,0,0,0,0,0,0,0,0,0,0,0,0,0,0,0,0,0,0,0,0,0,0,0,0,0,0,0,0,0,0,0,0.15856,0,0,0.24287,0,0.12871,0.22922,0.43764,0.87997,1,0.43329,0.12659,0,0.21152,0.23363,0.23202,0.49395,0.48942,0.71202,0.70656,1,1,1,1,1,1,1,1,1,1,1,1,1,1,1,1,1,1,1,1,1,1,1,1,1,1,1,1,1,1,1,1,1,1,1,1,1,1,0,0,0.19686,0,0,0,0.32657,0.19935,0,0,0,0,0,0,0,0,0.56026,0.31966,0.16275,0,0,0,0,0,0,0,0.74403,0.52006,0.21964,0,0,0,0,0,0.37547,0.66229,0.16418,0,0,0,0,0,0.99751,0.59523,0.20775,0,0,0,0,0,0.70826,0.24069,0,0,0,0,1,0.80238,0.31655,0,0,0,1,1,0.32091,0.18627,0,0.96947,0.49754,0,0,0.51237,0,0,0,0.5098,0,0,0,0,0
0,0,0,0,0,0,0,0,0,0,0,0,0,0,0,0,0,0,0,0,0,0,0,0,0,0,0,0,0,0,0,0,0,0,0,0,0,0,0,0,0,0,0,0,0,0,0,0,0,0,0,0,0,0,0,0,0,0,0,0,0,0,0,0,0,0,0,0,0,0,0,0,0,0,0,0,0,0,0,0,0,0,0,0,0,0,0,0,0,0,0,0,0,0,0,0,0,0,0,0,0,0,0,0,0,0,0,0,0,0,0,0,0,0,0,0,0,0,0,0,0,0,0,0,0,0,0,0,0,0,0,0,0,0,0,0,0,0,0,0,0,0,0,0,0,0,0,0,0,0,0,0,0,0,0,0,0,0,0,0,0,0,0,0,0,0,0,0,0,0,0,0,0,0,0,0,0,0,0,0,0,0,0,0,0,0,0,0,0.14695,0,0,0.17086,0.23275,0.70883,1,0.47911,0.13033,0,0.18224,0,0,0.21922,0.18994,0.38346,0.28602,0.69561,0.56242,1,0.81826,1,1,1,0.87624,1,1,1,1,1,1,1,0.87862,1,1,1,1,1,1,1,1,1,1,1,1,1,1,1,1,1,1,1,1,1,1,0,0,0,0,0,0,0,0,0,0,0,0,0,0,0,0,0.19462,0,0,0,0,0,0,0,0,0,0.24971,0.16161,0,0,0,0,0,0,0,0.19662,0,0,0,0,0,0,0.43037,0.16705,0,0,0,0,0,0,0.20113,0,0,0,0,0,0.51139,0.23025,0,0,0,0,0.72888,0.51789,0,0,0,0.3522,0.1269,0,0,0.13352,0,0,0,0.13524,0,0,0,0,0
0,0,0,0,0,0,0,0,0,0,0,0,0,0,0,0,0,0,0,0,0,0,0,0,0,0,0,0,0,0,0,0,0,0,0,0,0,0,0,0,0,0,0,0,0,0,0,0,0,0,0,0,0,0,0,0,0,0,0,0,0,0,0,0,0,0,0,0,0,0,0,0,0,0,0,0.14249,0,0,0,0,0.22025,0,0,0,0,0,0,0,0,0,0,0,0,0,0,0,0,0,0,0,0,0,0,0,0,0,0,0,0,0,0,0,0,0,0,0,0,0,0,0,0,0,0,0,0,0,0,0,0,0,0,0,0,0,0,0,0,0,0,0,0,0,0,0,0,0,0,0,0,0,0,0,0,0,0,0,0,0,0,0,0,0,0,0,0,0,0,0,0,0,0,0,0,0,0.18553,0,0,0,0,0.13566,0.18966,0,0,0,0.15366,0.42027,0.42951,0,0.73878,0,0.20259,0.44574,0.80594,1,1,0.23594,0,0,0.23772,0.85956,0.96664,1,1,1,1,1,1,1,1,1,1,1,1,1,1,1,1,1,1,1,1,1,1,1,1,1,1,1,1,1,1,1,1,1,0.70247,1,1,1,1,1,1,1,1,0.63114,0.74329,0.98423,0.86489,0.73687,0,1,1,0.94002,0.64235,0.28066,0.14816,0,0,0,0,1,1,1,0.92699,0.75202,0.52969,0.19691,0,0,0,1,1,1,1,0.24272,0,0,0,1,1,1,0.76653,0.35313,0.16523,0,0,1,1,1,0.87295,0.53063,0.27644,0.17922,0,1,1,0.96101,0.51277,0.19768,0,1,1,1,0.99398,0.57246,0.21217,1,1,1,1,0,1,1,0.9843,0.54987,1,0.96963,0.59497,0.63685,1,0,0,0,0,0
0,0,0,0,0,0,0,0,0,0,0,0,0,0,0,0,0,0,0,0,0,0,0,0,0,0,0,0,0,0,0,0,0,0,0,0,0,0,0,0,0,0,0,0,0,0,0,0,0,0,0,0,0,0,0,0,0,0,0,0,0,0,0,0,0,0,0,0,0,0,0,0,0,0,0,0,0,0,0,0,0,0,0,0,0,0,0,0,0,0,0,0,0,0,0,0,0,0,0,0,0,0,0,0,0,0,0,0,0,0,0,0,0,0,0,0,0,0,0,0,0,0,0,0,0,0,0,0,0,0,0,0,0,0,0,0,0,0,0,0,0,0,0,0,0,0,0,0,0,0,0,0,0,0,0,0,0,0,0,0,0,0,0,0,0.1518,0.16435,0.1907,0.18309,0.46274,0.29921,0.3096,0.18171,0.24974,0.24267,0.19619,0.76694,0.70382,0.64942,0.40055,0.65321,0.55856,1,1,0.79952,0.91764,1,0.49454,0.57536,1,1,1,1,1,1,1,1,1,1,1,0.84096,0.64569,1,0.75382,1,0.91162,1,1,1,1,1,1,1,0.71775,1,1,1,1,1,1,0.87187,0.58161,1,1,1,1,1,1,1,1,1,1,1,1,0.70247,1,1,1,1,0.18704,1,1,1,0.9189,0,0.22422,0.35275,0,0,0,0.44507,0.1673,0,0,0,0,0,0,0,0,0.5335,0.19687,0,0,0,0,0,0,0,0,0.5769,0.2244,0,0,0,0,0,0,0,0.17806,0,0,0,0,0,0,0.33583,0,0,0,0,0,0,0,0,0,0,0,0,0,0.18231,0,0,0,0,0,0.23436,0.14091,0,0,0,0,0,0,0,0,0,0,0,0,0,0,0,0,0
0,0,0,0,0,0,0,0,0,0,0,0,0,0,0,0,0,0,0,0,0,0,0,0,0,0,0,0,0,0,0,0,0,0,0,0,0,0,0,0,0,0,0,0,0,0,0,0,0,0,0,0,0,0,0,0,0,0,0,0,0,0,0,0,0,0,0,0,0,0,0,0,0,0,0,0,0,0,0,0,0,0,0,0,0,0,0,0,0,0,0,0,0,0,0,0,0,0,0,0,0,0,0,0,0,0,0,0,0,0,0,0,0,0,0,0,0,0,0,0,0,0,0,0,0,0,0,0,0,0,0,0,0,0,0,0,0,0,0,0,0,0,0,0,0,0,0,0,0,0,0,0,0,0,0,0,0,0,0,0,0,0,0,0,0,0,0,0.15522,0,0,0,0,0.17253,0.22844,0.24643,0.16999,0.18854,0.21441,0.17834,0.49228,0.5248,0.47138,0.50209,0.40055,0.66745,0.99904,0.67167,0.22551,1,0.6638,0.96462,1,1,1,1,1,0.94686,0.93547,1,1,1,1,1,1,1,1,1,1,1,1,1,1,1,1,1,1,1,1,1,1,1,1,1,1,1,1,1,1,1,1,1,1,1,1,1,1,1,1,1,1,1,1,1,0.21391,0.61306,0.84234,0.42815,0.19999,0,1,0.67284,0.24788,0,0,0,0,0,0,0,1,0.83327,0.38843,0.17373,0,0,0,0,0,0,1,0.97658,0.49226,0.19715,0,0,0,0,0.61951,0.94775,0.21867,0,0,0,0,0,1,0.75763,0.23499,0,0,0,0,0,0.77565,0.24114,0,0,0,0,1,0.78851,0.24499,0,0,0,1,1,0.21808,0.12671,0,0.70127,0.25722,0,0,0.22978,0,0,0,0.20471,0,0,0,0,0
0,0,0,0,0,0,0,0,0,0,0,0,0,0,0,0,0,0,0,0,0,0,0,0,0,0,0,0,0,0,0,0,0,0,0,0,0,0,0,0,0,0,0,0,0,0,0,0,0,0,0,0,0,0,0,0,0,0,0,0,0,0,0,0,0,0,0,0,0,0,0,0,0,0,0,0,0,0,0,0,0,0,0,0,0,0,0,0,0,0,0,0,0,0,0,0,0,0,0,0,0,0,0,0,0,0,0,0,0,0,0,0,0,0,0,0,0,0,0,0,0,0,0,0,0,0,0,0,0,0,0,0,0,0,0,0,0,0,0,0,0,0,0,0,0,0,0,0,0,0,0,0,0,0,0,0,0,0,0,0,0,0,0,0,0,0,0,0,0,0,0,0,0,0,0.1383,0,0,0,0,0.18474,0.20794,0.14517,0.16138,0.13562,0.23358,0.5744,0.33988,0,0.82796,0.21676,0.46658,0.77497,1,1,1,0.92047,0.39712,0.39668,0.69483,0.79287,0.77457,1,1,1,1,1,1,1,1,1,1,1,1,1,1,1,1,1,1,1,1,1,1,1,1,1,1,1,1,1,1,1,1,1,1,1,1,1,1,1,1,1,1,0.18263,0.40417,0.64675,0.32321,0.18721,0,0.86973,0.59759,0.24418,0,0,0,0,0,0,0,1,0.79971,0.41809,0.19707,0,0,0,0,0,0,1,0.98149,0.56248,0.23363,0,0,0,0,0.74235,1,0.31457,0,0,0,0,0,1,0.92765,0.40639,0,0,0,0,0,0.99547,0.46489,0.14462,0,0,0,1,1,0.51588,0.15122,0,0,1,1,0.47216,0.2331,0,1,0.60841,0.14485,0,0.57303,0.14145,0,0,0.52457,0,0,0,0,0
0,0,0,0,0,0,0,0,0,0,0,0,0,0,0,0,0,0,0,0,0,0,0,0,0,0,0,0,0,0,0,0,0,0,0,0,0,0,0,0,0,0,0,0,0,0,0,0,0,0,0,0,0,0,0,0,0,0,0,0,0,0,0,0,0,0,0,0,0,0,0,0,0,0,0,0,0,0,0,0,0,0,0,0,0,0,0,0,0,0,0,0,0,0,0,0,0,0,0,0,0,0,0,0,0,0,0,0,0,0,0,0,0,0,0,0,0,0,0,0,0,0,0,0,0,0,0,0,0,0,0,0,0,0,0,0,0,0,0,0,0,0,0,0,0,0,0,0,0,0,0,0,0,0,0,0,0,0,0,0,0,0,0,0,0,0,0,0,0,0,0,0,0,0,0,0,0,0,0,0,0,0,0,0,0,0.19625,0.14074,0,0.36379,0,0.14526,0.25251,0.53809,0.92661,1,0.36376,0,0,0.21591,0.37569,0.40063,0.65655,0.70871,0.86522,0.92327,1,1,1,1,1,1,1,1,1,1,1,1,1,1,1,1,1,1,1,1,1,1,1,1,1,1,1,1,1,1,1,1,1,1,1,1,1,1,0,0.19337,0.32657,0.19642,0.13188,0,0.5741,0.38086,0.19576,0,0,0,0,0,0,0,0.81849,0.61227,0.30578,0.17661,0,0,0,0,0,0,1,0.82062,0.48474,0.2255,0,0,0,0,0.71067,0.98875,0.33848,0,0,0,0,0,1,0.93712,0.47431,0.15865,0,0,0,0,1,0.57648,0.19314,0,0,0,1,1,0.67246,0.21077,0,0,1,1,0.67597,0.41301,0,1,0.85016,0.22577,0,0.85926,0.23406,0,0.13131,0.84898,0,0,0,0,0
0,0,0,0,0,0,0,0,0,0,0,0,0,0,0,0,0,0,0,0,0,0,0,0,0,0,0,0,0,0,0,0,0,0,0,0,0,0,0,0,0,0,0,0,0,0,0,0,0,0,0,0,0,0,0,0,0,0,0,0,0,0,0,0,0,0,0,0,0,0,0,0,0,0,0,0,0,0,0,0,0,0,0,0,0,0,0,0,0,0,0,0,0,0,0,0,0,0,0,0,0,0,0,0,0,0,0,0,0,0,0,0,0,0,0,0,0,0,0,0,0,0,0,0,0,0,0,0,0,0,0,0,0,0,0,0,0,0,0,0,0,0,0,0,0,0,0,0,0,0,0,0,0,0,0,0,0,0,0,0,0,0,0,0,0,0,0,0,0,0,0,0,0,0,0,0,0,0,0,0,0,0,0,0,0,0,0,0,0.13238,0,0,0,0.1548,0.23315,0.3657,0,0,0,0,0.1767,0.21871,0.24942,0.48991,0.40848,0.67002,0.59001,0.9763,0.77913,1,0.82239,1,1,1,1,1,1,0.72929,1,1,1,1,0.68718,1,1,1,1,0.63139,0.69924,1,1,1,1,1,1,0.18704,1,1,1,1,0.77267,1,1,1,0.16165,0.15956,0.23704,0.22787,0.21627,0,0.48493,0.4813,0.36546,0.22814,0.14051,0,0,0,0,0,0.74993,0.74433,0.62807,0.47999,0.38542,0.24711,0,0,0,0,0.97192,0.97564,0.85504,0.68481,0.18074,0,0,0,1,1,0.92305,0.5566,0.24286,0.14309,0,0,1,1,1,0.74605,0.46761,0.24859,0.17946,0,1,1,0.90243,0.52932,0.2167,0,1,1,1,1,0.64229,0.25133,1,1,1,1,0,1,1,1,0.72525,1,1,0.84189,0.93726,1,0,0,0,0,0
0,0,0,0,0,0,0,0,0,0,0,0,0,0,0,0,0,0,0,0,0,0,0,0,0,0,0,0,0,0,0,0,0,0,0,0,0,0,0,0,0,0,0,0,0,0,0,0,0,0,0,0,0,0,0,0,0,0,0,0,0,0,0,0,0,0,0,0,0,0,0,0,0,0,0,0.14498,0,0,0,0,0.13711,0,0,0,0,0,0,0,0,0,0,0,0,0,0,0,0,0,0,0,0,0,0,0,0,0,0,0,0,0,0,0,0,0,0,0,0,0,0,0,0,0,0,0,0,0,0,0,0,0,0,0,0,0,0,0,0,0,0,0,0,0,0,0,0,0,0,0,0,0,0,0,0,0,0,0,0,0,0,0,0,0,0,0,0,0,0.15314,0.23594,0.20565,0.17357,0.21866,0.17451,0.30432,0.41758,0.40596,0.40854,0.44623,0.4991,0.35736,0.76601,0.75995,0.85689,0.86489,0.7357,0.96964,1,0.8363,0.50867,1,1,1,1,1,1,1,1,1,1,1,1,1,1,1,1,1,1,1,1,1,1,1,1,1,1,1,1,1,1,1,1,1,1,1,1,1,1,1,1,1,1,1,1,1,1,1,1,1,1,0.77267,1,1,1,1,0.20558,0.66949,0.88071,0.40533,0.17797,0,1,0.6207,0.21822,0,0,0,0,0,0,0,1,0.74521,0.26718,0.12636,0,0,0,0,0,0,1,0.85613,0.34064,0.14044,0,0,0,0,0.43,0.75997,0.15084,0,0,0,0,0,1,0.53495,0.15781,0,0,0,0,0,0.52243,0.15566,0,0,0,0,0.8111,0.51146,0.15161,0,0,0,0.96901,0.68873,0,0,0,0.36503,0.14558,0,0,0,0,0,0,0,0,0,0,0,0
0,0,0,0,0,0,0,0,0,0,0,0,0,0,0,0,0,0,0,0,0,0,0,0,0,0,0,0,0,0,0,0,0,0,0,0,0,0,0,0,0,0,0,0,0,0,0,0,0,0,0,0,0,0,0,0,0,0,0,0,0,0,0,0,0,0,0,0,0,0,0,0,0,0,0,0,0,0,0,0,0,0,0,0,0,0,0,0,0,0,0,0,0,0,0,0,0,0,0,0,0,0,0,0,0,0,0,0,0,0,0,0,0,0,0,0,0,0,0,0,0,0,0,0,0,0,0,0,0,0,0,0,0,0,0,0,0,0,0,0,0,0,0,0,0,0,0,0,0,0,0,0,0,0,0,0,0,0,0,0,0,0,0,0,0,0,0,0,0,0,0,0,0,0,0,0,0,0,0,0,0,0,0,0,0,0.21986,0,0,0.36788,0.13272,0.22447,0.44427,0.62924,1,1,0.8736,0.29314,0.24198,0.47032,0.26995,0.2362,0.57585,0.46372,0.80228,0.67802,1,0.94219,1,1,1,1,1,1,1,1,1,1,1,1,1,1,1,1,1,1,1,1,1,1,1,1,1,1,1,1,1,1,1,1,1,1,1,1,0,0,0.18077,0,0,0,0.24914,0.148,0,0,0,0,0,0,0,0,0.45072,0.21201,0,0,0,0,0,0,0,0,0.60325,0.31091,0.12797,0,0,0,0,0,0.188,0.37519,0,0,0,0,0,0,0.71846,0.25332,0,0,0,0,0,0,0.33039,0,0,0,0,0,0.72047,0.39549,0.12532,0,0,0,0.93077,0.69365,0,0,0,0.47939,0.16926,0,0,0.16625,0,0,0,0.15898,0,0,0,0,0
0,0,0,0,0,0,0,0,0,0,0,0,0,0,0,0,0,0,0,0,0,0,0,0,0,0,0,0,0,0,0,0,0,0,0,0,0,0,0,0,0,0,0,0,0,0,0,0,0,0,0,0,0,0,0,0,0,0,0,0,0,0,0,0,0,0,0,0,0,0,0,0,0,0,0,0,0,0,0,0,0,0,0,0,0,0,0,0,0,0,0,0,0,0,0,0,0,0,0,0,0,0,0,0,0,0,0,0,0,0,0,0,0,0,0,0,0,0,0,0,0,0,0,0,0,0,0,0,0,0,0,0,0,0,0,0,0,0,0,0,0,0,0,0,0,0,0,0,0,0,0,0,0,0,0,0,0,0,0,0,0,0,0,0,0,0,0,0,0,0,0,0,0,0,0,0,0,0,0,0,0,0,0,0,0,0,0,0,0.19419,0,0,0.19787,0.3149,0.79173,1,0.44311,0,0,0.19358,0.17572,0.16731,0.32653,0.28371,0.54912,0.5011,0.85183,0.79066,1,1,1,1,1,1,1,1,1,1,1,1,1,1,1,1,1,1,1,1,1,1,1,1,1,1,1,1,1,1,1,1,1,1,1,1,0,0,0.12529,0,0,0,0.20109,0,0,0,0,0,0,0,0,0,0.32906,0.1893,0,0,0,0,0,0,0,0,0.50498,0.26296,0.12917,0,0,0,0,0,0.19952,0.3899,0,0,0,0,0,0,0.72758,0.31457,0,0,0,0,0,0,0.42408,0.14525,0,0,0,0,0.83537,0.51645,0.17674,0,0,0,1,0.84797,0.17873,0,0,0.68652,0.23838,0,0,0.24489,0,0,0,0.24599,0,0,0,0,0
0,0,0,0,0,0,0,0,0,0,0,0,0,0,0,0,0,0,0,0,0,0,0,0,0,0,0,0,0,0,0,0,0,0,0,0,0,0,0,0,0,0,0,0,0,0,0,0,0,0,0,0,0,0,0,0,0,0,0,0,0,0,0,0,0,0,0,0,0,0,0,0,0,0,0,0,0,0,0,0,0,0,0,0,0,0,0,0,0,0,0,0,0,0,0,0,0,0,0,0,0,0,0,0,0,0,0,0,0,0,0,0,0,0,0,0,0,0,0,0,0,0,0,0,0,0,0,0,0,0,0,0,0,0,0,0,0,0,0,0,0,0,0,0,0,0,0,0,0,0,0,0,0,0,0,0,0,0,0,0,0,0,0,0,0,0,0,0,0,0,0,0,0,0,0,0,0,0,0,0,0,0,0,0,0,0,0,0,0,0,0,0,0.1912,0.51248,0.81249,0.19469,0,0,0,0,0,0.21471,0.22137,0.35964,0.38018,0.64602,0.6855,0.93496,0.97737,1,1,1,1,1,1,1,1,1,1,1,1,1,1,1,1,1,1,1,1,1,1,1,1,1,0.9189,1,1,1,1,1,1,1,1,0,0,0,0,0,0,0.17297,0,0,0,0,0,0,0,0,0,0.2608,0.18416,0,0,0,0,0,0,0,0,0.45395,0.26217,0.14658,0,0,0,0,0,0.22511,0.44311,0,0,0,0,0,0,0.76758,0.41158,0.1588,0,0,0,0,0,0.54846,0.19921,0,0,0,0,0.96947,0.66385,0.23877,0,0,0,1,1,0.24978,0.16616,0,0.90982,0.44644,0,0,0.49131,0,0,0,0.51685,0,0,0,0,0
0,0,0,0,0,0,0,0,0,0,0.31115,0.18093,0.19565,0.15327,0,0,0,0,0,1,0.48651,0.53893,0.80801,0.60625,0.44526,0.24681,0.2077,0,0,0,0.4447,1,1,0.99999,1,0.95502,0.51805,0.21275,0,0,0,0,0,0,0,0,0,0,0,0,0,0,0,0,0,0,0,0,0,0,0,0.17805,0,0,0,0,0,0,1,1,1,1,1,0.76125,0.20022,1,1,1,1,0.94314,1,1,0.53518,0.62057,0.37773,1,1,0.30243,0.76212,0.9662,0,0,0,0,0,0,0,0,0,0,0.14669,0,0,0,0,0,0,0,0,0,0,0,0,0,0,0,0,0,0,0,0,0,0,0,0,0.14422,0,0,0,0,0,0,0,0,0,0,0,0,0,0,0,0,0,0,0,0,0,0,0,0,0,0,0,0,0,0,0,0,0,0,0,0,0,0,0,0,0.1804,1,0,0,0.15965,0.40172,0.76972,1,1,0,0,0.20469,0.43134,1,1,0.12923,0.22983,0.44584,0.8174,1,1,0.3906,1,0.31826,0.59594,0.80405,1,0.70153,0.4474,0,0,0.18408,0.34961,1,1,1,1,1,1,1,1,0.97334,1,0.56265,0.89616,1,1,0.47607,0.69733,0.93485,0,0.51699,0.68848,0.91888,1,0,0,0.42832,0.25877,0.3369,0,0,0,0,0,0,0,0.63114,0,0.21391,0.18263,0,0.16165,0.20558,0,0,0,1,1,1,1,1,1,1,1,1,1,1,1,1,0.67881,0.80889,0.24513,1,1,1,1,1,1,1,1,0.61526,0.24671,1,1,1,1,1,0.94897,0.54697,0.22441,1,1,1,1,1,0.82365,0.43504,0.20334,1,1,1,1,1,0.84445,0.63796,0.31318,1,1,1,0.79856,0.49715,0.23353,1,1,1,0.93856,0.67104,0.35048,1,1,0.91894,0.81484,0.14559,0.73089,0.74774,0.56973,0.377,0.52025,0.36418,0.23656,0.19754,0.31127,0.17988,0,0,0,0
0,0,0.13499,0,0,0,0,0,0,0,0.6229,0.27874,0.24455,0.15341,0,0,0,0,0,1,0.9992,0.94774,1,0.68865,0.4398,0.21697,0.1499,0,0,0,1,1,1,1,1,0.85103,0.26309,0,0,0,0,0,0,0,0,0,0,0,0,0,0,0,0,0,0,0,0,0,0.13999,0,0,0.60604,0.21168,0.14327,0.31811,0,0,0,1,1,1,1,0.71535,0.23845,0,1,1,1,0.85665,0.28325,1,0.88988,0,0.1279,0.155,0.34917,1,0,0.17217,0.2414,0,0,0,0,0,0,0,0,0,0,0,0,0,0,0,0,0,0,0,0,0,0,0,0,0,0,0,0,0,0,0,0,0,0,0,0,0,0,0,0,0,0,0,0,0,0,0,0,0,0,0,0,0,0,0,0,0,0,0,0,0,0,0,0,0,0,0,0,0,0,0,0,0,0,0.18404,0.38312,0.71475,1,0.18062,0.23486,0.68269,1,1,1,1,0.2211,0.49203,0.84498,1,1,1,0.64377,0.94148,1,1,1,1,1,1,1,1,1,1,1,1,0.5067,0.5474,0.81047,1,1,1,1,1,1,1,1,1,1,1,1,1,1,1,0.98711,1,1,0.3152,0.915,0.97353,1,1,0.1965,0.19432,0.73733,0.53036,0.55066,0,0,0.19608,0.18774,0.1391,0,0,0.74329,0.22422,0.61306,0.40417,0.19337,0.15956,0.66949,0,0,0,1,1,1,1,1,0.78678,1,1,1,1,1,0.75286,0.3664,0.14101,0.18317,0,1,1,1,1,1,1,0.67524,0.29781,0,0,1,1,1,1,0.60479,0.2416,0,0,1,1,1,0.90203,0.48791,0.20865,0,0,1,1,1,0.71068,0.40423,0.22919,0.15463,0,1,0.94612,0.56849,0.22956,0,0,1,1,0.75549,0.41412,0.19557,0,0.9925,0.8518,0.52492,0.36248,0,0.51331,0.4048,0.19463,0,0.2301,0.13366,0,0,0.16394,0,0,0,0,0
0,0,0,0,0,0,0,0,0,0,0.40375,0.18337,0.16522,0,0,0,0,0,0,1,0.82514,0.74526,0.76625,0.44515,0.23122,0.13485,0,0,0,0,0.85433,1,1,0.81627,1,0.60549,0.1748,0,0,0,0,0,0,0,0,0,0,0,0,0,0,0,0,0,0,0,0,0,0,0,0,0.45827,0.16128,0,0.23213,0,0,0,1,1,1,0.89908,0.49893,0.17386,0,1,1,1,0.67188,0.20912,1,0.74051,0,0,0,0.23969,1,0,0.13982,0.20749,0,0,0,0,0,0,0,0,0,0,0,0,0,0,0,0,0,0,0,0,0,0,0,0,0,0,0,0,0,0,0,0,0,0,0,0,0,0,0,0,0,0,0,0,0,0,0,0,0,0,0,0,0,0,0,0,0,0,0,0,0,0,0,0,0,0,0,0,0,0,0,0,0,0,0.16017,0.29834,0.62152,1,0.17166,0.21866,0.61425,0.94101,1,1,1,0.21927,0.46879,0.80488,1,1,1,0.65554,0.93828,1,1,1,1,1,1,1,1,1,1,1,1,0.62499,0.61464,0.86392,1,1,1,1,1,1,1,1,1,1,1,1,1,1,1,1,1,1,0.52862,1,1,1,1,0.30449,0.31086,0.98294,0.77672,0.79686,0.18872,0,0.32258,0.30272,0.22015,0.19686,0,0.98423,0.35275,0.84234,0.64675,0.32657,0.23704,0.88071,0.18077,0.12529,0,1,1,1,1,1,0.73073,1,1,1,1,1,0.72235,0.33193,0.12857,0.16473,0,1,1,1,1,1,1,0.66993,0.28432,0,0,1,1,1,1,0.62175,0.24346,0,0,1,1,1,0.96171,0.52794,0.21796,0,0,1,1,1,0.79311,0.46927,0.24696,0.1696,0,1,1,0.66765,0.26611,0.13525,0,1,1,0.90155,0.52469,0.22555,0,1,1,0.67661,0.49842,0,0.70852,0.57184,0.2372,0.14271,0.36272,0.17927,0,0,0.22283,0,0,0,0,0
0,0,0,0,0,0,0,0,0,0,0.2575,0.15293,0.15721,0,0,0,0,0,0,1,0.5189,0.52598,0.71573,0.47345,0.28306,0.18391,0.13687,0,0,0,0.502,0.99564,1,0.86467,1,0.76801,0.28697,0.12867,0,0,0,0,0,0,0,0,0,0,0,0,0,0,0,0,0,0,0,0,0,0,0,0.1978,0,0,0,0,0,0,1,1,1,1,0.87585,0.47711,0,1,1,1,1,0.65553,1,1,0.25676,0.35315,0.20401,0.77744,1,0.17747,0.50109,0.70159,0,0,0,0,0,0,0,0,0,0,0,0,0,0,0,0,0,0,0,0,0,0,0,0,0,0,0,0,0,0,0,0,0,0,0,0,0,0,0,0,0,0,0,0,0,0,0,0,0,0,0,0,0,0,0,0,0,0,0,0,0,0,0,0,0,0,0,0,0,0,0,0,0,0,0,0,0.21996,1,0,0,0.20656,0.50671,0.88731,1,1,0,0.14252,0.27921,0.56981,1,1,0.19642,0.38194,0.61964,1,1,1,0.5455,1,0.51912,0.813,1,1,0.97563,0.72958,0.1809,0.1759,0.28003,0.58846,1,1,1,1,1,1,1,1,1,1,0.85103,1,1,1,0.76441,0.98094,1,0.18769,0.79837,0.95627,1,1,0,0.13251,0.69845,0.52229,0.59039,0,0,0.147,0.15192,0,0,0,0.86489,0,0.42815,0.32321,0.19642,0.22787,0.40533,0,0,0,1,1,1,1,1,1,1,1,1,1,1,1,0.91473,0.46919,0.58181,0.1734,1,1,1,1,1,1,1,0.85689,0.42346,0.18066,1,1,1,1,1,0.78925,0.37381,0.16333,1,1,1,1,1,0.69151,0.28324,0.14929,1,1,1,1,0.95823,0.74736,0.52665,0.22768,1,1,1,0.73589,0.40423,0.19638,1,1,1,0.9304,0.625,0.27466,1,1,0.97943,0.84547,0,0.865,0.83041,0.58124,0.34904,0.60694,0.38668,0.23305,0.19849,0.40113,0.13192,0,0,0,0
0,0,0,0,0,0,0,0,0,0,0.16929,0,0,0,0,0,0,0,0,0.8789,0.22238,0.24151,0.51905,0.34169,0.23476,0.17542,0.14609,0,0,0,0.20852,0.69055,0.86245,0.7348,0.98994,0.73402,0.35787,0.17338,0,0,0,0,0,0,0,0,0,0,0,0,0,0,0,0,0,0,0,0,0,0,0,0,0,0,0,0,0,0,1,1,1,1,1,0.7446,0.19228,1,1,1,1,1,1,1,0.66676,0.78803,0.29089,1,1,0.46361,0.94506,1,0,0,0,0,0,0,0,0,0,0,0.1633,0,0,0,0,0,0,0,0,0,0,0,0,0,0,0,0,0.17904,0,0,0,0.12558,0,0,0,0.19468,0,0,0,0,0,0,0,0,0,0,0,0,0,0,0,0,0,0,0,0,0,0,0,0,0,0,0,0,0,0,0,0,0,0,0,0,0,0,0,0,0,0.83164,0,0,0,0.1964,0.46084,0.98557,1,0,0,0,0.20967,0.72891,1,0,0.13852,0.22006,0.5398,0.95092,1,0.19838,1,0.18356,0.34228,0.57044,0.90696,0.53416,0.3085,0,0,0,0.20654,1,1,1,1,1,1,1,1,0.86646,1,0.46999,0.84852,1,1,0.40897,0.67033,0.9586,0,0.5029,0.72044,0.99579,1,0,0,0.456,0.30611,0.40731,0,0,0,0,0,0,0,0.73687,0,0.19999,0.18721,0.13188,0.21627,0.17797,0,0,0,1,1,1,1,1,1,1,1,1,1,1,1,1,0.94008,1,0.49088,1,1,1,1,1,1,1,1,0.89268,0.51211,1,1,1,1,1,1,0.83765,0.4569,1,1,1,1,1,1,0.73719,0.40676,1,1,1,1,1,1,0.95357,0.62362,1,1,1,1,0.81553,0.51586,1,1,1,1,0.989,0.66996,1,1,1,1,0.25471,0.95838,1,0.87396,0.69244,0.78622,0.66484,0.52144,0.4008,0.57625,0.34489,0,0,0,0
0,0,0,0,0,0,0,0,0,0,0,0,0,0,0,0,0,0,0,0,0,0,0,0,0,0,0,0,0,0,0,0,0.17042,0.19056,0.29401,0.31544,0.30504,0.23995,0.17918,0,0,0,0,0,0,0,0,0,0,0,0,0,0,0,0,0,0,0,0,0,0,0,0,0,0,0,0,0,0.30544,0.48825,0.52895,1,1,1,0.70775,0.77602,1,1,1,1,1,1,1,1,0.60071,1,1,1,1,1,0.47451,0,0,0,0,0.50564,0.2255,0,0,0,0.94975,0.44167,0.169,0,0.58696,0.20697,0.24127,0,0.79575,0.36044,0.21394,0,0,0,0.91996,0.28655,0.12695,1,0.99166,0.65391,0.40639,1,0.80334,0,0.16557,1,0,0,0,0,0,0,0,0,0,0,0,0,0,0,0,0,0,0,0,0,0,0,0,0,0,0,0,0,0,0,0,0,0,0,0,0,0,0,0,0,0,0,0,0,0,0,0,0,0.23013,0,0,0,0,0,0,0,0,0,0,0,0.20533,0,0,0,0,0,0,0,0,0,0,0,0,0.19856,0.38223,0.14979,0.42752,0,0.3175,0,0.24725,0,0.21475,0,0,0.15112,0.29183,0,0,0,0,0,0,0.14211,0.3078,0,0,0,0,0,0,0,0,0,0,0,0,0,0,0,0,0,0,0,0,0,0,1,0.78678,0.73073,1,1,1,0.75003,1,1,1,1,1,1,1,1,1,0.71728,1,1,1,1,1,1,1,1,1,0.68153,1,1,1,1,1,1,1,1,1,1,1,1,1,1,1,0.74308,1,1,1,1,1,1,1,1,1,1,1,1,1,0.61525,0.89968,1,1,1,1,0.39814,0.52492,1,1,1,0.47234,0.78089,1,1,0.58699,0.84382,0.91649,0.74289,0.4041,1,0,0,0,0
0,0,0,0,0,0,0,0,0,0,0.20998,0,0,0,0,0,0,0,0,1,0.56579,0.47494,0.49419,0.2263,0.14486,0,0,0,0,0,0.60459,0.92879,0.83405,0.55333,0.78946,0.36042,0,0,0,0,0,0,0,0,0,0,0,0,0,0,0,0,0,0,0,0,0,0,0,0,0,0.23788,0,0,0.15631,0,0,0,1,1,1,0.69876,0.31656,0.12518,0,1,1,1,0.53497,0.17742,1,0.64919,0,0,0,0.21863,1,0,0.13273,0.19809,0,0,0,0,0,0,0,0,0,0,0,0,0,0,0,0,0,0,0,0,0,0,0,0,0,0,0,0,0,0,0,0,0,0,0,0,0,0,0,0,0,0,0,0,0,0,0,0,0,0,0,0,0,0,0,0,0,0,0,0,0,0,0,0,0,0,0,0,0,0,0,0,0,0,0,0.19906,0.41253,1,0,0.16164,0.42429,0.71724,1,1,1,0.17524,0.31823,0.63699,0.85628,1,1,0.53656,0.80225,0.989,1,1,1,0.87175,1,0.95666,1,1,1,1,1,0.62645,0.55453,0.78596,1,1,1,1,1,1,1,1,1,1,1,1,1,1,1,1,1,1,0.67871,1,1,1,1,0.45887,0.4929,1,1,1,0.24172,0.17838,0.52062,0.51568,0.38668,0.32657,0,1,0.44507,1,0.86973,0.5741,0.48493,1,0.24914,0.20109,0.17297,1,1,1,1,1,0.75003,1,1,1,1,1,0.7703,0.37922,0.14434,0.17357,0,1,1,1,1,1,1,0.74605,0.35503,0.13786,0,1,1,1,1,0.72222,0.322,0.13091,0,1,1,1,1,0.6534,0.26956,0,0,1,1,1,0.95923,0.62062,0.38202,0.21427,0,1,1,0.85101,0.43102,0.18496,0,1,1,1,0.71965,0.35408,0.1529,1,1,0.90703,0.71627,0,0.9704,0.81477,0.42346,0.20687,0.61018,0.25806,0.16966,0.14497,0.41931,0,0,0,0,0
0,0,0,0,0,0,0,0,0,0,0.16936,0,0,0,0,0,0,0,0,1,0.32563,0.30008,0.445,0.22919,0.16299,0,0,0,0,0,0.32919,0.76795,0.7937,0.57709,0.82716,0.46901,0.16268,0,0,0,0,0,0,0,0,0,0,0,0,0,0,0,0,0,0,0,0,0,0,0,0,0.14174,0,0,0,0,0,0,1,1,1,0.92749,0.59011,0.23899,0,1,1,1,0.88225,0.43728,1,1,0.19251,0.23368,0,0.59023,1,0.1253,0.36148,0.55327,0,0,0,0,0,0,0,0,0,0,0,0,0,0,0,0,0,0,0,0,0,0,0,0,0,0,0,0,0,0,0,0,0,0,0,0,0,0,0,0,0,0,0,0,0,0,0,0,0,0,0,0,0,0,0,0,0,0,0,0,0,0,0,0,0,0,0,0,0,0,0,0,0,0,0,0,0.18275,1,0,0,0.17758,0.37803,0.7674,1,1,0,0.12857,0.24013,0.47629,1,1,0.19403,0.35894,0.56868,0.96486,1,1,0.47151,1,0.50713,0.82316,1,1,1,0.89399,0.21566,0.19246,0.3137,0.63974,1,1,1,1,1,1,1,1,1,1,1,1,1,1,0.99221,1,1,0.2863,1,1,1,1,0.19118,0.21524,0.97969,0.80995,0.8845,0,0,0.23349,0.24189,0.21001,0.19935,0,1,0.1673,0.67284,0.59759,0.38086,0.4813,0.6207,0.148,0,0,1,1,1,1,1,1,1,1,1,1,1,1,0.8602,0.41402,0.49994,0.15354,1,1,1,1,1,1,1,0.83409,0.39317,0.16878,1,1,1,1,1,0.79533,0.36811,0.15821,1,1,1,1,1,0.73124,0.30458,0.15317,1,1,1,1,1,0.82489,0.5916,0.2435,1,1,1,0.84902,0.49022,0.21941,1,1,1,1,0.75582,0.37958,1,1,1,1,0.14367,1,1,0.76495,0.49971,0.8489,0.58127,0.36684,0.27556,0.6464,0.14323,0,0,0,0
0,0,0,0,0,0,0,0,0,0,0,0,0,0,0,0,0,0,0,0.72973,0.17491,0.1869,0.32519,0.21173,0.16357,0,0,0,0,0,0.16541,0.52911,0.6708,0.52877,0.78401,0.51719,0.213,0,0,0,0,0,0,0,0,0,0,0,0,0,0,0,0,0,0,0,0,0,0,0,0,0,0,0,0,0,0,0,1,1,1,1,0.83123,0.55327,0.12835,1,1,1,1,0.85437,1,1,0.54502,0.6898,0.19397,1,1,0.36292,0.85733,1,0,0,0,0,0,0,0,0,0,0,0,0,0,0,0,0,0,0,0,0,0,0,0,0,0,0,0,0.1512,0,0,0,0,0,0,0,0.15947,0,0,0,0,0,0,0,0,0,0,0,0,0,0,0,0,0,0,0,0,0,0,0,0,0,0,0,0,0,0,0,0,0,0,0,0,0,0,0,0,0,0.71959,0,0,0,0.16262,0.3673,0.88704,1,0,0,0,0.18329,0.66526,0.96449,0,0.12647,0.20251,0.49611,0.92852,1,0.17599,1,0.17389,0.32757,0.57468,0.92892,0.59492,0.39148,0,0,0,0.21,1,1,1,1,1,1,1,1,0.96692,1,0.58242,0.98474,1,1,0.53705,0.81887,1,0,0.65894,0.89676,1,1,0,0,0.63162,0.49036,0.59989,0,0,0,0,0,0,0,0.94002,0,0.24788,0.24418,0.19576,0.36546,0.21822,0,0,0,1,1,1,1,1,1,1,1,1,1,1,1,1,0.92897,1,0.47577,1,1,1,1,1,1,1,1,0.90375,0.51789,1,1,1,1,1,1,0.87018,0.48007,1,1,1,1,1,1,0.79253,0.45266,1,1,1,1,1,1,1,0.70014,1,1,1,1,0.92432,0.60923,1,1,1,1,1,0.79224,1,1,1,1,0.36215,1,1,1,0.84807,0.995,0.84846,0.68715,0.57365,0.78533,0.40905,0,0,0,0
0,0,0,0,0,0,0,0,0,0,0,0,0,0,0,0,0,0,0,0.36021,0,0,0.19729,0.15641,0.12701,0,0,0,0,0,0,0.22974,0.42465,0.35518,0.60601,0.43853,0.22724,0.14232,0,0,0,0,0,0,0,0,0,0,0,0,0,0,0,0,0,0,0,0,0,0,0,0,0,0,0,0,0,0,0.86245,0.95837,0.88456,1,0.95419,0.80761,0.216,1,1,1,1,1,1,1,0.98898,1,0.2488,1,1,0.84001,1,1,0,0,0,0,0,0,0,0,0,0,0.22996,0,0,0,0,0,0,0,0,0,0,0,0,0,0.15101,0,0,0.45226,0.16817,0,0,0.32948,0,0,0,0.45136,0,0,0,0,0,0,0,0,0,0,0,0,0,0,0,0,0,0,0,0,0,0,0,0,0,0,0,0,0,0,0,0,0,0,0,0,0,0,0,0,0,0.28424,0,0,0,0,0.13585,0.43303,0.95731,0,0,0,0,0.22472,0.47794,0,0,0,0.16311,0.40979,0.97525,0,0.66364,0,0,0.18201,0.39759,0.18929,0,0,0,0,0,1,1,0.91191,1,0.8169,1,0.62822,1,0.45959,1,0.1957,0.51413,0.91929,1,0.18636,0.36815,0.72061,0,0.24096,0.50293,0.84092,1,0,0,0.24642,0.20811,0.26113,0,0,0,0,0,0,0,0.64235,0,0,0,0,0.22814,0,0,0,0,1,1,1,1,1,1,1,1,1,1,1,1,1,1,1,1,1,1,1,1,1,1,1,1,1,1,1,1,1,1,1,1,1,1,1,1,1,1,1,1,1,0.96099,1,1,1,1,1,1,1,1,1,1,1,1,1,1,1,1,1,1,1,1,1,1,1,1,0.79141,1,1,1,1,1,1,0.96775,0.8302,0.848,0.90013,0,0,0,0
0,0,0,0,0,0,0,0,0,0,0,0,0,0,0,0,0,0,0,0.15938,0,0,0,0,0,0,0,0,0,0,0,0,0.21303,0.21055,0.37192,0.29537,0.2196,0.16254,0,0,0,0,0,0,0,0,0,0,0,0,0,0,0,0,0,0,0,0,0,0,0,0,0,0,0,0,0,0,0.5138,0.65256,0.63346,1,0.98168,0.9815,0.35124,1,1,1,1,1,1,1,1,1,0.34284,1,1,1,1,1,0.16754,0,0,0,0,0.20191,0,0,0,0,0.50379,0.15882,0,0,0.19837,0,0,0,0.288,0,0,0,0,0,0.40311,0,0,0.925,0.47666,0.21375,0.13162,0.82283,0.30577,0,0,0.89274,0,0,0,0,0,0,0,0,0,0,0,0,0,0,0,0,0,0,0,0,0,0,0,0,0,0,0,0,0,0,0,0,0,0,0,0,0,0,0,0,0,0,0,0,0,0,0,0.16205,0.51497,0,0,0,0,0,0.16883,0,0,0,0,0.13796,0.49627,0,0.22022,0,0,0,0.13009,0,0,0,0,0,0,0.52547,0.81652,0.40386,0.89359,0.3085,0.79866,0.20783,0.74136,0.15413,0.65514,0,0.17948,0.46988,0.80857,0,0.13524,0.28172,0,0,0.19222,0.44074,0.82163,0,0,0,0,0.12537,0,0,0,0,0,0,0,0.28066,0,0,0,0,0.14051,0,0,0,0,1,1,1,1,1,1,1,1,1,1,1,1,1,1,1,1,1,1,1,1,1,1,1,1,1,1,1,1,1,1,1,1,1,1,1,1,1,1,1,1,1,1,1,1,1,1,1,1,1,1,1,1,1,1,1,1,1,1,1,1,1,1,0.89575,1,1,1,1,0.91967,1,1,1,0.97293,1,1,0.9625,0.77759,1,0,0,0,0
0,0,0,0,0,0,0,0,0,0,0,0,0,0,0,0,0,0,0,0,0,0,0,0,0,0,0,0,0,0,0,0,0,0,0.2002,0.19752,0.18489,0.15284,0,0,0,0,0,0,0,0,0,0,0,0,0,0,0,0,0,0,0,0,0,0,0,0,0,0,0,0,0,0,0.2209,0.32756,0.34568,0.88509,0.89652,1,0.44638,0.65902,1,1,1,1,1,1,1,1,0.33791,1,0.9623,1,1,1,0.44044,0,0,0,0,0.25143,0.14526,0,0,0,0.70892,0.23739,0,0,0.37809,0.14097,0.17905,0,0.6087,0.23019,0.16007,0,0,0,0.76629,0.21558,0,1,0.86722,0.54099,0.29814,1,0.72827,0,0.1307,1,0,0,0,0,0,0,0,0,0,0,0,0,0,0,0,0,0,0,0,0,0,0,0,0,0,0,0,0,0,0,0,0,0,0,0,0,0,0,0,0,0,0,0,0,0,0,0,0,0.20204,0,0,0,0,0,0,0,0,0,0,0,0.1889,0,0,0,0,0,0,0,0,0,0,0,0,0.1947,0.37468,0.15346,0.45045,0,0.35806,0,0.3096,0,0.2456,0,0,0.19015,0.42677,0,0,0.13021,0,0,0,0.19191,0.45804,0,0,0,0,0,0,0,0,0,0,0,0,0.14816,0,0,0,0,0,0,0,0,0,1,0.75286,0.72235,1,1,1,0.7703,1,1,1,1,1,1,1,1,1,0.76525,1,1,1,1,1,1,1,1,1,0.75202,1,1,1,1,1,1,1,1,1,1,1,1,1,1,1,0.8764,1,1,1,1,1,1,1,1,1,1,1,1,1,0.79822,1,1,1,1,1,0.57922,0.72286,1,1,1,0.69314,1,1,1,0.83132,1,1,1,0.65229,1,0,0,0,0
0,0,0,0,0,0,0,0,0,0,0,0,0,0,0,0,0,0,0,0,0,0,0,0,0,0,0,0,0,0,0,0,0,0,0,0,0.13674,0.12596,0,0,0,0,0,0,0,0,0,0,0,0,0,0,0,0,0,0,0,0,0,0,0,0,0,0,0,0,0,0,0,0.17119,0.1859,0.67495,0.75156,0.99149,0.46711,0.3085,0.80831,1,1,1,0.77554,1,1,1,0.27173,1,0.69554,1,1,1,0.8237,0,0,0,0,0.32317,0.18852,0,0,0,0.82981,0.37293,0.16758,0,0.58541,0.21842,0.28807,0,0.85355,0.46565,0.26792,0,0.155,0,1,0.45922,0.18715,1,1,0.87723,0.63979,1,1,0,0.24615,1,0,0,0,0,0,0,0,0,0,0,0,0,0,0,0,0,0,0,0,0,0,0,0,0,0,0,0,0,0,0,0,0,0,0,0,0,0,0,0,0,0,0,0,0,0,0,0,0,0,0,0,0,0,0,0,0,0,0,0,0,0,0,0,0,0,0,0,0,0,0,0,0,0,0,0.16135,0,0.18654,0,0.15644,0,0.14244,0,0,0,0,0,0.19311,0,0,0,0,0,0,0,0.20774,0,0,0,0,0,0,0,0,0,0,0,0,0,0,0,0,0,0,0,0,0,0,1,0.3664,0.33193,0.91473,1,1,0.37922,0.8602,1,1,1,1,1,1,1,1,0.37741,0.84033,1,1,1,1,1,1,1,1,0.3698,0.77819,1,1,1,1,1,1,1,0.86344,1,1,1,1,1,1,0.52559,1,1,1,1,1,1,1,0.91307,1,1,1,1,1,0.49652,0.80479,1,1,1,1,0.27678,0.44284,1,1,1,0.45474,0.82297,1,1,0.65493,1,1,0.98035,0.49254,1,0,0,0,0
0,0,0,0,0,0,0,0,0,0,0,0,0,0,0,0,0,0,0,0,0,0,0,0,0,0,0,0,0,0,0,0,0,0,0,0,0,0,0,0,0,0,0,0,0,0,0,0,0,0,0,0,0,0,0,0,0,0,0,0,0,0,0,0,0,0,0,0,0,0,0,0.38295,0.52021,0.86279,0.4168,0.13159,0.43624,1,1,1,0.35466,1,1,1,0.21017,1,0.35184,1,1,1,1,0,0,0,0,0.33495,0.21739,0,0,0,0.88753,0.49218,0.22935,0,0.76037,0.37144,0.52725,0.15931,1,0.73556,0.55834,0.22231,0.28109,0,1,0.78295,0.39646,1,1,1,1,1,1,0.19821,0.61424,1,0,0,0,0,0,0,0,0,0,0,0,0,0,0,0,0,0,0,0,0,0,0,0,0,0,0,0,0,0,0,0,0,0,0,0,0,0,0,0,0,0,0,0,0,0,0,0,0,0,0,0,0,0,0,0,0,0,0,0,0,0,0,0,0,0,0,0,0,0,0,0,0,0,0,0,0,0,0,0,0,0,0,0,0,0,0,0,0,0,0,0,0,0,0,0,0,0,0,0,0,0,0,0,0,0,0,0,0,0,0,0,0,0,0,0,0,0,0.67881,0.14101,0.12857,0.46919,0.94008,1,0.14434,0.41402,0.92897,1,1,1,1,1,1,1,0.14485,0.39844,0.90998,1,1,1,1,1,1,1,0.14408,0.34334,0.87575,1,1,1,1,1,0.7781,0.44945,1,1,1,1,1,1,0.20537,0.61914,1,1,1,1,1,1,0.54001,1,1,1,1,1,0.21055,0.44835,0.88175,1,1,1,0.13763,0.19949,0.79018,0.97822,1,0.21649,0.5516,1,1,0.4065,0.85215,1,0.8773,0.26358,1,0,0,0,0
0,0,0,0,0,0,0,0,0,0,0,0,0,0,0,0,0,0,0,0,0,0,0,0,0,0,0,0,0,0,0,0,0,0,0,0,0.15354,0.16616,0.14624,0,0,0,0,0,0,0,0,0,0,0,0,0,0,0,0,0,0,0,0,0,0,0,0,0,0,0,0,0,0,0,0.14248,0.63418,0.78453,1,0.6804,0.19241,0.65172,1,1,1,0.52644,1,1,1,0.40113,1,0.58348,1,1,1,1,0.15918,0,0,0,0.58661,0.38176,0.18929,0,0,1,0.71051,0.37575,0.13629,0.95475,0.5428,0.68513,0.2048,1,0.87335,0.68072,0.28265,0.38246,0,1,0.878,0.48102,1,1,1,1,1,1,0.21769,0.6559,1,0,0,0,0,0,0,0,0,0,0,0,0,0,0,0,0,0,0,0,0,0,0,0,0,0,0,0,0,0,0,0,0,0,0,0,0,0,0,0,0,0,0,0,0,0,0,0,0,0,0,0,0,0,0,0,0,0,0,0,0,0,0,0,0,0,0,0,0,0,0,0,0,0,0,0,0,0,0,0,0,0,0,0,0,0,0,0,0,0,0,0,0,0,0,0,0,0,0,0,0,0,0,0,0,0,0,0,0,0,0,0,0,0,0,0,0,0,0.80889,0.18317,0.16473,0.58181,1,1,0.17357,0.49994,1,1,1,1,1,1,1,1,0.16708,0.46,0.96489,1,1,1,1,1,1,1,0.16037,0.38423,0.90376,1,1,1,1,1,0.77522,0.45159,1,1,1,1,1,1,0.20405,0.59366,1,1,1,1,1,1,0.49306,0.93988,1,1,1,1,0.19222,0.38559,0.78247,1,1,1,0,0.17497,0.66925,0.83695,1,0.18181,0.42557,0.86745,1,0.26627,0.67148,0.85129,0.67017,0.20401,1,0,0,0,0
0,0,0,0,0,0,0,0,0,0,0,0,0,0,0,0,0,0,0,0,0,0,0,0,0,0,0,0,0,0,0,0,0,0,0,0,0,0,0,0,0,0,0,0,0,0,0,0,0,0,0,0,0,0,0,0,0,0,0,0,0,0,0,0,0,0,0,0,0,0,0,0.19291,0.26851,0.69683,0.33824,0,0.1866,0.73015,0.83289,1,0.14448,1,1,1,0.15664,1,0.1672,1,1,1,1,0,0,0,0,0.32047,0.23971,0.16878,0,0,0.90392,0.58584,0.36016,0.16042,0.90737,0.5741,0.75259,0.24914,1,0.99168,0.84199,0.46572,0.59855,0,1,1,0.73425,1,1,1,1,1,1,0.46512,0.99712,1,0,0,0,0,0,0,0,0,0,0,0,0,0,0,0,0,0,0,0,0,0,0,0,0,0,0,0,0,0,0,0,0,0,0,0,0,0,0,0,0,0,0,0,0,0,0,0,0,0,0,0,0,0,0,0,0,0,0,0,0,0,0,0,0,0,0,0,0,0,0,0,0,0,0,0,0,0,0,0,0,0,0,0,0,0,0,0,0,0,0,0,0,0,0,0,0,0,0,0,0,0,0,0,0,0,0,0,0,0,0,0,0,0,0,0,0,0,0.24513,0,0,0.1734,0.49088,1,0,0.15354,0.47577,1,1,1,1,1,1,1,0,0.14825,0.45651,0.86652,1,1,1,1,1,1,0,0.13066,0.42623,0.85258,1,1,1,1,0.338,0.16945,0.79978,1,1,1,1,1,0,0.22988,0.71338,1,1,1,1,1,0.2077,0.62206,1,1,1,1,0,0.1809,0.5034,0.97582,1,1,0,0,0.43507,0.64515,1,0,0.23493,0.74508,1,0.19292,0.5805,0.83364,0.65817,0.15094,1,0,0,0,0
0,0,0,0,0,0,0,0,0,0,0,0,0,0,0,0,0,0,0,0.92926,0.31978,0.23903,0.24305,0.13874,0,0,0,0,0,0,0.36798,0.6683,0.56934,0.29229,0.53022,0.20351,0,0,0,0,0,0,0,0,0,0,0,0,0,0,0,0,0,0,0,0,0,0,0,0,0,0.1609,0,0,0,0,0,0,1,1,0.80161,0.47964,0.20413,0,0,1,1,1,0.3659,0.13372,1,0.51731,0,0,0,0.18403,0.90459,0,0,0.17419,0,0,0,0,0,0,0,0,0,0,0,0,0,0,0,0,0,0,0,0,0,0,0,0,0,0,0,0,0,0,0,0,0,0,0,0,0,0,0,0,0,0,0,0,0,0,0,0,0,0,0,0,0,0,0,0,0,0,0,0,0,0,0,0,0,0,0,0,0,0,0,0,0,0,0,0.13593,0.23823,1,0,0,0.24799,0.50463,0.89877,1,1,0.13371,0.22494,0.47573,0.66544,1,1,0.42092,0.66875,0.82862,1,1,1,0.69513,1,0.8305,1,1,1,1,1,0.62372,0.49371,0.7061,1,1,1,1,1,1,1,1,1,1,1,1,1,1,1,1,1,1,0.82374,1,1,1,1,0.60982,0.67181,1,1,1,0.38213,0.23551,0.7157,0.72594,0.61066,0.56026,0.19462,1,0.5335,1,1,0.81849,0.74993,1,0.45072,0.32906,0.2608,1,1,1,1,1,0.71728,1,1,1,1,1,0.76525,0.37741,0.14485,0.16708,0,1,1,1,1,1,1,0.76964,0.37687,0.14471,0,1,1,1,1,0.77132,0.36555,0.14402,0,1,1,1,1,0.72986,0.33873,0.13246,0,1,1,1,1,0.72584,0.47782,0.24417,0,1,1,0.99097,0.55294,0.22051,0,1,1,1,0.87444,0.49075,0.19363,1,1,1,0.89902,0,1,1,0.60033,0.27589,0.83165,0.4459,0.22628,0.20507,0.64581,0,0,0,0,0
0,0,0,0,0,0,0,0,0,0,0,0,0,0,0,0,0,0,0,0.76678,0.20175,0.18716,0.2286,0.14139,0,0,0,0,0,0,0.20706,0.52736,0.53416,0.3134,0.56326,0.2357,0,0,0,0,0,0,0,0,0,0,0,0,0,0,0,0,0,0,0,0,0,0,0,0,0,0,0,0,0,0,0,0,1,1,0.848,0.68174,0.35805,0.17142,0,1,1,1,0.67895,0.27483,1,0.88456,0.1511,0.20028,0,0.4555,1,0,0.2714,0.45386,0,0,0,0,0,0,0,0,0,0,0,0,0,0,0,0,0,0,0,0,0,0,0,0,0,0,0,0,0,0,0,0,0,0,0,0,0,0,0,0,0,0,0,0,0,0,0,0,0,0,0,0,0,0,0,0,0,0,0,0,0,0,0,0,0,0,0,0,0,0,0,0,0,0,0,0,0.12736,0.87861,0,0,0.12814,0.23282,0.59131,1,1,0,0,0.19732,0.32058,0.96074,1,0.1651,0.25742,0.44368,0.84516,1,1,0.33,1,0.41319,0.74415,1,1,1,0.95867,0.21941,0.17968,0.25955,0.59792,1,1,1,1,1,1,1,1,1,1,1,1,1,1,1,1,1,0.42235,1,1,1,1,0.23877,0.31333,1,1,1,0.1657,0,0.38279,0.42242,0.34127,0.31966,0,1,0.19687,0.83327,0.79971,0.61227,0.74433,0.74521,0.21201,0.1893,0.18416,1,1,1,1,1,1,1,1,1,1,1,1,0.84033,0.39844,0.46,0.14825,1,1,1,1,1,1,1,0.84242,0.39968,0.17042,1,1,1,1,1,0.82953,0.39646,0.16586,1,1,1,1,1,0.79577,0.35717,0.16875,1,1,1,1,1,0.92154,0.6797,0.30648,1,1,1,0.97662,0.59758,0.2535,1,1,1,1,0.8997,0.5042,1,1,1,1,0.18162,1,1,0.95389,0.66257,1,0.78027,0.54478,0.46419,0.88456,0.16535,0,0,0,0
0,0,0,0,0,0,0,0,0,0,0,0,0,0,0,0,0,0,0,0.51669,0,0,0.1904,0,0,0,0,0,0,0,0,0.30485,0.4183,0.2644,0.51956,0.24851,0,0,0,0,0,0,0,0,0,0,0,0,0,0,0,0,0,0,0,0,0,0,0,0,0,0,0,0,0,0,0,0,0.93816,0.95844,0.80819,0.83164,0.57253,0.3216,0,1,1,1,0.97404,0.66102,1,1,0.39652,0.5682,0,0.88132,1,0.24689,0.74673,0.91973,0,0,0,0,0,0,0,0,0,0,0,0,0,0,0,0,0,0,0,0,0,0,0,0,0,0,0,0,0,0,0,0,0,0,0,0,0,0,0,0,0,0,0,0,0,0,0,0,0,0,0,0,0,0,0,0,0,0,0,0,0,0,0,0,0,0,0,0,0,0,0,0,0,0,0,0,0,0.54418,0,0,0,0,0.23788,0.72465,1,0,0,0,0.1379,0.54248,0.83358,0,0,0.16698,0.39725,0.85028,1,0.13511,1,0.14769,0.2639,0.53179,0.90406,0.62301,0.45067,0,0,0,0.19936,1,1,1,1,1,1,1,1,1,1,0.6804,1,1,1,0.65753,0.96722,1,0.15183,0.81971,1,1,1,0,0.12711,0.82277,0.69583,0.81857,0,0,0.15704,0.17827,0.16137,0.16275,0,1,0,0.38843,0.41809,0.30578,0.62807,0.26718,0,0,0,1,1,1,1,1,1,1,1,1,1,1,1,1,0.90998,0.96489,0.45651,1,1,1,1,1,1,1,1,0.91252,0.52412,1,1,1,1,1,1,0.90625,0.5083,1,1,1,1,1,1,0.85836,0.50971,1,1,1,1,1,1,1,0.79398,1,1,1,1,1,0.72553,1,1,1,1,1,0.9446,1,1,1,1,0.49829,1,1,1,1,1,1,0.89691,0.79306,1,0.48957,0,0,0,0
0,0,0,0,0,0,0,0,0,0,0,0,0,0,0,0,0,0,0,0.2569,0,0,0.13754,0,0,0,0,0,0,0,0,0.18889,0.25255,0.21705,0.40483,0.23362,0.13694,0,0,0,0,0,0,0,0,0,0,0,0,0,0,0,0,0,0,0,0,0,0,0,0,0,0,0,0,0,0,0,0.72674,0.79236,0.68881,0.86484,0.67054,0.5121,0,1,1,1,1,0.9256,1,1,0.72584,0.92345,0.15194,1,1,0.59747,1,1,0,0,0,0,0,0,0,0,0,0,0.13457,0,0,0,0,0,0,0,0,0,0,0,0,0,0,0,0,0.24373,0,0,0,0.21091,0,0,0,0.23585,0,0,0,0,0,0,0,0,0,0,0,0,0,0,0,0,0,0,0,0,0,0,0,0,0,0,0,0,0,0,0,0,0,0,0,0,0,0,0,0,0,0.24354,0,0,0,0,0.12559,0.39658,0.90901,0,0,0,0,0.22645,0.4769,0,0,0,0.17269,0.46068,0.98224,0,0.73643,0,0,0.20939,0.49627,0.23688,0.18082,0,0,0,0,1,1,1,1,0.94427,1,0.78384,1,0.63983,1,0.28407,0.73098,1,1,0.27262,0.59969,0.97165,0,0.46372,0.76176,1,1,0,0,0.49993,0.39442,0.53831,0,0,0,0,0,0,0,0.92699,0,0.17373,0.19707,0.17661,0.47999,0.12636,0,0,0,1,1,1,1,1,1,1,1,1,1,1,1,1,1,1,0.86652,1,1,1,1,1,1,1,1,1,0.93668,1,1,1,1,1,1,1,0.91967,1,1,1,1,1,1,1,0.91454,1,1,1,1,1,1,1,1,1,1,1,1,1,1,1,1,1,1,1,1,1,1,1,1,0.8527,1,1,1,1,1,1,1,1,1,0.88467,0,0,0,0
0,0,0,0,0,0,0,0,0,0,0,0,0,0,0,0,0,0,0,0.16684,0,0,0,0,0,0,0,0,0,0,0,0,0.18301,0.16034,0.24377,0.19188,0,0,0,0,0,0,0,0,0,0,0,0,0,0,0,0,0,0,0,0,0,0,0,0,0,0,0,0,0,0,0,0,0.49301,0.58345,0.50914,0.78543,0.6441,0.56566,0.14014,1,1,1,1,1,1,1,0.91363,1,0.15417,1,1,0.81826,1,1,0,0,0,0,0,0,0,0,0,0,0.17959,0,0,0,0,0,0,0,0,0,0,0,0,0,0.14801,0,0,0.47866,0.17714,0,0,0.40166,0.13044,0,0,0.42898,0,0,0,0,0,0,0,0,0,0,0,0,0,0,0,0,0,0,0,0,0,0,0,0,0,0,0,0,0,0,0,0,0,0,0,0,0,0,0,0,0,0.14922,0,0,0,0,0,0.20219,0.62473,0,0,0,0,0.12512,0.22498,0,0,0,0,0.21603,0.67877,0,0.42207,0,0,0,0.22727,0.1342,0,0,0,0,0,0.77959,1,0.70017,1,0.63237,1,0.47844,1,0.34382,1,0.16583,0.45629,0.91,1,0.16566,0.33797,0.72958,0,0.23735,0.53185,0.90455,1,0,0,0.27421,0.22863,0.34461,0,0,0,0,0,0,0,0.75202,0,0,0,0,0.38542,0,0,0,0,1,1,1,1,1,1,1,1,1,1,1,1,1,1,1,1,1,1,1,1,1,1,1,1,1,1,1,1,1,1,1,1,1,1,1,1,1,1,1,1,1,1,1,1,1,1,1,1,1,1,1,1,1,1,1,1,1,1,1,1,1,1,1,1,1,1,1,1,1,1,1,1,1,1,1,1,1,0,0,0,0
0,0,0,0,0,0,0,0,0,0,0,0,0,0,0,0,0,0,0,0,0,0,0,0,0,0,0,0,0,0,0,0,0,0,0.17748,0.14174,0,0,0,0,0,0,0,0,0,0,0,0,0,0,0,0,0,0,0,0,0,0,0,0,0,0,0,0,0,0,0,0,0.24517,0.3484,0.30214,0.67221,0.5868,0.59454,0.15758,0.78096,1,1,1,1,1,1,1,1,0.14948,1,0.85045,1,1,1,0.14344,0,0,0,0,0,0,0,0,0,0.22158,0,0,0,0,0,0,0,0.17435,0,0,0,0,0,0.22686,0,0,0.73335,0.28978,0.15659,0,0.68295,0.22662,0,0,0.65243,0,0,0,0,0,0,0,0,0,0,0,0,0,0,0,0,0,0,0,0,0,0,0,0,0,0,0,0,0,0,0,0,0,0,0,0,0,0,0,0,0,0,0,0,0,0,0,0,0.32025,0,0,0,0,0,0,0,0,0,0,0,0.35642,0,0.1962,0,0,0,0,0,0,0,0,0,0,0.44692,0.73908,0.36569,0.86762,0.29911,0.806,0.21654,0.7992,0.17404,0.75952,0,0.21708,0.62103,0.99153,0,0.18128,0.45012,0,0.14225,0.2636,0.65175,1,0,0,0.17029,0.14601,0.20299,0,0,0,0,0,0,0,0.52969,0,0,0,0,0.24711,0,0,0,0,1,1,1,1,1,1,1,1,1,1,1,1,1,1,1,1,1,1,1,1,1,1,1,1,1,1,1,1,1,1,1,1,1,1,1,1,1,1,1,1,1,1,1,1,1,1,1,1,1,1,1,1,1,1,1,1,1,1,1,1,1,1,1,1,1,1,1,1,1,1,1,1,1,1,1,1,1,0,0,0,0
0,0,0,0,0,0,0,0,0,0,0,0,0,0,0,0,0,0,0,0,0,0,0,0,0,0,0,0,0,0,0,0,0,0,0.12803,0,0,0,0,0,0,0,0,0,0,0,0,0,0,0,0,0,0,0,0,0,0,0,0,0,0,0,0,0,0,0,0,0,0.16312,0.21263,0.21228,0.63789,0.63406,0.76055,0.22739,0.50553,0.90016,1,1,1,0.98527,1,1,1,0.18972,1,0.73815,1,1,1,0.39682,0,0,0,0,0.16507,0,0,0,0,0.46552,0.16021,0,0,0.22198,0,0,0,0.41621,0.1721,0,0,0,0,0.60412,0.16718,0,1,0.73171,0.41922,0.22754,1,0.64147,0,0,1,0,0,0,0,0,0,0,0,0,0,0,0,0,0,0,0,0,0,0,0,0,0,0,0,0,0,0,0,0,0,0,0,0,0,0,0,0,0,0,0,0,0,0,0,0,0,0,0,0.16199,0,0,0,0,0,0,0,0,0,0,0,0.15997,0,0,0,0,0,0,0,0,0,0,0,0,0.178,0.32638,0.14459,0.43218,0,0.35874,0,0.33936,0,0.29374,0,0,0.21851,0.5295,0,0,0.16223,0,0,0,0.23243,0.57817,0,0,0,0,0,0,0,0,0,0,0,0,0.19691,0,0,0,0,0,0,0,0,0,1,0.67524,0.66993,1,1,1,0.74605,1,1,1,1,1,1,1,1,1,0.76964,1,1,1,1,1,1,1,1,1,0.7804,1,1,1,1,1,1,1,1,1,1,1,1,1,1,1,0.97319,1,1,1,1,1,1,1,1,1,1,1,1,1,0.95486,1,1,1,1,1,0.73511,0.89863,1,1,1,0.89827,1,1,1,1,1,1,1,0.8946,1,0,0,0,0
0,0,0,0,0,0,0,0,0,0,0,0,0,0,0,0,0,0,0,0,0,0,0,0,0,0,0,0,0,0,0,0,0,0,0,0,0,0,0,0,0,0,0,0,0,0,0,0,0,0,0,0,0,0,0,0,0,0,0,0,0,0,0,0,0,0,0,0,0,0,0,0.45263,0.51038,0.73546,0.23679,0.22484,0.62938,1,1,1,0.6495,1,1,1,0.17244,1,0.49802,1,1,1,0.77523,0,0,0,0,0.19022,0,0,0,0,0.58433,0.21286,0,0,0.36656,0.14976,0.1971,0,0.65073,0.28272,0.19823,0,0,0,0.88194,0.3051,0.13799,1,1,0.74441,0.51503,1,0.99433,0,0.20731,1,0,0,0,0,0,0,0,0,0,0,0,0,0,0,0,0,0,0,0,0,0,0,0,0,0,0,0,0,0,0,0,0,0,0,0,0,0,0,0,0,0,0,0,0,0,0,0,0,0,0,0,0,0,0,0,0,0,0,0,0,0,0,0,0,0,0,0,0,0,0,0,0,0,0,0.14648,0,0.18011,0,0.15532,0,0.14953,0,0.13624,0,0,0,0.22084,0,0,0,0,0,0,0,0.24046,0,0,0,0,0,0,0,0,0,0,0,0,0,0,0,0,0,0,0,0,0,0,1,0.29781,0.28432,0.85689,1,1,0.35503,0.83409,1,1,1,1,1,1,1,1,0.37687,0.84242,1,1,1,1,1,1,1,1,0.38914,0.8041,1,1,1,1,1,1,1,0.93178,1,1,1,1,1,1,0.60154,1,1,1,1,1,1,1,1,1,1,1,1,1,0.62477,0.94088,1,1,1,1,0.40589,0.58898,1,1,1,0.62887,1,1,1,0.86008,1,1,1,0.70574,1,0,0,0,0
0,0,0,0,0,0,0,0,0,0,0,0,0,0,0,0,0,0,0,0,0,0,0,0,0,0,0,0,0,0,0,0,0,0,0,0,0,0,0,0,0,0,0,0,0,0,0,0,0,0,0,0,0,0,0,0,0,0,0,0,0,0,0,0,0,0,0,0,0,0,0,0.23153,0.31175,0.63363,0.22645,0,0.28981,0.93522,0.90114,1,0.25341,1,1,1,0.13401,1,0.22925,1,1,1,1,0,0,0,0,0.19882,0.13949,0,0,0,0.65052,0.26208,0.15714,0,0.53966,0.22088,0.3252,0,0.86264,0.54399,0.37659,0.16357,0.20454,0,1,0.61718,0.24653,1,1,1,0.8662,1,1,0.15243,0.48621,1,0,0,0,0,0,0,0,0,0,0,0,0,0,0,0,0,0,0,0,0,0,0,0,0,0,0,0,0,0,0,0,0,0,0,0,0,0,0,0,0,0,0,0,0,0,0,0,0,0,0,0,0,0,0,0,0,0,0,0,0,0,0,0,0,0,0,0,0,0,0,0,0,0,0,0,0,0,0,0,0,0,0,0,0,0,0,0,0,0,0,0,0,0,0,0,0,0,0,0,0,0,0,0,0,0,0,0,0,0,0,0,0,0,0,0,0,0,0.61526,0,0,0.42346,0.89268,1,0.13786,0.39317,0.90375,1,1,1,1,1,1,1,0.14471,0.39968,0.91252,1,1,1,1,1,1,1,0.14927,0.3634,0.9025,1,1,1,1,1,0.83288,0.5027,1,1,1,1,1,1,0.22562,0.69484,1,1,1,1,1,1,0.63459,1,1,1,1,1,0.2452,0.55683,1,1,1,1,0.1729,0.23929,0.94388,1,1,0.29324,0.71074,1,1,0.57729,1,1,1,0.44343,1,0,0,0,0
0,0,0,0,0,0,0,0,0,0,0,0,0,0,0,0,0,0,0,0,0,0,0,0,0,0,0,0,0,0,0,0,0,0,0,0,0,0,0,0,0,0,0,0,0,0,0,0,0,0,0,0,0,0,0,0,0,0,0,0,0,0,0,0,0,0,0,0,0,0,0,0.14649,0.20011,0.49284,0.20185,0,0.1581,0.63456,0.67705,1,0.13272,1,1,1,0,1,0.13136,1,1,1,1,0,0,0,0,0.19101,0.15314,0,0,0,0.65218,0.32412,0.19887,0,0.64348,0.3121,0.49255,0.16514,0.9975,0.73554,0.59187,0.24021,0.359,0,1,0.86083,0.50202,1,1,1,1,1,1,0.25041,0.78787,1,0,0,0,0,0,0,0,0,0,0,0,0,0,0,0,0,0,0,0,0,0,0,0,0,0,0,0,0,0,0,0,0,0,0,0,0,0,0,0,0,0,0,0,0,0,0,0,0,0,0,0,0,0,0,0,0,0,0,0,0,0,0,0,0,0,0,0,0,0,0,0,0,0,0,0,0,0,0,0,0,0,0,0,0,0,0,0,0,0,0,0,0,0,0,0,0,0,0,0,0,0,0,0,0,0,0,0,0,0,0,0,0,0,0,0,0,0,0.24671,0,0,0.18066,0.51211,1,0,0.16878,0.51789,1,1,1,1,1,1,1,0,0.17042,0.52412,0.93668,1,1,1,1,1,1,0,0.15866,0.51558,0.9488,1,1,1,1,0.4523,0.20739,0.92545,1,1,1,1,1,0,0.32271,0.86163,1,1,1,1,1,0.27284,0.78885,1,1,1,1,0.1271,0.23492,0.686,1,1,1,0,0.12527,0.63341,0.85441,1,0.15834,0.40907,0.97172,1,0.29344,0.81542,1,0.90715,0.22519,1,0,0,0,0
0,0,0,0,0,0,0,0,0,0,0,0,0,0,0,0,0,0,0,0.70988,0.20248,0.16598,0.16928,0,0,0,0,0,0,0,0.22048,0.44775,0.34859,0.19184,0.31501,0.13454,0,0,0,0,0,0,0,0,0,0,0,0,0,0,0,0,0,0,0,0,0,0,0,0,0,0,0,0,0,0,0,0,0.94117,0.83674,0.58848,0.29709,0.1475,0,0,1,1,0.88325,0.241,0,1,0.40309,0,0,0,0.1542,0.71488,0,0,0.1531,0,0,0,0,0,0,0,0,0,0,0,0,0,0,0,0,0,0,0,0,0,0,0,0,0,0,0,0,0,0,0,0,0,0,0,0,0,0,0,0,0,0,0,0,0,0,0,0,0,0,0,0,0,0,0,0,0,0,0,0,0,0,0,0,0,0,0,0,0,0,0,0,0,0,0,0,0.17802,0.92234,0,0,0.19181,0.31344,0.70656,1,1,0,0.17766,0.31993,0.48844,1,1,0.29855,0.53203,0.67195,1,1,1,0.52775,1,0.69818,1,1,1,1,1,0.5884,0.41277,0.60906,0.95982,1,1,1,1,1,1,1,1,1,1,1,1,1,1,1,1,1,0.91717,1,1,1,1,0.71031,0.79904,1,1,1,0.4896,0.32857,0.85884,0.88453,0.78396,0.74403,0.24971,1,0.5769,1,1,1,0.97192,1,0.60325,0.50498,0.45395,1,1,1,1,1,0.68153,1,1,1,1,1,0.75202,0.3698,0.14408,0.16037,0,1,1,1,1,1,1,0.7804,0.38914,0.14927,0,1,1,1,1,0.8038,0.39629,0.15387,0,1,1,1,1,0.7863,0.39158,0.1483,0,1,1,1,1,0.80746,0.55286,0.30367,0.13997,1,1,1,0.65043,0.24926,0.13045,1,1,1,0.99924,0.60164,0.22702,1,1,1,1,0,1,1,0.74657,0.40428,1,0.60257,0.32046,0.26627,0.83653,0,0,0,0,0
0,0,0,0,0,0,0,0,0,0,0,0,0,0,0,0,0,0,0,0.56749,0.13963,0,0.15427,0,0,0,0,0,0,0,0.14854,0.32226,0.31065,0.19476,0.33361,0.15862,0,0,0,0,0,0,0,0,0,0,0,0,0,0,0,0,0,0,0,0,0,0,0,0,0,0,0,0,0,0,0,0,0.88332,0.82943,0.61787,0.45752,0.21399,0,0,1,1,1,0.48053,0.20188,1,0.70906,0,0.15963,0,0.30581,0.84645,0,0.21886,0.33083,0,0,0,0,0,0,0,0,0,0,0,0,0,0,0,0,0,0,0,0,0,0,0,0,0,0,0,0,0,0,0,0,0,0,0,0,0,0,0,0,0,0,0,0,0,0,0,0,0,0,0,0,0,0,0,0,0,0,0,0,0,0,0,0,0,0,0,0,0,0,0,0,0,0,0,0,0,0.70676,0,0,0,0.1824,0.44149,0.91528,1,0,0,0.16164,0.22974,0.83273,1,0.1415,0.22419,0.33779,0.74108,1,1,0.2369,1,0.33393,0.67525,0.97205,1,1,1,0.22391,0.16996,0.23848,0.56211,1,1,1,1,1,1,1,1,1,1,1,1,1,1,1,1,1,0.54576,1,1,1,1,0.3468,0.46576,1,1,1,0.21152,0.1639,0.5482,0.60066,0.53259,0.52006,0.16161,1,0.2244,0.97658,0.98149,0.82062,0.97564,0.85613,0.31091,0.26296,0.26217,1,1,1,1,1,1,1,1,1,1,1,1,0.77819,0.34334,0.38423,0.13066,1,1,1,1,1,1,1,0.8041,0.3634,0.15866,1,1,1,1,1,0.81391,0.37922,0.15935,1,1,1,1,1,0.80779,0.36182,0.16925,1,1,1,1,1,0.96239,0.71463,0.33283,1,1,1,1,0.65147,0.2982,1,1,1,1,0.98721,0.57549,1,1,1,1,0.20279,1,1,1,0.77131,1,0.9269,0.66996,0.6011,1,0.17179,0,0,0,0
0,0,0,0,0,0,0,0,0,0,0,0,0,0,0,0,0,0,0,0.31621,0,0,0,0,0,0,0,0,0,0,0,0.19892,0.23011,0.17623,0.28374,0.16859,0,0,0,0,0,0,0,0,0,0,0,0,0,0,0,0,0,0,0,0,0,0,0,0,0,0,0,0,0,0,0,0,0.71947,0.72926,0.57248,0.59555,0.34494,0.20538,0,1,1,1,0.76221,0.48509,1,1,0.25789,0.45063,0,0.72705,0.92911,0.20815,0.63692,0.79832,0,0,0,0,0,0,0,0,0,0,0,0,0,0,0,0,0,0,0,0,0,0,0,0,0,0,0,0,0,0,0,0,0,0,0,0,0,0,0,0,0,0,0,0,0,0,0,0,0,0,0,0,0,0,0,0,0,0,0,0,0,0,0,0,0,0,0,0,0,0,0,0,0,0,0,0,0,0.37128,0,0,0,0,0.18622,0.56066,1,0,0,0,0,0.40998,0.69288,0,0,0.12805,0.28465,0.751,1,0,1,0,0.22696,0.46428,0.84839,0.61606,0.47316,0,0,0,0.18091,1,1,1,1,1,1,1,1,1,1,0.73703,1,1,1,0.73586,1,1,0.18079,0.93649,1,1,1,0,0.16592,0.97071,0.85952,0.9958,0,0,0.20026,0.22609,0.21445,0.21964,0,1,0,0.49226,0.56248,0.48474,0.85504,0.34064,0.12797,0.12917,0.14658,1,1,1,1,1,1,1,1,1,1,1,1,1,0.87575,0.90376,0.42623,1,1,1,1,1,1,1,1,0.9025,0.51558,1,1,1,1,1,1,0.92057,0.5194,1,1,1,1,1,1,0.90016,0.5467,1,1,1,1,1,1,1,0.86226,1,1,1,1,1,0.81544,1,1,1,1,1,1,1,1,1,1,0.60859,1,1,1,1,1,1,1,0.98249,1,0.54811,0,0,0,0
0,0,0,0,0,0,0,0,0,0,0,0,0,0,0,0,0,0,0,0.18495,0,0,0,0,0,0,0,0,0,0,0,0,0.17426,0.13751,0.22222,0.15227,0,0,0,0,0,0,0,0,0,0,0,0,0,0,0,0,0,0,0,0,0,0,0,0,0,0,0,0,0,0,0,0,0.5091,0.56357,0.45164,0.62171,0.43466,0.29852,0,1,1,1,0.91385,0.74044,1,1,0.58421,0.80471,0,1,0.89743,0.48266,0.99898,1,0,0,0,0,0,0,0,0,0,0,0,0,0,0,0,0,0,0,0,0,0,0,0,0,0,0,0,0.21432,0,0,0,0.19029,0,0,0,0.19774,0,0,0,0,0,0,0,0,0,0,0,0,0,0,0,0,0,0,0,0,0,0,0,0,0,0,0,0,0,0,0,0,0,0,0,0,0,0,0,0,0,0.18481,0,0,0,0,0,0.24317,0.73217,0,0,0,0,0.17981,0.33126,0,0,0,0.13171,0.35123,0.83806,0,0.64155,0,0,0.18171,0.42442,0.22679,0.17939,0,0,0,0,0.98937,1,0.94125,1,0.89342,1,0.76153,1,0.64433,1,0.30976,0.77724,1,1,0.318,0.66607,1,0,0.54391,0.8676,1,1,0,0,0.61035,0.52193,0.67916,0,0,0,0,0,0,0,1,0,0.19715,0.23363,0.2255,0.68481,0.14044,0,0,0,1,1,1,1,1,1,1,1,1,1,1,1,1,1,1,0.85258,1,1,1,1,1,1,1,1,1,0.9488,1,1,1,1,1,1,1,0.95536,1,1,1,1,1,1,1,0.98094,1,1,1,1,1,1,1,1,1,1,1,1,1,1,1,1,1,1,1,1,1,1,1,1,1,1,1,1,1,1,1,1,1,1,0.97606,0,0,0,0
0,0,0,0,0,0,0,0,0,0,0,0,0,0,0,0,0,0,0,0,0,0,0,0,0,0,0,0,0,0,0,0,0,0,0,0,0,0,0,0,0,0,0,0,0,0,0,0,0,0,0,0,0,0,0,0,0,0,0,0,0,0,0,0,0,0,0,0,0,0.15754,0.15153,0.41998,0.40122,0.51785,0.14671,0.37024,0.71753,1,0.98117,1,0.85182,1,1,1,0,1,0.54064,1,1,1,0.31508,0,0,0,0,0,0,0,0,0,0.24477,0,0,0,0.15178,0,0,0,0.23956,0,0,0,0,0,0.42764,0,0,1,0.57435,0.27408,0.18116,1,0.52251,0,0,0.86889,0,0,0,0,0,0,0,0,0,0,0,0,0,0,0,0,0,0,0,0,0,0,0,0,0,0,0,0,0,0,0,0,0,0,0,0,0,0,0,0,0,0,0,0,0,0,0,0,0.12752,0,0,0,0,0,0,0,0,0,0,0,0.13534,0,0,0,0,0,0,0,0,0,0,0,0,0.16415,0.28458,0.13794,0.41645,0,0.36064,0,0.36781,0,0.34737,0,0,0.24531,0.62387,0,0,0.19273,0,0,0.13575,0.31127,0.68848,0,0,0,0,0,0,0,0,0,0,0,0,0.24272,0,0,0,0,0.18074,0,0,0,0,1,0.60479,0.62175,1,1,1,0.72222,1,1,1,1,1,1,1,1,1,0.77132,1,1,1,1,1,1,1,1,1,0.8038,1,1,1,1,1,1,1,1,1,1,1,1,1,1,1,1,1,1,1,1,1,1,1,1,1,1,1,1,1,1,1,1,1,1,1,0.87815,1,1,1,1,1,1,1,1,1,1,1,1,1,1,0,0,0,0
0,0,0,0,0,0,0,0,0,0,0,0,0,0,0,0,0,0,0,0,0,0,0,0,0,0,0,0,0,0,0,0,0,0,0,0,0,0,0,0,0,0,0,0,0,0,0,0,0,0,0,0,0,0,0,0,0,0,0,0,0,0,0,0,0,0,0,0,0,0,0,0.24831,0.2863,0.49756,0.15686,0.18137,0.45811,1,0.87894,1,0.52348,1,1,1,0,1,0.3114,1,1,1,0.69803,0,0,0,0,0,0,0,0,0,0.35121,0.13786,0,0,0.21757,0,0.13159,0,0.44828,0.19886,0.13893,0,0,0,0.69945,0.21396,0,1,0.87677,0.59631,0.37483,1,0.87364,0,0.16348,1,0,0,0,0,0,0,0,0,0,0,0,0,0,0,0,0,0,0,0,0,0,0,0,0,0,0,0,0,0,0,0,0,0,0,0,0,0,0,0,0,0,0,0,0,0,0,0,0,0,0,0,0,0,0,0,0,0,0,0,0,0,0,0,0,0,0,0,0,0,0,0,0,0,0,0.13007,0,0.17127,0,0.15154,0,0.15345,0,0.14753,0,0,0,0.24401,0,0,0,0,0,0,0.14378,0.30506,0,0,0,0,0,0,0,0,0,0,0,0,0,0,0,0,0,0,0,0,0,0,0.94897,0.2416,0.24346,0.78925,1,1,0.322,0.79533,1,1,1,1,1,1,1,1,0.36555,0.82953,1,1,1,1,1,1,1,1,0.39629,0.81391,1,1,1,1,1,1,1,0.98088,1,1,1,1,1,1,0.66106,1,1,1,1,1,1,1,1,1,1,1,1,1,0.73558,1,1,1,1,1,0.51893,0.71795,1,1,1,0.78596,1,1,1,1,1,1,1,0.90263,1,0,0,0,0
0,0,0,0,0,0,0,0,0,0,0,0,0,0,0,0,0,0,0,0,0,0,0,0,0,0,0,0,0,0,0,0,0,0,0,0,0,0,0,0,0,0,0,0,0,0,0,0,0,0,0,0,0,0,0,0,0,0,0,0,0,0,0,0,0,0,0,0,0,0,0,0.16984,0.20238,0.40817,0.14823,0,0.21476,0.77464,0.69923,1,0.21703,1,1,1,0,1,0.17527,1,1,1,1,0,0,0,0,0,0,0,0,0,0.41321,0.1762,0,0,0.31243,0.14816,0.204,0,0.6422,0.33851,0.22641,0,0.14284,0,0.94243,0.43204,0.18765,1,1,0.90845,0.70183,1,1,0,0.33311,1,0,0,0,0,0,0,0,0,0,0,0,0,0,0,0,0,0,0,0,0,0,0,0,0,0,0,0,0,0,0,0,0,0,0,0,0,0,0,0,0,0,0,0,0,0,0,0,0,0,0,0,0,0,0,0,0,0,0,0,0,0,0,0,0,0,0,0,0,0,0,0,0,0,0,0,0,0,0,0,0,0,0,0,0,0,0,0,0,0,0,0,0,0,0,0.1302,0,0,0,0,0,0,0,0,0,0,0,0,0,0,0,0,0,0,0,0,0,0,0.54697,0,0,0.37381,0.83765,1,0.13091,0.36811,0.87018,1,1,1,1,1,1,1,0.14402,0.39646,0.90625,1,1,1,1,1,1,1,0.15387,0.37922,0.92057,1,1,1,1,1,0.88011,0.55108,1,1,1,1,1,1,0.245,0.76478,1,1,1,1,1,1,0.72455,1,1,1,1,1,0.33766,0.66179,1,1,1,1,0.20792,0.33607,1,1,1,0.43643,0.86822,1,1,0.74774,1,1,1,0.6239,1,0,0,0,0
0,0,0,0,0,0,0,0,0,0,0,0,0,0,0,0,0,0,0,0,0,0,0,0,0,0,0,0,0,0,0,0,0,0,0,0,0,0,0,0,0,0,0,0,0,0,0,0,0,0,0,0,0,0,0,0,0,0,0,0,0,0,0,0,0,0,0,0,0,0,0,0,0.13794,0.28659,0.12906,0,0,0.49161,0.49615,0.96891,0,0.96006,1,1,0,1,0,1,1,1,1,0,0,0,0,0,0,0,0,0,0.4286,0.20059,0.12725,0,0.42477,0.2005,0.28562,0,0.78268,0.53439,0.39879,0.17805,0.2262,0,1,0.67778,0.32922,1,1,1,0.98443,1,1,0.19871,0.63704,1,0,0,0,0,0,0,0,0,0,0,0,0,0,0,0,0,0,0,0,0,0,0,0,0,0,0,0,0,0,0,0,0,0,0,0,0,0,0,0,0,0,0,0,0,0,0,0,0,0,0,0,0,0,0,0,0,0,0,0,0,0,0,0,0,0,0,0,0,0,0,0,0,0,0,0,0,0,0,0,0,0,0,0,0,0,0,0,0,0,0,0,0,0,0,0,0,0,0,0,0,0,0,0,0,0,0,0,0,0,0,0,0,0,0,0,0,0,0.22441,0,0,0.16333,0.4569,1,0,0.15821,0.48007,1,1,1,1,1,1,1,0,0.16586,0.5083,0.91967,1,1,1,1,1,1,0,0.15935,0.5194,0.95536,1,1,1,1,0.4799,0.21708,0.96042,1,1,1,1,1,0,0.36938,0.91992,1,1,1,1,1,0.33653,0.86724,1,1,1,1,0.15221,0.28157,0.78241,1,1,1,0,0.15512,0.74812,0.981,1,0.19558,0.53183,1,1,0.42916,0.9757,1,1,0.32177,1,0,0,0,0
0,0,0,0,0,0,0,0,0,0,0,0,0,0,0,0,0,0,0,0.19061,0,0,0,0,0,0,0,0,0,0,0,0,0.13729,0,0.16477,0,0,0,0,0,0,0,0,0,0,0,0,0,0,0,0,0,0,0,0,0,0,0,0,0,0,0,0,0,0,0,0,0,0.45201,0.44865,0.28307,0.29824,0.1845,0,0,1,0.91552,1,0.48331,0.24662,1,0.8024,0.18369,0.2648,0,0.50195,0.63094,0.14732,0.45802,0.60603,0,0,0,0,0,0,0,0,0,0,0,0,0,0,0,0,0,0,0,0,0,0,0,0,0,0,0,0,0,0,0,0,0,0,0,0,0,0,0,0,0,0,0,0,0,0,0,0,0,0,0,0,0,0,0,0,0,0,0,0,0,0,0,0,0,0,0,0,0,0,0,0,0,0,0,0,0,0.21985,0,0,0,0,0,0.35846,0.81893,0,0,0,0,0.24859,0.51699,0,0,0,0.21497,0.62313,1,0,0.93804,0,0.19245,0.37712,0.77129,0.60121,0.49659,0,0,0,0.15794,1,1,1,1,1,1,1,1,1,1,0.80071,1,1,1,0.8275,1,1,0.21709,1,1,1,1,0.15724,0.21497,1,1,1,0,0,0.2644,0.35938,0.34513,0.37547,0,1,0,0.61951,0.74235,0.71067,1,0.43,0.188,0.19952,0.22511,1,1,1,1,1,1,1,1,1,1,1,1,1,0.7781,0.77522,0.338,1,1,1,1,1,1,1,1,0.83288,0.4523,1,1,1,1,1,1,0.88011,0.4799,1,1,1,1,1,1,0.89433,0.53916,1,1,1,1,1,1,1,0.89122,1,1,1,1,1,0.87392,1,1,1,1,1,1,1,1,1,1,0.69741,1,1,1,1,1,1,1,1,1,0.56818,0,0,0,0
0,0,0,0,0,0,0,0,0,0,0,0,0,0,0,0,0,0,0,0.21724,0,0,0,0,0,0,0,0,0,0,0,0.13621,0.13875,0,0.15322,0,0,0,0,0,0,0,0,0,0,0,0,0,0,0,0,0,0,0,0,0,0,0,0,0,0,0,0,0,0,0,0,0,0.48087,0.44227,0.24886,0.22147,0.12817,0,0,1,0.82253,0.89722,0.27642,0.16049,1,0.56168,0,0.15368,0,0.2414,0.52794,0,0.21701,0.30601,0,0,0,0,0,0,0,0,0,0,0,0,0,0,0,0,0,0,0,0,0,0,0,0,0,0,0,0,0,0,0,0,0,0,0,0,0,0,0,0,0,0,0,0,0,0,0,0,0,0,0,0,0,0,0,0,0,0,0,0,0,0,0,0,0,0,0,0,0,0,0,0,0,0,0,0,0,0.29096,0,0,0,0,0.17782,0.50121,0.92771,0,0,0,0,0.43543,0.69099,0,0,0.15247,0.36044,0.84583,1,0,1,0.15871,0.32513,0.63565,1,0.90263,0.81386,0.14093,0,0.13134,0.24911,1,1,1,1,1,1,1,1,1,1,1,1,1,1,1,1,1,0.48115,1,1,1,1,0.30058,0.46871,1,1,1,0.20229,0.16548,0.58297,0.67027,0.64353,0.66229,0.19662,1,0.17806,0.94775,1,0.98875,1,0.75997,0.37519,0.3899,0.44311,1,1,1,1,1,1,1,1,1,1,1,1,0.86344,0.44945,0.45159,0.16945,1,1,1,1,1,1,1,0.93178,0.5027,0.20739,1,1,1,1,1,0.98088,0.55108,0.21708,1,1,1,1,1,1,0.57022,0.23844,1,1,1,1,1,1,0.96581,0.57602,1,1,1,1,0.93213,0.56955,1,1,1,1,1,0.88193,1,1,1,1,0.4084,1,1,1,1,1,1,1,0.98602,1,0.25115,0,0,0,0
0,0,0,0,0,0,0,0,0,0,0,0,0,0,0,0,0,0,0,0,0,0,0,0,0,0,0,0,0,0,0,0,0,0,0.12671,0,0,0,0,0,0,0,0,0,0,0,0,0,0,0,0,0,0,0,0,0,0,0,0,0,0,0,0,0,0,0,0,0,0.2479,0.28659,0.22201,0.32903,0.21624,0.17818,0,0.81728,0.8645,1,0.6387,0.50357,1,1,0.39287,0.63588,0,0.80517,0.60417,0.32058,0.83628,0.96354,0,0,0,0,0,0,0,0,0,0,0,0,0,0,0,0,0,0,0,0,0,0,0,0,0,0,0,0.1708,0,0,0,0.15682,0,0,0,0.14469,0,0,0,0,0,0,0,0,0,0,0,0,0,0,0,0,0,0,0,0,0,0,0,0,0,0,0,0,0,0,0,0,0,0,0,0,0,0,0,0,0,0,0,0,0,0,0,0.17275,0.50828,0,0,0,0,0,0.21421,0,0,0,0,0.23403,0.64773,0,0.50625,0,0,0.14255,0.31681,0.20756,0.17076,0,0,0,0,0.84063,1,0.82668,1,0.80475,1,0.70739,1,0.62324,1,0.31762,0.80522,1,1,0.34985,0.72047,1,0,0.61703,0.97004,1,1,0,0,0.72157,0.65628,0.8298,0,0,0,0.1451,0.14775,0.16418,0,1,0,0.21867,0.31457,0.33848,0.92305,0.15084,0,0,0,1,1,1,1,1,1,1,1,1,1,1,1,1,1,1,0.79978,1,1,1,1,1,1,1,1,1,0.92545,1,1,1,1,1,1,1,0.96042,1,1,1,1,1,1,1,1,1,1,1,1,1,1,1,1,1,1,1,1,1,1,1,1,1,1,1,1,1,1,1,1,1,1,1,1,1,1,1,1,1,1,1,0,0,0,0
0,0,0,0,0,0,0,0,0,0,0,0,0,0,0,0,0,0,0,0,0,0,0,0,0,0,0,0,0,0,0,0,0,0,0,0,0,0,0,0,0,0,0,0,0,0,0,0,0,0,0,0,0,0,0,0,0,0,0,0,0,0,0,0,0,0,0,0,0.1552,0.1849,0.16151,0.30556,0.23539,0.23714,0,0.52612,0.72881,1,0.75215,0.76116,0.99868,1,0.75891,1,0,1,0.50597,0.73872,1,1,0,0,0,0,0,0,0,0,0,0,0,0,0,0,0,0,0,0,0,0,0,0,0,0,0.13579,0,0,0.47778,0.18108,0,0,0.46874,0.16138,0,0,0.36165,0,0,0,0,0,0,0,0,0,0,0,0,0,0,0,0,0,0,0,0,0,0,0,0,0,0,0,0,0,0,0,0,0,0,0,0,0,0,0,0,0,0,0,0,0,0,0,0,0.20803,0,0,0,0,0,0,0,0,0,0,0,0.23649,0,0.16954,0,0,0,0,0,0,0,0,0,0,0.35514,0.64254,0.31346,0.81632,0.27566,0.78825,0.22105,0.83127,0.19024,0.83958,0,0.25115,0.75236,1,0,0.22367,0.60253,0,0.19118,0.43818,0.84585,1,0,0,0.23203,0.2158,0.33354,0,0,0,0,0,0,0,0.76653,0,0,0,0,0.5566,0,0,0,0,1,0.90203,0.96171,1,1,1,1,1,1,1,1,1,1,1,1,1,1,1,1,1,1,1,1,1,1,1,1,1,1,1,1,1,1,1,1,1,1,1,1,1,1,1,1,1,1,1,1,1,1,1,1,1,1,1,1,1,1,1,1,1,1,1,1,1,1,1,1,1,1,1,1,1,1,1,1,1,1,0,0,0,0
0,0,0,0,0,0,0,0,0,0,0,0,0,0,0,0,0,0,0,0,0,0,0,0,0,0,0,0,0,0,0,0,0,0,0,0,0,0,0,0,0,0,0,0,0,0,0,0,0,0,0,0,0,0,0,0,0,0,0,0,0,0,0,0,0,0,0,0,0,0,0,0.22126,0.21098,0.24785,0,0.23,0.49144,1,0.71035,0.85446,0.6705,1,0.96797,1,0,1,0.30185,1,1,1,0.23857,0,0,0,0,0,0,0,0,0,0.15851,0,0,0,0,0,0,0,0.16546,0,0,0,0,0,0.24229,0,0,0.81174,0.39287,0.20234,0.12797,0.8458,0.38176,0,0,0.65112,0,0,0,0,0,0,0,0,0,0,0,0,0,0,0,0,0,0,0,0,0,0,0,0,0,0,0,0,0,0,0,0,0,0,0,0,0,0,0,0,0,0,0,0,0,0,0,0,0,0,0,0,0,0,0,0,0,0,0,0,0,0,0,0,0,0,0,0,0,0,0,0,0,0.13678,0.23342,0,0.35927,0,0.32338,0,0.36039,0,0.36922,0,0,0.29039,0.69196,0,0,0.2157,0,0,0.1639,0.40615,0.77565,0,0,0,0,0.13822,0,0,0,0,0,0,0,0.35313,0,0,0,0,0.24286,0,0,0,0,1,0.48791,0.52794,1,1,1,0.6534,1,1,1,1,1,1,1,1,1,0.72986,1,1,1,1,1,1,1,1,1,0.7863,1,1,1,1,1,1,1,1,1,1,1,1,1,1,1,1,1,1,1,1,1,1,1,1,1,1,1,1,1,1,1,1,1,1,1,1,1,1,1,1,1,1,1,1,1,1,1,1,1,1,0,0,0,0
0,0,0,0,0,0,0,0,0,0,0,0,0,0,0,0,0,0,0,0,0,0,0,0,0,0,0,0,0,0,0,0,0,0,0,0,0,0,0,0,0,0,0,0,0,0,0,0,0,0,0,0,0,0,0,0,0,0,0,0,0,0,0,0,0,0,0,0,0,0,0,0.16415,0.17166,0.23642,0,0.12666,0.24859,0.81746,0.60572,0.85819,0.36151,1,1,1,0,1,0.19416,1,1,1,0.56573,0,0,0,0,0,0,0,0,0,0.18782,0,0,0,0.12742,0,0,0,0.22939,0,0,0,0,0,0.45781,0.14052,0,1,0.65291,0.38948,0.22578,1,0.69316,0,0,0.84511,0,0,0,0,0,0,0,0,0,0,0,0,0,0,0,0,0,0,0,0,0,0,0,0,0,0,0,0,0,0,0,0,0,0,0,0,0,0,0,0,0,0,0,0,0,0,0,0,0,0,0,0,0,0,0,0,0,0,0,0,0,0,0,0,0,0,0,0,0,0,0,0,0,0,0,0,0.15719,0,0.1437,0,0.15494,0,0.15813,0,0,0.13376,0.30606,0,0,0,0,0,0,0.17715,0.39644,0,0,0,0,0,0,0,0,0,0,0,0,0.16523,0,0,0,0,0.14309,0,0,0,0,0.82365,0.20865,0.21796,0.69151,1,1,0.26956,0.73124,1,1,1,1,1,1,1,1,0.33873,0.79577,1,1,1,1,1,1,1,1,0.39158,0.80779,1,1,1,1,1,1,1,1,1,1,1,1,1,1,0.71844,1,1,1,1,1,1,1,1,1,1,1,1,1,0.85792,1,1,1,1,1,0.64621,0.86429,1,1,1,0.96919,1,1,1,1,1,1,1,1,1,0,0,0,0
0,0,0,0,0,0,0,0,0,0,0,0,0,0,0,0,0,0,0,0,0,0,0,0,0,0,0,0,0,0,0,0,0,0,0,0,0,0,0,0,0,0,0,0,0,0,0,0,0,0,0,0,0,0,0,0,0,0,0,0,0,0,0,0,0,0,0,0,0,0,0,0,0,0.21441,0,0,0.15172,0.56805,0.45454,0.81804,0.16866,0.93682,1,1,0,1,0,1,1,1,0.96524,0,0,0,0,0,0,0,0,0,0.21346,0,0,0,0.18395,0,0,0,0.38869,0.20048,0.15037,0,0,0,0.703,0.23874,0,1,0.9323,0.70226,0.50666,1,1,0,0.2172,1,0,0,0,0,0,0,0,0,0,0,0,0,0,0,0,0,0,0,0,0,0,0,0,0,0,0,0,0,0,0,0,0,0,0,0,0,0,0,0,0,0,0,0,0,0,0,0,0,0,0,0,0,0,0,0,0,0,0,0,0,0,0,0,0,0,0,0,0,0,0,0,0,0,0,0,0,0,0,0,0,0,0,0,0,0,0,0,0,0,0,0,0,0,0,0.15094,0,0,0,0,0,0,0,0,0,0,0,0,0,0,0,0,0,0,0,0,0,0,0.43504,0,0,0.28324,0.73719,1,0,0.30458,0.79253,1,1,1,1,1,1,1,0.13246,0.35717,0.85836,1,1,1,1,1,1,1,0.1483,0.36182,0.90016,1,1,1,1,1,0.89433,0.57022,1,1,1,1,1,1,0.26842,0.80766,1,1,1,1,1,1,0.79249,1,1,1,1,1,0.42406,0.74913,1,1,1,1,0.23845,0.44278,1,1,1,0.57471,1,1,1,0.92047,1,1,1,0.81121,1,0,0,0,0
0,0,0,0,0,0,0,0,0,0,0,0,0,0,0,0,0,0,0,0,0,0,0,0,0,0,0,0,0,0,0,0,0,0,0,0,0,0,0,0,0,0,0,0,0,0,0,0,0,0,0,0,0,0,0,0,0,0,0,0,0,0,0,0,0,0,0,0,0,0,0,0,0,0.1769,0,0,0,0.32472,0.27723,0.71295,0,0.75071,1,1,0,1,0,1,1,1,1,0,0,0,0,0,0,0,0,0,0.21275,0,0,0,0.20949,0,0.16495,0,0.48757,0.24909,0.2059,0,0.13605,0,0.8373,0.40421,0.18835,1,1,0.90189,0.72536,1,1,0,0.39196,1,0,0,0,0,0,0,0,0,0,0,0,0,0,0,0,0,0,0,0,0,0,0,0,0,0,0,0,0,0,0,0,0,0,0,0,0,0,0,0,0,0,0,0,0,0,0,0,0,0,0,0,0,0,0,0,0,0,0,0,0,0,0,0,0,0,0,0,0,0,0,0,0,0,0,0,0,0,0,0,0,0,0,0,0,0,0,0,0,0,0,0,0,0,0,0,0,0,0,0,0,0,0,0,0,0,0,0,0,0,0,0,0,0,0,0,0,0,0.20334,0,0,0.14929,0.40676,1,0,0.15317,0.45266,0.96099,1,1,1,1,1,1,0,0.16875,0.50971,0.91454,1,1,1,1,1,1,0,0.16925,0.5467,0.98094,1,1,1,1,0.53916,0.23844,1,1,1,1,1,1,0.13829,0.45498,1,1,1,1,1,1,0.44498,0.99006,1,1,1,1,0.19437,0.40778,0.93032,1,1,1,0.12561,0.20346,0.92073,1,1,0.25998,0.71673,1,1,0.63159,1,1,1,0.53819,1,0,0,0,0
0,0,0,0,0,0,0,0,0,0,0,0,0,0,0,0,0,0,0,0.19368,0,0,0,0,0,0,0,0,0,0,0,0,0,0,0,0,0,0,0,0,0,0,0,0,0,0,0,0,0,0,0,0,0,0,0,0,0,0,0,0,0,0,0,0,0,0,0,0,0.35505,0.2843,0.1881,0.13556,0,0,0,0.88988,0.5889,0.60519,0.15716,0,1,0.24614,0,0,0,0.12891,0.28986,0,0,0.15442,0,0,0,0,0,0,0,0,0,0,0,0,0,0,0,0,0,0,0,0,0,0,0,0,0,0,0,0,0,0,0,0,0,0,0,0,0,0,0,0,0,0,0,0,0,0,0,0,0,0,0,0,0,0,0,0,0,0,0,0,0,0,0,0,0,0,0,0,0,0,0,0,0,0,0,0,0,0.27528,0,0,0,0,0.18641,0.49595,0.87644,0,0,0,0,0.48933,0.72101,0,0.14514,0.18376,0.45015,0.93897,1,0.13236,1,0.20204,0.46235,0.78644,1,1,1,0.22082,0.1343,0.18984,0.42677,1,1,1,1,1,1,1,1,1,1,1,1,1,1,1,1,1,0.80695,1,1,1,1,0.63167,0.80829,1,1,1,0.44226,0.33684,0.92545,1,0.98388,0.99751,0.43037,1,0.33583,1,1,1,1,1,0.71846,0.72758,0.76758,1,1,1,1,1,0.74308,1,1,1,1,1,0.8764,0.52559,0.20537,0.20405,0,1,1,1,1,1,1,0.97319,0.60154,0.22562,0,1,1,1,1,1,0.66106,0.245,0,1,1,1,1,1,0.71844,0.26842,0.13829,1,1,1,1,1,0.936,0.68309,0.29168,1,1,1,1,0.66877,0.30274,1,1,1,1,1,0.6394,1,1,1,1,0.2215,1,1,1,0.92853,1,1,0.87637,0.84307,1,0.15486,0,0,0,0
0,0,0,0,0,0,0,0,0,0,0,0,0,0,0,0,0,0,0,0,0,0,0,0,0,0,0,0,0,0,0,0,0,0,0,0,0,0,0,0,0,0,0,0,0,0,0,0,0,0,0,0,0,0,0,0,0,0,0,0,0,0,0,0,0,0,0,0,0.24175,0.23581,0.17707,0.1754,0,0,0,0.79093,0.65001,0.80309,0.23766,0.16184,1,0.53986,0,0.18218,0,0.25844,0.36322,0,0.24787,0.38226,0,0,0,0,0,0,0,0,0,0,0,0,0,0,0,0,0,0,0,0,0,0,0,0,0,0,0,0,0,0,0,0,0,0,0,0,0,0,0,0,0,0,0,0,0,0,0,0,0,0,0,0,0,0,0,0,0,0,0,0,0,0,0,0,0,0,0,0,0,0,0,0,0,0,0,0,0,0.16304,0,0,0,0,0,0.23202,0.63498,0,0,0,0,0.2065,0.37807,0,0,0,0.18066,0.52725,0.86351,0,0.85192,0,0.16943,0.32067,0.71993,0.60864,0.54026,0,0,0,0.14577,1,1,1,1,1,1,1,1,1,1,0.87811,1,1,1,0.93051,1,1,0.27621,1,1,1,1,0.20267,0.30451,1,1,1,0.14239,0,0.43812,0.54819,0.55224,0.59523,0.16705,1,0,0.75763,0.92765,0.93712,1,0.53495,0.25332,0.31457,0.41158,1,1,1,1,1,1,1,1,1,1,1,1,1,0.61914,0.59366,0.22988,1,1,1,1,1,1,1,1,0.69484,0.32271,1,1,1,1,1,1,0.76478,0.36938,1,1,1,1,1,1,0.80766,0.45498,1,1,1,1,1,1,1,0.83503,1,1,1,1,1,0.84498,1,1,1,1,1,1,1,1,1,1,0.69971,1,1,1,1,1,1,1,1,1,0.50782,0,0,0,0
0,0,0,0,0,0,0,0,0,0,0,0,0,0,0,0,0,0,0,0,0,0,0,0,0,0,0,0,0,0,0,0,0,0,0,0,0,0,0,0,0,0,0,0,0,0,0,0,0,0,0,0,0,0,0,0,0,0,0,0,0,0,0,0,0,0,0,0,0.17208,0.18311,0.14044,0.19168,0.13256,0,0,0.59054,0.61373,0.90982,0.39358,0.28299,1,0.78194,0.23473,0.46221,0,0.59699,0.35149,0.21782,0.66579,0.77968,0,0,0,0,0,0,0,0,0,0,0,0,0,0,0,0,0,0,0,0,0,0,0,0,0,0,0,0,0,0,0,0,0,0,0,0,0,0,0,0,0,0,0,0,0,0,0,0,0,0,0,0,0,0,0,0,0,0,0,0,0,0,0,0,0,0,0,0,0,0,0,0,0,0,0,0,0,0,0,0,0,0,0,0,0.31363,0,0,0,0,0,0.15925,0,0,0,0,0.18969,0.47904,0,0.38261,0,0,0,0.23906,0.18869,0.16114,0,0,0,0,0.70362,0.97438,0.71723,1,0.71664,1,0.64894,1,0.59358,1,0.31561,0.81601,1,1,0.36847,0.75549,1,0,0.66978,1,1,1,0,0,0.80776,0.76431,0.95142,0,0,0.13627,0.17765,0.18669,0.20775,0,1,0,0.23499,0.40639,0.47431,1,0.15781,0,0,0.1588,1,1,1,1,1,1,1,1,1,1,1,1,1,1,1,0.71338,1,1,1,1,1,1,1,1,1,0.86163,1,1,1,1,1,1,1,0.91992,1,1,1,1,1,1,1,1,1,1,1,1,1,1,1,1,1,1,1,1,1,1,1,1,1,1,1,1,1,1,1,1,1,1,1,1,1,1,1,1,1,1,1,0,0,0,0
0,0,0,0,0,0,0,0,0,0,0,0,0,0,0,0,0,0,0,0,0,0,0,0,0,0,0,0,0,0,0,0,0,0,0,0,0,0,0,0,0,0,0,0,0,0,0,0,0,0,0,0,0,0,0,0,0,0,0,0,0,0,0,0,0,0,0,0,0,0,0,0.17118,0.13756,0.14236,0,0.28157,0.44935,0.8725,0.46048,0.48954,0.74763,0.90216,0.52179,0.81495,0,0.84383,0.24025,0.52773,1,1,0,0,0,0,0,0,0,0,0,0,0,0,0,0,0,0,0,0,0,0,0,0,0,0,0,0,0,0.30134,0.12556,0,0,0.32344,0,0,0,0.21971,0,0,0,0,0,0,0,0,0,0,0,0,0,0,0,0,0,0,0,0,0,0,0,0,0,0,0,0,0,0,0,0,0,0,0,0,0,0,0,0,0,0,0,0,0,0,0,0,0.13796,0,0,0,0,0,0,0,0,0,0,0,0.17606,0,0,0,0,0,0,0,0,0,0,0,0,0.2359,0.48908,0.23094,0.69039,0.22512,0.68575,0.19687,0.764,0.17508,0.80876,0,0.24799,0.76445,1,0,0.22896,0.63457,0,0.20223,0.49146,0.91113,1,0,0,0.26128,0.24491,0.43313,0,0,0,0,0,0,0,0.87295,0,0,0,0.15865,0.74605,0,0,0,0,1,0.71068,0.79311,1,1,1,0.95923,1,1,1,1,1,1,1,1,1,1,1,1,1,1,1,1,1,1,1,1,1,1,1,1,1,1,1,1,1,1,1,1,1,1,1,1,1,1,1,1,1,1,1,1,1,1,1,1,1,1,1,1,1,1,1,1,1,1,1,1,1,1,1,1,1,1,1,1,1,1,0,0,0,0
0,0,0,0,0,0,0,0,0,0,0,0,0,0,0,0,0,0,0,0,0,0,0,0,0,0,0,0,0,0,0,0,0,0,0,0,0,0,0,0,0,0,0,0,0,0,0,0,0,0,0,0,0,0,0,0,0,0,0,0,0,0,0,0,0,0,0,0,0,0,0,0.13818,0,0.15125,0,0.179,0.28181,0.77012,0.43475,0.55928,0.51284,0.9006,0.6738,0.98884,0,0.93455,0.19223,0.72443,1,1,0.17471,0,0,0,0,0,0,0,0,0,0,0,0,0,0,0,0,0,0,0,0,0,0,0,0.15299,0,0,0.5473,0.21242,0,0,0.60305,0.21861,0,0,0.3722,0,0,0,0,0,0,0,0,0,0,0,0,0,0,0,0,0,0,0,0,0,0,0,0,0,0,0,0,0,0,0,0,0,0,0,0,0,0,0,0,0,0,0,0,0,0,0,0,0,0,0,0,0,0,0,0,0,0,0,0,0,0,0,0,0,0,0,0,0,0,0,0,0,0,0.2184,0,0.34244,0,0.32858,0,0.39755,0,0.43779,0,0,0.39454,0.80655,0,0,0.26772,0,0,0.20992,0.55199,0.90964,0,0,0.13457,0.12857,0.1964,0,0,0,0,0,0,0,0.53063,0,0,0,0,0.46761,0,0,0,0,1,0.40423,0.46927,0.95823,1,1,0.62062,1,1,1,1,1,1,1,1,1,0.72584,1,1,1,1,1,1,1,1,1,0.80746,1,1,1,1,1,1,1,1,1,1,1,1,1,1,1,1,1,1,1,1,1,1,1,1,1,1,1,1,1,1,1,1,1,1,1,1,1,1,1,1,1,1,1,1,1,1,1,1,1,1,0,0,0,0
0,0,0,0,0,0,0,0,0,0,0,0,0,0,0,0,0,0,0,0,0,0,0,0,0,0,0,0,0,0,0,0,0,0,0,0,0,0,0,0,0,0,0,0,0,0,0,0,0,0,0,0,0,0,0,0,0,0,0,0,0,0,0,0,0,0,0,0,0,0,0,0,0,0.15575,0,0,0.21922,0.68517,0.40661,0.59834,0.34252,0.88368,0.773,1,0,0.98418,0.15664,0.85742,1,1,0.26207,0,0,0,0,0,0,0,0,0,0,0,0,0,0,0,0,0,0,0,0,0,0,0,0.20964,0,0,0.72005,0.32356,0.18734,0,0.80174,0.37131,0,0,0.52074,0,0,0,0,0,0,0,0,0,0,0,0,0,0,0,0,0,0,0,0,0,0,0,0,0,0,0,0,0,0,0,0,0,0,0,0,0,0,0,0,0,0,0,0,0,0,0,0,0,0,0,0,0,0,0,0,0,0,0,0,0,0,0,0,0,0,0,0,0,0,0,0,0,0,0.14025,0,0.19931,0,0.19248,0,0.21305,0,0.22496,0,0,0.20996,0.54207,0,0,0.16789,0,0,0,0.29056,0.64642,0,0,0,0,0,0,0,0,0,0,0,0,0.27644,0,0,0,0,0.24859,0,0,0,0,0.84445,0.22919,0.24696,0.74736,1,1,0.38202,0.82489,1,1,1,1,1,1,1,1,0.47782,0.92154,1,1,1,1,1,1,1,1,0.55286,0.96239,1,1,1,1,1,1,1,1,1,1,1,1,1,1,0.936,1,1,1,1,1,1,1,1,1,1,1,1,1,1,1,1,1,1,1,0.92265,1,1,1,1,1,1,1,1,1,1,1,1,1,1,0,0,0,0
0,0,0,0,0,0,0,0,0,0,0,0,0,0,0,0,0,0,0,0,0,0,0,0,0,0,0,0,0,0,0,0,0,0,0,0,0,0,0,0,0,0,0,0,0,0,0,0,0,0,0,0,0,0,0,0,0,0,0,0,0,0,0,0,0,0,0,0,0,0,0,0,0,0.14661,0,0,0.16886,0.56388,0.33751,0.59078,0.21781,0.82046,0.82416,1,0,0.9828,0,0.94368,1,1,0.47413,0,0,0,0,0,0,0,0,0,0,0,0,0,0,0,0,0,0.15742,0,0,0,0,0,0.26096,0,0,0.85182,0.47316,0.24268,0.17539,0.96327,0.55512,0,0,0.62682,0,0,0,0,0,0,0,0,0,0,0,0,0,0,0,0,0,0,0,0,0,0,0,0,0,0,0,0,0,0,0,0,0,0,0,0,0,0,0,0,0,0,0,0,0,0,0,0,0,0,0,0,0,0,0,0,0,0,0,0,0,0,0,0,0,0,0,0,0,0,0,0,0,0,0,0,0,0,0,0,0.12935,0,0.14065,0,0,0.12593,0.29062,0,0,0,0,0,0,0.18124,0.39715,0,0,0,0,0,0,0,0,0,0,0,0,0.17922,0,0,0,0,0.17946,0,0,0,0,0.63796,0.15463,0.1696,0.52665,0.95357,1,0.21427,0.5916,1,1,1,1,1,1,1,1,0.24417,0.6797,1,1,1,1,1,1,1,1,0.30367,0.71463,1,1,1,1,1,1,1,0.96581,1,1,1,1,1,1,0.68309,1,1,1,1,1,1,1,1,1,1,1,1,1,0.88517,1,1,1,1,1,0.68105,0.91707,1,1,1,1,1,1,1,1,1,1,1,1,1,0,0,0,0
0,0,0,0,0,0,0,0,0,0,0,0,0,0,0,0,0,0,0,0,0,0,0,0,0,0,0,0,0,0,0,0,0,0,0,0,0,0,0,0,0,0,0,0,0,0,0,0,0,0,0,0,0,0,0,0,0,0,0,0,0,0,0,0,0,0,0,0,0,0,0,0,0,0.1259,0,0,0,0.35689,0.23614,0.54974,0,0.69246,0.87012,1,0,0.94315,0,1,1,1,0.79794,0,0,0,0,0,0,0,0,0,0,0,0,0,0,0,0,0,0.20817,0,0,0,0,0,0.44877,0.16048,0,1,0.68828,0.47371,0.28775,1,0.82864,0,0.14847,0.76619,0,0,0,0,0,0,0,0,0,0,0,0,0,0,0,0,0,0,0,0,0,0,0,0,0,0,0,0,0,0,0,0,0,0,0,0,0,0,0,0,0,0,0,0,0,0,0,0,0,0,0,0,0,0,0,0,0,0,0,0,0,0,0,0,0,0,0,0,0,0,0,0,0,0,0,0,0,0,0,0,0,0,0,0,0,0,0.13326,0,0,0,0,0,0,0,0.16937,0,0,0,0,0,0,0,0,0,0,0,0,0,0,0,0,0,0,0,0,0,0,0.31318,0,0,0.22768,0.62362,1,0,0.2435,0.70014,1,1,1,1,1,1,1,0,0.30648,0.79398,1,1,1,1,1,1,1,0.13997,0.33283,0.86226,1,1,1,1,1,0.89122,0.57602,1,1,1,1,1,1,0.29168,0.83503,1,1,1,1,1,1,0.84613,1,1,1,1,1,0.50094,0.82375,1,1,1,1,0.29941,0.541,1,1,1,0.70571,1,1,1,1,1,1,1,0.99435,1,0,0,0,0
0,0,0,0,0,0,0,0,0,0,0,0,0,0,0,0,0,0,0,0,0,0,0,0,0,0,0,0,0,0,0,0,0,0,0,0,0,0,0,0,0,0,0,0,0,0,0,0,0,0,0,0,0,0,0,0,0,0,0,0,0,0,0,0,0,0,0,0,0.16556,0.15849,0,0,0,0,0,0.56083,0.41856,0.58604,0.16888,0,0.93387,0.34781,0,0.13694,0,0.19768,0.21095,0,0.20377,0.24644,0,0,0,0,0,0,0,0,0,0,0,0,0,0,0,0,0,0,0,0,0,0,0,0,0,0,0,0,0,0,0,0,0,0,0,0,0,0,0,0,0,0,0,0,0,0,0,0,0,0,0,0,0,0,0,0,0,0,0,0,0,0,0,0,0,0,0,0,0,0,0,0,0,0,0,0,0,0,0,0,0,0,0,0.16459,0.42173,0,0,0,0,0.14557,0.22917,0,0,0,0,0.36091,0.66549,0,0.68986,0,0,0.22688,0.58109,0.51288,0.47382,0,0,0,0,0.96913,1,1,1,1,1,1,1,1,1,0.83755,1,1,1,0.91268,1,1,0.28465,1,1,1,1,0.20957,0.34819,1,1,1,0.15337,0.1298,0.49637,0.62297,0.64916,0.70826,0.20113,1,0,0.77565,0.99547,1,1,0.52243,0.33039,0.42408,0.54846,1,1,1,1,1,1,1,1,1,1,1,1,0.91307,0.54001,0.49306,0.2077,1,1,1,1,1,1,1,1,0.63459,0.27284,1,1,1,1,1,1,0.72455,0.33653,1,1,1,1,1,1,0.79249,0.44498,1,1,1,1,1,1,1,0.84613,1,1,1,1,1,0.87932,1,1,1,1,1,1,1,1,1,1,0.76171,1,1,1,1,1,1,1,1,1,0.51822,0,0,0,0
0,0,0,0,0,0,0,0,0,0,0,0,0,0,0,0,0,0,0,0,0,0,0,0,0,0,0,0,0,0,0,0,0,0,0,0,0,0,0,0,0,0,0,0,0,0,0,0,0,0,0,0,0,0,0,0,0,0,0,0,0,0,0,0,0,0,0,0,0,0,0,0,0,0,0,0.37445,0.38121,0.6776,0.22287,0.19308,0.80217,0.56479,0.17589,0.29763,0,0.40306,0.20598,0.16517,0.50306,0.60534,0,0,0,0,0,0,0,0,0,0,0,0,0,0,0,0,0,0,0,0,0,0,0,0,0,0,0,0,0,0,0,0,0,0,0,0,0,0,0,0,0,0,0,0,0,0,0,0,0,0,0,0,0,0,0,0,0,0,0,0,0,0,0,0,0,0,0,0,0,0,0,0,0,0,0,0,0,0,0,0,0,0,0,0,0.20734,0,0,0,0,0,0,0,0,0,0,0.14248,0.30718,0,0.24914,0,0,0,0.20092,0.16311,0.14389,0,0,0,0,0.55593,0.81808,0.59186,1,0.60901,1,0.56704,1,0.5373,1,0.2861,0.79425,1,1,0.35752,0.75674,1,0,0.68853,1,1,1,0,0,0.85765,0.83628,1,0,0,0.1539,0.19977,0.21508,0.24069,0,1,0,0.24114,0.46489,0.57648,1,0.15566,0,0.14525,0.19921,1,0.94612,1,1,1,1,1,1,1,1,1,1,1,1,0.93988,0.62206,1,1,1,1,1,1,1,1,1,0.78885,1,1,1,1,1,1,1,0.86724,1,1,1,1,1,1,1,0.99006,1,1,1,1,1,1,1,1,1,1,1,1,1,1,1,1,1,1,1,1,1,1,1,1,1,1,1,1,1,1,1,1,1,1,1,0,0,0,0
0,0,0,0,0,0,0,0,0,0,0,0,0,0,0,0,0,0,0,0,0,0,0,0,0,0,0,0,0,0,0,0,0,0,0,0,0,0,0,0,0,0,0,0,0,0,0,0,0,0,0,0,0,0,0,0,0,0,0,0,0,0,0,0,0,0,0,0,0,0,0,0,0,0,0,0.19987,0.24588,0.64711,0.24343,0.26569,0.55921,0.67239,0.31514,0.61548,0,0.62379,0.1679,0.33569,0.82214,0.88856,0,0,0,0,0,0,0,0,0,0,0,0,0,0,0,0,0,0,0,0,0,0,0,0,0,0,0,0.21025,0,0,0,0.22417,0,0,0,0.15768,0,0,0,0,0,0,0,0,0,0,0,0,0,0,0,0,0,0,0,0,0,0,0,0,0,0,0,0,0,0,0,0,0,0,0,0,0,0,0,0,0,0,0,0,0,0,0,0,0,0,0,0,0,0,0,0,0,0,0,0,0.1323,0,0,0,0,0,0,0,0,0,0,0,0,0.20061,0.37709,0.20259,0.59807,0.20205,0.61134,0.18112,0.71595,0.16649,0.78849,0,0.24892,0.77819,1,0,0.23605,0.66527,0,0.21403,0.54016,0.96565,1,0,0,0.32106,0.31222,0.51916,0,0,0,0,0,0,0,0.96101,0,0,0.14462,0.19314,0.90243,0,0,0,0,1,0.56849,0.66765,1,1,1,0.85101,1,1,1,1,1,1,1,1,1,0.99097,1,1,1,1,1,1,1,1,1,1,1,1,1,1,1,1,1,1,1,1,1,1,1,1,1,1,1,1,1,1,1,1,1,1,1,1,1,1,1,1,1,1,1,1,1,1,1,1,1,1,1,1,1,1,1,1,1,1,1,1,0,0,0,0
0,0,0,0,0,0,0,0,0,0,0,0,0,0,0,0,0,0,0,0,0,0,0,0,0,0,0,0,0,0,0,0,0,0,0,0,0,0,0,0,0,0,0,0,0,0,0,0,0,0,0,0,0,0,0,0,0,0,0,0,0,0,0,0,0,0,0,0,0,0,0,0,0,0,0,0,0.17476,0.51069,0.22765,0.33039,0.2673,0.65208,0.47803,0.80228,0,0.71107,0,0.55331,1,1,0.16111,0,0,0,0,0,0,0,0,0,0,0,0,0,0,0,0,0,0,0,0,0,0,0,0,0,0,0.41256,0.17252,0,0,0.49822,0.19163,0,0,0.23803,0,0,0,0,0,0,0,0,0,0,0,0,0,0,0,0,0,0,0,0,0,0,0,0,0,0,0,0,0,0,0,0,0,0,0,0,0,0,0,0,0,0,0,0,0,0,0,0,0,0,0,0,0,0,0,0,0,0,0,0,0,0,0,0,0,0,0,0,0,0,0,0,0,0,0.15362,0,0.2213,0,0.22138,0,0.25477,0,0.31851,0,0,0.30525,0.72293,0,0,0.23141,0,0,0.19126,0.50049,0.84295,0,0,0,0,0.19043,0,0,0,0,0,0,0,0.51277,0,0,0,0,0.52932,0,0,0,0,0.79856,0.22956,0.26611,0.73589,1,1,0.43102,0.84902,1,1,1,1,1,1,1,1,0.55294,0.97662,1,1,1,1,1,1,1,1,0.65043,1,1,1,1,1,1,1,1,1,1,1,1,1,1,1,1,1,1,1,1,1,1,1,1,1,1,1,1,1,1,1,1,1,1,1,1,1,1,1,1,1,1,1,1,1,1,1,1,1,1,0,0,0,0
0,0,0,0,0,0,0,0,0,0,0,0,0,0,0,0,0,0,0,0,0,0,0,0,0,0,0,0,0,0,0,0,0,0,0,0,0,0,0,0,0,0,0,0,0,0,0,0,0,0,0,0,0,0,0,0,0,0,0,0,0,0,0,0,0,0,0,0,0,0,0,0,0,0,0,0,0,0.36142,0.20578,0.3628,0.16493,0.59934,0.60008,0.9394,0,0.75473,0,0.72753,1,1,0.34699,0,0,0,0,0,0,0,0,0,0,0,0,0,0,0,0,0,0,0,0,0,0,0,0.18836,0,0,0.65431,0.28711,0.18473,0,0.78369,0.39547,0,0,0.41817,0,0,0,0,0,0,0,0,0,0,0,0,0,0,0,0,0,0,0,0,0,0,0,0,0,0,0,0,0,0,0,0,0,0,0,0,0,0,0,0,0,0,0,0,0,0,0,0,0,0,0,0,0,0,0,0,0,0,0,0,0,0,0,0,0,0,0,0,0,0,0,0,0,0,0,0,0,0,0,0,0,0,0.13274,0,0,0.12625,0.29604,0,0,0,0,0,0,0.19135,0.4155,0,0,0,0,0,0,0,0,0,0,0,0,0.19768,0,0,0,0,0.2167,0,0,0,0,0.49715,0,0.13525,0.40423,0.81553,1,0.18496,0.49022,0.92432,1,1,1,1,1,1,1,0.22051,0.59758,1,1,1,1,1,1,1,1,0.24926,0.65147,1,1,1,1,1,1,1,0.93213,1,1,1,1,1,1,0.66877,1,1,1,1,1,1,1,1,1,1,1,1,1,0.92191,1,1,1,1,1,0.72611,0.97525,1,1,1,1,1,1,1,1,1,1,1,1,1,0,0,0,0
0,0,0,0,0,0,0,0,0,0,0,0,0,0,0,0,0,0,0,0,0,0,0,0,0,0,0,0,0,0,0,0,0,0,0,0,0,0,0,0,0,0,0,0,0,0,0,0,0,0,0,0,0,0,0,0,0,0,0,0,0,0,0,0,0,0,0,0,0,0,0,0,0,0,0,0,0,0.22383,0.16499,0.31738,0,0.4796,0.62954,0.97504,0,0.71123,0,0.80348,1,1,0.62862,0,0,0,0,0,0,0,0,0,0,0,0,0,0,0,0,0,0.12993,0,0,0,0,0,0.24004,0,0,0.799,0.46597,0.26217,0.19443,0.97234,0.6278,0,0,0.52895,0,0,0,0,0,0,0,0,0,0,0,0,0,0,0,0,0,0,0,0,0,0,0,0,0,0,0,0,0,0,0,0,0,0,0,0,0,0,0,0,0,0,0,0,0,0,0,0,0,0,0,0,0,0,0,0,0,0,0,0,0,0,0,0,0,0,0,0,0,0,0,0,0,0,0,0,0,0,0,0,0,0,0,0,0,0,0.14303,0,0,0,0,0,0,0,0.18311,0,0,0,0,0,0,0,0,0,0,0,0,0,0,0,0,0,0,0,0,0,0,0.23353,0,0,0.19638,0.51586,1,0,0.21941,0.60923,1,1,1,1,1,1,1,0,0.2535,0.72553,1,1,1,1,1,1,1,0.13045,0.2982,0.81544,1,1,1,1,1,0.87392,0.56955,1,1,1,1,1,1,0.30274,0.84498,1,1,1,1,1,1,0.87932,1,1,1,1,1,0.5582,0.87609,1,1,1,1,0.3646,0.61733,1,1,1,0.81101,1,1,1,1,1,1,1,1,1,0,0,0,0
0,0,0,0,0,0,0,0,0,0,0,0,0,0,0,0,0,0,0,0,0,0,0,0,0,0,0,0,0,0,0,0,0,0,0,0,0,0,0,0,0,0,0,0,0,0,0,0,0,0,0,0,0,0,0,0,0,0,0,0,0,0,0,0,0,0,0,0,0,0,0,0,0,0,0,0.33258,0.20213,0.23924,0,0,0.66298,0.14837,0,0,0,0,0,0,0,0,0,0,0,0,0,0,0,0,0,0,0,0,0,0,0,0,0,0,0,0,0,0,0,0,0,0,0,0,0,0,0,0,0,0,0,0,0,0,0,0,0,0,0,0,0,0,0,0,0,0,0,0,0,0,0,0,0,0,0,0,0,0,0,0,0,0,0,0,0,0,0,0,0,0,0,0,0,0,0,0,0,0,0,0.13339,0.28363,0,0,0,0,0.13448,0.20963,0,0,0,0.126,0.36572,0.57729,0,0.69967,0,0.13941,0.2499,0.64645,0.66636,0.68002,0,0,0,0.13981,0.93374,1,1,1,1,1,1,1,1,1,1,1,1,1,1,1,1,0.60361,1,1,1,1,0.46377,0.70728,1,1,1,0.31011,0.25853,0.86908,1,1,1,0.51139,1,0.18231,1,1,1,1,0.8111,0.72047,0.83537,0.96947,1,1,1,1,1,0.61525,1,1,1,1,1,0.79822,0.49652,0.21055,0.19222,0,1,1,1,1,1,1,0.95486,0.62477,0.2452,0.1271,1,1,1,1,1,0.73558,0.33766,0.15221,1,1,1,1,1,0.85792,0.42406,0.19437,1,1,1,1,1,1,0.88517,0.50094,1,1,1,1,0.92191,0.5582,1,1,1,1,1,0.9409,1,1,1,1,0.47577,1,1,1,1,1,1,1,1,1,0.225,0,0,0,0
0,0,0,0,0,0,0,0,0,0,0,0,0,0,0,0,0,0,0,0,0,0,0,0,0,0,0,0,0,0,0,0,0,0,0,0,0,0,0,0,0,0,0,0,0,0,0,0,0,0,0,0,0,0,0,0,0,0,0,0,0,0,0,0,0,0,0,0,0,0,0,0,0,0,0,0.3721,0.24172,0.39966,0,0,0.74136,0.22566,0,0,0,0.1468,0.1466,0,0.16065,0.20069,0,0,0,0,0,0,0,0,0,0,0,0,0,0,0,0,0,0,0,0,0,0,0,0,0,0,0,0,0,0,0,0,0,0,0,0,0,0,0,0,0,0,0,0,0,0,0,0,0,0,0,0,0,0,0,0,0,0,0,0,0,0,0,0,0,0,0,0,0,0,0,0,0,0,0,0,0,0,0,0,0,0,0,0,0.24943,0,0,0,0,0,0.17774,0,0,0,0,0.24199,0.50432,0,0.55741,0,0,0.18913,0.4675,0.43407,0.41892,0,0,0,0,0.82349,1,0.91944,1,0.97914,1,0.9929,1,1,1,0.80161,1,1,1,0.89482,1,1,0.29228,1,1,1,1,0.21574,0.38499,1,1,1,0.16319,0.14482,0.54473,0.6847,0.7297,0.80238,0.23025,1,0,0.78851,1,1,1,0.51146,0.39549,0.51645,0.66385,1,1,1,1,1,0.89968,1,1,1,1,1,1,0.80479,0.44835,0.38559,0.1809,1,1,1,1,1,1,1,0.94088,0.55683,0.23492,1,1,1,1,1,1,0.66179,0.28157,1,1,1,1,1,1,0.74913,0.40778,1,1,1,1,1,1,1,0.82375,1,1,1,1,1,0.87609,1,1,1,1,1,1,1,1,1,1,0.78301,1,1,1,1,1,1,1,1,1,0.49729,0,0,0,0
0,0,0,0,0,0,0,0,0,0,0,0,0,0,0,0,0,0,0,0,0,0,0,0,0,0,0,0,0,0,0,0,0,0,0,0,0,0,0,0,0,0,0,0,0,0,0,0,0,0,0,0,0,0,0,0,0,0,0,0,0,0,0,0,0,0,0,0,0,0,0,0,0,0,0,0.21946,0.2161,0.44261,0.14614,0,0.57912,0.34012,0,0.20531,0,0.23225,0.12789,0,0.32234,0.41461,0,0,0,0,0,0,0,0,0,0,0,0,0,0,0,0,0,0,0,0,0,0,0,0,0,0,0,0,0,0,0,0,0,0,0,0,0,0,0,0,0,0,0,0,0,0,0,0,0,0,0,0,0,0,0,0,0,0,0,0,0,0,0,0,0,0,0,0,0,0,0,0,0,0,0,0,0,0,0,0,0,0,0,0,0.14325,0,0,0,0,0,0,0,0,0,0,0,0.21106,0,0.20276,0,0,0,0.16135,0.13587,0,0,0,0,0,0.40373,0.65666,0.46046,0.92218,0.4943,0.97741,0.47718,1,0.47243,1,0.24973,0.76125,1,1,0.33864,0.74702,1,0,0.69706,1,1,1,0,0,0.89657,0.8984,1,0,0,0.16994,0.2202,0.24196,0.31655,0,1,0,0.24499,0.51588,0.67246,1,0.15161,0.12532,0.17674,0.23877,1,0.75549,0.90155,1,1,1,1,1,1,1,1,1,1,0.88175,0.78247,0.5034,1,1,1,1,1,1,1,1,1,0.686,1,1,1,1,1,1,1,0.78241,1,1,1,1,1,1,1,0.93032,1,1,1,1,1,1,1,1,1,1,1,1,1,1,1,1,1,1,1,1,1,1,1,1,1,1,1,1,1,1,1,1,1,1,1,0,0,0,0
0,0,0,0,0,0,0,0,0,0,0,0,0,0,0,0,0,0,0,0,0,0,0,0,0,0,0,0,0,0,0,0,0,0,0,0,0,0,0,0,0,0,0,0,0,0,0,0,0,0,0,0,0,0,0,0,0,0,0,0,0,0,0,0,0,0,0,0,0,0,0,0,0,0,0,0.1399,0.18016,0.44436,0.17626,0.19175,0.37483,0.47303,0.21437,0.44998,0,0.43755,0,0.22593,0.65598,0.71324,0,0,0,0,0,0,0,0,0,0,0,0,0,0,0,0,0,0,0,0,0,0,0,0,0,0,0,0.16441,0,0,0,0.18427,0,0,0,0,0,0,0,0,0,0,0,0,0,0,0,0,0,0,0,0,0,0,0,0,0,0,0,0,0,0,0,0,0,0,0,0,0,0,0,0,0,0,0,0,0,0,0,0,0,0,0,0,0,0,0,0,0,0,0,0,0,0,0,0,0,0,0,0,0,0,0,0,0,0,0,0,0,0.15832,0.24828,0.16556,0.4796,0.16913,0.50646,0.15413,0.63122,0.14543,0.7259,0,0.23556,0.74454,1,0,0.2281,0.64727,0,0.21037,0.53914,0.96696,1,0,0,0.33137,0.33913,0.55311,0,0,0,0,0,0,0,0.99398,0,0,0.15122,0.21077,1,0,0,0,0,0.93856,0.41412,0.52469,0.9304,1,1,0.71965,1,1,1,1,1,1,1,1,0.97582,0.87444,1,1,1,1,1,1,1,1,1,0.99924,1,1,1,1,1,1,1,1,1,1,1,1,1,1,1,1,1,1,1,1,1,1,1,1,1,1,1,1,1,1,1,1,1,1,1,1,1,1,1,1,1,1,1,1,1,1,1,1,1,1,0,0,0,0
0,0,0,0,0,0,0,0,0,0,0,0,0,0,0,0,0,0,0,0,0,0,0,0,0,0,0,0,0,0,0,0,0,0,0,0,0,0,0,0,0,0,0,0,0,0,0,0,0,0,0,0,0,0,0,0,0,0,0,0,0,0,0,0,0,0,0,0,0,0,0,0,0,0,0,0,0,0.33596,0.16555,0.2131,0.20967,0.46413,0.29116,0.61734,0,0.52011,0,0.37287,0.81801,0.84057,0,0,0,0,0,0,0,0,0,0,0,0,0,0,0,0,0,0,0,0,0,0,0,0,0,0,0,0.24835,0,0,0,0.34317,0.14406,0,0,0.17941,0,0,0,0,0,0,0,0,0,0,0,0,0,0,0,0,0,0,0,0,0,0,0,0,0,0,0,0,0,0,0,0,0,0,0,0,0,0,0,0,0,0,0,0,0,0,0,0,0,0,0,0,0,0,0,0,0,0,0,0,0,0,0,0,0,0,0,0,0,0,0,0,0,0,0.12697,0,0.19939,0,0.2037,0,0.24,0,0.30278,0,0,0.31327,0.73295,0,0,0.23828,0,0,0.20267,0.53596,0.86495,0,0,0.13426,0.13874,0.21101,0,0,0,0,0,0,0,0.57246,0,0,0,0,0.64229,0,0,0,0,0.67104,0.19557,0.22555,0.625,0.989,1,0.35408,0.75582,1,1,1,1,1,1,1,1,0.49075,0.8997,1,1,1,1,1,1,1,1,0.60164,0.98721,1,1,1,1,1,1,1,1,1,1,1,1,1,1,1,1,1,1,1,1,1,1,1,1,1,1,1,1,1,1,1,1,1,1,1,1,1,1,1,1,1,1,1,1,1,1,1,1,1,0,0,0,0
0,0,0,0,0,0,0,0,0,0,0,0,0,0,0,0,0,0,0,0,0,0,0,0,0,0,0,0,0,0,0,0,0,0,0,0,0,0,0,0,0,0,0,0,0,0,0,0,0,0,0,0,0,0,0,0,0,0,0,0,0,0,0,0,0,0,0,0,0,0,0,0,0,0,0,0,0,0.21999,0.13338,0.21267,0,0.38108,0.3777,0.71795,0,0.52979,0,0.51119,0.90675,0.88953,0.23555,0,0,0,0,0,0,0,0,0,0,0,0,0,0,0,0,0,0,0,0,0,0,0,0,0,0,0.45297,0.19863,0,0,0.59682,0.24218,0,0,0.23601,0,0,0,0,0,0,0,0,0,0,0,0,0,0,0,0,0,0,0,0,0,0,0,0,0,0,0,0,0,0,0,0,0,0,0,0,0,0,0,0,0,0,0,0,0,0,0,0,0,0,0,0,0,0,0,0,0,0,0,0,0,0,0,0,0,0,0,0,0,0,0,0,0,0,0,0,0,0,0,0,0,0,0,0,0,0,0.28846,0,0,0,0,0,0,0.19746,0.41998,0,0,0,0,0,0,0,0,0,0,0,0,0.21217,0,0,0,0,0.25133,0,0,0,0,0.35048,0,0,0.27466,0.66996,1,0.1529,0.37958,0.79224,1,1,1,1,1,1,1,0.19363,0.5042,0.9446,1,1,1,1,1,1,1,0.22702,0.57549,1,1,1,1,1,1,1,0.88193,1,1,1,1,1,1,0.6394,1,1,1,1,1,1,1,1,1,1,1,1,1,0.9409,1,1,1,1,1,0.75519,1,1,1,1,1,1,1,1,1,1,1,1,1,1,0,0,0,0
0,0,0,0,0,0,0,0,0,0,0,0,0,0,0,0,0,0,0,0,0,0,0,0,0,0,0,0,0,0,0,0,0,0,0,0,0,0,0,0,0,0,0,0,0,0,0,0,0,0,0,0,0,0,0,0,0,0,0,0,0,0,0,0,0,0,0,0,0,0,0,0,0,0,0,0.24093,0.15161,0.17871,0,0,0.52966,0,0,0,0,0,0,0,0,0,0,0,0,0,0,0,0,0,0,0,0,0,0,0,0,0,0,0,0,0,0,0,0,0,0,0,0,0,0,0,0,0,0,0,0,0,0,0,0,0,0,0,0,0,0,0,0,0,0,0,0,0,0,0,0,0,0,0,0,0,0,0,0,0,0,0,0,0,0,0,0,0,0,0,0,0,0,0,0,0,0,0,0,0,0.23997,0,0,0,0,0.1321,0.20238,0,0,0,0.13028,0.37503,0.53658,0,0.70838,0,0.15273,0.29367,0.68499,0.75187,0.79397,0,0,0,0.16181,0.91616,1,1,1,1,1,1,1,1,1,1,1,1,1,1,1,1,0.77872,1,1,1,1,0.64774,0.90278,1,1,1,0.502,0.4598,1,1,1,1,0.72888,1,0.23436,1,1,1,1,0.96901,0.93077,1,1,1,0.9925,1,1,1,0.39814,1,1,1,1,0.89575,0.57922,0.27678,0.13763,0,0,1,1,1,1,1,1,0.73511,0.40589,0.1729,0,1,1,1,1,0.87815,0.51893,0.20792,0,1,1,1,1,1,0.64621,0.23845,0.12561,1,1,1,1,1,0.92265,0.68105,0.29941,1,1,1,1,0.72611,0.3646,1,1,1,1,1,0.75519,1,1,1,1,0.295,1,1,1,1,1,1,1,1,1,0.15823,0,0,0,0
0,0,0,0,0,0,0,0,0,0,0,0,0,0,0,0,0,0,0,0,0,0,0,0,0,0,0,0,0,0,0,0,0,0,0,0,0,0,0,0,0,0,0,0,0,0,0,0,0,0,0,0,0,0,0,0,0,0,0,0,0,0,0,0,0,0,0,0,0,0,0,0,0,0,0,0.20453,0.13601,0.18228,0,0,0.45302,0,0,0,0,0,0,0,0,0,0,0,0,0,0,0,0,0,0,0,0,0,0,0,0,0,0,0,0,0,0,0,0,0,0,0,0,0,0,0,0,0,0,0,0,0,0,0,0,0,0,0,0,0,0,0,0,0,0,0,0,0,0,0,0,0,0,0,0,0,0,0,0,0,0,0,0,0,0,0,0,0,0,0,0,0,0,0,0,0,0,0,0,0,0.1855,0,0,0,0,0,0.13456,0,0,0,0,0.21568,0.3503,0,0.48104,0,0,0.18099,0.43779,0.48152,0.51518,0,0,0,0,0.70951,0.90757,0.84824,1,0.94209,1,1,1,1,1,0.92886,1,1,1,1,1,1,0.50395,1,1,1,1,0.37806,0.6425,1,1,1,0.24625,0.23577,0.81819,0.97614,1,1,0.51789,1,0.14091,1,1,1,1,0.68873,0.69365,0.84797,1,1,0.8518,1,1,1,0.52492,1,1,1,1,1,0.72286,0.44284,0.19949,0.17497,0,1,1,1,1,1,1,0.89863,0.58898,0.23929,0.12527,1,1,1,1,1,0.71795,0.33607,0.15512,1,1,1,1,1,0.86429,0.44278,0.20346,1,1,1,1,1,1,0.91707,0.541,1,1,1,1,0.97525,0.61733,1,1,1,1,1,1,1,1,1,1,0.5603,1,1,1,1,1,1,1,1,1,0.23962,0,0,0,0
0,0,0,0,0,0,0,0,0,0,0,0,0,0,0,0,0,0,0,0,0,0,0,0,0,0,0,0,0,0,0,0,0,0,0,0,0,0,0,0,0,0,0,0,0,0,0,0,0,0,0,0,0,0,0,0,0,0,0,0,0,0,0,0,0,0,0,0,0,0,0,0,0,0,0,0.13994,0.13749,0.23975,0,0,0.33991,0.21366,0,0.15905,0,0.17526,0,0,0.22801,0.26352,0,0,0,0,0,0,0,0,0,0,0,0,0,0,0,0,0,0,0,0,0,0,0,0,0,0,0,0,0,0,0,0,0,0,0,0,0,0,0,0,0,0,0,0,0,0,0,0,0,0,0,0,0,0,0,0,0,0,0,0,0,0,0,0,0,0,0,0,0,0,0,0,0,0,0,0,0,0,0,0,0,0,0,0,0,0,0,0,0,0,0,0,0,0,0,0,0.13707,0,0.13566,0,0,0,0,0,0,0,0,0,0,0.23123,0.44077,0.26333,0.71482,0.30831,0.78121,0.30918,0.95698,0.32376,1,0.20824,0.63714,1,1,0.24313,0.64334,1,0,0.61046,1,1,1,0,0,0.83753,0.86301,1,0,0,0.15542,0.20995,0.23847,0.32091,0,1,0,0.21808,0.47216,0.67597,1,0,0,0.17873,0.24978,0.91894,0.52492,0.67661,0.97943,1,1,0.90703,1,1,1,1,1,1,0.79018,0.66925,0.43507,1,1,1,1,1,1,1,1,0.94388,0.63341,1,1,1,1,1,1,1,0.74812,1,1,1,1,1,1,1,0.92073,1,1,1,1,1,1,1,1,1,1,1,1,1,1,1,1,1,1,1,1,1,1,1,1,1,1,1,1,1,1,1,1,1,1,1,0,0,0,0
0,0,0,0,0,0,0,0,0,0,0,0,0,0,0,0,0,0,0,0,0,0,0,0,0,0,0,0,0,0,0,0,0,0,0,0,0,0,0,0,0,0,0,0,0,0,0,0,0,0,0,0,0,0,0,0,0,0,0,0,0,0,0,0,0,0,0,0,0,0,0,0,0,0,0,0,0,0.23704,0,0,0.24649,0.23056,0,0.20681,0,0.20853,0,0,0.32682,0.38983,0,0,0,0,0,0,0,0,0,0,0,0,0,0,0,0,0,0,0,0,0,0,0,0,0,0,0,0,0,0,0,0,0,0,0,0,0,0,0,0,0,0,0,0,0,0,0,0,0,0,0,0,0,0,0,0,0,0,0,0,0,0,0,0,0,0,0,0,0,0,0,0,0,0,0,0,0,0,0,0,0,0,0,0,0,0,0,0,0,0,0,0,0,0,0,0,0,0,0,0,0,0,0,0,0,0,0,0,0,0.16281,0.24823,0.1805,0.50543,0.19178,0.55828,0.18746,0.71813,0.18872,0.84906,0,0.37045,0.91256,1,0.15294,0.37191,0.83903,0,0.33683,0.75501,1,1,0,0,0.56334,0.59097,0.81167,0,0,0,0,0.14968,0.18627,0,1,0,0.12671,0.2331,0.41301,1,0,0,0,0.16616,0.81484,0.36248,0.49842,0.84547,1,1,0.71627,1,1,1,1,1,1,0.97822,0.83695,0.64515,0.89902,1,1,1,1,1,1,1,1,0.85441,1,1,1,1,1,1,1,0.981,1,1,1,1,1,1,1,1,1,1,1,1,1,1,1,1,1,1,1,1,1,1,1,1,1,1,1,1,1,1,1,1,1,1,1,1,1,1,1,1,1,1,1,0,0,0,0
0,0,0,0,0,0,0,0,0,0,0,0,0,0,0,0,0,0,0,0,0,0,0,0,0,0,0,0,0,0,0,0,0,0,0,0,0,0,0,0,0,0,0,0,0,0,0,0,0,0,0,0,0,0,0,0,0,0,0,0,0,0,0,0,0,0,0,0,0,0,0,0,0,0,0,0,0,0,0,0.16499,0,0.21842,0.32038,0.66623,0,0.38859,0,0.50811,0.83551,0.77697,0.4809,0,0,0,0,0,0,0,0,0,0,0,0,0,0,0,0,0,0,0,0,0,0,0,0.15522,0,0,0.53483,0.24171,0.18137,0.1265,0.73388,0.42753,0,0,0.2498,0,0,0,0,0,0,0,0,0,0,0,0,0,0,0,0,0,0,0,0,0,0,0,0,0,0,0,0,0,0,0,0,0,0,0,0,0,0,0,0,0,0,0,0,0,0,0,0,0,0,0,0,0,0,0,0,0,0,0,0,0,0,0,0,0,0,0,0,0,0,0,0,0,0,0,0,0,0,0,0,0,0,0,0,0,0,0,0,0,0,0,0,0,0,0.15025,0,0,0,0,0,0,0,0,0,0,0,0,0,0,0,0,0,0,0,0,0,0,0.14559,0,0,0,0.25471,1,0,0.14367,0.36215,0.79141,1,1,1,1,1,1,0,0.18162,0.49829,0.8527,1,1,1,1,1,1,0,0.20279,0.60859,1,1,1,1,1,0.69741,0.4084,1,1,1,1,1,1,0.2215,0.69971,1,1,1,1,1,1,0.76171,1,1,1,1,1,0.47577,0.78301,1,1,1,1,0.295,0.5603,1,1,1,0.79368,1,1,1,1,1,1,1,1,1,0,0,0,0
0,0,0,0,0,0,0,0,0,0,0,0,0,0,0,0,0,0,0,0,0,0,0,0,0,0,0,0,0,0,0,0,0,0,0,0,0,0,0,0,0,0,0,0,0,0,0,0,0,0,0,0,0,0,0,0,0,0,0,0,0,0,0,0,0,0,0,0,0,0,0,0,0,0,0,0,0,0,0,0,0.22185,0,0,0,0,0,0,0,0,0,0,0,0,0,0,0,0,0,0,0,0,0,0,0,0,0,0,0,0,0,0,0,0,0,0,0,0,0,0,0,0,0,0,0,0,0,0,0,0,0,0,0,0,0,0,0,0,0,0,0,0,0,0,0,0,0,0,0,0,0,0,0,0,0,0,0,0,0,0,0,0,0,0,0,0,0,0,0,0,0,0,0,0,0,0,0,0,0,0,0,0,0,0,0,0,0,0.16256,0,0.20111,0,0,0,0.18604,0.2033,0.21873,0,0,0,0,0.3376,0.54307,0.47038,0.85576,0.56243,0.97419,0.63096,1,0.70751,1,0.57912,1,1,1,0.7178,1,1,0.23476,1,1,1,1,0.19815,0.38106,1,1,1,0.15756,0.15539,0.5717,0.74917,0.85364,0.96947,0.3522,1,0,0.70127,1,1,1,0.36503,0.47939,0.68652,0.90982,0.73089,0.51331,0.70852,0.865,0.95838,0.47234,0.9704,1,1,1,0.91967,0.69314,0.45474,0.21649,0.18181,0,1,1,1,1,1,1,0.89827,0.62887,0.29324,0.15834,1,1,1,1,1,0.78596,0.43643,0.19558,1,1,1,1,1,0.96919,0.57471,0.25998,1,1,1,1,1,1,1,0.70571,1,1,1,1,1,0.81101,1,1,1,1,1,1,1,1,1,1,0.79368,1,1,1,1,1,1,1,1,1,0.39349,0,0,0,0
0,0,0,0,0,0,0,0,0,0,0,0,0,0,0,0,0,0,0,0,0,0,0,0,0,0,0,0,0,0,0,0,0,0,0,0,0,0,0,0,0,0,0,0,0,0,0,0,0,0,0,0,0,0,0,0,0,0,0,0,0,0,0,0,0,0,0,0,0,0,0,0,0,0,0,0,0,0.16636,0,0,0.2231,0.13407,0,0,0,0,0,0,0.14564,0.17193,0,0,0,0,0,0,0,0,0,0,0,0,0,0,0,0,0,0,0,0,0,0,0,0,0,0,0,0,0,0,0,0,0,0,0,0,0,0,0,0,0,0,0,0,0,0,0,0,0,0,0,0,0,0,0,0,0,0,0,0,0,0,0,0,0,0,0,0,0,0,0,0,0,0,0,0,0,0,0,0,0,0,0,0,0,0,0,0,0,0,0,0,0,0,0,0,0,0,0,0,0,0,0,0,0,0,0,0,0,0.20815,0.35832,0.23918,0.64795,0.2806,0.73374,0.30822,0.93557,0.34875,1,0.22685,0.68992,1,1,0.30193,0.71907,1,0,0.70452,1,1,1,0,0.13948,0.95696,1,1,0,0,0.20175,0.27925,0.38105,0.49754,0.1269,1,0,0.25722,0.60841,0.85016,1,0.14558,0.16926,0.23838,0.44644,0.74774,0.4048,0.57184,0.83041,1,0.78089,0.81477,1,1,1,1,1,0.82297,0.5516,0.42557,0.23493,1,1,1,1,1,1,1,1,0.71074,0.40907,1,1,1,1,1,1,0.86822,0.53183,1,1,1,1,1,1,1,0.71673,1,1,1,1,1,1,1,1,1,1,1,1,1,1,1,1,1,1,1,1,1,1,1,1,1,1,1,1,1,1,1,1,1,1,0.85832,0,0,0,0
0,0,0,0,0,0,0,0,0,0,0,0,0,0,0,0,0,0,0,0,0,0,0,0,0,0,0,0,0,0,0,0,0,0,0,0,0,0,0,0,0,0,0,0,0,0,0,0,0,0,0,0,0,0,0,0,0,0,0,0,0,0,0,0,0,0,0,0,0,0,0,0,0,0,0,0,0,0.18226,0,0,0.16666,0.19513,0,0.20819,0,0.19162,0,0,0.3284,0.36928,0,0,0,0,0,0,0,0,0,0,0,0,0,0,0,0,0,0,0,0,0,0,0,0,0,0,0,0,0,0,0,0,0,0,0,0,0,0,0,0,0,0,0,0,0,0,0,0,0,0,0,0,0,0,0,0,0,0,0,0,0,0,0,0,0,0,0,0,0,0,0,0,0,0,0,0,0,0,0,0,0,0,0,0,0,0,0,0,0,0,0,0,0,0,0,0,0,0,0,0,0,0,0,0,0,0,0,0,0,0,0.15014,0,0.23533,0,0.25501,0,0.41228,0,0.54382,0,0.19046,0.61356,1,0,0.19305,0.54659,0,0.18355,0.47207,0.89649,1,0,0,0.2891,0.32922,0.55396,0,0,0,0,0,0,0,0.9843,0,0,0.14485,0.22577,1,0,0,0,0,0.56973,0.19463,0.2372,0.58124,0.87396,1,0.42346,0.76495,1,1,1,1,1,1,0.86745,0.74508,0.60033,0.95389,1,1,1,1,1,1,1,0.97172,0.74657,1,1,1,1,1,1,1,1,1,1,1,1,1,1,1,1,1,1,1,1,1,1,1,1,1,1,1,1,1,1,1,1,1,1,1,1,1,1,1,1,1,1,1,1,1,1,1,1,1,1,0,0,0,0
0,0,0,0,0,0,0,0,0,0,0,0,0,0,0,0,0,0,0,0,0,0,0,0,0,0,0,0,0,0,0,0,0,0,0,0,0,0,0,0,0,0,0,0,0,0,0,0,0,0,0,0,0,0,0,0,0,0,0,0,0,0,0,0,0,0,0,0,0,0,0,0,0,0,0,0,0,0.16804,0,0,0,0.21076,0.16446,0.32522,0,0.23404,0,0.19807,0.52255,0.53314,0,0,0,0,0,0,0,0,0,0,0,0,0,0,0,0,0,0,0,0,0,0,0,0,0,0,0,0.16617,0,0,0,0.20779,0,0,0,0,0,0,0,0,0,0,0,0,0,0,0,0,0,0,0,0,0,0,0,0,0,0,0,0,0,0,0,0,0,0,0,0,0,0,0,0,0,0,0,0,0,0,0,0,0,0,0,0,0,0,0,0,0,0,0,0,0,0,0,0,0,0,0,0,0,0,0,0,0,0,0,0,0,0,0,0,0.12697,0,0.13706,0,0.18185,0,0.21875,0,0,0.23469,0.6226,0,0,0.20909,0,0,0.18153,0.47054,0.77254,0,0,0,0.13144,0.20622,0,0,0,0,0,0,0,0.54987,0,0,0,0,0.72525,0,0,0,0,0.377,0,0.14271,0.34904,0.69244,1,0.20687,0.49971,0.84807,1,1,1,1,1,1,1,0.27589,0.66257,1,1,1,1,1,1,1,1,0.40428,0.77131,1,1,1,1,1,1,1,1,1,1,1,1,1,1,0.92853,1,1,1,1,1,1,1,1,1,1,1,1,1,1,1,1,1,1,1,1,1,1,1,1,1,1,1,1,1,1,1,1,1,1,0,0,0,0
0,0,0,0,0,0,0,0,0,0,0,0,0,0,0,0,0,0,0,0,0,0,0,0,0,0,0,0,0,0,0,0,0,0,0,0,0,0,0,0,0,0,0,0,0,0,0,0,0,0,0,0,0,0,0,0,0,0,0,0,0,0,0,0,0,0,0,0,0,0,0,0,0,0,0,0,0,0,0,0,0.14736,0,0,0,0,0,0,0,0,0,0,0,0,0,0,0,0,0,0,0,0,0,0,0,0,0,0,0,0,0,0,0,0,0,0,0,0,0,0,0,0,0,0,0,0,0,0,0,0,0,0,0,0,0,0,0,0,0,0,0,0,0,0,0,0,0,0,0,0,0,0,0,0,0,0,0,0,0,0,0,0,0,0,0,0,0,0,0,0,0,0,0,0,0,0,0,0,0,0,0,0,0,0,0,0,0,0,0,0,0,0,0,0,0,0,0,0,0,0,0.14407,0.21973,0.17916,0.45549,0.20363,0.55104,0.21849,0.76683,0.23803,0.95892,0.19024,0.57485,1,1,0.23523,0.62315,1,0,0.62535,1,1,1,0,0.1267,0.90077,0.97048,1,0,0,0.19195,0.26093,0.38211,0.51237,0.13352,1,0,0.22978,0.57303,0.85926,1,0,0.16625,0.24489,0.49131,0.52025,0.2301,0.36272,0.60694,0.78622,0.58699,0.61018,0.8489,0.995,1,0.97293,0.83132,0.65493,0.4065,0.26627,0.19292,0.83165,1,1,1,1,1,1,0.86008,0.57729,0.29344,1,1,1,1,1,1,0.74774,0.42916,1,1,1,1,1,1,0.92047,0.63159,1,1,1,1,1,1,1,1,1,1,1,1,1,1,1,1,1,1,1,1,1,1,1,1,1,1,1,1,1,1,1,1,1,1,0.79045,0,0,0,0
0,0,0,0,0,0,0,0,0,0,0,0,0,0,0,0,0,0,0,0,0,0,0,0,0,0,0,0,0,0,0,0,0,0,0,0,0,0,0,0,0,0,0,0,0,0,0,0,0,0,0,0,0,0,0,0,0,0,0,0,0,0,0,0,0,0,0,0,0,0,0,0,0,0,0,0,0,0,0,0,0,0,0,0.14057,0,0,0,0,0.20811,0.21959,0,0,0,0,0,0,0,0,0,0,0,0,0,0,0,0,0,0,0,0,0,0,0,0,0,0,0,0,0,0,0,0,0,0,0,0,0,0,0,0,0,0,0,0,0,0,0,0,0,0,0,0,0,0,0,0,0,0,0,0,0,0,0,0,0,0,0,0,0,0,0,0,0,0,0,0,0,0,0,0,0,0,0,0,0,0,0,0,0,0,0,0,0,0,0,0,0,0,0,0,0,0,0,0,0,0,0,0,0,0,0,0,0.18456,0,0.20482,0,0.28839,0,0.43887,0,0.16507,0.53574,0.94505,0,0.17322,0.486,0,0.16837,0.43081,0.84891,1,0,0,0.26328,0.3214,0.55024,0,0,0,0,0,0,0,0.96963,0,0,0.14145,0.23406,1,0,0,0,0,0.36418,0.13366,0.17927,0.38668,0.66484,0.84382,0.25806,0.58127,0.84846,1,1,1,1,0.85215,0.67148,0.5805,0.4459,0.78027,1,1,1,1,1,1,1,0.81542,0.60257,0.9269,1,1,1,1,1,0.9757,1,1,1,1,1,1,1,1,1,1,1,1,1,1,1,1,1,1,1,1,1,1,1,1,1,1,1,1,1,1,1,1,1,1,1,1,1,1,1,1,1,1,1,0,0,0,0
0,0,0,0,0,0,0,0,0,0,0,0,0,0,0,0,0,0,0,0,0,0,0,0,0,0,0,0,0,0,0,0,0,0,0,0,0,0,0,0,0,0,0,0,0,0,0,0,0,0,0,0,0,0,0,0,0,0,0,0,0,0,0,0,0,0,0,0,0,0,0,0,0,0,0,0,0,0,0,0,0,0.1334,0,0.19567,0,0.15435,0,0,0.28384,0.29351,0,0,0,0,0,0,0,0,0,0,0,0,0,0,0,0,0,0,0,0,0,0,0,0,0,0,0,0,0,0,0,0.13527,0,0,0,0,0,0,0,0,0,0,0,0,0,0,0,0,0,0,0,0,0,0,0,0,0,0,0,0,0,0,0,0,0,0,0,0,0,0,0,0,0,0,0,0,0,0,0,0,0,0,0,0,0,0,0,0,0,0,0,0,0,0,0,0,0,0,0,0,0,0,0,0,0,0,0,0,0,0,0,0,0,0,0,0,0.16068,0,0.20453,0,0,0.22973,0.60338,0,0,0.20964,0,0,0.18814,0.48564,0.76498,0,0,0.13039,0.14827,0.22434,0,0,0,0,0,0,0,0.59497,0,0,0,0,0.84189,0,0,0,0,0.23656,0,0,0.23305,0.52144,0.91649,0.16966,0.36684,0.68715,0.96775,1,1,1,1,0.85129,0.83364,0.22628,0.54478,0.89691,1,1,1,1,1,1,1,0.32046,0.66996,1,1,1,1,1,1,1,1,1,1,1,1,1,1,0.87637,1,1,1,1,1,1,1,1,1,1,1,1,1,1,1,1,1,1,1,1,1,1,1,1,1,1,1,1,1,1,1,1,1,1,0,0,0,0
0,0,0,0,0,0,0,0,0,0,0,0,0,0,0,0,0,0,0,0,0,0,0,0,0,0,0,0,0,0,0,0,0,0,0,0,0,0,0,0,0,0,0,0,0,0,0,0,0,0,0,0,0,0,0,0,0,0,0,0,0,0,0,0,0,0,0,0,0,0,0,0,0,0,0,0,0,0,0,0,0,0,0,0.1353,0,0,0,0,0.20094,0.20447,0,0,0,0,0,0,0,0,0,0,0,0,0,0,0,0,0,0,0,0,0,0,0,0,0,0,0,0,0,0,0,0,0,0,0,0,0,0,0,0,0,0,0,0,0,0,0,0,0,0,0,0,0,0,0,0,0,0,0,0,0,0,0,0,0,0,0,0,0,0,0,0,0,0,0,0,0,0,0,0,0,0,0,0,0,0,0,0,0,0,0,0,0,0,0,0,0,0,0,0,0,0,0,0,0,0,0,0,0,0,0,0,0,0,0,0,0.14813,0,0.19707,0,0,0.22917,0.59646,0,0,0.21332,0,0,0.19648,0.50528,0.76593,0,0,0.14249,0.16449,0.24127,0,0,0,0,0,0,0,0.63685,0,0,0,0.13131,0.93726,0,0,0,0,0.19754,0,0,0.19849,0.4008,0.74289,0.14497,0.27556,0.57365,0.8302,0.9625,1,0.98035,0.8773,0.67017,0.65817,0.20507,0.46419,0.79306,1,1,1,1,1,1,0.90715,0.26627,0.6011,0.98249,1,1,1,1,1,1,0.98602,1,1,1,1,1,1,0.84307,1,1,1,1,1,1,1,1,1,1,1,1,1,1,1,1,1,1,1,1,1,1,1,1,1,1,1,1,1,1,1,1,1,1,0,0,0,0
0,0,0,0,0,0,0,0,0,0,0,0,0,0,0,0,0,0,0,0,0,0,0,0,0,0,0,0,0,0,0,0,0,0,0,0,0,0,0,0,0,0,0,0,0,0,0,0,0,0,0,0,0,0,0,0,0,0,0,0,0,0,0,0,0,0,0,0,0,0,0,0,0,0,0,0,0,0,0,0,0,0,0,0,0,0,0,0,0,0,0,0,0,0,0,0,0,0,0,0,0,0,0,0,0,0,0,0,0,0,0,0,0,0,0,0,0,0,0,0,0,0,0,0,0,0,0,0,0,0,0,0,0,0,0,0,0,0,0,0,0,0,0,0,0,0,0,0,0,0,0,0,0,0,0,0,0,0,0,0,0,0,0,0,0,0,0,0,0,0,0,0,0,0,0,0,0,0,0,0,0,0,0,0,0,0,0,0,0,0,0,0,0,0,0,0,0,0,0,0,0.15774,0,0.27454,0.14972,0.3778,0.16925,0.60431,0.19379,0.80988,0.1532,0.45734,0.98027,1,0.20192,0.52164,0.97532,0,0.5382,0.96517,1,1,0,0,0.83177,0.92096,1,0,0,0.17844,0.24317,0.36765,0.5098,0.13524,1,0,0.20471,0.52457,0.84898,1,0,0.15898,0.24599,0.51685,0.31127,0.16394,0.22283,0.40113,0.57625,0.4041,0.41931,0.6464,0.78533,0.848,0.77759,0.65229,0.49254,0.26358,0.20401,0.15094,0.64581,0.88456,1,1,1,1,0.8946,0.70574,0.44343,0.22519,0.83653,1,1,1,1,0.90263,0.6239,0.32177,1,1,1,1,1,1,0.81121,0.53819,1,1,1,1,1,1,1,0.99435,1,1,1,1,1,1,1,1,1,1,1,1,1,1,1,1,1,1,1,1,1,1,1,1,1,1,0.71094,0,0,0,0
0,0,0,0,0,0,0,0,0,0,0,0,0,0,0,0,0,0,0,0,0,0,0,0,0,0,0,0,0,0,0,0,0,0,0,0,0,0,0,0,0,0,0,0,0,0,0,0,0,0,0,0,0,0,0,0,0,0,0,0,0,0,0,0,0,0,0,0,0,0,0,0,0,0,0,0,0,0.22379,0.19493,0.49216,0,0.56347,0.87923,1,0,0.87955,0,1,1,1,1,0,0,0,0,0,0,0,0,0,0.131,0,0,0,0.12609,0,0,0,0.246,0.16762,0.12581,0,0,0,0.59055,0.22294,0,1,0.85218,0.66874,0.49931,1,1,0,0.22542,0.8593,0,0,0,0,0,0,0,0,0,0,0,0,0,0,0,0,0,0,0,0,0,0,0,0,0,0,0,0,0,0,0,0,0,0,0,0,0,0,0,0,0,0,0,0,0,0,0,0,0,0,0,0,0,0,0,0,0,0,0,0,0,0,0,0,0,0,0,0,0,0,0,0,0,0,0,0,0,0,0,0,0,0,0,0,0,0,0,0,0,0,0,0,0,0,0,0,0,0,0,0,0,0,0,0,0,0,0,0,0,0,0,0,0,0,0,0,0,0.17988,0,0,0.13192,0.34489,1,0,0.14323,0.40905,0.90013,1,1,1,1,1,1,0,0.16535,0.48957,0.88467,1,1,1,1,1,1,0,0.17179,0.54811,0.97606,1,1,1,1,0.56818,0.25115,1,1,1,1,1,1,0.15486,0.50782,1,1,1,1,1,1,0.51822,1,1,1,1,1,0.225,0.49729,1,1,1,1,0.15823,0.23962,1,1,1,0.39349,0.85832,1,1,0.79045,1,1,1,0.71094,1,0,0,0,0
0,0,0,0,0,0,0,0,0,0,0,0,0,0,0,0,0,0,0,0,0,0,0,0,0,0,0,0,0,0,0,0,0,0,0,0,0,0,0,0,0,1,1,1,1,1,1,0.58088,0.7428,1,0.14738,0.5801,0.79771,0.14168,0.19065,0.38014,0.15695,0,0,0,0,0,0,0,0,0.51283,0,1,0,0,0,0,0,0,0,0,0,0,0,0,0,0,0,0,0,0,0,0,0,0,0,0,0,0,0,0,0,0,0,0,0,0,0,0,0,0,0,0,0,0,0,0,0,0,0,0,0,0,0,0,0,0,0,0,0,0,0,0,0,0,0,0,0,0,0,0,0,0,0,0,0,0,0,0,0,0,0,0,0,0,0,0,0,0,0,0,0,0,0,0,0,0,0,0,0,0,0,0,0,0,0,0,0,0,0,0,0,0,0,0,0,0,0,0,0,0,0,0,0,0,0,0,0,0,0,0,0,0,0,0,0,0,0,0,0,0,0,0,0,0,0,0,0,0,0,0,0,0,0,0,0,0,0,0,0,0,0,0,0,0,0,0,0,0,0,0,0,0,0,0,0,0,0,0,0,0,0,0,0,0,0,0,0,0,0,0,0,0,0,0,0,0,0,0,0,0,0,0,0,0,0,0,0,0,0,0,0,0,0,0,0,0,0,0,0,0,0,0,0,0,0,0,0,0,0,0,0,0,0,0,0,0,0,0,0,0,0,0,0,0,0,0,0,0,0,0,0,0,0,0,1,1,1,1
0,0,0,0,0,0,0,0,0,0,0,0,0,0,0,0,0,0,0,0,0,0,0,0,0,0,0,0,0,0,0,0,0,0,0,0,0,0,0,0,0,1,1,1,1,0.85904,1,0.7786,0.79581,1,0,0.33022,0.41895,0,0,0.14579,0,0,0,0,0,0,0,0,0,0.14963,0,1,0,0,0,0,0,0,0,0,0,0,0,0,0,0,0,0,0,0,0,0,0,0,0,0,0,0,0,0,0,0,0,0,0,0,0,0,0,0,0,0,0,0,0,0,0,0,0,0,0,0,0,0,0,0,0,0,0,0,0,0,0,0,0,0,0,0,0,0,0,0,0,0,0,0,0,0,0,0,0,0,0,0,0,0,0,0,0,0,0,0,0,0,0,0,0,0,0,0,0,0,0,0,0,0,0,0,0,0,0,0,0,0,0,0,0,0,0,0,0,0,0,0,0,0,0,0,0,0,0,0,0,0,0,0,0,0,0,0,0,0,0,0,0,0,0,0,0,0,0,0,0,0,0,0,0,0,0,0,0,0,0,0,0,0,0,0,0,0,0,0,0,0,0,0,0,0,0,0,0,0,0,0,0,0,0,0,0,0,0,0,0,0,0,0,0,0,0,0,0,0,0,0,0,0,0,0,0,0,0,0,0,0,0,0,0,0,0,0,0,0,0,0,0,0,0,0,0,0,0,0,0,0,0,0,0,0,0,0,0,0,0,0,0,0,0,0,0,0,0,0,0,0,1,1,1,1
0,0,0,0,0,0,0,0,0,0,0,0,0,0,0,0,0,0,0,0,0,0,0,0,0,0,0,0,0,0,0,0,0,0,0,0,0,0,0,0,0,1,1,1,1,1,1,1,1,1,0.61166,1,1,0.4631,0.51994,0.71724,0.26201,0.22291,0.15651,0.14388,0.14239,0,0,0,0,0.71176,0.12826,1,0,0,0,0,0,0,0,0,0,0,0,0,0,0,0,0,0,0,0,0,0,0,0,0,0,0,0,0,0,0,0,0,0,0,0,0,0,0,0,0,0,0,0,0,0,0,0,0,0,0,0,0,0,0,0,0,0,0,0,0,0,0,0,0,0,0,0,0,0,0,0,0,0,0,0,0,0,0,0,0,0,0,0,0,0,0,0,0,0,0,0,0,0,0,0,0,0,0,0,0,0,0,0,0,0,0,0,0,0,0,0,0,0,0,0,0,0,0,0,0,0,0,0,0,0,0,0,0,0,0,0,0,0,0,0,0,0,0,0,0,0,0,0,0,0,0,0,0,0,0,0,0,0,0,0,0,0,0,0,0,0,0,0,0,0,0,0,0,0,0,0,0,0,0,0,0,0,0,0,0,0,0,0,0,0,0,0,0,0,0,0,0,0,0,0,0,0,0,0,0,0,0,0,0,0,0,0,0,0,0,0,0,0,0,0,0,0,0,0,0,0,0,0,0,0,0,0,0,0,0,0,0,0,0,0,0,0,0,0,0,0,0,0,0,0,0,0,0,0,0,0,0,1,1,1,1
0,0,0,0,0,0,0,0,0,0,0,0,0,0,0,0,0,0,0,0,0,0,0,0,0,0,0,0,0,0,0,0,0,0,0,0,0,0,0,0,0,1,1,1,1,1,1,1,1,1,0.40459,0.94944,1,0.29497,0.37977,0.61317,0.22242,0.17542,0,0,0,0,0,0,0,0.65001,0,1,0,0,0,0,0,0,0,0,0,0,0,0,0,0,0,0,0,0,0,0,0,0,0,0,0,0,0,0,0,0,0,0,0,0,0,0,0,0,0,0,0,0,0,0,0,0,0,0,0,0,0,0,0,0,0,0,0,0,0,0,0,0,0,0,0,0,0,0,0,0,0,0,0,0,0,0,0,0,0,0,0,0,0,0,0,0,0,0,0,0,0,0,0,0,0,0,0,0,0,0,0,0,0,0,0,0,0,0,0,0,0,0,0,0,0,0,0,0,0,0,0,0,0,0,0,0,0,0,0,0,0,0,0,0,0,0,0,0,0,0,0,0,0,0,0,0,0,0,0,0,0,0,0,0,0,0,0,0,0,0,0,0,0,0,0,0,0,0,0,0,0,0,0,0,0,0,0,0,0,0,0,0,0,0,0,0,0,0,0,0,0,0,0,0,0,0,0,0,0,0,0,0,0,0,0,0,0,0,0,0,0,0,0,0,0,0,0,0,0,0,0,0,0,0,0,0,0,0,0,0,0,0,0,0,0,0,0,0,0,0,0,0,0,0,0,0,0,0,0,0,0,0,1,1,1,1
