1,1,1,1,1,1,1,0.83758,1,1,1,1,1,1,1,0.73575,0.48632,0.87591,1,1,1,1,1,1,1,0.98839,0.6276,0.52315,0.93081,1,1,1,1,1,1,0.69116,0.27488,1,0.40619,0,0,1,1,0,0.17461,0.36781,0.19708,0.76058,1,1,1,1,1,1,1,1,1,0,0,0.40738,0.98345,1,0,0.2597,0.65815,1,1,0.15748,0,0.73423,0.78543,0.93457,0.49125,0.32225,0,0,0.23097,0.2355,0,0,0,0,0,0.36869,0,0.41541,0,0,0,0,0,0,0,0,0,0,0,0,0,0,0,0,0,0,0,0,0,0,0,0,0,0,0,0,0,0,0.23234,0,0,0,0,0.22747,0,0,0,0.2287,0,0,0,0,0,0.13259,0,0,0,0,0,0,0,0,0,0,0.14747,0.29814,0.44852,0,0,0.17389,0.46054,0.30036,0.24451,0.20194,0,0,0,0,0.20186,0.12573,0.13083,0,0,0,0,0,0,0,0,0,0,0,0,0,0,0,0,0,0,0,0,0,0,0,0,0,0,0,0,0,0,0,0,0,0,0,0,0,0,0,0,0,0,0,0,0,0,0,0,0,0,0,0,0,0,0,0,0,0,0,0,0,0,0,0,0,0,0,0,0,0,0,0,0,0,0,0,0,0,0,0,0,0,0,0,0,0,0,0,0,0,0,0,0,0,0,0,0,0,0,0,0,0,0,0,0,0,0,0,0,0,0,0,0,0,0,0,0,0,0,0,0,0,0,0,0,0,0,0,0,0,0,0,0,0,0,0,0,0,0,0,0,0,0,0,0,0,0,0,0,0,0,0,0,0,0,0,0,0,0,0,0,0,0,0,0,0,0,0,0,0,0,0,0,0,0,0,0,0,0,0,0,0,0,0,0,0,0,0,0,0,0,0,0,0,0,0,0,0,0,0,0,0,0,0,0,0,0,0,0,0,0,0,0,0,0,0,0,0,0,0,0,0,0,0,0,0,0,0,0,0,0,0,0,0,0,0,0,0,0,0,0,0,0,0,0,0,0,0,0,0,0,0,0,0,0,0,0,0,0,0,0,0,0,0,0,0,0,0,0,0,0,0,0,0,0,0,0,0,0,0,0,0,0,0,0,0,0,0,0,0,0,0,0,0,0,0,0,0,0,0,0,0,0,0,0,0,0,0,0,0,0,0,0,0,0,0,0,0,0,0,0,0,0,0,0,0,0,0,0,0,0,0,0,0,0,0,0,0,0,0,0
1,1,1,1,1,1,1,1,1,1,1,1,1,1,1,1,1,0.62217,0.75664,1,1,1,1,1,1,1,1,1,0.52313,0.89441,1,1,1,1,1,1,0.77349,1,0.13138,0,0,0.51059,0.47447,0,0,0,0,0.22804,0.61132,0.84798,0.71805,1,1,1,1,1,1,0,0,0,0.51357,0.58117,0,0,0.21772,1,1,0,0,0.60544,0.72148,0.93424,0.68681,0.60391,0.20913,0.22591,0.20462,0.27398,0,0.17308,0,0,0,0.77917,0,0.52161,0,0,0,0,0,0,0,0.12934,0,0,0,0,0,0,0,0,0,0,0,0,0,0,0,0,0,0,0,0,0,0,0.77152,0.13944,0,0.20133,0,0.76352,0.21069,0,0,0.75935,0.17595,0,0,0,0,0.46395,0,0,0,0.13645,0,0,0,0,0,0,0,0,0.21561,0,0,0,0.1812,0.14518,0.14978,0.13601,0,0,0,0,0,0,0,0,0,0,0,0,0,0,0,0,0,0,0,0,0,0,0,0,0,0,0,0,0,0,0,0,0,0,0,0,0,0,0,0,0,0,0,0,0,0,0,0,0,0,0,0,0,0,0,0,0,0,0,0,0,0,0,0,0,0,0,0,0,0,0,0,0,0,0,0,0,0,0,0,0,0,0,0,0,0,0,0,0,0,0,0,0,0,0,0,0,0,0,0,0,0,0,0,0,0,0,0,0,0,0,0,0,0,0,0,0,0,0,0,0,0,0,0,0,0,0,0,0,0,0,0,0,0,0,0,0,0,0,0,0,0,0,0,0,0,0,0,0,0,0,0,0,0,0,0,0,0,0,0,0,0,0,0,0,0,0,0,0,0,0,0,0,0,0,0,0,0,0,0,0,0,0,0,0,0,0,0,0,0,0,0,0,0,0,0,0,0,0,0,0,0,0,0,0,0,0,0,0,0,0,0,0,0,0,0,0,0,0,0,0,0,0,0,0,0,0,0,0,0,0,0,0,0,0,0,0,0,0,0,0,0,0,0,0,0,0,0,0,0,0,0,0,0,0,0,0,0,0,0,0,0,0,0,0,0,0,0,0,0,0,0,0,0,0,0,0,0,0,0,0,0,0,0,0,0,0,0,0,0,0,0,0,0,0,0,0,0,0,0,0,0,0,0,0,0,0,0,0,0,0,0,0,0,0,0,0,0,0,0,0,0,0,0,0,0,0,0,0,0,0,0,0,0,0,0,0,0,0,0,0,0,0,0,0,0,0,0
1,1,1,1,1,1,1,0.40739,1,1,1,1,1,1,0.83083,0.36994,0.19273,1,1,1,1,1,1,1,1,0.74511,0.31049,0.24728,1,1,1,1,1,1,1,0.54949,0.18854,1,0.46261,0,0,1,1,0.17667,0.32585,0.64291,0.28904,1,1,1,1,1,1,1,1,1,1,0,0.23526,0.94582,1,1,0.18465,0.81971,1,1,1,0.19468,0,1,1,1,0.65953,0.4025,0,0,0.63363,0.51655,0.14418,0.13086,0,0.23937,0,0.28768,0,0.6796,0,0,0,0,0,0,0,0,0,0,0,0,0,0,0,0,0,0,0,0,0,0,0,0,0,0,0,0,0,0,0,0,0,0,0,0,0,0,0,0,0,0,0,0,0,0,0,0,0,0,0,0,0,0,0,0,0.52125,0.90715,1,0.15807,0.29134,0.63056,1,0.90703,0.81057,0.63539,0,0,0.20153,0.36234,0.71915,0.47448,0.47257,0.17922,0.24496,0.16452,0.24687,0,0.1558,0,0,0,0,0,0,0,0,0,0,0,0,0,0,0,0,0,0,0,0,0,0,0,0,0,0,0,0,0,0,0,0,0,0,0,0,0,0,0,0,0,0,0,0,0,0,0,0,0,0,0,0,0,0,0,0,0,0,0,0,0,0,0,0,0,0,0,0,0,0,0,0,0,0,0,0,0,0,0,0,0,0,0,0,0,0,0,0,0.13499,0,0,0,0,0,0,0,0,0,0,0,0,0,0,0,0,0,0,0,0,0,0,0,0,0,0,0,0,0,0,0,0,0,0,0,0,0,0,0,0,0,0,0,0,0,0,0,0,0,0,0,0,0,0,0,0,0,0,0,0,0,0,0,0,0,0,0,0,0,0,0,0,0,0,0,0,0,0,0,0,0,0,0,0,0,0,0,0,0,0,0,0,0,0,0,0,0,0,0,0,0,0,0,0,0,0,0,0,0,0,0,0,0,0,0,0,0,0,0,0,0,0,0,0,0,0,0,0,0,0,0,0,0,0,0,0,0,0,0,0,0,0,0,0,0,0,0,0,0,0,0,0,0,0,0,0,0,0,0,0,0,0,0,0,0,0,0,0,0,0,0,0,0,0,0,0,0,0,0,0,0,0,0,0,0,0,0,0,0,0,0,0,0,0,0,0,0,0,0,0,0,0,0,0,0,0,0,0,0,0,0,0,0,0,0,0,0,0,0,0,0,0,0,0,0,0,0,0,0,0,0,0,0,0,0,0.24405,0.13411,0.18372,0.20217,0,0,0,0,0,0,0
1,1,1,1,1,1,1,0.85444,1,1,1,1,1,1,1,0.81208,0.52427,1,1,1,1,1,1,1,1,1,0.74387,0.66639,1,1,1,1,1,1,1,0.92722,0.46714,1,0.21959,0,0,0.75504,0.80982,0,0.13856,0.24774,0.1393,0.75624,1,1,1,1,1,1,1,1,1,0,0,0.50272,1,1,0,0.38315,0.82292,1,1,0,0,1,1,1,0.8592,0.66108,0.19405,0.16354,0.58903,0.60145,0.19115,0.20558,0,0.23899,0,0.63631,0,0.8044,0,0,0,0,0,0,0,0,0,0,0,0,0,0,0,0,0,0,0,0,0,0,0,0,0,0,0,0,0,0,0.2153,0,0,0,0,0.23229,0,0,0,0.25,0,0,0,0,0,0.16224,0,0,0,0,0,0,0,0,0,0,0.19842,0.51934,0.78387,0,0.12621,0.2479,0.72107,0.59931,0.57637,0.4796,0,0,0,0.16466,0.37286,0.23246,0.24469,0,0.14596,0,0.18784,0,0,0,0,0,0,0,0,0,0,0,0,0,0,0,0,0,0,0,0,0,0,0,0,0,0,0,0,0,0,0,0,0,0,0,0,0,0,0,0,0,0,0,0,0,0,0,0,0,0,0,0,0,0,0,0,0,0,0,0,0,0,0,0,0,0,0,0,0,0,0,0,0,0,0,0,0,0,0,0,0,0,0,0,0,0,0,0,0,0,0,0,0,0,0,0,0,0,0,0,0,0,0,0,0,0,0,0,0,0,0,0,0,0,0,0,0,0,0,0,0,0,0,0,0,0,0,0,0,0,0,0,0,0,0,0,0,0,0,0,0,0,0,0,0,0,0,0,0,0,0,0,0,0,0,0,0,0,0,0,0,0,0,0,0,0,0,0,0,0,0,0,0,0,0,0,0,0,0,0,0,0,0,0,0,0,0,0,0,0,0,0,0,0,0,0,0,0,0,0,0,0,0,0,0,0,0,0,0,0,0,0,0,0,0,0,0,0,0,0,0,0,0,0,0,0,0,0,0,0,0,0,0,0,0,0,0,0,0,0,0,0,0,0,0,0,0,0,0,0,0,0,0,0,0,0,0,0,0,0,0,0,0,0,0,0,0,0,0,0,0,0,0,0,0,0,0,0,0,0,0,0,0,0,0,0,0,0,0,0,0,0,0,0,0,0,0,0,0,0,0,0,0,0,0,0,0,0,0,0,0,0,0,0,0,0,0,0,0,0,0,0,0,0,0,0,0,0,0,0,0,0,0,0,0,0,0
1,1,1,1,1,1,1,1,1,1,1,1,1,1,1,1,1,0.87723,0.93775,1,1,1,1,1,1,1,1,1,0.69805,1,1,1,1,1,1,1,0.97927,1,0,0,0,0.31413,0.31678,0,0,0,0,0.22213,0.51772,0.71571,0.70616,0.9897,1,1,1,1,1,0,0,0.13796,0.64217,0.6523,0,0,0.25356,1,1,0,0,0.90463,1,1,1,0.92381,0.42376,0.43067,0.42867,0.60904,0.22619,0.34324,0,0.20826,0,1,0,0.85814,0,0,0,0,0,0,0,0.20647,0,0,0,0,0,0,0,0,0,0,0,0,0,0,0,0,0,0,0,0,0,0,0.73005,0,0,0.19227,0,0.79039,0.21305,0,0,0.83746,0.19321,0,0,0,0,0.56608,0.155,0,0,0.18399,0,0,0,0,0,0,0,0.16161,0.38591,0,0,0,0.23944,0.21461,0.23275,0.23034,0,0,0,0,0.1271,0,0,0,0,0,0,0,0,0,0,0,0,0,0,0,0,0,0,0,0,0,0,0,0,0,0,0,0,0,0,0,0,0,0,0,0,0,0,0,0,0,0,0,0,0,0,0,0,0,0,0,0,0,0,0,0,0,0,0,0,0,0,0,0,0,0,0,0,0,0,0,0,0,0,0,0,0,0,0,0,0,0,0,0,0,0,0,0,0,0,0,0,0,0,0,0,0,0,0,0,0,0,0,0,0,0,0,0,0,0,0,0,0,0,0,0,0,0,0,0,0,0,0,0,0,0,0,0,0,0,0,0,0,0,0,0,0,0,0,0,0,0,0,0,0,0,0,0,0,0,0,0,0,0,0,0,0,0,0,0,0,0,0,0,0,0,0,0,0,0,0,0,0,0,0,0,0,0,0,0,0,0,0,0,0,0,0,0,0,0,0,0,0,0,0,0,0,0,0,0,0,0,0,0,0,0,0,0,0,0,0,0,0,0,0,0,0,0,0,0,0,0,0,0,0,0,0,0,0,0,0,0,0,0,0,0,0,0,0,0,0,0,0,0,0,0,0,0,0,0,0,0,0,0,0,0,0,0,0,0,0,0,0,0,0,0,0,0,0,0,0,0,0,0,0,0,0,0,0,0,0,0,0,0,0,0,0,0,0,0,0,0,0,0,0,0,0,0,0,0,0,0,0,0,0,0,0,0,0,0,0,0,0,0,0,0,0,0,0,0,0,0,0,0,0,0,0,0,0,0,0,0,0,0,0,0,0,0,0,0,0,0,0
1,1,1,1,1,1,1,1,1,1,1,1,1,1,1,1,1,0.30029,0.24904,0.67365,1,1,1,1,1,1,1,1,0.16809,0.54271,1,1,1,1,1,1,1,1,0,0,0,0,0,0,0,0,0,0,0,0.17142,0.1483,0.24499,0.43287,0.79998,0.34496,0.708,0.98441,0,0,0,0.13692,0.1316,0,0,0,0.68222,1,0,0,0.45218,0.64785,0.92892,0.99875,1,0.71788,0.89179,0.18781,0.42416,0.21427,0.46586,0.1814,0,0.16044,1,0,0.71103,0,0,0,0.50943,0.17511,0,0,0.64603,0.24949,0,0,0,0.21358,0.15286,0,0,0,0,0,0,0,0,0,0,0,0,0,0,0,0,1,0.58816,0,0.83189,0.23246,1,0.9028,0.15674,0,1,0.83875,0.57704,0,0.23508,0,1,0.68961,0,0,0.74232,0.24464,0,0,0,0,0,0,0,0,0,0,0,0,0,0,0,0,0,0,0,0,0,0,0,0,0,0,0,0,0,0,0,0,0,0,0,0,0,0,0,0,0,0,0,0,0,0,0,0,0,0,0,0,0,0,0,0,0,0,0,0,0,0,0,0,0,0,0,0,0,0,0,0,0,0,0,0,0,0,0,0,0,0,0,0,0,0,0,0,0,0,0,0,0,0,0,0,0,0,0,0,0,0,0,0,0,0,0,0,0,0,0,0,0,0,0,0,0,0,0,0,0,0,0,0,0,0,0,0,0,0,0,0,0,0,0,0,0,0,0,0,0,0,0,0,0,0,0,0,0,0,0,0,0,0,0,0,0,0,0,0,0,0,0,0,0,0,0,0,0,0,0,0,0,0,0,0,0,0,0,0,0,0,0,0,0,0,0,0,0,0,0,0,0,0,0,0,0,0,0,0,0,0,0,0,0,0,0,0,0,0,0,0,0,0,0,0,0,0,0,0,0,0,0,0,0,0,0,0,0,0,0,0,0,0,0,0,0,0,0,0,0,0,0,0,0,0,0,0,0,0,0,0,0,0,0,0,0,0,0,0,0,0,0,0,0,0,0,0,0,0,0,0,0,0,0,0,0,0,0,0,0,0,0,0,0,0,0,0,0,0,0,0,0,0,0,0,0,0,0,0,0,0,0,0,0,0,0,0,0,0,0,0,0,0,0,0,0,0,0,0,0,0,0,0,0,0,0,0,0,0,0,0,0,0,0,0,0,0,0,0,0,0,0,0,0,0,0,0,0,0,0,0,0,0,0,0,0,0,0,0,0,0,0
1,1,1,1,1,1,1,1,0.8066,1,1,1,1,1,1,1,1,0.1759,0.1474,0.37059,0.98236,1,1,1,1,1,1,1,0,0.26187,0.76009,1,0.96399,1,1,1,1,1,0,0,0,0,0,0,0,0,0,0,0,0,0,0.13866,0.20766,0.48238,0.17411,0.38509,0.66224,0,0,0,0,0,0,0,0,0.38443,1,0,0,0.23882,0.42998,0.72443,0.90394,1,0.7711,1,0,0.28098,0.18756,0.44602,0.19645,0,0.15518,1,0,0.57589,0,0,0,0.75272,0.28679,0,0,0.82179,0.46308,0.17283,0,0,0.28684,0.21741,0,0,0,0,0,0,0,0,0,0,0,0,0,0,0,0,1,0.89652,0,1,0.51516,1,1,0.29228,0,1,1,0.89906,0.15304,0.52589,0.17711,1,0.9839,0.18692,0.2238,1,0.52087,0.14688,0,0,0,0,0,0,0,0,0,0,0,0,0,0,0,0,0,0,0,0,0,0,0,0,0,0,0,0,0,0,0,0,0,0,0,0,0,0,0,0,0,0,0,0,0,0,0,0,0,0,0,0,0,0,0,0,0,0,0,0,0,0,0,0,0,0,0,0,0,0,0,0,0,0,0,0,0,0,0,0,0,0,0,0,0,0,0,0,0,0,0,0,0,0,0,0,0,0,0,0,0,0,0,0,0,0,0,0,0,0,0,0,0,0,0,0,0,0,0,0,0,0,0,0,0,0,0,0,0,0,0,0,0,0,0,0,0,0,0,0,0,0,0,0,0,0,0,0,0,0,0,0,0,0,0,0,0,0,0,0,0,0,0,0,0,0,0,0,0,0,0,0,0,0,0,0,0,0,0,0,0,0,0,0,0,0,0,0,0,0,0,0,0,0,0,0,0,0,0,0,0,0,0,0,0,0,0,0,0,0,0,0,0,0,0,0,0,0,0,0,0,0,0,0,0,0,0,0,0,0,0,0,0,0,0,0,0,0,0,0,0,0,0,0,0,0,0,0,0,0,0,0,0,0,0,0,0,0,0,0,0,0,0,0,0,0,0,0,0,0,0,0,0,0,0,0,0,0,0,0,0,0,0,0,0,0,0,0,0,0,0,0,0,0,0,0,0,0,0,0,0,0,0,0,0,0,0,0,0,0,0,0,0,0,0,0,0,0,0,0,0,0,0,0,0,0,0,0,0,0,0,0,0,0,0,0,0,0,0,0,0,0,0,0,0,0,0,0,0,0,0,0,0,0,0,0,0,0,0,0,0,0
0.83758,1,0.40739,0.85444,1,1,1,1,0.20526,0.48699,0.84508,1,1,1,1,1,1,0,0,0,0.34688,0.8009,1,1,1,1,1,1,0,0,0.22099,0.57708,0.4188,0.94425,1,1,1,1,0,0,0,0,0,0,0,0,0,0,0,0,0,0,0,0,0,0,0.14924,0,0,0,0,0,0,0,0,0,0.41863,0,0,0,0.13361,0.23743,0.58344,0.82212,0.76303,1,0,0.13074,0,0.29649,0.19839,0,0,1,0,0.23107,0,0,0,1,0.82889,0.45429,0.24695,1,0.87026,0.51298,0.22625,0.16521,0.52288,0.51396,0.23038,0,0.1959,0.14252,0,0,0,0,0,0,0,0,0,0,0,0,1,1,0.35596,1,1,1,1,1,0.43779,1,1,1,0.67362,1,0.74469,1,1,0.75071,0.83875,1,1,0.5862,0.38479,0.43779,0,0,0,0,0,0,0,0,0,0,0,0,0,0,0,0,0,0,0,0,0,0,0,0,0,0,0,0,0,0,0,0,0,0,0,0,0,0,0,0,0,0,0,0,0,0,0,0,0,0,0,0,0,0,0,0,0,0,0,0,0,0,0,0,0,0,0,0,0,0,0,0,0,0,0,0,0,0,0,0,0,0,0,0,0,0,0,0,0,0,0,0,0,0,0,0,0,0,0,0,0,0,0,0,0,0,0,0,0,0,0,0,0,0,0,0,0,0,0,0,0,0,0,0,0,0,0,0,0,0,0,0,0,0,0,0,0,0,0,0,0,0,0,0,0,0,0,0,0,0,0,0,0,0,0,0,0,0,0,0,0,0,0,0,0,0,0,0,0,0,0,0,0,0,0,0,0,0,0,0,0,0,0,0,0,0,0,0,0,0,0,0,0,0,0,0,0,0,0,0,0,0,0,0,0,0,0,0,0,0,0,0,0,0,0,0,0,0,0,0,0,0,0,0,0,0,0,0,0,0,0,0,0,0,0,0,0,0,0,0,0,0,0,0,0,0,0,0,0,0,0,0,0,0,0,0,0,0,0,0,0,0,0,0,0,0,0,0,0,0,0,0,0,0,0,0,0,0,0,0,0,0,0,0,0,0,0,0,0,0,0,0,0,0,0,0,0,0,0,0,0,0,0,0,0,0,0,0,0,0,0,0,0,0,0,0,0,0,0,0,0,0,0,0,0,0,0,0,0,0,0,0,0,0,0,0,0,0,0,0,0,0,0,0,0,0,0,0,0,0,0,0,0,0,0,0,0,0,0,0
1,1,1,1,1,1,0.8066,0.20526,1,1,1,1,1,0.91027,0.62667,0.22134,0,1,1,1,1,1,1,1,1,0.66735,0.22304,0.21618,1,1,1,1,1,1,1,0.60742,0.18989,1,0.16875,0,0,0.51911,0.70956,0,0.21409,0.40767,0.1599,1,1,1,1,1,1,1,1,1,1,0,0.36923,1,1,1,0.26101,1,1,1,1,0,0,1,1,1,1,0.73093,0.18774,0,1,1,0.45704,0.29866,0,0.88181,0.14086,0.43406,0,1,0,0,0,0,0,0,0,0,0,0,0,0,0,0,0,0,0,0,0,0,0,0,0,0,0,0,0,0,0,0,0,0,0,0,0,0,0,0,0,0,0,0,0,0,0,0,0,0,0,0,0,0,0,0,0,0.21495,0.88026,1,1,0.3993,0.71608,1,1,1,1,1,0.18624,0.25801,0.60931,0.91576,1,1,1,0.626,0.90025,0.69751,0.96927,0.49324,0.57921,0.49216,0.24352,0,0,0,0,0,0,0,0,0,0,0,0,0,0,0,0,0,0,0,0,0,0,0,0,0,0,0,0,0.1595,0,0,0,0,0.19866,0.19784,0,0,0.51739,0.45364,0.20753,0.17316,0,0,0,0,0,0,0,0,0,0,0,0,0,0,0,0,0,0,0,0,0,0,0,0,0,0,0,0,0,0,0,0,0,0,0,0,0,0,0,0,0,0,0,0,0.31115,0.6229,0.40375,0.2575,0.16929,0,0.20998,0,0,0,0,0,0,0,0,0,0,0,0,0,0,0,0,0,0,0,0,0,0,0,0,0,0,0,0,0,0,0,0,0,0,0,0,0,0,0,0,0,0,0,0,0,0,0,0,0,0,0,0,0,0,0,0,0,0,0,0,0,0,0,0,0,0,0,0,0,0,0,0,0,0,0,0,0,0,0,0,0,0,0,0,0,0,0,0,0,0,0,0,0,0,0,0,0,0,0,0,0,0,0,0,0,0,0,0,0,0,0,0,0,0,0,0,0,0,0,0,0,0,0,0,0,0,0,0,0,0,0,0,0,0,0,0,0,0,0,0,0,0,0,0,0,0,0,0,0,0,0,0,0,0,0,0,0,0,0,0,0,0,0,0,0,0,0,0,0,0,0,0,0,0,0,0,0,0,0,0,0,0,0,0,0,0,0,0,0,0,0,0,0,0,0,0,0,0,0,0,0,0,0,0,0,0,0,0,0,0,0,0,0,0,0,0,0,0,0,0,0,0,0,0,0,0,0,0,0,0,0.24295,0,0.13473,0.1685,0,0,0,0,0,0,0
1,1,1,1,1,1,1,0.48699,1,1,1,1,1,1,0.96796,0.50235,0.22767,1,1,1,1,1,1,1,1,0.95224,0.47956,0.4365,1,1,1,1,1,1,1,0.8206,0.30802,1,0.19462,0,0,0.64132,0.77362,0,0.18192,0.34366,0.15286,0.99514,1,1,1,1,1,1,1,1,1,0,0.19704,0.86381,1,1,0.15395,0.77572,1,1,1,0,0,1,1,1,1,0.7721,0.21201,0.14602,1,0.92816,0.34048,0.27985,0,0.62135,0,0.59404,0,1,0,0,0,0,0,0,0,0,0,0,0,0,0,0,0,0,0,0,0,0,0,0,0,0,0,0,0,0,0,0,0,0,0,0,0,0,0,0,0,0.14652,0,0,0,0,0,0,0,0,0,0,0,0,0,0,0,0,0.52015,0.99711,1,0.17049,0.3299,0.72426,1,1,1,0.97948,0,0,0.23213,0.4907,0.88071,0.72161,0.75622,0.23093,0.46072,0.26698,0.5704,0.19101,0.21408,0.18411,0,0,0,0,0,0,0,0,0,0,0,0,0,0,0,0,0,0,0,0,0,0,0,0,0,0,0,0,0,0,0,0,0,0,0,0,0,0,0.20549,0.19073,0,0,0,0,0,0,0,0,0,0,0,0,0,0,0,0,0,0,0,0,0,0,0,0,0,0,0,0,0,0,0,0,0,0,0,0,0,0,0,0,0,0,0,0,0,0,0.18093,0.27874,0.18337,0.15293,0,0,0,0,0,0,0,0,0,0,0,0,0,0,0,0,0,0,0,0,0,0,0,0,0,0,0,0,0,0,0,0,0,0,0,0,0,0,0,0,0,0,0,0,0,0,0,0,0,0,0,0,0,0,0,0,0,0,0,0,0,0,0,0,0,0,0,0,0,0,0,0,0,0,0,0,0,0,0,0,0,0,0,0,0,0,0,0,0,0,0,0,0,0,0,0,0,0,0,0,0,0,0,0,0,0,0,0,0,0,0,0,0,0,0,0,0,0,0,0,0,0,0,0,0,0,0,0,0,0,0,0,0,0,0,0,0,0,0,0,0,0,0,0,0,0,0,0,0,0,0,0,0,0,0,0,0,0,0,0,0,0,0,0,0,0,0,0,0,0,0,0,0,0,0,0,0,0,0,0,0,0,0,0,0,0,0,0,0,0,0,0,0,0,0,0,0,0,0,0,0,0,0,0,0,0,0,0,0,0,0,0,0,0,0,0,0,0,0,0,0,0,0,0,0,0,0,0,0,0,0,0,0,0.17769,0,0,0,0,0,0,0,0,0,0
1,1,1,1,1,1,1,0.84508,1,1,1,1,1,1,1,0.87278,0.5487,1,1,1,1,1,1,1,1,1,0.85411,0.81135,1,1,1,1,1,1,1,1,0.67671,1,0,0,0,0.38886,0.48545,0,0,0.16786,0,0.62619,0.81826,0.92254,1,1,1,1,1,1,1,0,0,0.49101,1,1,0,0.40804,0.88779,1,1,0,0,1,1,1,1,1,0.44089,0.28202,1,1,0.51641,0.52788,0.1301,0.66396,0.19703,0.93705,0,1,0,0,0,0,0,0,0,0.13904,0,0,0,0,0,0,0,0,0,0,0,0,0,0,0,0,0,0,0,0,0,0,0.19283,0,0,0,0,0.23402,0,0,0,0.31082,0,0,0,0,0,0.19393,0,0,0,0,0,0,0,0,0,0,0.2208,0.66733,1,0,0.16159,0.39841,0.92017,0.85885,0.90746,0.86706,0,0,0,0.22788,0.58886,0.49586,0.56662,0.13445,0.23986,0.19083,0.44226,0.13594,0,0,0,0,0,0,0,0,0,0,0,0,0,0,0,0,0,0,0,0,0,0,0,0,0,0,0,0,0,0,0,0,0,0,0,0,0,0,0,0,0.16326,0.15933,0,0,0,0,0,0,0,0,0,0,0,0,0,0,0,0,0,0,0,0,0,0,0,0,0,0,0,0,0,0,0,0,0,0,0,0,0,0,0,0,0,0,0,0,0,0,0.19565,0.24455,0.16522,0.15721,0,0,0,0,0,0,0,0,0,0,0,0,0,0,0,0,0,0,0,0,0,0,0,0,0,0,0,0,0,0,0,0,0,0,0,0,0,0,0,0,0,0,0,0,0,0,0,0,0,0,0,0,0,0,0,0,0,0,0,0,0,0,0,0,0,0,0,0,0,0,0,0,0,0,0,0,0,0,0,0,0,0,0,0,0,0,0,0,0,0,0,0,0,0,0,0,0,0,0,0,0,0,0,0,0,0,0,0,0,0,0,0,0,0,0,0,0,0,0,0,0,0,0,0,0,0,0,0,0,0,0,0,0,0,0,0,0,0,0,0,0,0,0,0,0,0,0,0,0,0,0,0,0,0,0,0,0,0,0,0,0,0,0,0,0,0,0,0,0,0,0,0,0,0,0,0,0,0,0,0,0,0,0,0,0,0,0,0,0,0,0,0,0,0,0,0,0,0,0,0,0,0,0,0,0,0,0,0,0,0,0,0,0,0,0,0,0,0,0,0,0,0,0,0,0,0,0,0,0,0,0,0,0,0,0,0,0,0,0,0,0,0,0,0
1,1,1,1,1,1,1,1,1,1,1,1,1,1,1,1,1,1,1,1,1,1,1,1,1,1,1,1,0.78625,1,1,1,1,1,1,1,1,1,0,0,0,0.15451,0.16738,0,0,0,0,0.16802,0.26498,0.42069,0.54062,0.78878,0.88981,1,0.96509,1,1,0,0,0,0.66167,0.59172,0,0,0.24708,1,1,0,0,1,1,1,1,1,0.83878,0.79437,0.78368,1,0.61558,0.78244,0.241,0.51271,0.31083,1,0.13309,1,0,0,0,0.21342,0,0,0,0.45846,0.15768,0,0,0,0.18573,0,0,0,0,0,0,0,0,0,0,0,0,0,0,0,0,0,0.69772,0,0,0.19232,0,0.84583,0.22772,0,0,0.95999,0.22784,0.1302,0,0,0,0.72765,0.21592,0,0,0.27632,0,0,0,0,0,0,0,0.18066,0.58772,0,0,0,0.31595,0.29658,0.42041,0.4782,0,0,0,0,0.16613,0.15901,0.19633,0,0,0,0.18185,0,0,0,0,0,0,0,0,0,0,0,0,0,0,0,0,0,0,0,0,0,0,0,0,0,0,0,0,0,0,0,0,0,0,0,0,0,0,0,0,0,0,0,0,0,0,0,0,0,0,0,0,0,0,0,0,0,0,0,0,0,0,0,0,0,0,0,0,0,0,0,0,0,0,0,0,0,0,0,0,0,0,0,0,0,0,0,0,0,0.15327,0.15341,0,0,0,0,0,0,0,0,0,0,0,0,0,0,0,0,0,0,0,0,0,0,0,0,0,0,0,0,0,0,0,0,0,0,0,0,0,0,0,0,0,0,0,0,0,0,0,0,0,0,0,0,0,0,0,0,0,0,0,0,0,0,0,0,0,0,0,0,0,0,0,0,0,0,0,0,0,0,0,0,0,0,0,0,0,0,0,0,0,0,0,0,0,0,0,0,0,0,0,0,0,0,0,0,0,0,0,0,0,0,0,0,0,0,0,0,0,0,0,0,0,0,0,0,0,0,0,0,0,0,0,0,0,0,0,0,0,0,0,0,0,0,0,0,0,0,0,0,0,0,0,0,0,0,0,0,0,0,0,0,0,0,0,0,0,0,0,0,0,0,0,0,0,0,0,0,0,0,0,0,0,0,0,0,0,0,0,0,0,0,0,0,0,0,0,0,0,0,0,0,0,0,0,0,0,0,0,0,0,0,0,0,0,0,0,0,0,0,0,0,0,0,0,0,0,0,0,0,0,0,0,0,0,0,0,0,0,0,0,0,0,0,0,0,0,0
1,1,1,1,1,1,1,1,1,1,1,1,1,1,1,1,1,0.59649,0.45616,0.88653,1,1,1,1,1,1,1,1,0.23788,0.82033,1,1,1,1,1,1,1,1,0,0,0,0,0,0,0,0,0,0,0,0.13751,0.15439,0.24165,0.36322,0.77073,0.38279,0.7506,1,0,0,0,0.19073,0.16562,0,0,0,0.56034,1,0,0,0.80627,1,1,1,1,1,1,0.45177,0.84653,0.57461,0.88631,0.43582,0.26051,0.40166,1,0.19224,1,0,0,0,0.67315,0.22013,0,0,0.91074,0.4647,0.15061,0,0,0.44719,0.2363,0,0,0,0,0,0,0,0,0,0,0,0,0,0,0,0,1,0.35642,0,0.64721,0.16996,1,0.7683,0,0,1,0.77834,0.48327,0,0.21077,0,1,0.73209,0,0.12824,0.84291,0.30506,0,0,0,0,0,0,0,0.19246,0,0,0,0,0,0.14279,0.18369,0,0,0,0,0,0,0,0,0,0,0,0,0,0,0,0,0,0,0,0,0,0,0,0,0,0,0,0,0,0,0,0,0,0,0,0,0,0,0,0,0,0,0,0,0,0,0,0,0,0,0,0,0,0,0,0,0,0,0,0,0,0,0,0,0,0,0,0,0,0,0,0,0,0,0,0,0,0,0,0,0,0,0,0,0,0,0,0,0,0,0,0,0,0,0,0,0,0,0,0,0,0,0,0,0,0,0,0,0,0,0,0,0,0,0,0,0,0,0,0,0,0,0,0,0,0,0,0,0,0,0,0,0,0,0,0,0,0,0,0,0,0,0,0,0,0,0,0,0,0,0,0,0,0,0,0,0,0,0,0,0,0,0,0,0,0,0,0,0,0,0,0,0,0,0,0,0,0,0,0,0,0,0,0,0,0,0,0,0,0,0,0,0,0,0,0,0,0,0,0,0,0,0,0,0,0,0,0,0,0,0,0,0,0,0,0,0,0,0,0,0,0,0,0,0,0,0,0,0,0,0,0,0,0,0,0,0,0,0,0,0,0,0,0,0,0,0,0,0,0,0,0,0,0,0,0,0,0,0,0,0,0,0,0,0,0,0,0,0,0,0,0,0,0,0,0,0,0,0,0,0,0,0,0,0,0,0,0,0,0,0,0,0,0,0,0,0,0,0,0,0,0,0,0,0,0,0,0,0,0,0,0,0,0,0,0,0,0,0,0,0,0,0,0,0,0,0,0,0,0,0,0,0,0,0,0,0,0,0,0,0,0,0,0,0,0,0,0
1,1,1,1,1,1,1,1,0.91027,1,1,1,1,1,1,1,1,0.23467,0.18822,0.49503,1,1,1,1,1,1,1,1,0,0.42589,0.95345,1,1,1,1,1,1,1,0,0,0,0,0,0,0,0,0,0,0,0,0,0.13578,0.19318,0.46505,0.18086,0.40944,0.67342,0,0,0,0,0,0,0,0,0.31114,1,0,0,0.4301,0.65662,0.95874,1,1,1,1,0.20017,0.54744,0.34475,0.73071,0.3644,0.14648,0.24996,1,0.16252,0.84436,0,0,0,0.90092,0.41131,0.15467,0,1,0.64299,0.22283,0,0,0.52,0.35112,0.1388,0,0.15132,0,0,0,0,0,0,0,0,0,0,0,0,0,1,0.75073,0,1,0.40371,1,1,0.23677,0,1,1,0.85983,0.13373,0.50128,0.16598,1,1,0.19241,0.23755,1,0.60237,0.16774,0,0,0,0,0,0,0,0,0,0,0,0,0,0,0,0,0,0,0,0,0,0,0,0,0,0,0,0,0,0,0,0,0,0,0,0,0,0,0,0,0,0,0,0,0,0,0,0,0,0,0,0,0,0,0,0,0,0,0,0,0,0,0,0,0,0,0,0,0,0,0,0,0,0,0,0,0,0,0,0,0,0,0,0,0,0,0,0,0,0,0,0,0,0,0,0,0,0,0,0,0,0,0,0,0,0,0,0,0,0,0,0,0,0,0,0,0,0,0,0,0,0,0,0,0,0,0,0,0,0,0,0,0,0,0,0,0,0,0,0,0,0,0,0,0,0,0,0,0,0,0,0,0,0,0,0,0,0,0,0,0,0,0,0,0,0,0,0,0,0,0,0,0,0,0,0,0,0,0,0,0,0,0,0,0,0,0,0,0,0,0,0,0,0,0,0,0,0,0,0,0,0,0,0,0,0,0,0,0,0,0,0,0,0,0,0,0,0,0,0,0,0,0,0,0,0,0,0,0,0,0,0,0,0,0,0,0,0,0,0,0,0,0,0,0,0,0,0,0,0,0,0,0,0,0,0,0,0,0,0,0,0,0,0,0,0,0,0,0,0,0,0,0,0,0,0,0,0,0,0,0,0,0,0,0,0,0,0,0,0,0,0,0,0,0,0,0,0,0,0,0,0,0,0,0,0,0,0,0,0,0,0,0,0,0,0,0,0,0,0,0,0,0,0,0,0,0,0,0,0,0,0,0,0,0,0,0,0,0,0,0,0,0,0,0,0,0,0,0,0,0,0,0,0,0,0,0,0,0,0,0,0
1,1,0.83083,1,1,1,1,1,0.62667,0.96796,1,1,1,1,1,1,1,0.15859,0,0.24164,0.90522,1,1,1,1,1,1,1,0,0.22844,0.73789,1,1,1,1,1,1,1,0,0,0,0,0,0,0,0,0,0,0,0,0,0,0,0.21661,0,0.19987,0.36098,0,0,0,0,0,0,0,0,0.1661,0.77362,0,0,0.24774,0.48698,0.79875,1,1,1,1,0.15204,0.4633,0.33293,0.77913,0.48551,0,0.30838,1,0.19975,0.76396,0,0,0,1,0.71676,0.27542,0.17941,1,0.91932,0.4631,0.18898,0,0.73898,0.61122,0.23261,0,0.23484,0.15381,0.12649,0,0,0,0,0,0,0,0,0,0,0,1,0.97059,0,1,0.65504,1,1,0.48249,0.13903,1,1,1,0.22919,0.80049,0.29501,1,1,0.38873,0.52748,1,0.9171,0.31885,0,0.13903,0,0,0,0,0,0,0,0,0,0,0,0,0,0,0,0,0,0,0,0,0,0,0,0,0,0,0,0,0,0,0,0,0,0,0,0,0,0,0,0,0,0,0,0,0,0,0,0,0,0,0,0,0,0,0,0,0,0,0,0,0,0,0,0,0,0,0,0,0,0,0,0,0,0,0,0,0,0,0,0,0,0,0,0,0,0,0,0,0,0,0,0,0,0,0,0,0,0,0,0,0,0,0,0,0,0,0,0,0,0,0,0,0,0,0,0,0,0,0,0,0,0,0,0,0,0,0,0,0,0,0,0,0,0,0,0,0,0,0,0,0,0,0,0,0,0,0,0,0,0,0,0,0,0,0,0,0,0,0,0,0,0,0,0,0,0,0,0,0,0,0,0,0,0,0,0,0,0,0,0,0,0,0,0,0,0,0,0,0,0,0,0,0,0,0,0,0,0,0,0,0,0,0,0,0,0,0,0,0,0,0,0,0,0,0,0,0,0,0,0,0,0,0,0,0,0,0,0,0,0,0,0,0,0,0,0,0,0,0,0,0,0,0,0,0,0,0,0,0,0,0,0,0,0,0,0,0,0,0,0,0,0,0,0,0,0,0,0,0,0,0,0,0,0,0,0,0,0,0,0,0,0,0,0,0,0,0,0,0,0,0,0,0,0,0,0,0,0,0,0,0,0,0,0,0,0,0,0,0,0,0,0,0,0,0,0,0,0,0,0,0,0,0,0,0,0,0,0,0,0,0,0,0,0,0,0,0,0,0,0,0,0,0,0,0,0,0,0,0,0,0,0,0,0,0,0,0,0,0,0
0.73575,1,0.36994,0.81208,1,1,1,1,0.22134,0.50235,0.87278,1,1,1,1,1,1,0,0,0,0.46208,0.91256,1,1,1,1,1,1,0,0,0.31473,0.73601,0.60378,1,1,1,1,1,0,0,0,0,0,0,0,0,0,0,0,0,0,0,0,0,0,0,0.13371,0,0,0,0,0,0,0,0,0,0.32835,0,0,0,0.20121,0.42107,0.87485,1,1,1,0,0.22206,0.20788,0.64057,0.46369,0,0.23157,1,0.19,0.46615,0,0,0,1,1,0.68026,0.45201,1,1,0.80373,0.43927,0.247,0.8893,0.8562,0.50287,0.19285,0.43343,0.24931,0.19353,0,0,0,0,0,0,0,0,0,0,0,1,1,0.23621,1,1,1,1,0.93013,0.36556,1,1,1,0.64699,1,0.75972,1,1,0.84943,0.97857,1,1,0.75698,0.24596,0.36556,0,0,0,0,0,0,0,0,0,0,0,0,0,0,0,0,0,0,0,0,0,0,0,0,0,0,0,0,0,0,0,0,0,0,0,0,0,0,0,0,0,0,0,0,0,0,0,0,0,0,0,0,0,0,0,0,0,0,0,0,0,0,0,0,0,0,0,0,0,0,0,0,0,0,0,0,0,0,0,0,0,0,0,0,0,0,0,0,0,0,0,0,0,0,0,0,0,0,0,0,0,0,0,0,0,0,0,0,0,0,0,0,0,0,0,0,0,0,0,0,0,0,0,0,0,0,0,0,0,0,0,0,0,0,0,0,0,0,0,0,0,0,0,0,0,0,0,0,0,0,0,0,0,0,0,0,0,0,0,0,0,0,0,0,0,0,0,0,0,0,0,0,0,0,0,0,0,0,0,0,0,0,0,0,0,0,0,0,0,0,0,0,0,0,0,0,0,0,0,0,0,0,0,0,0,0,0,0,0,0,0,0,0,0,0,0,0,0,0,0,0,0,0,0,0,0,0,0,0,0,0,0,0,0,0,0,0,0,0,0,0,0,0,0,0,0,0,0,0,0,0,0,0,0,0,0,0,0,0,0,0,0,0,0,0,0,0,0,0,0,0,0,0,0,0,0,0,0,0,0,0,0,0,0,0,0,0,0,0,0,0,0,0,0,0,0,0,0,0,0,0,0,0,0,0,0,0,0,0,0,0,0,0,0,0,0,0,0,0,0,0,0,0,0,0,0,0,0,0,0,0,0,0,0,0,0,0,0,0,0,0,0,0,0,0,0,0,0,0,0,0,0,0,0,0,0,0,0,0,0
0.48632,1,0.19273,0.52427,1,1,1,1,0,0.22767,0.5487,1,1,1,1,1,1,0,0,0,0.20181,0.55769,0.93216,1,1,1,1,1,0,0,0.14997,0.37043,0.24499,0.77905,1,1,1,1,0,0,0,0,0,0,0,0,0,0,0,0,0,0,0,0,0,0,0,0,0,0,0,0,0,0,0,0,0.19001,0,0,0,0,0.18378,0.52086,0.81313,0.85673,1,0,0,0,0.33042,0.23746,0,0.13308,1,0,0.20197,0,0,0,1,1,0.81531,0.60524,1,1,0.84549,0.52892,0.35195,0.74416,0.79311,0.50859,0.21491,0.36364,0.24591,0.16377,0,0,0,0,0,0,0,0,0,0,0,1,1,0.57729,1,1,1,1,1,0.71931,1,1,1,0.98435,1,1,1,1,1,1,1,1,0.95396,0.60651,0.71931,0,0,0,0,0,0,0,0,0,0,0,0,0,0,0,0,0,0,0,0,0,0,0,0,0,0,0,0,0,0,0,0,0,0,0,0,0,0,0,0,0,0,0,0,0,0,0,0,0,0,0,0,0,0,0,0,0,0,0,0,0,0,0,0,0,0,0,0,0,0,0,0,0,0,0,0,0,0,0,0,0,0,0,0,0,0,0,0,0,0,0,0,0,0,0,0,0,0,0,0,0,0,0,0,0,0,0,0,0,0,0,0,0,0,0,0,0,0,0,0,0,0,0,0,0,0,0,0,0,0,0,0,0,0,0,0,0,0,0,0,0,0,0,0,0,0,0,0,0,0,0,0,0,0,0,0,0,0,0,0,0,0,0,0,0,0,0,0,0,0,0,0,0,0,0,0,0,0,0,0,0,0,0,0,0,0,0,0,0,0,0,0,0,0,0,0,0,0,0,0,0,0,0,0,0,0,0,0,0,0,0,0,0,0,0,0,0,0,0,0,0,0,0,0,0,0,0,0,0,0,0,0,0,0,0,0,0,0,0,0,0,0,0,0,0,0,0,0,0,0,0,0,0,0,0,0,0,0,0,0,0,0,0,0,0,0,0,0,0,0,0,0,0,0,0,0,0,0,0,0,0,0,0,0,0,0,0,0,0,0,0,0,0,0,0,0,0,0,0,0,0,0,0,0,0,0,0,0,0,0,0,0,0,0,0,0,0,0,0,0,0,0,0,0,0,0,0,0,0,0,0,0,0,0,0,0,0,0,0,0,0,0,0,0,0,0,0,0,0,0,0,0,0,0,0,0,0,0,0,0
0.87591,0.62217,1,1,0.87723,0.30029,0.1759,0,1,1,1,1,0.59649,0.23467,0.15859,0,0,1,1,1,1,1,1,1,0.75713,0.21868,0,0,1,1,1,1,1,1,0.83915,0.27574,0,0.34707,0,0,0,0,0.13324,0,0,0,0,0.74206,0.44568,0.31718,1,1,0.74576,1,1,1,1,0,0.33753,1,1,1,0.31066,1,1,0.5434,1,0,0,1,1,1,1,0.80085,0.20857,0,1,1,0.95676,0.56781,0,1,0.32084,0.24943,0,1,0,0,0,0,0,0,0,0,0,0,0,0,0,0,0,0,0,0,0,0,0,0,0,0,0,0,0,0,0,0,0,0,0,0,0,0,0,0,0,0,0,0,0,0,0,0,0,0,0,0,0,0,0,0,0.16762,0.34985,1,1,1,0.81926,1,1,1,1,1,1,0.5006,0.78542,1,1,1,1,1,1,1,1,1,1,1,1,1,0.71888,0.35082,0,0,0,0,0,0,0,0,0,0,0,0,0,0,0,0,0,0,0,0,0,0,0,0,0,0,0.34382,0.24028,0.27624,0.26499,0.6287,0.9197,1,0,0,1,1,1,1,0.80926,0.69945,0.50528,0.3917,0.21467,0.21304,0.17731,0.14616,0.14491,0,0,0,0,0,0,0,0,0,0,0,0,0,0,0,0,0,0,0,0,0,0,0,0,0,0,0,0,0,0,0,0,0,0,0,1,1,1,1,0.8789,0,1,0.36021,0.15938,0,0,0,0.92926,0.76678,0.51669,0.16684,0,0,0,0,0.70988,0.56749,0.31621,0.18495,0,0,0,0.21724,0,0,0,0.19368,0,0,0,0,0,0,0,0,0,0,0,0,0,0,0,0,0,0,0,0,0,0,0,0,0,0,0,0,0,0,0,0,0,0,0,0,0,0,0,0,0,0,0,0,0,0,0,0,0,0,0,0,0,0,0,0,0,0,0,0,0,0,0,0,0,0,0,0,0,0,0,0,0,0,0,0,0,0,0,0,0,0,0,0,0,0,0,0,0,0,0,0,0,0,0,0,0,0,0,0,0,0,0,0,0,0,0,0,0,0,0,0,0,0,0,0,0,0,0,0,0,0,0,0,0,0,0,0,0,0,0,0,0,0,0,0,0,0,0,0,0,0,0,0,0,0,0,0,0,0,0,0,0,0,0,0,0,0,0,0,0,0,0,0,0,0,0,0,0,0,0,0,0,0,0,0,0,0,0,0,0,0,0,0,0,0,0,0,0,0,0,0,0,0,0,0,0,0,0,0,0,0,0,0,0,0.15581,0,0,0,0,0,0,0,0,0,0
1,0.75664,1,1,0.93775,0.24904,0.1474,0,1,1,1,1,0.45616,0.18822,0,0,0,1,1,1,1,1,1,0.88194,0.50754,0.12898,0,0,1,1,1,1,1,1,0.4674,0.1355,0,0.37797,0.13072,0,0,0.28916,0.57471,0,0.36906,0.55,0.18736,1,1,0.9753,1,1,1,1,1,1,1,0.15179,0.97288,1,1,1,0.9148,1,1,1,1,0,0.17244,1,1,1,0.67491,0.25653,0,0,1,0.9524,0.27625,0.14875,0,0.99175,0,0,0,0.94544,0,0,0,0,0,0,0,0,0,0,0,0,0,0,0,0,0,0,0,0,0,0,0,0,0,0,0,0,0,0,0,0,0,0,0,0,0,0,0,0,0,0,0,0,0,0,0,0,0,0,0,0,0,0,0.48285,0.88279,1,1,1,1,1,1,1,1,1,1,0.89142,1,1,1,1,1,1,1,1,1,1,1,1,1,0.96872,0.45418,0.19803,0,0.1596,0.1901,0.19782,0,0.13521,0.13276,0,0,0,0,0,0,0,0,0,0,0,0,0,0,0,0,0,0,0,0.784,0.56994,0.48522,0.24314,0.70263,0.96658,0.94038,0,0,1,0.97138,0.64077,0.67141,0.40463,0.22185,0.20615,0,0,0,0,0,0,0,0,0,0,0,0,0,0,0,0,0,0,0,0,0,0,0,0,0,0,0,0,0,0,0,0,0,0,0,0,0,0,0,0,0,0.48651,0.9992,0.82514,0.5189,0.22238,0,0.56579,0,0,0,0,0,0.31978,0.20175,0,0,0,0,0,0,0.20248,0.13963,0,0,0,0,0,0,0,0,0,0,0,0,0,0,0,0,0,0,0,0,0,0,0,0,0,0,0,0,0,0,0,0,0,0,0,0,0,0,0,0,0,0,0,0,0,0,0,0,0,0,0,0,0,0,0,0,0,0,0,0,0,0,0,0,0,0,0,0,0,0,0,0,0,0,0,0,0,0,0,0,0,0,0,0,0,0,0,0,0,0,0,0,0,0,0,0,0,0,0,0,0,0,0,0,0,0,0,0,0,0,0,0,0,0,0,0,0,0,0,0,0,0,0,0,0,0,0,0,0,0,0,0,0,0,0,0,0,0,0,0,0,0,0,0,0,0,0,0,0,0,0,0,0,0,0,0,0,0,0,0,0,0,0,0,0,0,0,0,0,0,0,0,0,0,0,0,0,0,0,0,0,0,0,0,0,0,0,0,0,0,0,0,0,0,0,0,0,0,0,0,0,0,0,0,0,0,0,0,0,0,0,0,0,0,0.13996,0.66029,0.15041,0.23029,0.33989,0,0.13827,0,0,0,0,0
1,1,1,1,1,0.67365,0.37059,0,1,1,1,1,0.88653,0.49503,0.24164,0,0,1,1,1,1,1,1,1,0.93116,0.31044,0,0,1,1,1,1,1,1,0.86868,0.31237,0,0.79434,0,0,0,0.32873,0.57131,0,0.22996,0.41269,0.14933,1,1,0.99992,1,1,1,1,1,1,1,0,0.6289,1,1,1,0.54942,1,1,1,1,0,0,1,1,1,0.98906,0.59366,0.13681,0,1,1,0.49673,0.24499,0,1,0.13625,0.23009,0,1,0,0,0,0,0,0,0,0,0,0,0,0,0,0,0,0,0,0,0,0,0,0,0,0,0,0,0,0,0,0,0,0,0,0,0,0,0,0,0,0,0,0,0,0,0,0,0,0,0,0,0,0,0,0,0.19054,0.48453,1,1,1,0.80366,1,1,1,1,1,1,0.46433,0.68532,1,1,1,1,1,1,1,1,1,0.9329,1,0.96536,0.68442,0.2147,0,0,0,0,0,0,0,0,0,0,0,0,0,0,0,0,0,0,0,0,0,0,0,0,0,0,0,0.36341,0.21354,0.18625,0,0.29522,0.56629,0.56697,0,0,0.92706,0.83471,0.50104,0.44627,0.21977,0.16649,0,0,0,0,0,0,0,0,0,0,0,0,0,0,0,0,0,0,0,0,0,0,0,0,0,0,0,0,0,0,0,0,0,0,0,0,0,0,0,0,0,0,0.53893,0.94774,0.74526,0.52598,0.24151,0,0.47494,0,0,0,0,0,0.23903,0.18716,0,0,0,0,0,0,0.16598,0,0,0,0,0,0,0,0,0,0,0,0,0,0,0,0,0,0,0,0,0,0,0,0,0,0,0,0,0,0,0,0,0,0,0,0,0,0,0,0,0,0,0,0,0,0,0,0,0,0,0,0,0,0,0,0,0,0,0,0,0,0,0,0,0,0,0,0,0,0,0,0,0,0,0,0,0,0,0,0,0,0,0,0,0,0,0,0,0,0,0,0,0,0,0,0,0,0,0,0,0,0,0,0,0,0,0,0,0,0,0,0,0,0,0,0,0,0,0,0,0,0,0,0,0,0,0,0,0,0,0,0,0,0,0,0,0,0,0,0,0,0,0,0,0,0,0,0,0,0,0,0,0,0,0,0,0,0,0,0,0,0,0,0,0,0,0,0,0,0,0,0,0,0,0,0,0,0,0,0,0,0,0,0,0,0,0,0,0,0,0,0,0,0,0,0,0,0,0,0,0,0,0,0,0,0,0,0,0,0,0,0,0,0,0,0,0.38963,0,0.16073,0.20351,0,0,0,0,0,0,0
1,1,1,1,1,1,0.98236,0.34688,1,1,1,1,1,1,0.90522,0.46208,0.20181,1,1,1,1,1,1,1,1,1,0.5154,0.52963,1,1,1,1,1,1,1,1,0.51661,1,0,0,0,0.1451,0.20329,0,0,0,0,0.58514,0.55638,0.5553,1,1,1,1,1,1,1,0,0,0.66096,1,1,0,0.64526,1,0.98088,1,0,0,1,1,1,1,1,0.64213,0.31541,1,1,1,0.90457,0.23578,1,0.53065,0.95206,0.16323,1,0,0,0,0,0,0,0,0.1379,0,0,0,0,0,0,0,0,0,0,0,0,0,0,0,0,0,0,0,0,0,0,0,0,0,0,0,0,0,0,0,0.14219,0,0,0,0,0,0,0,0,0,0,0,0,0,0,0,0,0.48348,1,1,0.19071,0.37772,0.85344,1,1,1,1,0,0.1597,0.35273,0.7033,1,1,1,0.47402,0.87458,0.78829,1,0.64976,0.46526,0.45644,0.34375,0,0,0,0,0,0,0,0,0,0,0,0,0,0,0,0,0,0,0,0,0,0,0,0,0,0,0,0,0,0,0,0,0,0.16263,0.1843,0,0,0.75229,0.74902,0.43179,0.24202,0.13806,0.13568,0,0,0,0,0,0,0,0,0,0,0,0,0,0,0,0,0,0,0,0,0,0,0,0,0,0,0,0,0,0,0,0,0,0,0,0,0,0,0,0,0,0,0.80801,1,0.76625,0.71573,0.51905,0,0.49419,0.19729,0,0,0,0,0.24305,0.2286,0.1904,0,0,0,0,0,0.16928,0.15427,0,0,0,0,0,0,0,0,0,0,0,0,0,0,0,0,0,0,0,0,0,0,0,0,0,0,0,0,0,0,0,0,0,0,0,0,0,0,0,0,0,0,0,0,0,0,0,0,0,0,0,0,0,0,0,0,0,0,0,0,0,0,0,0,0,0,0,0,0,0,0,0,0,0,0,0,0,0,0,0,0,0,0,0,0,0,0,0,0,0,0,0,0,0,0,0,0,0,0,0,0,0,0,0,0,0,0,0,0,0,0,0,0,0,0,0,0,0,0,0,0,0,0,0,0,0,0,0,0,0,0,0,0,0,0,0,0,0,0,0,0,0,0,0,0,0,0,0,0,0,0,0,0,0,0,0,0,0,0,0,0,0,0,0,0,0,0,0,0,0,0,0,0,0,0,0,0,0,0,0,0,0,0,0,0,0,0,0,0,0,0,0,0,0,0,0,0,0,0,0,0,0,0,0,0,0,0,0,0,0,0,0,0,0,0,0,0,0,0,0,0,0,0,0,0,0
1,1,1,1,1,1,1,0.8009,1,1,1,1,1,1,1,0.91256,0.55769,1,1,1,1,1,1,1,1,1,0.95725,0.9613,1,1,1,1,1,1,1,1,0.91747,1,0,0,0,0.12772,0.16968,0,0,0,0,0.31375,0.39396,0.45282,0.81851,0.98609,0.9464,1,1,1,1,0,0,0.30426,1,1,0,0.26499,0.77336,0.96536,1,0,0,1,1,1,1,1,0.88909,0.64299,1,1,1,1,0.38121,1,0.61968,1,0.20668,1,0,0,0,0,0,0,0,0.25393,0,0,0,0,0.15736,0,0,0,0,0,0,0,0,0,0,0,0,0,0,0,0,0,0.16412,0,0,0,0,0.23307,0,0,0,0.37276,0,0,0,0,0,0.23103,0,0,0,0,0,0,0,0,0,0,0.19206,0.66608,1,0,0.15041,0.41567,0.97746,1,1,1,0,0,0.1363,0.25461,0.68401,0.71937,0.84488,0.17353,0.42394,0.35539,0.80644,0.245,0.17041,0.16868,0.13976,0,0,0,0,0,0,0,0,0,0,0,0,0,0,0,0,0,0,0,0,0,0,0,0,0,0,0,0,0,0,0,0,0,0,0,0,0,0.36416,0.38886,0.19455,0,0,0,0,0,0,0,0,0,0,0,0,0,0,0,0,0,0,0,0,0,0,0,0,0,0,0,0,0,0,0,0,0,0,0,0,0,0,0,0,0,0,0,0,0,0.60625,0.68865,0.44515,0.47345,0.34169,0,0.2263,0.15641,0,0,0,0,0.13874,0.14139,0,0,0,0,0,0,0,0,0,0,0,0,0,0,0,0,0,0,0,0,0,0,0,0,0,0,0,0,0,0,0,0,0,0,0,0,0,0,0,0,0,0,0,0,0,0,0,0,0,0,0,0,0,0,0,0,0,0,0,0,0,0,0,0,0,0,0,0,0,0,0,0,0,0,0,0,0,0,0,0,0,0,0,0,0,0,0,0,0,0,0,0,0,0,0,0,0,0,0,0,0,0,0,0,0,0,0,0,0,0,0,0,0,0,0,0,0,0,0,0,0,0,0,0,0,0,0,0,0,0,0,0,0,0,0,0,0,0,0,0,0,0,0,0,0,0,0,0,0,0,0,0,0,0,0,0,0,0,0,0,0,0,0,0,0,0,0,0,0,0,0,0,0,0,0,0,0,0,0,0,0,0,0,0,0,0,0,0,0,0,0,0,0,0,0,0,0,0,0,0,0,0,0,0,0,0,0,0,0,0,0,0,0,0,0,0,0,0,0,0,0,0,0,0,0,0,0,0,0,0,0,0,0,0
1,1,1,1,1,1,1,1,1,1,1,1,1,1,1,1,0.93216,1,1,1,1,1,1,1,1,1,1,1,1,1,1,1,1,1,1,1,1,1,0,0,0,0,0,0,0,0,0,0.1731,0.22213,0.26512,0.53868,0.73772,0.75385,1,0.97267,1,1,0,0,0.15452,0.85965,0.70589,0,0.13768,0.417,0.83021,1,0,0,1,1,1,1,1,1,0.92692,1,1,1,1,0.53399,0.99954,0.69491,1,0.2465,1,0,0,0,0.21069,0,0,0,0.55212,0.17646,0,0,0,0.24228,0,0,0,0,0,0,0,0,0,0,0,0,0,0,0,0,0,0.35756,0,0,0,0,0.57342,0.13826,0,0,0.74774,0.15733,0,0,0,0,0.56426,0.17431,0,0,0.23338,0,0,0,0,0,0,0,0.29354,0.96615,0,0,0.18053,0.60234,0.63576,0.81857,0.9247,0,0,0,0.12644,0.30904,0.35874,0.49717,0,0.18691,0.17065,0.49297,0.13619,0,0,0,0,0,0,0,0,0,0,0,0,0,0,0,0,0,0,0,0,0,0,0,0,0,0,0,0,0,0,0,0,0,0,0,0,0,0,0,0,0.1866,0.20234,0,0,0,0,0,0,0,0,0,0,0,0,0,0,0,0,0,0,0,0,0,0,0,0,0,0,0,0,0,0,0,0,0,0,0,0,0,0,0,0,0,0,0,0,0,0,0.44526,0.4398,0.23122,0.28306,0.23476,0,0.14486,0.12701,0,0,0,0,0,0,0,0,0,0,0,0,0,0,0,0,0,0,0,0,0,0,0,0,0,0,0,0,0,0,0,0,0,0,0,0,0,0,0,0,0,0,0,0,0,0,0,0,0,0,0,0,0,0,0,0,0,0,0,0,0,0,0,0,0,0,0,0,0,0,0,0,0,0,0,0,0,0,0,0,0,0,0,0,0,0,0,0,0,0,0,0,0,0,0,0,0,0,0,0,0,0,0,0,0,0,0,0,0,0,0,0,0,0,0,0,0,0,0,0,0,0,0,0,0,0,0,0,0,0,0,0,0,0,0,0,0,0,0,0,0,0,0,0,0,0,0,0,0,0,0,0,0,0,0,0,0,0,0,0,0,0,0,0,0,0,0,0,0,0,0,0,0,0,0,0,0,0,0,0,0,0,0,0,0,0,0,0,0,0,0,0,0,0,0,0,0,0,0,0,0,0,0,0,0,0,0,0,0,0,0,0,0,0,0,0,0,0,0,0,0,0,0,0,0,0,0,0,0,0,0,0,0,0,0,0,0,0,0,0
1,1,1,1,1,1,1,1,1,1,1,1,1,1,1,1,1,1,0.88194,1,1,1,1,1,1,1,1,1,0.64299,1,1,1,1,1,1,1,1,1,0,0,0,0,0,0,0,0,0,0,0.12536,0.16992,0.23353,0.424,0.48786,0.92967,0.63244,0.9943,1,0,0,0,0.45879,0.32485,0,0,0.17315,0.61473,1,0,0,1,1,1,1,1,1,1,0.97412,1,0.99395,1,0.66544,0.76777,0.73274,1,0.33723,1,0,0,0.14513,0.4946,0.15357,0,0,0.86457,0.36118,0,0,0,0.48739,0.22063,0,0,0,0,0,0,0,0,0,0,0,0,0,0,0,0,0.74692,0,0,0.22464,0,0.97879,0.32161,0,0,1,0.38097,0.18899,0,0,0,0.97015,0.42154,0,0,0.58698,0.1775,0,0,0,0,0,0,0.12844,0.57054,0,0,0,0.23107,0.24371,0.4315,0.57206,0,0,0,0,0.13372,0.15538,0.20551,0,0,0,0.21462,0,0,0,0,0,0,0,0,0,0,0,0,0,0,0,0,0,0,0,0,0,0,0,0,0,0,0,0,0,0,0,0,0,0,0,0,0,0,0,0,0,0,0,0,0,0,0,0,0,0,0,0,0,0,0,0,0,0,0,0,0,0,0,0,0,0,0,0,0,0,0,0,0,0,0,0,0,0,0,0,0,0,0,0,0,0,0,0,0,0.24681,0.21697,0.13485,0.18391,0.17542,0,0,0,0,0,0,0,0,0,0,0,0,0,0,0,0,0,0,0,0,0,0,0,0,0,0,0,0,0,0,0,0,0,0,0,0,0,0,0,0,0,0,0,0,0,0,0,0,0,0,0,0,0,0,0,0,0,0,0,0,0,0,0,0,0,0,0,0,0,0,0,0,0,0,0,0,0,0,0,0,0,0,0,0,0,0,0,0,0,0,0,0,0,0,0,0,0,0,0,0,0,0,0,0,0,0,0,0,0,0,0,0,0,0,0,0,0,0,0,0,0,0,0,0,0,0,0,0,0,0,0,0,0,0,0,0,0,0,0,0,0,0,0,0,0,0,0,0,0,0,0,0,0,0,0,0,0,0,0,0,0,0,0,0,0,0,0,0,0,0,0,0,0,0,0,0,0,0,0,0,0,0,0,0,0,0,0,0,0,0,0,0,0,0,0,0,0,0,0,0,0,0,0,0,0,0,0,0,0,0,0,0,0,0,0,0,0,0,0,0,0,0,0,0,0,0,0,0,0,0,0,0,0,0,0,0,0,0,0,0,0,0,0
1,1,1,1,1,1,1,1,1,1,1,1,1,1,1,1,1,0.75713,0.50754,0.93116,1,1,1,1,1,1,1,1,0.27042,0.95,1,1,1,1,1,1,1,1,0,0,0,0,0,0,0,0,0,0,0,0,0,0.18477,0.21281,0.5718,0.25344,0.61713,0.83829,0,0,0,0.19211,0.1462,0,0,0,0.29035,1,0,0,1,1,1,1,1,1,1,0.75986,1,0.99685,1,0.85843,0.6152,0.83704,1,0.50491,1,0.14612,0.14959,0.19896,0.87367,0.34191,0,0,1,0.72361,0.22584,0,0,0.79645,0.50586,0.16621,0,0.21791,0,0.13215,0,0,0,0,0,0,0,0,0,0,0,1,0.22175,0,0.49667,0,1,0.66386,0,0,1,0.74684,0.42652,0,0.2013,0,1,0.80586,0,0.15086,0.97314,0.41875,0,0,0,0,0,0,0,0.24629,0,0,0,0,0.12765,0.20453,0.29708,0,0,0,0,0,0,0,0,0,0,0.12543,0,0,0,0,0,0,0,0,0,0,0,0,0,0,0,0,0,0,0,0,0,0,0,0,0,0,0,0,0,0,0,0,0,0,0,0,0,0,0,0,0,0,0,0,0,0,0,0,0,0,0,0,0,0,0,0,0,0,0,0,0,0,0,0,0,0,0,0,0,0,0,0,0,0,0,0,0,0,0,0,0,0,0,0,0,0,0,0,0,0.2077,0.1499,0,0.13687,0.14609,0,0,0,0,0,0,0,0,0,0,0,0,0,0,0,0,0,0,0,0,0,0,0,0,0,0,0,0,0,0,0,0,0,0,0,0,0,0,0,0,0,0,0,0,0,0,0,0,0,0,0,0,0,0,0,0,0,0,0,0,0,0,0,0,0,0,0,0,0,0,0,0,0,0,0,0,0,0,0,0,0,0,0,0,0,0,0,0,0,0,0,0,0,0,0,0,0,0,0,0,0,0,0,0,0,0,0,0,0,0,0,0,0,0,0,0,0,0,0,0,0,0,0,0,0,0,0,0,0,0,0,0,0,0,0,0,0,0,0,0,0,0,0,0,0,0,0,0,0,0,0,0,0,0,0,0,0,0,0,0,0,0,0,0,0,0,0,0,0,0,0,0,0,0,0,0,0,0,0,0,0,0,0,0,0,0,0,0,0,0,0,0,0,0,0,0,0,0,0,0,0,0,0,0,0,0,0,0,0,0,0,0,0,0,0,0,0,0,0,0,0,0,0,0,0,0,0,0,0,0,0,0,0,0,0,0,0,0,0,0,0,0,0
0.98839,1,0.74511,1,1,1,1,1,0.66735,0.95224,1,1,1,1,1,1,1,0.21868,0.12898,0.31044,1,1,1,1,1,1,1,1,0,0.33873,0.92813,1,1,1,1,1,1,1,0,0,0,0,0,0,0,0,0,0,0,0,0,0,0,0.17673,0,0.17927,0.27557,0,0,0,0,0,0,0,0,0,0.61868,0,0,0.48852,0.7532,1,1,1,1,1,0.26156,0.82663,0.75021,1,0.93114,0.22869,0.7526,1,0.54599,1,0.20394,0.17522,0.21358,1,0.90725,0.42959,0.22661,1,1,0.70423,0.27452,0.18237,1,0.94075,0.48137,0.15569,0.55185,0.26543,0.24951,0.13645,0,0,0,0,0,0,0,0,0,0.1957,1,0.69161,0,1,0.43694,1,1,0.31544,0,1,1,1,0.1888,0.71925,0.23746,1,1,0.38943,0.56887,1,1,0.40266,0,0,0,0,0,0,0,0,0,0,0,0,0,0,0,0,0,0,0,0,0,0,0,0,0,0,0,0,0,0,0,0,0,0,0,0,0,0,0,0,0,0,0,0,0,0,0,0,0,0,0,0,0,0,0,0,0,0,0,0,0,0,0,0,0,0,0,0,0,0,0,0,0,0,0,0,0,0,0,0,0,0,0,0,0,0,0,0,0,0,0,0,0,0,0,0,0,0,0,0,0,0,0,0,0,0,0,0,0,0,0,0,0,0,0,0,0,0,0,0,0,0,0,0,0,0,0,0,0,0,0,0,0,0,0,0,0,0,0,0,0,0,0,0,0,0,0,0,0,0,0,0,0,0,0,0,0,0,0,0,0,0,0,0,0,0,0,0,0,0,0,0,0,0,0,0,0,0,0,0,0,0,0,0,0,0,0,0,0,0,0,0,0,0,0,0,0,0,0,0,0,0,0,0,0,0,0,0,0,0,0,0,0,0,0,0,0,0,0,0,0,0,0,0,0,0,0,0,0,0,0,0,0,0,0,0,0,0,0,0,0,0,0,0,0,0,0,0,0,0,0,0,0,0,0,0,0,0,0,0,0,0,0,0,0,0,0,0,0,0,0,0,0,0,0,0,0,0,0,0,0,0,0,0,0,0,0,0,0,0,0,0,0,0,0,0,0,0,0,0,0,0,0,0,0,0,0,0,0,0,0,0,0,0,0,0,0,0,0,0,0,0,0,0,0,0,0,0,0,0,0,0,0,0,0,0,0,0,0,0,0,0,0,0,0,0,0,0,0,0,0,0,0,0,0,0,0,0,0,0,0,0
0.6276,1,0.31049,0.74387,1,1,1,1,0.22304,0.47956,0.85411,1,1,1,1,1,1,0,0,0,0.5154,0.95725,1,1,1,1,1,1,0,0,0.39841,0.82096,0.71154,1,1,1,1,1,0,0,0,0,0,0,0,0,0,0,0,0,0,0,0,0,0,0,0,0,0,0,0,0,0,0,0,0,0.24412,0,0,0.15405,0.24344,0.55027,1,1,1,1,0,0.35212,0.35003,0.8872,0.73357,0,0.44956,1,0.33965,0.64955,0.17638,0,0.14969,1,1,0.82486,0.58627,1,1,1,0.61509,0.40531,1,1,0.72275,0.27032,0.68368,0.47629,0.33782,0.18739,0.13067,0.14345,0,0,0,0,0,0,0,0.18973,1,1,0.19273,1,0.95474,1,1,0.8439,0.28526,1,1,1,0.59576,1,0.73713,1,1,0.88871,1,1,1,0.85494,0.20249,0.28526,0,0,0,0,0,0,0,0,0,0,0,0,0,0,0,0,0,0,0,0,0,0,0,0,0,0,0,0,0,0,0,0,0,0,0,0,0,0,0,0,0,0,0,0,0,0,0,0,0,0,0,0,0,0,0,0,0,0,0,0,0,0,0,0,0,0,0,0,0,0,0,0,0,0,0,0,0,0,0,0,0,0,0,0,0,0,0,0,0,0,0,0,0,0,0,0,0,0,0,0,0,0,0,0,0,0,0,0,0,0,0,0,0,0,0,0,0,0,0,0,0,0,0,0,0,0,0,0,0,0,0,0,0,0,0,0,0,0,0,0,0,0,0,0,0,0,0,0,0,0,0,0,0,0,0,0,0,0,0,0,0,0,0,0,0,0,0,0,0,0,0,0,0,0,0,0,0,0,0,0,0,0,0,0,0,0,0,0,0,0,0,0,0,0,0,0,0,0,0,0,0,0,0,0,0,0,0,0,0,0,0,0,0,0,0,0,0,0,0,0,0,0,0,0,0,0,0,0,0,0,0,0,0,0,0,0,0,0,0,0,0,0,0,0,0,0,0,0,0,0,0,0,0,0,0,0,0,0,0,0,0,0,0,0,0,0,0,0,0,0,0,0,0,0,0,0,0,0,0,0,0,0,0,0,0,0,0,0,0,0,0,0,0,0,0,0,0,0,0,0,0,0,0,0,0,0,0,0,0,0,0,0,0,0,0,0,0,0,0,0,0,0,0,0,0,0,0,0,0,0,0,0,0,0,0,0,0,0,0,0,0,0,0,0,0,0,0,0,0,0,0,0,0,0,0,0,0,0,0,0
0.52315,1,0.24728,0.66639,1,1,1,1,0.21618,0.4365,0.81135,1,1,1,1,1,1,0,0,0,0.52963,0.9613,1,1,1,1,1,1,0,0,0.43729,0.85796,0.76784,1,1,1,1,1,0,0,0,0,0,0,0,0,0,0,0,0,0,0,0,0,0,0,0,0,0,0,0,0,0,0,0,0,0.21275,0,0,0.17632,0.30489,0.62525,1,1,1,1,0,0.47622,0.51004,1,0.93503,0,0.636,1,0.541,0.7702,0.24552,0.18957,0.21744,1,1,0.92613,0.68059,1,1,1,0.74309,0.5248,1,1,0.88683,0.41261,0.87304,0.648,0.53313,0.24871,0.19012,0.20966,0,0.13763,0,0,0,0,0,0.27465,1,1,0.15825,1,0.85025,1,1,0.76809,0.23906,1,1,1,0.54712,1,0.70865,1,1,0.90582,1,1,1,0.91835,0.16798,0.23906,0,0,0,0,0,0,0,0,0,0,0,0,0,0,0,0,0,0,0,0,0,0,0,0,0,0,0,0,0,0,0,0,0,0,0,0,0,0,0,0,0,0,0,0,0,0,0,0,0,0,0,0,0,0,0,0,0,0,0,0,0,0,0,0,0,0,0,0,0,0,0,0,0,0,0,0,0,0,0,0,0,0,0,0,0,0,0,0,0,0,0,0,0,0,0,0,0,0,0,0,0,0,0,0,0,0,0,0,0,0,0,0,0,0,0,0,0,0,0,0,0,0,0,0,0,0,0,0,0,0,0,0,0,0,0,0,0,0,0,0,0,0,0,0,0,0,0,0,0,0,0,0,0,0,0,0,0,0,0,0,0,0,0,0,0,0,0,0,0,0,0,0,0,0,0,0,0,0,0,0,0,0,0,0,0,0,0,0,0,0,0,0,0,0,0,0,0,0,0,0,0,0,0,0,0,0,0,0,0,0,0,0,0,0,0,0,0,0,0,0,0,0,0,0,0,0,0,0,0,0,0,0,0,0,0,0,0,0,0,0,0,0,0,0,0,0,0,0,0,0,0,0,0,0,0,0,0,0,0,0,0,0,0,0,0,0,0,0,0,0,0,0,0,0,0,0,0,0,0,0,0,0,0,0,0,0,0,0,0,0,0,0,0,0,0,0,0,0,0,0,0,0,0,0,0,0,0,0,0,0,0,0,0,0,0,0,0,0,0,0,0,0,0,0,0,0,0,0,0,0,0,0,0,0,0,0,0,0,0,0,0,0,0,0,0,0,0,0,0,0,0,0,0,0,0,0,0,0,0,0
0.93081,0.52313,1,1,0.69805,0.16809,0,0,1,1,1,0.78625,0.23788,0,0,0,0,1,1,1,1,1,1,0.64299,0.27042,0,0,0,1,1,1,1,1,0.96565,0.24764,0,0,0.21263,0,0,0,0.2411,0.52944,0.13748,0.4295,0.58275,0.19508,1,1,0.90965,1,1,1,1,1,1,1,0.21039,1,1,1,1,1,1,1,0.9737,1,0,0.23335,1,1,1,0.49414,0.18865,0,0,1,0.82066,0.21534,0,0,0.92125,0,0,0,0.78892,0,0,0,0,0,0,0,0,0,0,0,0,0,0,0,0,0,0,0,0,0,0,0,0,0,0,0,0,0,0,0,0,0,0,0,0,0,0,0,0,0,0,0,0,0,0,0,0,0,0,0,0,0,0,0.70591,1,1,1,1,1,1,1,1,1,1,1,1,1,1,1,1,1,1,1,1,1,1,1,1,1,1,0.62721,0.2722,0.18317,0.23892,0.31237,0.33647,0.14393,0.21578,0.20947,0,0.14719,0.17548,0,0,0,0,0,0,0,0,0,0,0,0,0,0,0,0,1,0.81026,0.72765,0.45006,0.93503,1,1,0,0,1,1,0.70766,0.78999,0.53781,0.25251,0.26014,0.15244,0.15558,0,0,0,0,0,0,0,0,0,0,0,0,0,0,0,0,0,0,0,0,0,0,0,0,0,0,0,0,0,0,0,0,0,0,0,0,0,0,0,0.4447,1,0.85433,0.502,0.20852,0,0.60459,0,0,0,0,0,0.36798,0.20706,0,0,0,0,0,0,0.22048,0.14854,0,0,0,0,0,0,0,0,0,0,0,0,0,0,0,0,0,0,0,0,0,0,0,0,0,0,0,0,0,0,0,0,0,0,0,0,0,0,0,0,0,0,0,0,0,0,0,0,0,0,0,0,0,0,0,0,0,0,0,0,0,0,0,0,0,0,0,0,0,0,0,0,0,0,0,0,0,0,0,0,0,0,0,0,0,0,0,0,0,0,0,0,0,0,0,0,0,0,0,0,0,0,0,0,0,0,0,0,0,0,0,0,0,0,0,0,0,0,0,0,0,0,0,0,0,0,0,0,0,0,0,0,0,0,0,0,0,0,0,0,0,0,0,0,0,0,0,0,0,0,0,0,0,0,0,0,0,0,0,0,0,0,0,0,0,0,0,0,0,0,0,0,0,0,0,0,0,0,0,0,0,0,0,0,0,0,0,0,0,0,0,0,0,0,0,0,0,0,0,0,0,0,0,0,0,0,0,0,0,0,0,0,0,0.15255,0.1809,0.778,0.17393,0.27146,0.43267,0,0.18948,0,0,0,0,0
1,0.89441,1,1,1,0.54271,0.26187,0,1,1,1,1,0.82033,0.42589,0.22844,0,0,1,1,1,1,1,1,1,0.95,0.33873,0,0,1,1,1,1,1,1,0.98624,0.42069,0,0.60508,0,0,0,0,0.20184,0,0,0.16106,0,0.867,0.63483,0.53179,1,1,0.97547,1,1,1,1,0,0.35842,1,1,1,0.30998,1,1,0.79376,1,0,0,1,1,1,1,0.8561,0.22427,0,1,1,0.89181,0.56482,0,1,0.27778,0.35899,0,1,0,0,0,0,0,0,0,0,0,0,0,0,0,0,0,0,0,0,0,0,0,0,0,0,0,0,0,0,0,0,0,0,0,0,0,0,0,0,0,0,0,0,0,0,0,0,0,0,0,0,0,0,0,0,0.14469,0.30845,1,1,1,0.72531,1,1,1,1,1,1,0.39629,0.66053,1,1,1,1,1,1,1,1,1,1,1,1,1,0.45009,0.19397,0,0,0,0,0,0,0,0,0,0,0,0,0,0,0,0,0,0,0,0,0,0,0,0,0,0,0.25884,0.19961,0.2024,0.17752,0.42413,0.71067,0.7713,0,0,1,1,0.93583,0.82962,0.52991,0.42475,0.2421,0.20557,0,0,0,0,0,0,0,0,0,0,0,0,0,0,0,0,0,0,0,0,0,0,0,0,0,0,0,0,0,0,0,0,0,0,0,0,0,0,0,0,1,1,1,0.99564,0.69055,0,0.92879,0.22974,0,0,0,0,0.6683,0.52736,0.30485,0,0,0,0,0,0.44775,0.32226,0.19892,0,0,0,0,0.13621,0,0,0,0,0,0,0,0,0,0,0,0,0,0,0,0,0,0,0,0,0,0,0,0,0,0,0,0,0,0,0,0,0,0,0,0,0,0,0,0,0,0,0,0,0,0,0,0,0,0,0,0,0,0,0,0,0,0,0,0,0,0,0,0,0,0,0,0,0,0,0,0,0,0,0,0,0,0,0,0,0,0,0,0,0,0,0,0,0,0,0,0,0,0,0,0,0,0,0,0,0,0,0,0,0,0,0,0,0,0,0,0,0,0,0,0,0,0,0,0,0,0,0,0,0,0,0,0,0,0,0,0,0,0,0,0,0,0,0,0,0,0,0,0,0,0,0,0,0,0,0,0,0,0,0,0,0,0,0,0,0,0,0,0,0,0,0,0,0,0,0,0,0,0,0,0,0,0,0,0,0,0,0,0,0,0,0,0,0,0,0,0,0,0,0,0,0,0,0,0,0,0,0,0,0,0,0,0,0,0.18071,0,0,0,0,0,0,0,0,0,0
1,1,1,1,1,1,0.76009,0.22099,1,1,1,1,1,0.95345,0.73789,0.31473,0.14997,1,1,1,1,1,1,1,1,0.92813,0.39841,0.43729,1,1,1,1,1,1,1,1,0.47843,1,0,0,0,0,0,0,0,0,0,0.40063,0.29862,0.26819,0.83868,0.91161,0.74832,1,1,1,1,0,0,0.56145,1,1,0,0.57768,1,0.65934,1,0,0,1,1,1,1,1,0.76601,0.36964,1,1,1,1,0.39392,1,0.76809,0.97931,0.23594,1,0,0,0.12626,0,0,0,0,0.15307,0,0,0,0,0,0,0,0,0,0,0,0,0,0,0,0,0,0,0,0,0,0,0,0,0,0,0,0,0,0,0,0,0,0,0,0,0,0,0,0,0,0,0,0,0,0,0,0,0.46216,1,1,0.20155,0.39778,0.89848,1,1,1,1,0,0.18115,0.42437,0.79331,1,1,1,0.60339,1,1,1,0.92432,0.61541,0.64711,0.60448,0.17733,0,0,0,0,0,0,0,0,0,0,0,0,0,0,0,0,0,0,0,0,0,0,0,0,0,0,0,0,0,0,0,0,0.21633,0.24911,0,0,1,1,0.75959,0.52381,0.23611,0.24473,0.13342,0.1432,0,0,0,0,0,0,0,0,0,0,0,0,0,0,0,0,0,0,0,0,0,0,0,0,0,0,0,0,0,0,0,0,0,0,0,0,0,0,0,0,1,1,1,1,0.86245,0.17042,0.83405,0.42465,0.21303,0,0,0,0.56934,0.53416,0.4183,0.18301,0,0,0,0,0.34859,0.31065,0.23011,0.17426,0,0,0,0.13875,0,0,0,0,0,0,0,0,0,0,0,0,0,0,0,0,0,0,0,0,0,0,0,0,0,0,0,0,0,0,0,0,0,0,0,0,0,0,0,0,0,0,0,0,0,0,0,0,0,0,0,0,0,0,0,0,0,0,0,0,0,0,0,0,0,0,0,0,0,0,0,0,0,0,0,0,0,0,0,0,0,0,0,0,0,0,0,0,0,0,0,0,0,0,0,0,0,0,0,0,0,0,0,0,0,0,0,0,0,0,0,0,0,0,0,0,0,0,0,0,0,0,0,0,0,0,0,0,0,0,0,0,0,0,0,0,0,0,0,0,0,0,0,0,0,0,0,0,0,0,0,0,0,0,0,0,0,0,0,0,0,0,0,0,0,0,0,0,0,0,0,0,0,0,0,0,0,0,0,0,0,0,0,0,0,0,0,0,0,0,0,0,0,0,0,0,0,0,0,0,0,0,0,0,0,0,0,0,0,0,0,0,0,0,0,0,0,0,0,0
1,1,1,1,1,1,1,0.57708,1,1,1,1,1,1,1,0.73601,0.37043,1,1,1,1,1,1,1,1,1,0.82096,0.85796,1,1,1,1,1,1,1,1,0.88629,1,0,0,0,0,0,0,0,0,0,0.22019,0.21802,0.22494,0.63636,0.76088,0.66667,1,1,1,1,0,0,0.24775,1,0.94803,0,0.24546,0.75271,0.64348,1,0,0,1,1,1,1,1,1,0.72929,1,1,1,1,0.62471,1,0.92323,1,0.39538,1,0,0,0.17961,0,0,0,0,0.32419,0,0,0,0,0.20309,0,0,0,0,0,0,0,0,0,0,0,0,0,0,0,0,0,0,0,0,0,0,0.17039,0,0,0,0.24097,0,0,0,0,0,0.19341,0,0,0,0,0,0,0,0,0,0,0.19743,0.7298,1,0,0.16911,0.499,1,1,1,1,0,0,0.1717,0.37971,0.81666,0.9431,1,0.2275,0.64004,0.62643,1,0.53651,0.23099,0.24218,0.23617,0,0,0,0,0,0,0,0,0,0,0,0,0,0,0,0,0,0,0,0,0,0,0,0,0,0,0,0,0,0,0,0,0,0,0,0,0,0.69399,0.73989,0.44332,0.22002,0,0.13996,0,0,0,0,0,0,0,0,0,0,0,0,0,0,0,0,0,0,0,0,0,0,0,0,0,0,0,0,0,0,0,0,0,0,0,0,0,0,0,0,0,0,0.99999,1,0.81627,0.86467,0.7348,0.19056,0.55333,0.35518,0.21055,0,0,0,0.29229,0.3134,0.2644,0.16034,0,0,0,0,0.19184,0.19476,0.17623,0.13751,0,0,0,0,0,0,0,0,0,0,0,0,0,0,0,0,0,0,0,0,0,0,0,0,0,0,0,0,0,0,0,0,0,0,0,0,0,0,0,0,0,0,0,0,0,0,0,0,0,0,0,0,0,0,0,0,0,0,0,0,0,0,0,0,0,0,0,0,0,0,0,0,0,0,0,0,0,0,0,0,0,0,0,0,0,0,0,0,0,0,0,0,0,0,0,0,0,0,0,0,0,0,0,0,0,0,0,0,0,0,0,0,0,0,0,0,0,0,0,0,0,0,0,0,0,0,0,0,0,0,0,0,0,0,0,0,0,0,0,0,0,0,0,0,0,0,0,0,0,0,0,0,0,0,0,0,0,0,0,0,0,0,0,0,0,0,0,0,0,0,0,0,0,0,0,0,0,0,0,0,0,0,0,0,0,0,0,0,0,0,0,0,0,0,0,0,0,0,0,0,0,0,0,0,0,0,0,0,0,0,0,0,0,0,0,0,0,0,0,0,0,0,0,0
1,1,1,1,1,1,0.96399,0.4188,1,1,1,1,1,1,1,0.60378,0.24499,1,1,1,1,1,1,1,1,1,0.71154,0.76784,1,1,1,1,1,1,1,1,0.84035,1,0,0,0,0,0,0,0,0,0,0.17725,0.15877,0.15879,0.4875,0.58748,0.46522,0.92049,0.89859,1,1,0,0,0.22297,1,0.84807,0,0.22741,0.69808,0.42083,1,0,0,1,1,1,1,1,1,0.76225,1,1,1,1,0.76946,1,1,1,0.56498,1,0,0.17318,0.24058,0,0,0,0,0.35084,0,0,0,0,0.22767,0,0,0,0,0,0,0,0,0,0,0,0,0,0,0,0,0,0,0,0,0,0,0.12586,0,0,0,0.20363,0,0,0,0,0,0.16394,0,0,0,0,0,0,0,0,0,0,0.18926,0.72996,1,0,0.1699,0.51502,1,1,1,1,0,0,0.18367,0.42551,0.86284,1,1,0.25582,0.74871,0.77715,1,0.71187,0.28033,0.34184,0.3759,0,0,0,0,0,0,0,0,0,0,0,0,0,0,0,0,0,0,0,0,0,0,0,0,0,0,0,0,0,0,0,0,0,0,0.14953,0,0,0.89158,0.95519,0.66685,0.35796,0.17961,0.21525,0,0,0,0,0,0,0,0,0,0,0,0,0,0,0,0,0,0,0,0,0,0,0,0,0,0,0,0,0,0,0,0,0,0,0,0,0,0,0,0,0,0,1,1,1,1,0.98994,0.29401,0.78946,0.60601,0.37192,0.2002,0,0,0.53022,0.56326,0.51956,0.24377,0.17748,0,0,0,0.31501,0.33361,0.28374,0.22222,0,0,0,0.15322,0.12671,0,0,0,0,0,0,0,0,0,0,0,0,0,0,0,0,0,0,0,0,0,0,0,0,0,0,0,0,0,0,0,0,0,0,0,0,0,0,0,0,0,0,0,0,0,0,0,0,0,0,0,0,0,0,0,0,0,0,0,0,0,0,0,0,0,0,0,0,0,0,0,0,0,0,0,0,0,0,0,0,0,0,0,0,0,0,0,0,0,0,0,0,0,0,0,0,0,0,0,0,0,0,0,0,0,0,0,0,0,0,0,0,0,0,0,0,0,0,0,0,0,0,0,0,0,0,0,0,0,0,0,0,0,0,0,0,0,0,0,0,0,0,0,0,0,0,0,0,0,0,0,0,0,0,0,0,0,0,0,0,0,0,0,0,0,0,0,0,0,0,0,0,0,0,0,0,0,0,0,0,0,0,0,0,0,0,0,0,0,0,0,0,0,0,0,0,0,0,0,0,0,0,0,0,0,0,0,0,0,0,0,0,0,0,0,0,0,0,0
1,1,1,1,1,1,1,0.94425,1,1,1,1,1,1,1,1,0.77905,1,1,1,1,1,1,1,1,1,1,1,0.96565,1,1,1,1,1,1,1,1,1,0,0,0,0,0,0,0,0,0,0,0,0,0.22586,0.33155,0.28768,0.74932,0.60658,0.93405,1,0,0,0,0.6936,0.45032,0,0,0.24686,0.31951,1,0,0,1,1,1,1,1,1,1,1,1,1,1,1,1,1,1,0.77107,1,0.1846,0.23528,0.39187,0.31501,0,0,0,0.83642,0.28807,0,0,0,0.60283,0.22497,0,0,0.13527,0,0,0,0,0,0,0,0,0,0,0,0,0,0.20866,0,0,0,0,0.42346,0,0,0,0.66504,0.13907,0,0,0,0,0.54865,0.19083,0,0,0.3019,0,0,0,0,0,0,0,0.23971,1,0,0,0.16408,0.56798,0.68581,0.97588,1,0,0,0,0.12832,0.3226,0.4974,0.68776,0,0.23062,0.2428,0.78319,0.22609,0,0,0,0,0,0,0,0,0,0,0,0,0,0,0,0,0,0,0,0,0,0,0,0,0,0,0,0,0,0,0,0,0,0,0,0,0,0,0,0,0.37995,0.47082,0.23419,0,0,0,0,0,0,0,0,0,0,0,0,0,0,0,0,0,0,0,0,0,0,0,0,0,0,0,0,0,0,0,0,0,0,0,0,0,0,0,0,0,0,0,0,0,0.95502,0.85103,0.60549,0.76801,0.73402,0.31544,0.36042,0.43853,0.29537,0.19752,0,0,0.20351,0.2357,0.24851,0.19188,0.14174,0,0,0,0.13454,0.15862,0.16859,0.15227,0,0,0,0,0,0,0,0,0,0,0,0,0,0,0,0,0,0,0,0,0,0,0,0,0,0,0,0,0,0,0,0,0,0,0,0,0,0,0,0,0,0,0,0,0,0,0,0,0,0,0,0,0,0,0,0,0,0,0,0,0,0,0,0,0,0,0,0,0,0,0,0,0,0,0,0,0,0,0,0,0,0,0,0,0,0,0,0,0,0,0,0,0,0,0,0,0,0,0,0,0,0,0,0,0,0,0,0,0,0,0,0,0,0,0,0,0,0,0,0,0,0,0,0,0,0,0,0,0,0,0,0,0,0,0,0,0,0,0,0,0,0,0,0,0,0,0,0,0,0,0,0,0,0,0,0,0,0,0,0,0,0,0,0,0,0,0,0,0,0,0,0,0,0,0,0,0,0,0,0,0,0,0,0,0,0,0,0,0,0,0,0,0,0,0,0,0,0,0,0,0,0,0,0,0,0,0,0,0,0,0,0,0,0,0,0,0,0,0,0,0,0,0,0
1,1,1,1,1,1,1,1,1,1,1,1,1,1,1,1,1,0.83915,0.4674,0.86868,1,1,1,1,1,1,1,1,0.24764,0.98624,1,1,1,1,1,1,1,1,0,0,0,0,0,0,0,0,0,0,0,0,0,0,0,0.27332,0.17601,0.37956,0.56608,0,0,0,0.16479,0,0,0,0,0.144,0.76512,0,0,1,1,1,1,1,1,1,1,1,1,1,1,0.97048,1,1,0.98906,1,0.394,0.42918,0.58218,1,0.49369,0.16104,0,1,0.96573,0.38886,0.13961,0,1,0.80481,0.26344,0,0.48957,0.20146,0.26805,0,0,0.1519,0,0.15123,0,0,0,0,0,0.27447,0.73992,0.13552,0,0.27193,0,1,0.48143,0,0,1,0.63828,0.30052,0,0.17212,0,1,0.81289,0,0.15888,1,0.48551,0,0,0,0,0,0,0,0.33699,0,0,0,0,0.14836,0.2481,0.50294,0,0,0,0,0,0,0.15535,0,0,0,0.20039,0,0,0,0,0,0,0,0,0,0,0,0,0,0,0,0,0,0,0,0,0,0,0,0,0,0,0,0,0,0,0,0,0,0,0,0,0,0,0,0,0,0,0,0,0,0,0,0,0,0,0,0,0,0,0,0,0,0,0,0,0,0,0,0,0,0,0,0,0,0,0,0,0,0,0,0,0,0,0,0,0,0,0,0,0,0,0,0,0,0.51805,0.26309,0.1748,0.28697,0.35787,0.30504,0,0.22724,0.2196,0.18489,0.13674,0,0,0,0,0,0,0,0,0,0,0,0,0,0,0,0,0,0,0,0,0,0,0,0,0,0,0,0,0,0,0,0,0,0,0,0,0,0,0,0,0,0,0,0,0,0,0,0,0,0,0,0,0,0,0,0,0,0,0,0,0,0,0,0,0,0,0,0,0,0,0,0,0,0,0,0,0,0,0,0,0,0,0,0,0,0,0,0,0,0,0,0,0,0,0,0,0,0,0,0,0,0,0,0,0,0,0,0,0,0,0,0,0,0,0,0,0,0,0,0,0,0,0,0,0,0,0,0,0,0,0,0,0,0,0,0,0,0,0,0,0,0,0,0,0,0,0,0,0,0,0,0,0,0,0,0,0,0,0,0,0,0,0,0,0,0,0,0,0,0,0,0,0,0,0,0,0,0,0,0,0,0,0,0,0,0,0,0,0,0,0,0,0,0,0,0,0,0,0,0,0,0,0,0,0,0,0,0,0,0,0,0,0,0,0,0,0,0,0,0,0,0,0,0,0,0,0,0,0,0,0,0,0,0,0,0,0
0.69116,1,0.54949,0.92722,1,1,1,1,0.60742,0.8206,1,1,1,1,1,1,1,0.27574,0.1355,0.31237,1,1,1,1,1,1,1,1,0,0.42069,1,1,1,1,1,1,1,1,0,0,0,0,0,0,0,0,0,0,0,0,0,0,0,0,0,0.12824,0.19766,0,0,0,0,0,0,0,0,0,0.35945,0,0,0.68368,0.9692,1,1,1,1,1,0.5439,1,1,1,1,0.5337,1,1,1,1,0.58992,0.52304,0.64136,1,1,0.53838,0.27994,1,1,0.91483,0.45354,0.23707,1,1,0.75425,0.23095,0.91119,0.57005,0.64243,0.26563,0.18491,0.28866,0,0.23186,0.17701,0,0,0,0,0.5406,1,0.33793,0,0.72643,0.21484,1,0.96388,0.1917,0,1,1,0.81923,0.12582,0.55466,0.18674,1,1,0.32195,0.54116,1,1,0.42856,0,0,0,0,0,0,0,0,0,0,0,0,0,0.15706,0,0,0,0,0,0,0,0,0,0,0,0,0,0,0,0,0,0,0,0,0,0,0,0,0,0,0,0,0,0,0,0,0,0,0,0,0,0,0,0,0,0,0,0,0,0,0,0,0,0,0,0,0,0,0,0,0,0,0,0,0,0,0,0,0,0,0,0,0,0,0,0,0,0,0,0,0,0,0,0,0,0,0,0,0,0,0,0,0,0,0,0,0,0,0,0,0,0,0,0,0.21275,0,0,0.12867,0.17338,0.23995,0,0.14232,0.16254,0.15284,0.12596,0,0,0,0,0,0,0,0,0,0,0,0,0,0,0,0,0,0,0,0,0,0,0,0,0,0,0,0,0,0,0,0,0,0,0,0,0,0,0,0,0,0,0,0,0,0,0,0,0,0,0,0,0,0,0,0,0,0,0,0,0,0,0,0,0,0,0,0,0,0,0,0,0,0,0,0,0,0,0,0,0,0,0,0,0,0,0,0,0,0,0,0,0,0,0,0,0,0,0,0,0,0,0,0,0,0,0,0,0,0,0,0,0,0,0,0,0,0,0,0,0,0,0,0,0,0,0,0,0,0,0,0,0,0,0,0,0,0,0,0,0,0,0,0,0,0,0,0,0,0,0,0,0,0,0,0,0,0,0,0,0,0,0,0,0,0,0,0,0,0,0,0,0,0,0,0,0,0,0,0,0,0,0,0,0,0,0,0,0,0,0,0,0,0,0,0,0,0,0,0,0,0,0,0,0,0,0,0,0,0,0,0,0,0,0,0,0,0,0,0,0,0,0,0,0,0,0,0,0,0,0,0,0,0,0,0,0
0.27488,0.77349,0.18854,0.46714,0.97927,1,1,1,0.18989,0.30802,0.67671,1,1,1,1,1,1,0,0,0,0.51661,0.91747,1,1,1,1,1,1,0,0,0.47843,0.88629,0.84035,1,1,1,1,1,0,0,0,0,0,0,0,0,0,0,0,0,0,0,0,0,0,0,0,0,0,0,0,0,0,0,0,0,0.13797,0,0,0.21242,0.42657,0.74235,1,1,1,1,0.17662,0.70909,0.82917,1,1,0.18731,1,1,0.9632,0.99024,0.67239,0.5009,0.57948,1,1,1,0.82415,1,1,1,0.96605,0.73062,1,1,1,0.67556,1,0.98361,0.93325,0.61675,0.42712,0.53923,0.23331,0.34331,0.25316,0.17947,0.13023,0.16089,0,0.70401,1,0.71261,0,1,0.58445,1,1,0.55588,0.17578,1,1,1,0.39022,1,0.58835,1,1,0.87373,1,1,1,0.986,0,0.17578,0,0,0,0,0,0,0,0,0,0,0,0,0,0,0,0,0,0,0,0,0,0,0,0,0,0,0,0,0,0,0,0,0,0,0,0,0,0,0,0,0,0,0,0,0,0,0,0,0,0,0,0,0,0,0,0,0,0,0,0,0,0,0,0,0,0,0,0,0,0,0,0,0,0,0,0,0,0,0,0,0,0,0,0,0,0,0,0,0,0,0,0,0,0,0,0,0,0,0,0,0,0,0,0,0,0,0,0,0,0,0,0,0,0,0,0,0,0.17918,0,0,0,0,0,0,0,0,0,0,0,0,0,0,0,0,0,0,0,0,0,0,0,0,0,0,0,0,0,0,0,0,0,0,0,0,0,0,0,0,0,0,0,0,0,0,0,0,0,0,0,0,0,0,0,0,0,0,0,0,0,0,0,0,0,0,0,0,0,0,0,0,0,0,0,0,0,0,0,0,0,0,0,0,0,0,0,0,0,0,0,0,0,0,0,0,0,0,0,0,0,0,0,0,0,0,0,0,0,0,0,0,0,0,0,0,0,0,0,0,0,0,0,0,0,0,0,0,0,0,0,0,0,0,0,0,0,0,0,0,0,0,0,0,0,0,0,0,0,0,0,0,0,0,0,0,0,0,0,0,0,0,0,0,0,0,0,0,0,0,0,0,0,0,0,0,0,0,0,0,0,0,0,0,0,0,0,0,0,0,0,0,0,0,0,0,0,0,0,0,0,0,0,0,0,0,0,0,0,0,0,0,0,0,0,0,0,0,0,0,0,0,0,0,0,0,0,0,0,0,0,0,0,0,0,0,0,0,0,0,0,0
1,1,1,1,1,1,1,1,1,1,1,1,1,1,1,1,1,0.34707,0.37797,0.79434,1,1,1,1,1,1,1,1,0.21263,0.60508,1,1,1,1,1,1,1,1,0,0,0,0.17622,0.15783,0,0,0,0,0,0.19906,0.33864,0.23787,0.51679,0.74201,1,0.59875,0.95434,1,0,0,0,0.19485,0.20397,0,0,0,1,1,0,0,0.42824,0.59296,0.84983,0.79358,0.79978,0.41071,0.55018,0.16427,0.27582,0.14475,0.23529,0,0,0,1,0,0.55022,0,0,0,0.21877,0,0,0,0.29513,0.13123,0,0,0,0,0,0,0,0,0,0,0,0,0,0,0,0,0,0,0,0,0,1,0.40002,0,0.6046,0.1598,1,0.64278,0,0,1,0.54213,0.2986,0,0.13982,0,0.96806,0.35769,0,0,0.39703,0.13213,0,0,0,0,0,0,0,0,0,0,0,0,0,0,0,0,0,0,0,0,0,0,0,0,0,0,0,0,0,0,0,0,0,0,0,0,0,0,0,0,0,0,0,0,0,0,0,0,0,0,0,0,0,0,0,0,0,0,0,0,0,0,0,0,0,0,0,0,0,0,0,0,0,0,0,0,0,0,0,0,0,0,0,0,0,0,0,0,0,0,0,0,0,0,0,0,0,0,0,0,0,0,0,0,0,0,0,0,0,0,0,0,0,0,0,0,0,0,0,0,0,0,0,0,0,0,0,0,0,0,0,0,0,0,0,0,0,0,0,0,0,0,0,0,0,0,0,0,0,0,0,0,0,0,0,0,0,0,0,0,0,0,0,0,0,0,0,0,0,0,0,0,0,0,0,0,0,0,0,0,0,0,0,0,0,0,0,0,0,0,0,0,0,0,0,0,0,0,0,0,0,0,0,0,0,0,0,0,0,0,0,0,0,0,0,0,0,0,0,0,0,0,0,0,0,0,0,0,0,0,0,0,0,0,0,0,0,0,0,0,0,0,0,0,0,0,0,0,0,0,0,0,0,0,0,0,0,0,0,0,0,0,0,0,0,0,0,0,0,0,0,0,0,0,0,0,0,0,0,0,0,0,0,0,0,0,0,0,0,0,0,0,0,0,0,0,0,0,0,0,0,0,0,0,0,0,0,0,0,0,0,0,0,0,0,0,0,0,0,0,0,0,0,0,0,0,0,0,0,0,0,0,0,0,0,0,0,0,0,0,0,0,0,0,0,0,0,0,0,0,0,0,0,0,0,0,0,0,0,0,0,0,0
0.40619,0.13138,0.46261,0.21959,0,0,0,0,0.16875,0.19462,0,0,0,0,0,0,0,0,0.13072,0,0,0,0,0,0,0,0,0,0,0,0,0,0,0,0,0,0,0,1,1,1,1,1,1,1,1,1,1,1,1,1,1,1,1,1,0.87341,0.82611,0.29903,0.64461,0.71453,0.24704,0.71424,0.41859,0.46816,0.37519,1,0.73382,1,0.23448,0,0,0,0,0,0,0,0,0,0,0,0,0,0,0,0,0,0,0,0,0,0,0,0,0,0,0,0,0,0,0,0,0,0,0,0,0,0,0,0,0,0,0,0,0,0,0,0,0,0,0,0,0,0,0,0,0,0,0,0,0,0,0,0,0,0,0,0,0,0,0,0,0.1656,0.20171,0,0,0,0,0,0,0,0,0,0,0,0,0,0,0,0,0,0,0,0,0,0,0,0,0,0,0,0,0,0,0,0,0,0,0,0,0,0,0,0,0,0,0,0,0,0,0,0,0,0,0,0,0,0,0,0,0,0,0,0,0,0,0,0,0,0,0,0,0,0,0,0,0,0,0,0,0,0,0,0,0,0,0,0,0,0,0,0,0,0,0,0,0,0,0,0,0,0,0,0,0,0,0,0,0,0,0,0,0,0,0,0,0,0,0,0,0,0,0,0,0,0,0,0,0,0,0,0,0,0,0,0,0,0,0,0,0,0,0,0,0,0,0,0,0,0,0,0,0,0,0,0,0,0,0,0,0,0,0,0,0,0,0,0,0,0,0,0,0,0,0,0,0,0,0,0,0,0,0,0,0,0,0,0.58812,1,0,0,0,0,0.1592,0.13448,0.18804,0.63918,1,1,1,1,0,0,0.38694,0,0,0,0,0,0,0,0,0,0,0,0,0,0,0,0.13176,0,0,0.1443,0,0,0,0,0,0,0,0,0,0,0,0,0,0,0,0,0,0,0,0,0,0,0,0,0,0,0,0,0,0,0,0,0,0,0,0,0,0,0,0,0,0,0,0,0,0,0,0,0,0,0,0,0,0,0,0,0,0,0,0,0,0.60527,0.79645,1,0.99101,1,1,1,1,1,0,0,0,0,0.24278,0.65259,1,1,1,1,0,0,0,0,0,0.22063,0.5417,0.99784,1,0,0,0,0,0,0,0.22602,0,0,0,0,0,0,0,0,0,0,0.17135,0,0,1,1,0,0,0,0,0.22261,0.55092,0.98559,1,0,0,0.19619,0.20343,0.45093,1,1,1,1,1,1,1,0,0.65138,0,0,0,0.51734,0.74759
0,0,0,0,0,0,0,0,0,0,0,0,0,0,0,0,0,0,0,0,0,0,0,0,0,0,0,0,0,0,0,0,0,0,0,0,0,0,1,1,1,1,1,1,1,1,1,1,1,1,0.84426,0.82106,0.91143,0.45106,0.48824,0.24325,0.21082,0.59283,0.64045,0.46863,0,0.26565,0.43443,0.2471,0.17393,0.79573,0.15586,1,0.47038,0,0,0,0,0,0,0,0,0,0,0,0,0,0,0,0,0,0,0,0,0,0,0,0,0,0,0,0,0,0,0,0,0,0,0,0,0,0,0,0,0,0,0,0,0,0,0,0,0,0,0,0,0,0,0,0,0,0,0,0,0,0,0,0,0,0,0,0,0,0,0,0,0.16951,0.14172,0,0,0,0,0,0,0,0,0,0,0,0,0,0,0,0,0,0,0,0,0,0,0,0,0,0,0,0,0,0,0,0,0,0,0,0,0,0,0,0,0,0,0,0,0,0,0,0,0,0,0,0,0,0,0,0,0,0,0,0.15325,0.13077,0,0,0,0,0,0,0,0,0,0,0,0,0,0,0,0,0,0,0,0,0,0,0,0,0,0,0,0,0,0,0,0,0,0,0,0,0,0,0,0,0,0,0,0,0,0,0,0,0,0,0,0,0,0,0,0,0,0,0,0,0,0,0,0,0,0,0,0,0,0,0,0,0,0,0,0,0,0,0,0,0,0,0,0,0,0,0,0,0,0,0,0,0,0,0,0,0,0,0,0,0,0,0,0,0,0,0,0,0,0,0,0,0,0,0,0,0,0,0,0,0,0,0.57738,1,0,0,0,0,0.22926,0.18282,0.22079,0.96462,1,1,1,1,0,0.15461,0.80217,0,0,0,0,0,0,0,0,0,0,0,0,0,0,0,0.29302,0,0.19199,0.45104,0,0,0,0,0,0,0,0,0,0,0,0,0,0,0,0,0,0,0,0,0,0,0,0,0,0,0,0,0,0,0,0,0,0,0,0,0,0,0,0,0,0,0,0,0,0,0,0,0,0,0,0,0,0,0,0,0,0,0,0,0,1,1,1,1,1,1,1,1,1,0,0,0.22863,0.5765,1,1,1,1,1,1,0,0,0,0.22649,0.52684,0.97887,1,1,1,0.20259,0.17986,0,0,0,0.50037,0.84022,0.45428,0.14594,0.22586,0,0,0,0,0,0,0,0.77651,0,0.24096,1,1,0,0,0,0.46103,0.77111,1,1,1,0,0,0.6063,0.56531,0.83835,1,1,1,1,1,1,1,0,0.98746,0,0,0.16209,1,1
0,0,0,0,0,0,0,0,0,0,0,0,0,0,0,0,0,0,0,0,0,0,0,0,0,0,0,0,0,0,0,0,0,0,0,0,0,0,1,1,1,1,1,1,1,1,1,1,1,1,1,0.976,1,0.56284,0.65668,0.37585,0.25405,0.88199,0.93162,0.72996,0.17163,0.48221,0.72758,0.50782,0.26507,0.85435,0.18009,1,0.76158,0,0,0,0,0,0,0,0,0,0,0,0,0,0,0,0,0,0,0,0,0,0,0,0,0,0,0,0,0,0,0,0,0,0,0,0,0,0,0,0,0,0,0,0,0,0,0,0,0,0,0,0,0,0,0,0,0,0,0,0,0,0,0,0,0,0,0,0,0,0,0,0.16057,0.30237,0.2336,0,0,0,0.12577,0,0,0,0,0,0,0,0,0,0,0,0,0,0,0,0,0,0,0,0,0,0,0,0,0,0,0,0,0,0,0,0,0,0,0,0,0,0,0,0.14268,0,0,0,0,0,0.1411,0,0,0,0,0,0,0,0,0,0.24305,0.2238,0,0,0,0,0,0,0,0,0,0,0,0,0,0,0,0,0,0,0,0,0,0,0,0,0,0,0,0,0,0,0,0,0,0,0,0,0,0,0,0,0,0,0,0,0,0,0,0,0,0,0,0,0,0,0,0,0,0,0,0,0,0,0,0,0,0,0,0,0,0,0,0,0,0,0,0,0,0,0,0,0,0,0,0,0,0,0,0,0,0,0,0,0,0,0,0,0,0,0,0,0,0,0,0,0,0,0,0,0,0,0,0,0,0,0,0,0,0,0,0,0,0,0.28384,1,0,0,0,0,0.13143,0,0,0.67743,0.97574,0.85953,1,1,0,0,0.5278,0,0,0,0,0,0,0,0,0,0,0,0,0,0,0,0.1729,0,0,0.23367,0,0,0,0,0,0,0,0,0,0,0,0,0,0,0,0,0,0,0,0,0,0,0,0,0,0,0,0,0,0,0,0,0,0,0,0,0,0,0,0,0,0,0,0,0,0,0,0,0,0,0,0,0,0,0,0,0,0,0,0,0,0.96652,1,1,1,1,1,1,1,1,0,0,0.20454,0.51953,0.94309,1,1,1,1,1,0,0,0,0.22054,0.5142,0.97196,1,1,1,0.21106,0.19634,0,0.14,0,0.40958,0.63877,0.29926,0,0.17782,0,0,0,0,0,0,0.16651,0.88765,0,0.40457,1,1,0,0,0,0.66492,0.98809,1,1,1,0,0,0.85327,0.82862,1,1,1,1,1,1,1,1,0,1,0.16768,0.12896,0.23198,1,1
1,0.51059,1,0.75504,0.31413,0,0,0,0.51911,0.64132,0.38886,0.15451,0,0,0,0,0,0,0.28916,0.32873,0.1451,0.12772,0,0,0,0,0,0,0.2411,0,0,0,0,0,0,0,0,0.17622,1,1,1,1,1,1,1,1,1,1,1,1,1,1,1,1,1,1,1,0.18353,0.58936,0.84583,0.56915,1,0.36172,0.5985,0.61638,1,1,1,0.1591,0,0,0,0,0,0,0,0,0,0,0,0,0,0,0,0,0,0,0,0,0,0,0,0,0,0,0,0,0,0,0,0,0,0,0,0,0,0,0,0,0,0,0,0,0,0,0,0,0,0,0,0,0,0,0,0,0,0,0,0,0,0,0,0,0,0,0,0,0,0,0,0,0.15434,0.23843,0.19073,0,0,0,0,0.15219,0,0,0,0,0,0,0,0,0,0,0,0,0,0,0,0,0,0,0,0,0,0,0,0,0,0,0,0,0,0,0,0,0,0,0,0,0,0,0,0,0,0,0,0,0,0,0,0,0,0,0,0,0,0,0,0,0,0,0,0,0,0,0,0,0,0,0,0,0,0,0,0,0,0,0,0,0,0,0,0,0,0,0,0,0,0,0,0,0,0,0,0,0,0,0,0,0,0,0,0,0,0,0,0,0,0,0,0,0,0,0,0,0,0,0,0,0,0,0,0,0,0,0,0,0,0,0,0,0,0,0,0,0,0,0,0,0,0,0,0,0,0,0,0,0,0,0,0,0,0,0,0,0,0,0,0,0,0,0,0,0,0,0,0,0,0,0,0,0,0,0,0,0,0,0,0,0,0.33405,1,0,0,0,0,0,0,0,0.22984,0.66162,0.68498,1,0.53022,0,0,0.13386,0,0,0,0,0,0,0,0,0,0,0,0,0,0,0,0,0,0,0,0,0,0,0,0,0,0,0,0,0,0,0,0,0,0,0,0,0,0,0,0,0,0,0,0,0,0,0,0,0,0,0,0,0,0,0,0,0,0,0,0,0,0,0,0,0,0,0,0,0,0,0,0,0,0,0,0,0,0,0,0,0.18035,0.24591,1,0.38623,0.75035,1,1,1,1,0,0,0,0,0,0.17853,0.42677,0.98573,0.45016,1,0,0,0,0,0,0,0.14609,0.39834,0.95403,0,0,0,0,0,0,0,0,0,0,0,0,0,0,0,0,0,0,0,0,0.50701,0.4473,0,0,0,0,0,0.19345,0.53386,1,0,0,0,0,0.2113,1,1,0.78735,1,1,1,1,0,0.35862,0,0,0,0.19606,0.3281
1,0.47447,1,0.80982,0.31678,0,0,0,0.70956,0.77362,0.48545,0.16738,0,0,0,0,0,0.13324,0.57471,0.57131,0.20329,0.16968,0,0,0,0,0,0,0.52944,0.20184,0,0,0,0,0,0,0,0.15783,1,1,1,1,1,1,1,1,1,1,1,1,1,1,1,1,1,1,1,0.39595,0.97096,1,0.89243,1,0.74376,0.97765,0.97226,1,1,1,0.32972,0,0,0,0,0,0,0,0,0,0,0,0,0,0,0,0,0,0,0,0,0,0,0,0,0,0,0,0,0,0,0,0,0,0,0,0,0,0,0,0,0,0,0,0,0,0,0,0,0,0,0,0,0,0,0,0,0,0,0,0,0,0,0,0,0,0,0,0,0,0,0,0.13615,0.3474,0.59598,0.42776,0,0.17584,0.25209,0.24424,0.29181,0.14263,0,0,0,0,0,0.1294,0.16734,0,0,0,0,0,0,0,0,0,0,0,0,0,0,0,0,0,0,0,0,0,0,0,0,0,0,0,0,0,0,0,0,0,0,0,0,0,0,0.13696,0,0,0,0,0,0,0,0,0,0,0,0,0,0,0,0,0,0,0,0,0,0,0,0,0,0,0,0,0,0,0,0,0,0,0,0,0,0,0,0,0,0,0,0,0,0,0,0,0,0,0,0,0,0,0,0,0,0,0,0,0,0,0,0,0,0,0,0,0,0,0,0,0,0,0,0,0,0,0,0,0,0,0,0,0,0,0,0,0,0,0,0,0,0,0,0,0,0,0,0,0,0,0,0,0,0,0,0,0,0,0,0,0,0,0,0,0,0,0,0,0,0,0,0,0,0,0,0,0,0,0.16906,1,0,0,0,0,0,0,0,0.15095,0.40153,0.40018,0.79796,0.31846,0,0,0,0,0,0,0,0,0,0,0,0,0,0,0,0,0,0,0,0,0,0,0,0,0,0,0,0,0,0,0,0,0,0,0,0,0,0,0,0,0,0,0,0,0,0,0,0,0,0,0,0,0,0,0,0,0,0,0,0,0,0,0,0,0,0,0,0,0,0,0,0,0,0,0,0,0,0,0,0,0,0,0,0.13495,0.19815,0.85904,0.32014,0.64517,1,1,1,1,0,0,0,0,0,0.1788,0.40941,0.95875,0.47615,1,0,0,0,0,0,0,0.17205,0.48097,1,0,0,0,0,0,0,0,0,0,0,0,0,0,0,0,0,0,0,0,0,0.68594,0.5855,0,0,0,0,0.15884,0.31673,0.7772,1,0,0,0.16294,0.19013,0.45407,1,1,1,1,1,1,1,0,0.68614,0,0,0,0.3523,0.59511
0,0,0.17667,0,0,0,0,0,0,0,0,0,0,0,0,0,0,0,0,0,0,0,0,0,0,0,0,0,0.13748,0,0,0,0,0,0,0,0,0,1,1,1,1,1,1,1,1,1,1,1,1,1,1,1,0.76292,0.91315,0.61257,0.46712,1,1,1,0.32089,0.78306,1,0.84116,0.58623,0.99343,0.23476,1,1,0,0,0,0,0,0,0,0,0,0,0,0,0,0,0,0,0,0,0,0,0,0,0,0,0,0,0,0,0,0,0,0,0,0,0,0,0,0,0,0,0,0,0,0,0,0,0,0,0,0,0,0,0,0,0,0,0,0,0,0,0,0,0,0,0,0,0,0,0,0,0,0.29856,0.63027,0.53676,0.19897,0,0.19817,0.23787,0.16399,0,0,0,0,0.15643,0,0,0,0,0,0,0,0,0,0,0,0,0,0,0,0,0,0,0,0,0,0,0,0,0,0,0,0,0,0,0,0,0.13746,0.21279,0,0,0,0.12899,0,0.23079,0,0,0.22019,0,0,0,0,0,0,0.45206,0.41714,0,0,0,0,0,0,0,0,0,0,0,0,0,0,0,0,0,0,0,0,0,0,0,0,0,0,0,0,0,0,0,0,0,0,0,0,0,0,0,0,0,0,0,0,0,0,0,0,0,0,0,0,0,0,0,0,0,0,0,0,0,0,0,0,0,0,0,0,0,0,0,0,0,0,0,0,0,0,0,0,0,0,0,0,0,0,0,0,0,0,0,0,0,0,0,0,0,0,0,0,0,0,0,0,0,0,0,0,0,0,0,0,0,0,0,0,0,0,0,0,0,0,0.16097,1,0,0,0,0,0,0,0,0.34313,0.65174,0.54471,0.86974,0.76528,0,0,0.23051,0,0,0,0,0,0,0,0,0,0,0,0,0,0,0,0,0,0,0,0,0,0,0,0,0,0,0,0,0,0,0,0,0,0,0,0,0,0,0,0,0,0,0,0,0,0,0,0,0,0,0,0,0,0,0,0,0,0,0,0,0,0,0,0,0,0,0,0,0,0,0,0,0,0,0,0,0,0,0,0,0.64071,0.7937,1,1,1,1,1,1,1,0,0,0.13355,0.31662,0.71229,1,1,1,1,1,0,0,0,0.16603,0.35221,0.80937,1,1,1,0.17113,0.16516,0,0,0,0.22628,0.32957,0.1735,0,0,0,0,0,0,0,0,0.16695,0.8552,0,0.47406,1,1,0,0,0.16159,0.76492,1,1,1,1,0,0.13686,1,1,1,1,1,1,1,1,1,1,0,1,0.22276,0.19211,0.31019,1,1
0.17461,0,0.32585,0.13856,0,0,0,0,0.21409,0.18192,0,0,0,0,0,0,0,0,0.36906,0.22996,0,0,0,0,0,0,0,0,0.4295,0,0,0,0,0,0,0,0,0,1,1,1,1,1,1,1,1,1,1,1,1,1,1,1,1,1,0.97791,0.78686,1,1,1,0.84003,1,1,1,1,1,0.43312,1,1,0,0,0,0,0,0,0,0,0,0,0,0,0,0,0,0,0,0,0,0,0,0,0,0,0,0,0,0,0,0,0,0,0,0,0,0,0,0,0,0,0,0,0,0,0,0,0,0,0,0,0,0,0,0,0,0,0,0,0,0,0,0,0,0,0,0,0,0,0,0,0,0.82486,1,1,0.66293,0,0.66996,0.79411,0.56729,0.38822,0.16459,0,0,0.53297,0.36624,0.368,0.25296,0.2345,0,0,0.13947,0,0,0,0,0,0,0,0,0,0.21638,0.19038,0,0,0,0,0,0,0,0,0,0,0,0,0,0,0.24499,0.42623,0,0,0,0.24755,0,0.60636,0,0,0.71463,0.26262,0,0,0,0,0,0.75909,0.77482,0,0,0,0,0,0,0,0,0,0,0,0,0,0,0,0,0,0,0,0,0,0,0,0,0,0,0,0,0,0,0,0,0,0,0,0,0,0,0,0,0,0,0,0,0,0,0,0,0,0,0,0,0,0,0,0,0,0,0,0,0,0,0,0,0,0,0,0,0,0,0,0,0,0,0,0,0,0,0,0,0,0,0,0,0,0,0,0,0,0,0,0,0,0,0,0,0,0,0,0,0,0,0,0,0,0,0,0,0,0,0,0,0,0,0,0,0,0,0,0,0,0,0,0.58088,0,0,0,0,0,0,0,0,0.19676,0.16545,0.33852,0.22918,0,0,0,0,0,0,0,0,0,0,0,0,0,0,0,0,0,0,0,0,0,0,0,0,0,0,0,0,0,0,0,0,0,0,0,0,0,0,0,0,0,0,0,0,0,0,0,0,0,0,0,0,0,0,0,0,0,0,0,0,0,0,0,0,0,0,0,0,0,0,0,0,0,0,0,0,0,0,0,0,0,0,0,0.18985,0.23937,0.7786,0.66846,0.82592,1,1,1,1,0,0,0,0.13413,0.25516,0.62097,0.89958,1,1,1,0,0,0,0,0.16484,0.44083,0.826,1,1,0,0,0,0,0,0,0,0,0,0,0,0,0,0,0,0,0.13456,0.67638,0,0.48087,1,1,0,0,0.20429,0.81597,1,1,1,1,0,0.19687,1,1,1,1,1,1,1,1,1,1,0,1,0.36405,0.32266,0.40401,1,1
0.36781,0,0.64291,0.24774,0,0,0,0,0.40767,0.34366,0.16786,0,0,0,0,0,0,0,0.55,0.41269,0,0,0,0,0,0,0,0,0.58275,0.16106,0,0,0,0,0,0,0,0,1,1,1,1,1,1,1,1,1,1,1,1,1,1,1,1,1,1,1,1,1,1,0.98932,1,1,1,1,1,0.77226,1,1,0,0,0,0,0,0,0,0,0,0,0,0,0,0,0,0,0,0,0,0,0,0,0,0,0,0,0,0,0,0,0,0,0,0,0,0,0,0,0,0,0,0,0,0,0,0,0,0,0,0,0,0,0,0,0,0,0,0,0,0,0,0,0,0,0,0,0,0,0,0,0,0.63021,1,1,0.72013,0,0.58432,0.74812,0.58977,0.48337,0.19721,0,0,0.40854,0.28014,0.32869,0.25994,0.2629,0,0,0.13617,0,0,0,0,0,0,0,0,0,0.1399,0,0,0,0,0,0,0,0,0,0,0,0,0,0,0,0.13706,0.197,0,0,0,0.14367,0,0.31978,0,0,0.56616,0.20462,0,0,0,0,0,0.42734,0.4603,0,0,0,0,0,0,0,0,0,0,0,0,0,0,0,0,0,0,0,0,0,0,0,0,0,0,0,0,0,0,0,0,0,0,0,0,0,0,0,0,0,0,0,0,0,0,0,0,0,0,0,0,0,0,0,0,0,0,0,0,0,0,0,0,0,0,0,0,0,0,0,0,0,0,0,0,0,0,0,0,0,0,0,0,0,0,0,0,0,0,0,0,0,0,0,0,0,0,0,0,0,0,0,0,0,0,0,0,0,0,0,0,0,0,0,0,0,0,0,0,0,0,0,0.7428,0,0,0,0,0,0,0,0,0.22061,0.19789,0.4578,0.23572,0,0,0,0,0,0,0,0,0,0,0,0,0,0,0,0,0,0,0,0,0,0,0,0,0,0,0,0,0,0,0,0,0,0,0,0,0,0,0,0,0,0,0,0,0,0,0,0,0,0,0,0,0,0,0,0,0,0,0,0,0,0,0,0,0,0,0,0,0,0,0,0,0,0,0,0,0,0,0,0,0,0,0,0.16603,0.22048,0.79581,0.55072,0.76404,1,1,1,1,0,0,0,0,0.18075,0.42856,0.74176,1,0.89733,1,0,0,0,0,0,0.22525,0.56623,1,1,0,0,0,0,0,0,0,0,0,0,0,0,0,0,0,0,0,0.3454,0,0.20702,1,1,0,0,0,0.45449,0.80833,1,1,1,0,0,0.84617,0.93383,1,1,1,1,1,1,1,1,0,1,0.17018,0.15934,0.18079,1,1
0.19708,0,0.28904,0.1393,0,0,0,0,0.1599,0.15286,0,0,0,0,0,0,0,0,0.18736,0.14933,0,0,0,0,0,0,0,0,0.19508,0,0,0,0,0,0,0,0,0,1,1,1,1,1,1,1,1,1,1,1,1,1,1,1,1,1,0.85229,0.71952,1,1,1,0.48971,0.95963,1,0.93122,0.72313,1,0.47305,1,0.92214,0,0,0,0,0,0,0,0,0,0,0,0,0,0,0,0,0,0,0,0,0,0,0,0,0,0,0,0,0,0,0,0,0,0,0,0,0,0,0,0,0,0,0,0,0,0,0,0,0,0,0,0,0,0,0,0,0,0,0,0,0,0,0,0,0,0,0,0,0,0,0,0.25446,0.61795,0.60335,0.23834,0,0.20848,0.27023,0.19661,0.15903,0,0,0,0.15784,0,0,0,0,0,0,0,0,0,0,0,0,0,0,0,0,0,0,0,0,0,0,0,0,0,0,0,0,0,0,0,0,0,0.15192,0,0,0,0,0,0.18917,0,0,0.21641,0,0,0,0,0,0,0.2781,0.26471,0,0,0,0,0,0,0,0,0,0,0,0,0,0,0,0,0,0,0,0,0,0,0,0,0,0,0,0,0,0,0,0,0,0,0,0,0,0,0,0,0,0,0,0,0,0,0,0,0,0,0,0,0,0,0,0,0,0,0,0,0,0,0,0,0,0,0,0,0,0,0,0,0,0,0,0,0,0,0,0,0,0,0,0,0,0,0,0,0,0,0,0,0,0,0,0,0,0,0,0,0,0,0,0,0,0,0,0,0,0,0,0,0,0,0,0,0,0,0,0,0,0,0.17487,1,0,0,0,0,0,0,0,0.29112,0.63922,0.55575,0.90465,0.7054,0,0,0.20317,0,0,0,0,0,0,0,0,0,0,0,0,0,0,0,0,0,0,0,0,0,0,0,0,0,0,0,0,0,0,0,0,0,0,0,0,0,0,0,0,0,0,0,0,0,0,0,0,0,0,0,0,0,0,0,0,0,0,0,0,0,0,0,0,0,0,0,0,0,0,0,0,0,0,0,0,0,0,0,0,0.50256,0.66735,1,1,1,1,1,1,1,0,0,0,0.18861,0.47475,0.87562,1,1,1,1,0,0,0,0,0.1961,0.54619,0.93867,1,1,0,0,0,0,0,0.1469,0.21992,0,0,0,0,0,0,0,0,0,0,0.58014,0,0.2392,1,1,0,0,0,0.51771,0.86217,1,1,1,0,0,0.81085,0.84166,1,1,1,1,1,1,1,1,0,1,0.15154,0.12618,0.1901,1,1
0.76058,0.22804,1,0.75624,0.22213,0,0,0,1,0.99514,0.62619,0.16802,0,0,0,0,0,0.74206,1,1,0.58514,0.31375,0.1731,0,0,0,0,0,1,0.867,0.40063,0.22019,0.17725,0,0,0,0,0,1,1,1,1,1,1,1,1,1,1,1,1,1,1,1,1,1,1,1,1,1,1,1,1,1,1,1,1,1,1,1,0.23047,0.16532,0.1274,0,0,0,0,0,0,0,0,0,0,0,0,0,0,0,0,0,0,0,0,0,0,0,0,0,0,0,0,0,0,0,0,0,0,0,0,0,0,0,0,0,0,0,0,0,0,0,0,0,0,0,0,0,0,0,0,0,0,0,0,0,0,0,0,0,0,0,0,1,1,1,1,0.77332,1,1,1,1,1,0.57426,0.20078,1,1,1,1,1,0.58516,0.37255,0.78147,0.53918,0.1943,0.13525,0,0.62499,0.31774,0,0,0,0.33891,0.35783,0.24807,0.18096,0.14807,0,0,0,0,0,0,0,0,0,0,0,0.15186,0.18618,0,0,0,0.17913,0,0.5147,0,0,1,0.73974,0.30046,0,0.21666,0.28477,0.18575,0.39737,0.52134,0,0,0,0,0,0,0,0,0,0,0,0,0,0,0,0,0,0,0,0,0,0,0,0,0,0,0,0,0,0,0,0,0,0,0,0,0,0,0,0,0,0,0,0,0,0,0,0,0,0,0,0,0,0,0,0,0,0,0,0,0,0,0,0,0,0,0,0,0,0,0,0,0,0,0,0,0,0,0,0,0,0,0,0,0,0,0,0,0,0,0,0,0,0,0,0,0,0,0,0,0,0,0,0,0,0,0,0,0,0,0,0,0,0,0,0,0,0,0,0,0,0,0,0.14738,0,0,0,0,0,0,0,0,0,0,0,0,0,0,0,0,0,0,0,0,0,0,0,0,0,0,0,0,0,0,0,0,0,0,0,0,0,0,0,0,0,0,0,0,0,0,0,0,0,0,0,0,0,0,0,0,0,0,0,0,0,0,0,0,0,0,0,0,0,0,0,0,0,0,0,0,0,0,0,0,0,0,0,0,0,0,0,0,0,0,0,0,0,0,0,0,0,0,0,0,0.22103,0.29814,0.61166,0.40459,0,0,0,0,0,0,0,0.28802,0.16775,0.48442,0,0,0,0,0,0,0,0.22585,0.66769,0,0,0,0,0,0,0,0,0,0,0,0,0,0,0,0,0,0,0,0,0.68613,0.45249,0,0,0,0.1836,0.39261,0.60544,1,1,0,0,0.56981,0.74699,1,1,1,1,1,1,1,1,0,1,0,0.12814,0,0.76438,0.9878
1,0.61132,1,1,0.51772,0,0,0,1,1,0.81826,0.26498,0,0,0,0,0,0.44568,1,1,0.55638,0.39396,0.22213,0.12536,0,0,0,0,1,0.63483,0.29862,0.21802,0.15877,0,0,0,0,0.19906,1,1,1,1,1,1,1,1,1,1,1,1,1,1,1,1,1,1,1,0.67188,1,1,1,1,1,1,1,1,1,1,0.63186,0.15307,0,0,0,0,0,0,0,0,0,0,0,0,0,0,0,0,0,0,0,0,0,0,0,0,0,0,0,0,0,0,0,0,0,0,0,0,0,0,0,0,0,0,0,0,0,0,0,0,0,0,0,0,0,0,0,0,0,0,0,0,0,0,0,0,0,0,0,0,0,0,0.35867,0.81757,1,1,0.34627,0.56588,0.80794,0.81791,0.88392,0.51753,0.20846,0,0.31224,0.27934,0.43238,0.47319,0.59479,0.18035,0,0.20024,0.14802,0,0,0,0.15182,0,0,0,0,0,0,0,0,0,0,0,0,0,0,0,0,0,0,0,0,0,0,0,0,0,0,0,0,0,0,0.40512,0.15872,0,0,0,0,0,0,0.13197,0,0,0,0,0,0,0,0,0,0,0,0,0,0,0,0,0,0,0,0,0,0,0,0,0,0,0,0,0,0,0,0,0,0,0,0,0,0,0,0,0,0,0,0,0,0,0,0,0,0,0,0,0,0,0,0,0,0,0,0,0,0,0,0,0,0,0,0,0,0,0,0,0,0,0,0,0,0,0,0,0,0,0,0,0,0,0,0,0,0,0,0,0,0,0,0,0,0,0,0,0,0,0,0,0,0,0,0,0,0,0,0,0,0,0,0,0,0,0,0,0,0,0,0.5801,0,0,0,0,0,0,0,0,0,0,0.23727,0,0,0,0,0,0,0,0,0,0,0,0,0,0,0,0,0,0,0,0,0,0,0,0,0,0,0,0,0,0,0,0,0,0,0,0,0,0,0,0,0,0,0,0,0,0,0,0,0,0,0,0,0,0,0,0,0,0,0,0,0,0,0,0,0,0,0,0,0,0,0,0,0,0,0,0,0,0,0,0,0,0,0,0,0,0,0.33022,0.13067,0.22492,0.55922,0.67017,1,0.94944,0,0,0,0,0,0,0.17695,0.55584,0.21545,0.69228,0,0,0,0,0,0,0,0.24142,0.76944,0,0,0,0,0,0,0,0,0,0,0,0,0,0,0,0,0,0,0,0,0.56981,0.40661,0,0,0,0,0.17675,0.32014,0.77825,1,0,0,0.20647,0.24923,0.65071,1,1,1,1,1,1,1,0,0.89694,0,0,0,0.41306,0.65422
1,0.84798,1,1,0.71571,0.17142,0,0,1,1,0.92254,0.42069,0.13751,0,0,0,0,0.31718,0.9753,0.99992,0.5553,0.45282,0.26512,0.16992,0,0,0,0,0.90965,0.53179,0.26819,0.22494,0.15879,0,0,0,0,0.33864,1,1,1,1,1,1,1,1,1,1,1,1,1,1,1,1,1,1,1,0.30845,1,1,1,1,0.80249,1,1,1,1,1,0.26288,0,0,0,0,0,0,0,0,0,0,0,0,0,0,0,0,0,0,0,0,0,0,0,0,0,0,0,0,0,0,0,0,0,0,0,0,0,0,0,0,0,0,0,0,0,0,0,0,0,0,0,0,0,0,0,0,0,0,0,0,0,0,0,0,0,0,0,0,0,0,0,0.15924,0.43816,0.79614,0.72606,0.21936,0.23572,0.45983,0.50839,0.63205,0.28407,0.14356,0,0.14825,0.14189,0.19912,0.22161,0.32234,0,0,0,0,0,0,0,0,0,0,0,0,0,0,0,0,0,0,0,0,0,0,0,0,0,0,0,0,0,0,0,0,0,0,0,0,0,0,0.17686,0,0,0,0,0,0,0,0,0,0,0,0,0,0,0,0,0,0,0,0,0,0,0,0,0,0,0,0,0,0,0,0,0,0,0,0,0,0,0,0,0,0,0,0,0,0,0,0,0,0,0,0,0,0,0,0,0,0,0,0,0,0,0,0,0,0,0,0,0,0,0,0,0,0,0,0,0,0,0,0,0,0,0,0,0,0,0,0,0,0,0,0,0,0,0,0,0,0,0,0,0,0,0,0,0,0,0,0,0,0,0,0,0,0,0,0,0,0,0,0,0,0,0,0,0,0,0,0,0,0,0,0.79771,0,0,0,0,0,0,0,0,0.16318,0.16776,0.40449,0.12877,0,0,0,0,0,0,0,0,0,0,0,0,0,0,0,0,0,0,0,0,0,0,0,0,0,0,0,0,0,0,0,0,0,0,0,0,0,0,0,0,0,0,0,0,0,0,0,0,0,0,0,0,0,0,0,0,0,0,0,0,0,0,0,0,0,0,0,0,0,0,0,0,0,0,0,0,0,0,0,0,0,0,0,0,0,0.41895,0.12584,0.23309,0.60069,0.69354,1,1,0,0,0,0,0,0,0.15868,0.52138,0.18531,0.62131,0,0,0,0,0,0,0,0.19524,0.64275,0,0,0,0,0,0,0,0,0,0,0,0,0,0,0,0,0,0,0,0,0.35358,0.241,0,0,0,0,0,0.18204,0.50801,1,0,0,0,0.13631,0.30777,0.99212,1,0.898,1,1,1,1,0,0.55108,0,0,0,0.20529,0.35903
1,0.71805,1,1,0.70616,0.1483,0,0,1,1,1,0.54062,0.15439,0,0,0,0,1,1,1,1,0.81851,0.53868,0.23353,0,0,0,0,1,1,0.83868,0.63636,0.4875,0.22586,0,0,0,0.23787,1,0.84426,1,1,1,1,1,1,1,1,1,1,1,1,1,1,1,1,1,0.73346,1,1,1,1,1,1,1,1,1,1,0.731,0.55834,0.39363,0.31394,0,0,0,0,0.17332,0,0,0,0,0,0,0,0,0,0,0,0,0,0,0,0,0,0,0,0,0,0,0,0,0,0,0,0,0,0,0,0,0,0,0,0,0,0,0,0,0,0,0,0,0,0,0,0,0,0,0,0,0,0,0,0,0,0,0,0,0,0,0,0.69365,1,1,1,1,1,1,1,1,1,0.78131,0.35852,0.76864,0.79304,0.99516,1,1,0.69693,0.53103,0.70792,0.59123,0.22501,0.2014,0,0.57153,0.30602,0,0,0,0.14072,0.15771,0.13458,0,0,0,0,0,0,0,0,0,0,0,0,0,0,0,0,0,0,0,0,0.17452,0,0,0.81558,0.419,0.18403,0,0.16525,0.22428,0.16523,0,0.16804,0,0,0,0,0,0,0,0,0,0,0,0,0,0,0,0,0,0,0,0,0,0,0,0,0,0,0,0,0,0,0,0,0,0,0,0,0,0,0,0,0,0,0,0,0,0,0,0,0,0,0,0,0,0,0,0,0,0,0,0,0,0,0,0,0,0,0,0,0,0,0,0,0,0,0,0,0,0,0,0,0,0,0,0,0,0,0,0,0,0,0,0,0,0,0,0,0,0,0,0,0,0,0,0,0,0,0,0,0,0,0,0,0,0,0,0,0,0,0,0,0,0,0,0.14168,0,0,0,0,0,0,0,0,0,0,0,0,0,0,0,0,0,0,0,0,0,0,0,0,0,0,0,0,0,0,0,0,0,0,0,0,0,0,0,0,0,0,0,0,0,0,0,0,0,0,0,0,0,0,0,0,0,0,0,0,0,0,0,0,0,0,0,0,0,0,0,0,0,0,0,0,0,0,0,0,0,0,0,0,0,0,0,0,0,0,0,0,0,0,0,0,0,0,0,0,0.14613,0.18606,0.4631,0.29497,0,0,0,0,0,0,0,0.16144,0,0.21652,0,0,0,0,0,0,0,0,0.28239,0,0,0,0,0,0,0,0,0,0,0,0,0,0,0,0,0,0,0,0,0.23818,0.16784,0,0,0,0,0,0.19576,0.52128,1,0,0,0.17675,0.23577,0.6133,0.93537,1,1,1,1,1,1,0,0.86118,0,0,0,0.245,0.46248
1,1,1,1,0.9897,0.24499,0.13866,0,1,1,1,0.78878,0.24165,0.13578,0,0,0,1,1,1,1,0.98609,0.73772,0.424,0.18477,0,0,0,1,1,0.91161,0.76088,0.58748,0.33155,0,0,0,0.51679,1,0.82106,0.976,1,1,1,1,1,1,1,1,1,1,1,1,1,1,1,1,0.41661,1,1,1,1,1,1,1,1,1,1,0.40701,0.56234,0.43,0.38769,0,0,0,0,0.16809,0,0,0,0,0,0,0,0,0,0,0,0,0,0,0,0,0,0,0,0,0,0,0,0,0,0,0,0,0,0,0,0,0,0,0,0,0,0,0,0,0,0,0,0,0,0,0,0,0,0,0,0,0,0,0,0,0,0,0,0,0,0,0,0.34844,0.82352,1,1,0.88396,0.7316,1,1,1,1,0.6564,0.27514,0.43475,0.47368,0.69514,0.81272,1,0.51621,0.38012,0.4407,0.38091,0.16372,0.16156,0,0.3139,0.18975,0,0,0,0,0,0,0,0,0,0,0,0,0,0,0,0,0,0,0,0,0,0,0,0,0,0,0,0,0,0.47473,0.19456,0,0,0,0.13211,0,0,0,0,0,0,0,0,0,0,0,0,0,0,0,0,0,0,0,0,0,0,0,0,0,0,0,0,0,0,0,0,0,0,0,0,0,0,0,0,0,0,0,0,0,0,0,0,0,0,0,0,0,0,0,0,0,0,0,0,0,0,0,0,0,0,0,0,0,0,0,0,0,0,0,0,0,0,0,0,0,0,0,0,0,0,0,0,0,0,0,0,0,0,0,0,0,0,0,0,0,0,0,0,0,0,0,0,0,0,0,0,0,0,0,0,0,0,0,0,0,0,0,0,0,0,0.19065,0,0,0,0,0,0,0,0,0,0,0,0,0,0,0,0,0,0,0,0,0,0,0,0,0,0,0,0,0,0,0,0,0,0,0,0,0,0,0,0,0,0,0,0,0,0,0,0,0,0,0,0,0,0,0,0,0,0,0,0,0,0,0,0,0,0,0,0,0,0,0,0,0,0,0,0,0,0,0,0,0,0,0,0,0,0,0,0,0,0,0,0,0,0,0,0,0,0,0,0,0.1511,0.187,0.51994,0.37977,0,0,0,0,0,0,0,0.14769,0,0.19438,0,0,0,0,0,0,0,0,0.2251,0,0,0,0,0,0,0,0,0,0,0,0,0,0,0,0,0,0,0,0,0.17755,0,0,0,0,0,0,0,0.29784,0.88993,0,0,0,0.13708,0.3186,0.738,0.86159,0.7977,1,1,1,1,0,0.56772,0,0,0,0.16017,0.23803
1,1,1,1,1,0.43287,0.20766,0,1,1,1,0.88981,0.36322,0.19318,0,0,0,0.74576,1,1,1,0.9464,0.75385,0.48786,0.21281,0,0,0,1,0.97547,0.74832,0.66667,0.46522,0.28768,0,0,0,0.74201,1,0.91143,1,1,1,1,1,1,1,1,1,1,1,1,1,1,1,1,1,0.19972,0.9309,1,1,1,0.7299,1,1,1,1,1,0.19164,0.32996,0.24496,0.24561,0,0,0,0,0,0,0,0,0,0,0,0,0,0,0,0,0,0,0,0,0,0,0,0,0,0,0,0,0,0,0,0,0,0,0,0,0,0,0,0,0,0,0,0,0,0,0,0,0,0,0,0,0,0,0,0,0,0,0,0,0,0,0,0,0,0,0,0,0.14663,0.41332,0.89197,0.95828,0.53781,0.29423,0.57595,0.71411,0.9293,0.61196,0.30652,0.15444,0.16709,0.17801,0.25504,0.37942,0.59579,0.20942,0.17116,0.16955,0.15858,0,0,0,0.12855,0,0,0,0,0,0,0,0,0,0,0,0,0,0,0,0,0,0,0,0,0,0,0,0,0,0,0,0,0,0,0.18314,0,0,0,0,0,0,0,0,0,0,0,0,0,0,0,0,0,0,0,0,0,0,0,0,0,0,0,0,0,0,0,0,0,0,0,0,0,0,0,0,0,0,0,0,0,0,0,0,0,0,0,0,0,0,0,0,0,0,0,0,0,0,0,0,0,0,0,0,0,0,0,0,0,0,0,0,0,0,0,0,0,0,0,0,0,0,0,0,0,0,0,0,0,0,0,0,0,0,0,0,0,0,0,0,0,0,0,0,0,0,0,0,0,0,0,0,0,0,0,0,0,0,0,0,0,0,0,0,0,0,0,0.38014,0,0,0,0,0,0,0,0,0,0,0.15726,0,0,0,0,0,0,0,0,0,0,0,0,0,0,0,0,0,0,0,0,0,0,0,0,0,0,0,0,0,0,0,0,0,0,0,0,0,0,0,0,0,0,0,0,0,0,0,0,0,0,0,0,0,0,0,0,0,0,0,0,0,0,0,0,0,0,0,0,0,0,0,0,0,0,0,0,0,0,0,0,0,0,0,0,0,0,0.14579,0,0,0.20315,0.23352,0.71724,0.61317,0,0,0,0,0,0,0,0.17646,0,0.21166,0,0,0,0,0,0,0,0,0.22419,0,0,0,0,0,0,0,0,0,0,0,0,0,0,0,0,0,0,0,0,0.14371,0,0,0,0,0,0,0,0.21109,0.84245,0,0,0,0,0.18092,0.60206,0.68894,0.57974,1,1,1,1,0,0.29132,0,0,0,0,0.17125
1,1,1,1,1,0.79998,0.48238,0,1,1,1,1,0.77073,0.46505,0.21661,0,0,1,1,1,1,1,1,0.92967,0.5718,0.17673,0,0,1,1,1,1,0.92049,0.74932,0.27332,0,0,1,1,0.45106,0.56284,1,1,0.76292,1,1,1,1,1,1,1,1,1,1,1,1,1,0,0.7579,1,1,1,0.57861,1,1,1,1,0.80122,0,0.74511,0.66886,0.68609,0.16015,0,0,0,0.22382,0.14151,0,0,0,0,0,0,0,0.18375,0,0,0,0,0,0,0,0,0,0,0,0,0,0,0,0,0,0,0,0,0,0,0,0,0,0,0,0,0,0,0,0,0,0,0,0,0,0,0,0,0,0,0,0,0,0,0,0,0,0,0,0,0,0,0,0.31282,0.8885,1,0.85411,0.30089,0.60322,0.82866,1,0.86521,0.62153,0.3234,0.16179,0.18911,0.33246,0.51263,0.7874,0.38908,0.30966,0.21765,0.23469,0,0.15974,0,0.18269,0,0,0,0,0,0,0,0,0,0,0,0,0,0,0,0,0,0,0,0,0,0,0,0,0,0,0,0,0,0,0.16574,0,0,0,0,0,0,0,0,0,0,0,0,0,0,0,0,0,0,0,0,0,0,0,0,0,0,0,0,0,0,0,0,0,0,0,0,0,0,0,0,0,0,0,0,0,0,0,0,0,0,0,0,0,0,0,0,0,0,0,0,0,0,0,0,0,0,0,0,0,0,0,0,0,0,0,0,0,0,0,0,0,0,0,0,0,0,0,0,0,0,0,0,0,0,0,0,0,0,0,0,0,0,0,0,0,0,0,0,0,0,0,0,0,0,0,0,0,0,0,0,0,0,0,0,0,0,0,0,0,0,0,0.15695,0,0,0,0,0,0,0,0,0,0,0,0,0,0,0,0,0,0,0,0,0,0,0,0,0,0,0,0,0,0,0,0,0,0,0,0,0,0,0,0,0,0,0,0,0,0,0,0,0,0,0,0,0,0,0,0,0,0,0,0,0,0,0,0,0,0,0,0,0,0,0,0,0,0,0,0,0,0,0,0,0,0,0,0,0,0,0,0,0,0,0,0,0,0,0,0,0,0,0,0,0,0,0.26201,0.22242,0,0,0,0,0,0,0,0,0,0,0,0,0,0,0,0,0,0,0,0,0,0,0,0,0,0,0,0,0,0,0,0,0,0,0,0,0,0,0,0,0,0,0,0,0,0,0,0,0.41178,0,0,0,0,0,0.23635,0.3171,0.24599,0.88755,0.62795,0.76569,0.80626,0,0.16594,0,0,0,0,0
1,1,1,1,1,0.34496,0.17411,0,1,1,1,0.96509,0.38279,0.18086,0,0,0,1,1,1,1,1,0.97267,0.63244,0.25344,0,0,0,1,1,1,1,0.89859,0.60658,0.17601,0,0,0.59875,1,0.48824,0.65668,1,1,0.91315,1,1,1,1,1,1,1,1,1,1,1,1,1,0.34173,1,1,1,1,1,1,1,1,1,0.81699,0.35012,0.90964,0.76849,0.71164,0.134,0,0,0,0.35456,0.15892,0,0,0,0.12668,0,0,0,0.18397,0,0,0,0,0,0,0,0,0,0,0,0,0,0,0,0,0,0,0,0,0,0,0,0,0,0,0,0,0,0,0,0,0,0,0,0,0,0,0,0,0,0,0,0,0,0,0,0,0,0,0,0,0,0,0.41697,0.88989,1,1,1,0.89256,1,1,1,1,1,0.62795,0.57738,0.65608,0.91172,1,1,0.84203,0.71869,0.70272,0.69092,0.31741,0.33258,0.17624,0.58671,0.36192,0,0,0,0,0,0,0,0,0,0,0,0,0,0,0,0,0,0,0,0,0,0,0,0,0,0,0,0,0,0.58641,0.2413,0.14094,0,0.14794,0.2171,0.1728,0,0,0.14196,0,0,0,0,0,0,0,0,0,0,0,0,0,0,0,0,0,0,0,0,0,0,0,0,0,0,0,0,0,0,0,0,0,0,0,0,0,0,0,0,0,0,0,0,0,0,0,0,0,0,0,0,0,0,0,0,0,0,0,0,0,0,0,0,0,0,0,0,0,0,0,0,0,0,0,0,0,0,0,0,0,0,0,0,0,0,0,0,0,0,0,0,0,0,0,0,0,0,0,0,0,0,0,0,0,0,0,0,0,0,0,0,0,0,0,0,0,0,0,0,0,0,0,0,0,0,0,0,0,0,0,0,0,0,0,0,0,0,0,0,0,0,0,0,0,0,0,0,0,0,0,0,0,0,0,0,0,0,0,0,0,0,0,0,0,0,0,0,0,0,0,0,0,0,0,0,0,0,0,0,0,0,0,0,0,0,0,0,0,0,0,0,0,0,0,0,0,0,0,0,0,0,0,0,0,0,0,0,0,0,0,0,0,0,0,0,0,0,0,0,0,0,0,0,0,0.22291,0.17542,0,0,0,0,0,0,0,0,0,0,0,0,0,0,0,0,0,0,0.12583,0,0,0,0,0,0,0,0,0,0,0,0,0,0,0,0,0,0,0,0,0,0,0,0,0,0,0,0,0.19575,0.60578,0,0,0,0,0.23334,0.5034,0.64932,0.62038,1,0.87994,1,1,0,0.44634,0,0,0,0,0.17685
1,1,1,1,1,0.708,0.38509,0,1,1,1,1,0.7506,0.40944,0.19987,0,0,1,1,1,1,1,1,0.9943,0.61713,0.17927,0,0,1,1,1,1,1,0.93405,0.37956,0.12824,0,0.95434,0.87341,0.24325,0.37585,1,1,0.61257,0.97791,1,0.85229,1,1,1,1,1,1,1,1,1,1,0.15899,0.94143,1,1,1,0.7852,1,1,1,1,0.56994,0.16268,1,0.99538,0.97504,0.23486,0.12701,0,0,0.53146,0.24122,0,0,0,0.1894,0,0,0,0.32301,0,0,0,0,0,0,0,0,0,0,0,0,0,0,0,0,0,0,0,0,0,0,0,0,0,0,0,0,0,0,0,0,0,0,0,0,0,0,0,0,0,0,0,0,0,0,0,0,0,0,0,0,0,0,0.19881,0.56529,1,1,1,0.62686,0.9376,1,1,1,1,0.72338,0.30095,0.41113,0.69697,0.9005,1,0.80741,0.72711,0.54697,0.61943,0.29065,0.38895,0.17467,0.44852,0.25984,0,0,0,0,0,0,0,0,0,0,0,0,0,0,0,0,0,0,0,0,0,0,0,0,0,0,0,0,0,0.28893,0.1495,0,0,0,0.16399,0.13154,0,0,0.15375,0,0,0,0,0,0,0,0,0,0,0,0,0,0,0,0,0,0,0,0,0,0,0,0,0,0,0,0,0,0,0,0,0,0,0,0,0,0,0,0,0,0,0,0,0,0,0,0,0.13999,0,0,0,0,0,0,0,0,0,0,0,0,0,0,0,0,0,0,0,0,0,0,0,0,0,0,0,0,0,0,0,0,0,0,0,0,0,0,0,0,0,0,0,0,0,0,0,0,0,0,0,0,0,0,0,0,0,0,0,0,0,0,0,0,0,0,0,0,0,0,0,0,0,0,0,0,0,0,0,0,0,0,0,0,0,0,0,0,0,0,0,0,0,0,0,0,0,0,0,0,0,0,0,0,0,0,0,0,0,0,0,0,0,0,0,0,0,0,0,0,0,0,0,0,0,0,0,0,0,0,0,0,0,0,0,0,0,0,0,0,0,0,0,0,0,0,0,0,0,0,0,0,0,0,0,0,0,0,0,0,0,0,0,0,0,0,0,0,0,0,0,0,0,0,0,0,0.15651,0,0,0,0,0,0,0,0,0,0,0,0,0,0,0,0,0,0,0,0,0,0,0,0,0,0,0,0,0,0,0,0,0,0,0,0,0,0,0,0,0,0,0,0,0,0,0,0,0,0.28843,0,0,0,0,0,0.219,0.29497,0.2575,0.95519,0.54609,0.72103,0.7976,0,0.19284,0,0,0,0,0
1,1,1,1,1,0.98441,0.66224,0.14924,1,1,1,1,1,0.67342,0.36098,0.13371,0,1,1,1,1,1,1,1,0.83829,0.27557,0,0,1,1,1,1,1,1,0.56608,0.19766,0,1,0.82611,0.21082,0.25405,1,1,0.46712,0.78686,1,0.71952,1,1,1,1,1,1,1,1,1,1,0,0.65416,1,1,1,0.49322,1,1,1,1,0.48075,0,1,0.99467,1,0.30643,0.17089,0,0,0.48714,0.25478,0,0,0,0.17979,0,0,0,0.382,0,0,0,0,0,0,0,0,0,0,0,0,0,0,0,0,0,0,0,0,0,0,0,0,0,0,0,0,0,0,0,0,0,0,0,0,0,0,0,0,0,0,0,0,0,0,0,0,0,0,0,0,0,0,0,0.2675,0.90153,1,1,0.3323,0.64442,0.92909,1,1,0.87251,0.60727,0.16831,0.20705,0.41448,0.6325,0.94574,0.6035,0.54993,0.2858,0.39702,0.1986,0.2492,0,0.23173,0.17473,0,0,0,0,0,0,0,0,0,0,0,0,0,0,0,0,0,0,0,0,0,0,0,0,0,0,0,0,0,0.16354,0,0,0,0,0,0,0,0,0,0,0,0,0,0,0,0,0,0,0,0,0,0,0,0,0,0,0,0,0,0,0,0,0,0,0,0,0,0,0,0,0,0,0,0,0,0,0,0,0,0,0,0,0,0,0,0,0,0,0,0,0,0,0,0,0,0,0,0,0,0,0,0,0,0,0,0,0,0,0,0,0,0,0,0,0,0,0,0,0,0,0,0,0,0,0,0,0,0,0,0,0,0,0,0,0,0,0,0,0,0,0,0,0,0,0,0,0,0,0,0,0,0,0,0,0,0,0,0,0,0,0,0,0,0,0,0,0,0,0,0,0,0,0,0,0,0,0,0,0,0,0,0,0,0,0,0,0,0,0,0,0,0,0,0,0,0,0,0,0,0,0,0,0,0,0,0,0,0,0,0,0,0,0,0,0,0,0,0,0,0,0,0,0,0,0,0,0,0,0,0,0,0,0,0,0,0,0,0,0,0,0,0,0,0,0,0,0,0,0,0,0,0,0,0,0,0,0,0,0,0,0,0,0,0,0.14388,0,0,0,0,0,0,0,0,0,0,0,0,0,0,0,0,0,0,0,0,0,0,0,0,0,0,0,0,0,0,0,0,0,0,0,0,0,0,0,0,0,0,0,0,0,0,0,0,0,0.20852,0,0,0,0,0,0.15149,0.19269,0.17394,0.70241,0.36025,0.51635,0.57595,0,0,0,0,0,0,0
0,0,0,0,0,0,0,0,0,0,0,0,0,0,0,0,0,0,0.15179,0,0,0,0,0,0,0,0,0,0.21039,0,0,0,0,0,0,0,0,0,0.29903,0.59283,0.88199,0.18353,0.39595,1,1,1,1,1,0.67188,0.30845,0.73346,0.41661,0.19972,0,0.34173,0.15899,0,1,1,1,0.46963,0.70809,1,1,0.91808,0,0,0.59758,1,0,0,0,0,0,0,0,0,0,0,0,0,0,0,0,0,0,0,0,0,0,0,0,0,0,0,0,0,0,0,0,0,0,0,0,0,0,0,0,0,0,0,0,0,0,0,0,0,0,0,0,0,0,0,0,0,0,0,0,0,0,0,0,0,0,0,0,0,0,0,0,1,1,1,0.74387,0,1,1,0.83183,0.36211,0.17619,0,0,1,1,0.97155,0.66308,0.37942,0,0,0.47068,0.13681,0,0,0,0.30082,0.14799,0,0,0,1,1,1,0.81669,1,0.53403,0.13583,0.95059,0.48177,0.24396,0.70003,0.55108,0.3209,0.42207,0.1533,0,1,1,1,0.88093,1,1,1,1,0.7905,1,1,1,0.80935,0,0.32186,0.26279,0.13817,1,1,0,0,0,0,0,0,0,0,0,0,0,0,0,0,0,0,0,0,0,0,0,0,0,0,0,0,0,0,0,0,0,0,0,0,0,0,0,0,0,0,0,0,0,0,0,0,0,0,0,0,0,0,0,0,0,0,0,0,0,0,0,0,0,0,0,0,0,0,0,0,0,0,0,0,0,0,0,0,0,0,0,0,0,0,0,0,0,0,0,0,0,0,0,0,0,0,0,0,0,0,0,0,0,0,0,0,0,0,0,0,0,0,0,0,0,0,0,0,0,0,0,0,0,0,0,0,0,0,0,0,0,0,0,0,0,0,0,0,0,0,0,0,0,0,0,0,0,0,0,0,0,0,0,0,0,0,0,0,0,0,0,0,0,0,0,0,0,0,0,0,0,0,0,0,0,0,0,0,0,0,0,0,0,0,0,0,0,0,0,0,0,0,0,0,0,0,0,0,0,0,0,0,0,0,0,0,0,0,0,0,0,0,0,0,0,0,0,0,0,0,0,0,0,0,0,0.16145,0.13471,0,0,0,0,0,0,0.15557,0.18361,0.24566,0.35112,0.51773,0,0,0,0,0.13025,0.23884,0.48591,0.72293,0.89101,0.12896,0.17766,0,0.21787,0.21,0,0,0,0,0,0,0,0,0,0,0.24087,0.62002,0.96694,0.61385,1,1,1,0.21912,0.85372,1,1,1,1,1,1,1,1,1,1,1,1,1,1,1,1,1,1,1,1,1,1,1,1,1
0,0,0.23526,0,0,0,0,0,0.36923,0.19704,0,0,0,0,0,0,0,0.33753,0.97288,0.6289,0,0,0,0,0,0,0,0,1,0.35842,0,0,0,0,0,0,0,0,0.64461,0.64045,0.93162,0.58936,0.97096,1,1,1,1,1,1,1,1,1,0.9309,0.7579,1,0.94143,0.65416,1,1,1,1,1,1,1,1,0.52947,0.20603,0.78071,1,0,0,0,0,0,0,0,0,0,0,0,0,0,0,0,0,0,0,0,0,0,0,0,0,0,0,0,0,0,0,0,0,0,0,0,0,0,0,0,0,0,0,0,0,0,0,0,0,0,0,0,0,0,0,0,0,0,0,0,0,0,0,0,0,0,0,0,0,0,0,0,1,1,1,1,0.5747,1,1,1,1,0.96822,0.44237,0.13842,1,1,1,1,1,0.64852,0.36498,1,0.7325,0.24794,0,0.13727,1,0.67069,0.15073,0,0,1,1,1,0.97206,0.99265,0.67782,0.23259,0.68063,0.55335,0.40377,0.49279,0.45922,0.32988,0.2699,0.15842,0.16326,1,1,0.42099,0.20672,0.5333,1,0.91142,1,0,0.37107,1,1,1,0.24162,0.81225,0.8489,0.5391,1,1,0,0,0,0,0,0,0,0,0,0,0,0,0,0,0,0,0,0,0,0,0,0,0,0,0,0,0,0,0,0,0,0,0,0,0,0,0,0,0,0,0,0,0,0,0,0,0,0,0,0,0,0,0,0,0,0,0,0,0,0,0,0,0,0,0,0,0,0,0,0,0,0,0,0,0,0,0,0,0,0,0,0,0,0,0,0,0,0,0,0,0,0,0,0,0,0,0,0,0,0,0,0,0,0,0,0,0,0,0,0,0,0,0,0,0,0,0,0,0,0,0,0,0,0,0,0,0,0,0,0,0,0,0,0,0,0,0,0,0,0,0,0,0,0,0,0,0,0,0,0,0,0,0,0,0,0,0,0,0,0,0,0,0,0,0,0,0,0,0,0,0,0,0,0,0,0,0,0,0,0,0,0,0,0,0,0,0,0,0,0,0,0,0,0,0,0,0,0,0,0,0,0,0,0,0,0,0,0,0,0,0,0,0,0,0,0,0,0,0,0,0,0,0,0,0,0.13008,0.16883,0,0,0,0,0,0,0,0,0.17483,0.14849,0.28094,0,0,0,0,0,0,0.13202,0.24701,0.58664,0,0,0,0,0,0,0,0,0,0,0,0,0,0,0,0,0,0.21744,0,0.39871,0.92344,0.61829,0,0,0.39029,0.76964,1,1,1,1,0.23702,0.50701,1,1,1,1,1,1,1,1,1,1,0.2712,1,0.77895,0.88374,0.54671,1,1
0.40738,0,0.94582,0.50272,0.13796,0,0,0,1,0.86381,0.49101,0,0,0,0,0,0,1,1,1,0.66096,0.30426,0.15452,0,0,0,0,0,1,1,0.56145,0.24775,0.22297,0,0,0,0,0,0.71453,0.46863,0.72996,0.84583,1,1,1,1,1,1,1,1,1,1,1,1,1,1,1,1,1,1,1,1,1,1,1,1,0.80976,0.69906,1,0.49401,0.2531,0.19246,0,0,0,0,0.18422,0,0,0,0,0,0,0,0,0,0,0,0,0,0,0,0,0,0,0,0,0,0,0,0,0,0,0,0,0,0,0,0,0,0,0,0,0,0,0,0,0,0,0,0,0,0,0,0,0,0,0,0,0,0,0,0,0,0,0,0,0,0,0,1,1,1,1,1,1,1,1,1,1,1,0.56601,1,1,1,1,1,1,0.93443,1,1,0.71032,0.44083,0.37831,1,1,0.34328,0.17276,0,0.90107,0.96586,0.90026,0.73509,0.57338,0.46336,0.21316,0.2325,0.29724,0.24487,0.18629,0.19978,0.18233,0.12806,0,0,0.26988,0.30946,0,0,0,0.39329,0.28808,0.90752,0,0,1,1,1,0.28363,0.87964,1,0.77052,0.62788,0.81208,0.21637,0.13883,0,0.12843,0,0,0,0,0,0,0,0,0,0,0,0,0,0,0,0,0,0,0,0,0,0,0,0,0,0,0,0,0,0,0,0,0,0,0,0,0,0,0,0,0,0,0,0,0,0,0,0,0,0,0,0,0,0,0,0,0,0,0,0,0,0,0,0,0,0,0,0,0,0,0,0,0,0,0,0,0,0,0,0,0,0,0,0,0,0,0,0,0,0,0,0,0,0,0,0,0,0,0,0,0,0,0,0,0,0,0,0,0,0,0,0,0,0,0,0,0,0,0,0,0,0,0,0,0,0,0,0,0,0,0,0,0,0,0,0,0,0,0,0,0,0,0,0,0,0,0,0,0,0,0,0,0,0,0,0,0,0,0,0,0,0,0,0,0,0,0,0,0,0,0,0,0,0,0,0,0,0,0,0,0,0,0,0,0,0,0,0,0,0,0,0,0,0,0,0,0,0,0,0,0,0,0,0,0,0,0,0,0,0,0,0,0,0,0,0,0,0,0,0,0,0,0.14239,0,0,0,0,0,0,0,0,0,0,0.14657,0,0,0,0,0,0,0,0,0.22696,0,0,0,0,0,0,0,0,0,0,0,0,0,0,0,0,0,0,0,0,0.35946,0.19404,0,0,0,0.17134,0.32416,0.44053,0.79594,0.91209,0,0,0.59605,0.82595,1,1,1,1,1,1,1,1,0,1,0.16307,0.19957,0,0.65848,0.84384
0.98345,0.51357,1,1,0.64217,0.13692,0,0,1,1,1,0.66167,0.19073,0,0,0,0,1,1,1,1,1,0.85965,0.45879,0.19211,0,0,0,1,1,1,1,1,0.6936,0.16479,0,0,0.19485,0.24704,0,0.17163,0.56915,0.89243,0.32089,0.84003,0.98932,0.48971,1,1,1,1,1,1,1,1,1,1,0.46963,1,1,1,1,1,1,1,1,1,0.19462,0.52742,1,1,1,0.21909,0,0,0,0.99288,0.43755,0,0,0,0.51348,0,0,0,0.42516,0,0,0,0,0,0,0,0,0,0,0,0,0,0,0,0,0,0,0,0,0,0,0,0,0,0,0,0,0,0,0,0,0,0,0,0,0,0,0,0,0,0,0,0,0,0,0,0,0,0,0,0,0,0,0.92996,1,1,1,1,1,1,1,1,1,1,1,1,1,1,1,1,1,1,1,1,1,1,0.97529,1,1,0.83255,0.37754,0.17863,0.24211,0.36498,0.41369,0.38125,0.18056,0.22093,0.18398,0,0.15494,0.16898,0,0,0,0,0,0,0,0,0,0,0,0,0,0.18394,0,0,1,0.93062,0.75015,0.32759,0.86067,1,0.98403,0,0.13222,0.83517,0.65175,0.3327,0.45991,0.24239,0.13165,0.15431,0,0,0,0,0,0,0,0,0,0,0,0,0,0,0,0,0,0,0,0,0,0,0,0,0,0,0,0,0,0,0,0,0,0,0,0,0,0,0,0,0,0.17805,0.60604,0.45827,0.1978,0,0,0.23788,0,0,0,0,0,0.1609,0,0,0,0,0,0,0,0,0,0,0,0,0,0,0,0,0,0,0,0,0,0,0,0,0,0,0,0,0,0,0,0,0,0,0,0,0,0,0,0,0,0,0,0,0,0,0,0,0,0,0,0,0,0,0,0,0,0,0,0,0,0,0,0,0,0,0,0,0,0,0,0,0,0,0,0,0,0,0,0,0,0,0,0,0,0,0,0,0,0,0,0,0,0,0,0,0,0,0,0,0,0,0,0,0,0,0,0,0,0,0,0,0,0,0,0,0,0,0,0,0,0,0,0,0,0,0,0,0,0,0,0,0,0,0,0,0,0,0,0,0,0,0,0,0,0,0,0,0,0,0,0,0,0,0,0,0,0,0,0,0,0,0,0,0,0,0,0,0,0,0,0,0,0,0,0,0,0,0,0,0,0,0,0,0,0,0,0,0,0,0,0,0,0,0,0,0,0,0,0,0,0,0,0,0,0,0,0,0,0,0,0,0,0,0,0.19817,0,0,0,0,0.23844,0.21897,0.3598,0.43513,1,0.43195,0.68044,0.83894,0,0.43517,0,0,0,0,0
1,0.58117,1,1,0.6523,0.1316,0,0,1,1,1,0.59172,0.16562,0,0,0,0,1,1,1,1,1,0.70589,0.32485,0.1462,0,0,0,1,1,1,0.94803,0.84807,0.45032,0,0,0,0.20397,0.71424,0.26565,0.48221,1,1,0.78306,1,1,0.95963,1,1,1,1,1,1,1,1,1,1,0.70809,1,1,1,1,1,1,1,1,1,0.55882,0.74352,1,0.85659,0.72291,0,0,0,0,0.55713,0.1835,0,0,0,0.1919,0,0,0,0.18926,0,0,0,0,0,0,0,0,0,0,0,0,0,0,0,0,0,0,0,0,0,0,0,0,0,0,0,0,0,0,0,0,0,0,0,0,0,0,0,0,0,0,0,0,0,0,0,0,0,0,0,0,0,0,0.96524,1,1,1,1,1,1,1,1,1,1,0.95861,1,1,1,1,1,1,1,1,1,0.82182,0.7311,0.51294,1,0.93814,0.3882,0.15284,0,0.23869,0.3148,0.30571,0.23703,0.15058,0.15546,0,0,0,0,0,0,0,0,0,0,0,0,0,0,0,0,0,0.22111,0,0,1,0.82996,0.54778,0.16705,0.56489,0.76459,0.61289,0.1275,0.18769,0.36213,0.22537,0,0.16608,0,0,0,0,0,0,0,0,0,0,0,0,0,0,0,0,0,0,0,0,0,0,0,0,0,0,0,0,0,0,0,0,0,0,0,0,0,0,0,0,0,0,0,0,0,0.21168,0.16128,0,0,0,0,0,0,0,0,0,0,0,0,0,0,0,0,0,0,0,0,0,0,0,0,0,0,0,0,0,0,0,0,0,0,0,0,0,0,0,0,0,0,0,0,0,0,0,0,0,0,0,0,0,0,0,0,0,0,0,0,0,0,0,0,0,0,0,0,0,0,0,0,0,0,0,0,0,0,0,0,0,0,0,0,0,0,0,0,0,0,0,0,0,0,0,0,0,0,0,0,0,0,0,0,0,0,0,0,0,0,0,0,0,0,0,0,0,0,0,0,0,0,0,0,0,0,0,0,0,0,0,0,0,0,0,0,0,0,0,0,0,0,0,0,0,0,0,0,0,0,0,0,0,0,0,0,0,0,0,0,0,0,0,0,0,0,0,0,0,0,0,0,0,0,0,0,0,0,0,0,0,0,0,0,0,0,0,0,0,0,0,0,0,0,0,0,0,0,0,0,0,0,0,0,0,0,0,0,0,0,0,0,0,0,0,0,0,0,0,0,0,0,0,0,0.23863,0.54153,0,0,0.13179,0.20374,0.49959,0.56567,0.75462,0.798,1,0.86853,1,1,0,0.73334,0,0,0,0.17016,0.23871
0,0,0.18465,0,0,0,0,0,0.26101,0.15395,0,0,0,0,0,0,0,0.31066,0.9148,0.54942,0,0,0,0,0,0,0,0,1,0.30998,0,0,0,0,0,0,0,0,0.41859,0.43443,0.72758,0.36172,0.74376,1,1,1,1,1,1,0.80249,1,1,0.7299,0.57861,1,0.7852,0.49322,1,1,1,1,1,1,1,1,0.32613,0.14864,0.56407,1,0,0,0,0,0,0,0,0,0,0,0,0,0,0,0,0,0,0,0,0,0,0,0,0,0,0,0,0,0,0,0,0,0,0,0,0,0,0,0,0,0,0,0,0,0,0,0,0,0,0,0,0,0,0,0,0,0,0,0,0,0,0,0,0,0,0,0,0,0,0,0,1,1,1,1,0.58479,1,1,1,1,0.99511,0.46886,0.14649,1,1,1,1,1,0.71047,0.41823,1,0.81929,0.33312,0.13724,0.1681,1,0.79135,0.1888,0.12779,0,1,1,1,1,1,0.89769,0.40208,0.90619,0.77692,0.62038,0.72047,0.6874,0.55553,0.49828,0.23331,0.23473,1,1,0.58987,0.3,0.71269,1,1,1,0.16965,0.52846,1,1,1,0.41083,0.99131,1,0.6874,1,1,0,0,0,0,0,0,0,0,0,0,0,0,0,0,0,0,0,0,0,0,0,0,0,0,0,0,0,0,0,0,0,0,0,0,0,0,0,0,0,0,0,0,0,0,0,0,0,0,0,0,0,0,0,0,0,0,0,0,0,0,0,0,0,0,0,0,0,0,0,0,0,0,0,0,0,0,0,0,0,0,0,0,0,0,0,0,0,0,0,0,0,0,0,0,0,0,0,0,0,0,0,0,0,0,0,0,0,0,0,0,0,0,0,0,0,0,0,0,0,0,0,0,0,0,0,0,0,0,0,0,0,0,0,0,0,0,0,0,0,0,0,0,0,0,0,0,0,0,0,0,0,0,0,0,0,0,0,0,0,0,0,0,0,0,0,0,0,0,0,0,0,0,0,0,0,0,0,0,0,0,0,0,0,0,0,0,0,0,0,0,0,0,0,0,0,0,0,0,0,0,0,0,0,0,0,0,0,0,0,0,0,0,0,0,0,0,0,0,0,0,0,0,0,0,0,0,0,0,0,0,0,0,0,0,0,0,0,0.20193,0,0,0,0,0,0,0,0.20171,0.424,0,0,0,0,0,0,0,0,0,0,0,0,0,0,0,0,0,0.19784,0,0.40466,0.80633,0.49418,0,0.1464,0.45661,0.77117,1,1,1,1,0.31041,0.59472,1,1,1,1,1,1,1,1,1,1,0.39234,1,0.85983,0.98815,0.58643,1,1
0.2597,0,0.81971,0.38315,0,0,0,0,1,0.77572,0.40804,0,0,0,0,0,0,1,1,1,0.64526,0.26499,0.13768,0,0,0,0,0,1,1,0.57768,0.24546,0.22741,0,0,0,0,0,0.46816,0.2471,0.50782,0.5985,0.97765,0.84116,1,1,0.93122,1,1,1,1,1,1,1,1,1,1,1,1,1,1,1,1,1,1,0.86844,0.65164,0.46296,1,0.56429,0.30926,0.20425,0,0,0,0,0.21787,0,0,0,0,0,0,0,0,0,0,0,0,0,0,0,0,0,0,0,0,0,0,0,0,0,0,0,0,0,0,0,0,0,0,0,0,0,0,0,0,0,0,0,0,0,0,0,0,0,0,0,0,0,0,0,0,0,0,0,0,0,0,0,1,1,1,1,1,1,1,1,1,1,1,0.69977,1,1,1,1,1,1,1,1,1,0.91352,0.60569,0.58,1,1,0.56167,0.25295,0.15679,1,1,1,0.96354,0.77199,0.69627,0.38586,0.38459,0.52588,0.47321,0.25839,0.31316,0.27324,0.19817,0.15031,0.19946,0.33783,0.35268,0,0,0.14725,0.47608,0.43114,0.99784,0,0,1,1,1,0.53217,1,1,1,0.65874,0.86285,0.33585,0.19799,0,0.19817,0.14547,0,0,0,0,0,0,0,0,0,0,0,0,0,0,0,0,0,0,0,0,0,0,0,0,0,0,0,0,0,0,0,0,0,0,0,0,0,0,0,0,0,0,0,0,0.14327,0,0,0,0,0,0,0,0,0,0,0,0,0,0,0,0,0,0,0,0,0,0,0,0,0,0,0,0,0,0,0,0,0,0,0,0,0,0,0,0,0,0,0,0,0,0,0,0,0,0,0,0,0,0,0,0,0,0,0,0,0,0,0,0,0,0,0,0,0,0,0,0,0,0,0,0,0,0,0,0,0,0,0,0,0,0,0,0,0,0,0,0,0,0,0,0,0,0,0,0,0,0,0,0,0,0,0,0,0,0,0,0,0,0,0,0,0,0,0,0,0,0,0,0,0,0,0,0,0,0,0,0,0,0,0,0,0,0,0,0,0,0,0,0,0,0,0,0,0,0,0,0,0,0,0,0,0,0,0,0,0,0,0,0,0,0,0,0,0,0,0,0,0,0,0,0,0,0,0,0,0,0,0,0,0,0,0,0,0,0,0,0,0,0,0,0,0.16369,0,0,0,0,0,0,0,0,0,0,0,0,0,0,0,0,0,0,0,0,0.23733,0.14162,0,0,0,0.15317,0.25549,0.33985,0.66971,0.7126,0,0,0.55456,0.79828,1,0.90645,1,1,1,1,1,1,0,1,0.16691,0.21028,0,0.57284,0.74315
0.65815,0.21772,1,0.82292,0.25356,0,0,0,1,1,0.88779,0.24708,0,0,0,0,0,1,1,1,1,0.77336,0.417,0.17315,0,0,0,0,1,1,1,0.75271,0.69808,0.24686,0,0,0,0,0.37519,0.17393,0.26507,0.61638,0.97226,0.58623,1,1,0.72313,1,1,1,1,1,1,1,1,1,1,0.91808,1,1,1,1,1,1,1,1,1,0.28454,0.9787,1,0.81029,0.62327,0,0,0,0,0.61718,0.17353,0,0,0,0.21482,0,0,0,0.16423,0,0,0,0,0,0,0,0,0,0,0,0,0,0,0,0,0,0,0,0,0,0,0,0,0,0,0,0,0,0,0,0,0,0,0,0,0,0,0,0,0,0,0,0,0,0,0,0,0,0,0,0,0,0,1,1,1,1,1,1,1,1,1,1,1,1,1,1,1,1,1,1,1,1,1,1,0.96556,0.84035,1,1,0.75901,0.36945,0.18401,0.63493,0.75455,0.76895,0.69066,0.40748,0.44973,0.252,0.16639,0.26139,0.26393,0.134,0.16532,0.16724,0,0,0.14158,0,0,0,0,0,0.15806,0.15913,0.49808,0,0,1,1,1,0.47339,1,1,1,0.21415,0.34917,0.64371,0.4274,0.20835,0.3332,0.2118,0,0.13195,0,0,0,0,0,0,0,0,0,0,0,0,0,0,0,0,0,0,0,0,0,0,0,0,0,0,0,0,0,0,0,0,0,0,0,0,0,0,0,0,0,0,0.31811,0.23213,0,0,0,0.15631,0,0,0,0,0,0,0,0,0,0,0,0,0,0,0,0,0,0,0,0,0,0,0,0,0,0,0,0,0,0,0,0,0,0,0,0,0,0,0,0,0,0,0,0,0,0,0,0,0,0,0,0,0,0,0,0,0,0,0,0,0,0,0,0,0,0,0,0,0,0,0,0,0,0,0,0,0,0,0,0,0,0,0,0,0,0,0,0,0,0,0,0,0,0,0,0,0,0,0,0,0,0,0,0,0,0,0,0,0,0,0,0,0,0,0,0,0,0,0,0,0,0,0,0,0,0,0,0,0,0,0,0,0,0,0,0,0,0,0,0,0,0,0,0,0,0,0,0,0,0,0,0,0,0,0,0,0,0,0,0,0,0,0,0,0,0,0,0,0,0,0,0,0,0,0,0,0,0,0,0,0,0,0,0,0,0,0,0,0,0,0,0,0,0,0,0,0,0,0,0,0,0,0,0,0,0,0,0,0,0,0,0,0,0,0,0,0,0,0,0.12532,0.24405,0.39947,0,0,0.18383,0.29009,0.65383,0.51764,0.73318,0.83416,1,0.75235,1,1,0,0.86806,0,0,0,0.19879,0.27939
1,1,1,1,1,0.68222,0.38443,0,1,1,1,1,0.56034,0.31114,0.1661,0,0,0.5434,1,1,0.98088,0.96536,0.83021,0.61473,0.29035,0,0,0,0.9737,0.79376,0.65934,0.64348,0.42083,0.31951,0.144,0,0,1,1,0.79573,0.85435,1,1,0.99343,1,1,1,1,1,1,1,1,1,1,1,1,1,0,0.52947,1,1,1,0.32613,0.86844,1,1,1,1,0,0.22835,0.20895,0.22344,0,0,0,0,0,0,0,0,0,0,0,0,0,0,0,0,0,0,0,0,0,0,0,0,0,0,0,0,0,0,0,0,0,0,0,0,0,0,0,0,0,0,0,0,0,0,0,0,0,0,0,0,0,0,0,0,0,0,0,0,0,0,0,0,0,0,0,0,0,0.16889,0.49272,0.59613,0.27852,0.13179,0.22713,0.34366,0.6003,0.30711,0.18197,0,0,0,0,0.17153,0.25672,0,0,0,0,0,0,0,0,0,0,0,0,0,0,0,0,0,0,0,0,0,0,0,0,0,0,0,0,0,0,0,0,0,0,0,0,0,0,0,0,0,0,0,0,0,0,0,0,0,0,0,0,0,0,0,0,0,0,0,0,0,0,0,0,0,0,0,0,0,0,0,0,0,0,0,0,0,0,0,0,0,0,0,0,0,0,0,0,0,0,0,0,0,0,0,0,0,0,0,0,0,0,0,0,0,0,0,0,0,0,0,0,0,0,0,0,0,0,0,0,0,0,0,0,0,0,0,0,0,0,0,0,0,0,0,0,0,0,0,0,0,0,0,0,0,0,0,0,0,0,0,0,0,0,0,0,0,0,0,0,0,0,0,0,0,0,0,0,0,0,0.51283,0,0,0,0,0,0,0,0,0,0,0.19602,0,0,0,0,0,0,0,0,0,0,0,0,0,0,0,0,0,0,0,0,0,0,0,0,0,0,0,0,0,0,0,0,0,0,0,0,0,0,0,0,0,0,0,0,0,0,0,0,0,0,0,0,0,0,0,0,0,0,0,0,0,0,0,0,0,0,0,0,0,0,0,0,0,0,0,0,0,0,0,0,0,0,0,0,0,0,0.14963,0,0,0.19124,0.21562,0.71176,0.65001,0,0,0,0,0,0,0,0.14274,0,0.16718,0,0,0,0,0,0,0,0,0.16431,0,0,0,0,0,0,0,0,0,0,0,0,0,0,0,0,0,0,0,0,0,0,0,0,0,0,0,0,0,0.61638,0,0,0,0,0,0.31923,0.382,0.24926,0.80594,0.76525,0.84427,0.83264,0,0.14358,0,0,0,0,0
1,1,1,1,1,1,1,0.41863,1,1,1,1,1,1,0.77362,0.32835,0.19001,1,1,1,1,1,1,1,1,0.61868,0.24412,0.21275,1,1,1,1,1,1,0.76512,0.35945,0.13797,1,0.73382,0.15586,0.18009,1,1,0.23476,0.43312,0.77226,0.47305,1,1,1,1,1,1,1,1,1,1,0,0.20603,0.80976,1,1,0.14864,0.65164,1,1,1,0.322,0,0.7866,0.78703,0.88421,0.31994,0.19935,0,0,0.24078,0.20977,0,0,0,0,0,0.18736,0,0.30635,0,0,0,0,0,0,0,0,0,0,0,0,0,0,0,0,0,0,0,0,0,0,0,0,0,0,0,0,0,0,0,0,0,0,0,0,0,0,0,0,0,0,0,0,0,0,0,0,0,0,0,0,0,0,0,0,0.32188,0.62986,0.6465,0,0.18762,0.3552,0.75483,0.5533,0.42157,0.24259,0,0,0,0.18871,0.39708,0.202,0.1956,0,0.12638,0,0,0,0,0,0,0,0,0,0,0,0,0,0,0,0,0,0,0,0,0,0,0,0,0,0,0,0,0,0,0,0,0,0,0,0,0,0,0,0,0,0,0,0,0,0,0,0,0,0,0,0,0,0,0,0,0,0,0,0,0,0,0,0,0,0,0,0,0,0,0,0,0,0,0,0,0,0,0,0,0,0,0,0,0,0,0,0,0,0,0,0,0,0,0,0,0,0,0,0,0,0,0,0,0,0,0,0,0,0,0,0,0,0,0,0,0,0,0,0,0,0,0,0,0,0,0,0,0,0,0,0,0,0,0,0,0,0,0,0,0,0,0,0,0,0,0,0,0,0,0,0,0,0,0,0,0,0,0,0,0,0,0,0,0,0,0,0,0,0,0,0,0,0,0,0,0,0,0,0,0,0,0,0,0,0,0,0,0,0,0,0,0,0,0,0,0,0,0,0,0,0,0,0,0,0,0,0,0,0,0,0,0,0,0,0,0,0,0,0,0,0,0,0,0,0,0,0,0,0,0,0,0,0,0,0,0,0,0,0,0,0,0,0,0,0,0,0,0,0,0,0,0,0,0,0,0,0,0,0,0,0,0,0,0,0,0,0,0,0.12826,0,0,0,0,0,0,0,0,0,0,0,0,0,0,0,0,0,0,0,0,0,0,0,0,0,0,0,0,0,0,0,0,0,0,0,0,0,0,0,0,0,0,0,0,0,0,0,0,0,0,0,0,0,0,0,0,0,0,0.24562,0.17501,0.21446,0.22353,0,0,0,0,0,0,0
0.15748,0,0.19468,0,0,0,0,0,0,0,0,0,0,0,0,0,0,0,0,0,0,0,0,0,0,0,0,0,0,0,0,0,0,0,0,0,0,0,1,1,1,1,1,1,1,1,1,1,1,1,1,1,1,0.80122,0.81699,0.56994,0.48075,0.59758,0.78071,0.69906,0.19462,0.55882,0.56407,0.46296,0.28454,1,0.322,1,0.48714,0,0,0,0,0,0,0,0,0,0,0,0,0,0,0,0,0,0,0,0,0,0,0,0,0,0,0,0,0,0,0,0,0,0,0,0,0,0,0,0,0,0,0,0,0,0,0,0,0,0,0,0,0,0,0,0,0,0,0,0,0,0,0,0,0,0,0,0,0,0,0,0,0.21203,0.20913,0,0,0,0,0,0,0,0,0,0,0,0,0,0,0,0,0,0,0,0,0,0,0,0,0,0,0,0,0,0,0,0,0,0,0,0,0,0,0,0,0,0,0,0,0,0,0,0,0,0,0,0,0,0,0,0,0,0,0,0.13282,0,0,0,0,0,0,0,0,0,0,0,0,0,0,0,0,0,0,0,0,0,0,0,0,0,0,0,0,0,0,0,0,0,0,0,0,0,0,0,0,0,0,0,0,0,0,0,0,0,0,0,0,0,0,0,0,0,0,0,0,0,0,0,0,0,0,0,0,0,0,0,0,0,0,0,0,0,0,0,0,0,0,0,0,0,0,0,0,0,0,0,0,0,0,0,0,0,0,0,0,0,0,0,0,0,0,0,0,0,0,0,0,0,0,0,0,0,0,0,0,0,0,0,0.50505,1,0,0,0,0,0.17354,0.13553,0.18017,0.75869,1,1,1,1,0,0,0.5596,0,0,0,0,0,0,0,0,0,0,0,0,0,0,0,0.18448,0,0,0.22276,0,0,0,0,0,0,0,0,0,0,0,0,0,0,0,0,0,0,0,0,0,0,0,0,0,0,0,0,0,0,0,0,0,0,0,0,0,0,0,0,0,0,0,0,0,0,0,0,0,0,0,0,0,0,0,0,0,0,0,0,0,0.89521,1,1,1,1,1,1,1,1,0,0,0,0.24189,0.67405,1,1,1,1,1,0,0,0,0,0.2289,0.64131,1,1,1,0,0,0,0,0,0.21536,0.51174,0.20236,0,0,0,0,0,0,0,0,0,0.50248,0,0.17157,1,1,0,0,0,0.27994,0.60748,1,1,1,0,0,0.49253,0.48625,0.79774,1,1,1,1,1,1,1,0,0.97513,0,0,0,0.94209,1
0,0,0,0,0,0,0,0,0,0,0,0,0,0,0,0,0,0,0.17244,0,0,0,0,0,0,0,0,0,0.23335,0,0,0,0,0,0,0,0,0,0.23448,0.47038,0.76158,0.1591,0.32972,1,1,1,0.92214,1,0.63186,0.26288,0.731,0.40701,0.19164,0,0.35012,0.16268,0,1,1,1,0.52742,0.74352,1,1,0.9787,0,0,0.48714,1,0,0,0,0,0,0,0,0,0,0,0,0,0,0,0,0,0,0,0,0,0,0,0,0,0,0,0,0,0,0,0,0,0,0,0,0,0,0,0,0,0,0,0,0,0,0,0,0,0,0,0,0,0,0,0,0,0,0,0,0,0,0,0,0,0,0,0,0,0,0,0,1,1,1,0.83253,0,1,1,0.9328,0.44875,0.2079,0,0,1,1,1,0.77679,0.48055,0.12687,0,0.59532,0.17565,0,0,0,0.42685,0.19043,0,0,0,1,1,1,0.96526,1,0.68245,0.18526,1,0.62921,0.38036,0.83692,0.69359,0.46659,0.56119,0.20174,0.15291,1,1,1,0.94683,1,1,1,1,0.80827,1,1,1,0.95602,0.14813,0.46417,0.40012,0.18344,1,1,0,0,0,0,0,0,0,0,0,0,0,0,0,0,0,0,0,0,0,0,0,0,0,0,0,0,0,0,0,0,0,0,0,0,0,0,0,0,0,0,0,0,0,0,0,0,0,0,0,0,0,0,0,0,0,0,0,0,0,0,0,0,0,0,0,0,0,0,0,0,0,0,0,0,0,0,0,0,0,0,0,0,0,0,0,0,0,0,0,0,0,0,0,0,0,0,0,0,0,0,0,0,0,0,0,0,0,0,0,0,0,0,0,0,0,0,0,0,0,0,0,0,0,0,0,0,0,0,0,0,0,0,0,0,0,0,0,0,0,0,0,0,0,0,0,0,0,0,0,0,0,0,0,0,0,0,0,0,0,0,0,0,0,0,0,0,0,0,0,0,0,0,0,0,0,0,0,0,0,0,0,0,0,0,0,0,0,0,0,0,0,0,0,0,0,0,0,0,0,0,0,0,0,0,0,0,0,0,0,0,0,0,0,0,0,0,0,0,0,0,0,0,0,0,0,0,0,0,0,0,0,0,0,0,0.13469,0.1987,0.23455,0.3764,0,0,0,0,0,0.19019,0.33795,0.57457,0.74774,0,0.13451,0,0.17782,0.17318,0,0,0,0,0,0,0,0,0,0,0.21317,0.51128,0.83056,0.5537,1,1,0.99502,0.21123,0.82239,1,1,1,1,1,1,1,1,1,1,1,1,1,1,1,1,1,1,1,1,1,1,1,1,1
0.73423,0.60544,1,1,0.90463,0.45218,0.23882,0,1,1,1,1,0.80627,0.4301,0.24774,0,0,1,1,1,1,1,1,1,1,0.48852,0.15405,0.17632,1,1,1,1,1,1,1,0.68368,0.21242,0.42824,0,0,0,0,0,0,0,0,0,0.23047,0.15307,0,0.55834,0.56234,0.32996,0.74511,0.90964,1,1,0,0,0.49401,1,1,0,0.56429,1,0.22835,0.7866,0,0,1,1,1,1,1,0.66564,0.22184,1,1,1,1,0.42932,1,0.90414,0.71289,0.31748,1,0,0,0.17971,0,0,0,0,0,0,0,0,0,0,0,0,0,0,0,0,0,0,0,0,0,0,0,0,0,0,0,0,0,0,0,0,0,0,0,0,0,0,0,0,0,0,0,0,0,0,0,0,0,0,0,0,0,0.53237,1,1,0.27826,0.54109,1,1,1,1,1,0.15682,0.27248,0.65473,1,1,1,1,0.92576,1,1,1,1,0.97242,1,1,0.56422,0.23523,0,0,0,0,0,0,0,0,0,0,0,0,0,0,0,0,0,0,0,0,0,0,0,0,0,0,0,0,0,0.15189,0.24675,0.53554,0.68504,0,0,1,1,1,1,0.78306,0.83165,0.47556,0.52728,0.19291,0.22315,0.22067,0.21391,0.13134,0,0.16105,0,0,0,0,0,0,0,0,0,0,0,0,0,0,0,0,0,0,0,0,0,0,0,0,0,0,0,0,0,0,0,0,0,1,1,1,1,1,0.30544,1,0.86245,0.5138,0.2209,0,0,1,1,0.93816,0.49301,0.24517,0,0,0,0.94117,0.88332,0.71947,0.5091,0,0,0,0.48087,0.2479,0.1552,0,0.35505,0.24175,0.17208,0,0,0,0.16556,0,0,0,0,0,0,0,0,0,0,0,0,0,0,0,0,0,0,0,0,0,0,0,0,0,0,0,0,0,0,0,0,0,0,0,0,0,0,0,0,0,0,0,0,0,0,0,0,0,0,0,0,0,0,0,0,0,0,0,0,0,0,0,0,0,0,0,0,0,0,0,0,0,0,0,0,0,0,0,0,0,0,0,0,0,0,0,0,0,0,0,0,0,0,0,0,0,0,0,0,0,0,0,0,0,0,0,0,0,0,0,0,0,0,0,0,0,0,0,0,0,0,0,0,0,0,0,0,0,0,0,0,0,0,0,0,0,0,0,0,0,0,0,0,0,0,0,0,0,0,0,0,0,0,0,0,0,0,0,0,0,0,0,0,0,0,0,0,0,0,0,0,0,0,0,0,0,0,0,0,0,0,0,0,0,0,0,0,0,0,0,0,0,0,0,0,0,0,0,0,0,0,0,0,0,0,0,0,0,0
0.78543,0.72148,1,1,1,0.64785,0.42998,0.13361,1,1,1,1,1,0.65662,0.48698,0.20121,0,1,1,1,1,1,1,1,1,0.7532,0.24344,0.30489,1,1,1,1,1,1,1,0.9692,0.42657,0.59296,0,0,0,0,0,0,0,0,0,0.16532,0,0,0.39363,0.43,0.24496,0.66886,0.76849,0.99538,0.99467,0,0,0.2531,1,0.85659,0,0.30926,0.81029,0.20895,0.78703,0,0,1,1,1,1,1,0.96042,0.46464,1,1,1,1,0.70243,1,1,1,0.57139,1,0,0.18798,0.27613,0,0,0,0,0.1836,0,0,0,0,0.15717,0,0,0,0,0,0,0,0,0,0,0,0,0,0,0,0,0,0,0,0,0,0,0,0,0,0,0,0,0,0,0,0,0,0,0,0,0,0,0,0,0,0,0,0.25848,0.95382,1,0.16242,0.25469,0.77595,1,1,1,1,0,0.1587,0.35875,0.7446,1,1,1,0.62671,1,1,1,1,0.67448,0.77941,0.88127,0.31336,0.15335,0,0,0,0,0,0,0,0,0,0,0,0,0,0,0,0,0,0,0,0,0,0,0,0,0,0,0,0,0,0,0.14846,0.24689,0.39801,0,0,1,1,1,0.88868,0.56938,0.68023,0.26427,0.38213,0,0.1612,0.17295,0.17822,0,0,0.12907,0,0,0,0,0,0,0,0,0,0,0,0,0,0,0,0,0,0,0,0,0,0,0,0,0,0,0,0,0,0,0,0,0,1,1,1,1,1,0.48825,1,0.95837,0.65256,0.32756,0.17119,0,1,1,0.95844,0.58345,0.3484,0,0,0,0.83674,0.82943,0.72926,0.56357,0.15754,0,0,0.44227,0.28659,0.1849,0,0.2843,0.23581,0.18311,0,0,0,0.15849,0,0,0,0,0,0,0,0,0,0,0,0,0,0,0,0,0,0,0,0,0,0,0,0,0,0,0,0,0,0,0,0,0,0,0,0,0,0,0,0,0,0,0,0,0,0,0,0,0,0,0,0,0,0,0,0,0,0,0,0,0,0,0,0,0,0,0,0,0,0,0,0,0,0,0,0,0,0,0,0,0,0,0,0,0,0,0,0,0,0,0,0,0,0,0,0,0,0,0,0,0,0,0,0,0,0,0,0,0,0,0,0,0,0,0,0,0,0,0,0,0,0,0,0,0,0,0,0,0,0,0,0,0,0,0,0,0,0,0,0,0,0,0,0,0,0,0,0,0,0,0,0,0,0,0,0,0,0,0,0,0,0,0,0,0,0,0,0,0,0,0,0,0,0,0,0,0,0,0,0,0,0,0,0,0,0,0,0,0,0,0,0,0,0,0,0,0,0,0,0,0,0,0,0,0,0,0,0,0,0
0.93457,0.93424,1,1,1,0.92892,0.72443,0.23743,1,1,1,1,1,0.95874,0.79875,0.42107,0.18378,1,1,1,1,1,1,1,1,1,0.55027,0.62525,1,1,1,1,1,1,1,1,0.74235,0.84983,0,0,0,0,0,0,0,0,0,0.1274,0,0,0.31394,0.38769,0.24561,0.68609,0.71164,0.97504,1,0,0,0.19246,1,0.72291,0,0.20425,0.62327,0.22344,0.88421,0,0,1,1,1,1,1,1,0.75178,1,1,1,1,0.89532,1,1,1,0.72547,1,0.14448,0.23164,0.40221,0,0,0,0,0.33759,0,0,0,0,0.24202,0,0,0,0,0,0,0,0,0,0,0,0,0,0,0,0,0,0,0,0,0,0,0,0,0,0,0.15039,0,0,0,0,0,0,0,0,0,0,0,0,0,0,0,0,0.17736,0.71548,1,0,0.16819,0.52094,1,1,1,1,0,0,0.19461,0.46649,0.89924,1,1,0.33031,0.86044,0.93988,1,0.90563,0.3711,0.46526,0.56198,0.16498,0,0,0,0,0,0,0,0,0,0,0,0,0,0,0,0,0,0,0,0,0,0,0,0,0,0,0,0,0,0,0,0,0.14359,0.19377,0,0,1,1,0.92062,0.58139,0.26222,0.4035,0.15286,0.20349,0,0,0,0,0,0,0,0,0,0,0,0,0,0,0,0,0,0,0,0,0,0,0,0,0,0,0,0,0,0,0,0,0,0,0,0,0,0,0,0,1,1,1,1,1,0.52895,1,0.88456,0.63346,0.34568,0.1859,0,0.80161,0.848,0.80819,0.50914,0.30214,0,0,0,0.58848,0.61787,0.57248,0.45164,0.15153,0,0,0.24886,0.22201,0.16151,0,0.1881,0.17707,0.14044,0,0,0,0,0,0,0,0,0,0,0,0,0,0,0,0,0,0,0,0,0,0,0,0,0,0,0,0,0,0,0,0,0,0,0,0,0,0,0,0,0,0,0,0,0,0,0,0,0,0,0,0,0,0,0,0,0,0,0,0,0,0,0,0,0,0,0,0,0,0,0,0,0,0,0,0,0,0,0,0,0,0,0,0,0,0,0,0,0,0,0,0,0,0,0,0,0,0,0,0,0,0,0,0,0,0,0,0,0,0,0,0,0,0,0,0,0,0,0,0,0,0,0,0,0,0,0,0,0,0,0,0,0,0,0,0,0,0,0,0,0,0,0,0,0,0,0,0,0,0,0,0,0,0,0,0,0,0,0,0,0,0,0,0,0,0,0,0,0,0,0,0,0,0,0,0,0,0,0,0,0,0,0,0,0,0,0,0,0,0,0,0,0,0,0,0,0,0,0,0,0,0,0,0,0,0,0,0,0,0,0,0,0,0
0.49125,0.68681,0.65953,0.8592,1,0.99875,0.90394,0.58344,1,1,1,1,1,1,1,0.87485,0.52086,1,0.67491,0.98906,1,1,1,1,1,1,1,1,0.49414,1,1,1,1,1,1,1,1,0.79358,0,0,0,0,0,0,0,0,0,0,0,0,0,0,0,0.16015,0.134,0.23486,0.30643,0,0,0,0.21909,0,0,0,0,0,0.31994,0,0,1,1,1,1,1,1,1,1,1,1,1,1,1,1,1,1,1,0.79639,0.99318,1,0.56123,0.18305,0,0,1,0.65256,0.18711,0,0,1,0.63547,0.18583,0,0.44428,0.15939,0.34493,0,0,0.21336,0,0.30917,0.16158,0,0,0.1638,0,0.56318,0,0,0,0,0,0.23125,0,0,0,0.50721,0,0,0,0,0,0.4905,0.21226,0,0,0.428,0.13573,0,0,0,0,0,0,0,0.82281,0,0,0,0.22574,0.38874,0.79783,1,0,0,0,0,0.16736,0.33089,0.58289,0,0.17767,0.23128,0.83033,0.24412,0,0,0.12669,0,0,0,0,0,0,0,0,0,0,0,0,0,0,0,0,0,0,0,0,0,0,0,0,0,0,0,0,0,0,0,0,0,0,0,0,0,0.50939,0.67583,0.47227,0.1711,0,0.16807,0,0,0,0,0,0,0,0,0,0,0,0,0,0,0,0,0,0,0,0,0,0,0,0,0,0,0,0,0,0,0,0,0,0,0,0,0,0,0,0,0,0,1,1,0.89908,1,1,1,0.69876,1,1,0.88509,0.67495,0.19291,0.47964,0.68174,0.83164,0.78543,0.67221,0.45263,0.23153,0.14649,0.29709,0.45752,0.59555,0.62171,0.41998,0.24831,0.16984,0.22147,0.32903,0.30556,0,0.13556,0.1754,0.19168,0,0,0,0,0,0,0,0,0,0,0,0,0,0,0,0,0,0,0,0,0,0,0,0,0,0,0,0,0,0,0,0,0,0,0,0,0,0,0,0,0,0,0,0,0,0,0,0,0,0,0,0,0,0,0,0,0,0,0,0,0,0,0,0,0,0,0,0,0,0,0,0,0,0,0,0,0,0,0,0,0,0,0,0,0,0,0,0,0,0,0,0,0,0,0,0,0,0,0,0,0,0,0,0,0,0,0,0,0,0,0,0,0,0,0,0,0,0,0,0,0,0,0,0,0,0,0,0,0,0,0,0,0,0,0,0,0,0,0,0,0,0,0,0,0,0,0,0,0,0,0,0,0,0,0,0,0,0,0,0,0,0,0,0,0,0,0,0,0,0,0,0,0,0,0,0,0,0,0,0,0,0,0,0,0,0,0,0,0,0,0,0,0,0,0,0,0,0,0,0,0,0,0,0,0,0,0,0,0,0,0,0,0,0
0.32225,0.60391,0.4025,0.66108,0.92381,1,1,0.82212,0.73093,0.7721,1,1,1,1,1,1,0.81313,0.80085,0.25653,0.59366,1,1,1,1,1,1,1,1,0.18865,0.8561,1,1,1,1,1,1,1,0.79978,0,0,0,0,0,0,0,0,0,0,0,0,0,0,0,0,0,0.12701,0.17089,0,0,0,0,0,0,0,0,0,0.19935,0,0,1,1,1,1,1,1,1,1,1,1,1,1,1,1,1,1,1,1,1,1,1,0.50534,0.16434,0,1,1,0.52123,0.17978,0,1,1,0.51246,0.13085,0.8826,0.42493,0.75847,0.2922,0.18341,0.52309,0.15435,0.63314,0.34307,0.1749,0,0.29763,0.12795,0.91607,0.1952,0,0,0,0,0.5075,0.15861,0,0,0.84426,0.24138,0.12653,0,0,0,0.86621,0.5555,0,0,0.85863,0.34865,0,0,0,0,0,0,0,0.36648,0,0,0,0,0.14477,0.33825,0.72111,0,0,0,0,0,0,0.20792,0,0,0,0.38129,0,0,0,0,0,0,0,0,0,0,0,0,0,0,0,0,0,0,0,0,0,0,0,0,0,0,0,0,0,0,0,0,0,0,0,0,0,0,0,0,0,0.19172,0.25551,0.19049,0,0,0,0,0,0,0,0,0,0,0,0,0,0,0,0,0,0,0,0,0,0,0,0,0,0,0,0,0,0,0,0,0,0,0,0,0,0,0,0,0,0,0,0,0,1,0.71535,0.49893,0.87585,1,1,0.31656,0.95419,0.98168,0.89652,0.75156,0.26851,0.20413,0.35805,0.57253,0.6441,0.5868,0.51038,0.31175,0.20011,0.1475,0.21399,0.34494,0.43466,0.40122,0.2863,0.20238,0.12817,0.21624,0.23539,0,0,0,0.13256,0,0,0,0,0,0,0,0,0,0,0,0,0,0,0,0,0,0,0,0,0,0,0,0,0,0,0,0,0,0,0,0,0,0,0,0,0,0,0,0,0,0,0,0,0,0,0,0,0,0,0,0,0,0,0,0,0,0,0,0,0,0,0,0,0,0,0,0,0,0,0,0,0,0,0,0,0,0,0,0,0,0,0,0,0,0,0,0,0,0,0,0,0,0,0,0,0,0,0,0,0,0,0,0,0,0,0,0,0,0,0,0,0,0,0,0,0,0,0,0,0,0,0,0,0,0,0,0,0,0,0,0,0,0,0,0,0,0,0,0,0,0,0,0,0,0,0,0,0,0,0,0,0,0,0,0,0,0,0,0,0,0,0,0,0,0,0,0,0,0,0,0,0,0,0,0,0,0,0,0,0,0,0,0,0,0,0,0,0,0,0,0,0,0,0,0,0,0,0,0,0,0,0,0,0,0,0,0,0,0,0,0,0,0
0,0.20913,0,0.19405,0.42376,0.71788,0.7711,0.76303,0.18774,0.21201,0.44089,0.83878,1,1,1,1,0.85673,0.20857,0,0.13681,0.64213,0.88909,1,1,1,1,1,1,0,0.22427,0.76601,1,1,1,1,1,1,0.41071,0,0,0,0,0,0,0,0,0,0,0,0,0,0,0,0,0,0,0,0,0,0,0,0,0,0,0,0,0,0,0,0.66564,0.96042,1,1,1,1,1,0.77744,1,1,1,1,0.96937,1,1,1,1,1,1,1,1,1,0.56248,0.31346,1,1,1,0.65788,0.40502,1,1,1,0.5451,1,1,1,0.97685,0.73509,1,0.64279,1,0.98485,0.67994,0.46836,0.88144,0.50638,1,0.21239,0,0,0.13142,0,0.61215,0.22806,0,0,0.98361,0.50045,0.22205,0,0.17081,0,1,0.93512,0.16277,0.26642,1,0.82206,0.27943,0,0,0,0,0,0,0,0,0,0,0,0,0,0.20213,0,0,0,0,0,0,0,0,0,0,0,0,0,0,0,0,0,0,0,0,0,0,0,0,0,0,0,0,0,0,0,0,0,0,0,0,0,0,0,0,0,0,0,0,0,0,0,0,0,0,0,0,0,0,0,0,0,0,0,0,0,0,0,0,0,0,0,0,0,0,0,0,0,0,0,0,0,0,0,0,0,0,0,0,0,0,0,0,0,0,0,0,0,0,0,0,0,0,0,0,0.76125,0.23845,0.17386,0.47711,0.7446,1,0.12518,0.80761,0.9815,1,0.99149,0.69683,0,0.17142,0.3216,0.56566,0.59454,0.73546,0.63363,0.49284,0,0,0.20538,0.29852,0.51785,0.49756,0.40817,0,0.17818,0.23714,0.1769,0,0,0,0.15575,0.14661,0.1259,0,0,0,0,0,0,0,0,0,0,0,0,0,0,0,0,0,0,0,0,0,0,0,0,0,0,0,0,0,0,0,0,0,0,0,0,0,0,0,0,0,0,0,0,0,0,0,0,0,0,0,0,0,0,0,0,0,0,0,0,0,0,0,0,0,0,0,0,0,0,0,0,0,0,0,0,0,0,0,0,0,0,0,0,0,0,0,0,0,0,0,0,0,0,0,0,0,0,0,0,0,0,0,0,0,0,0,0,0,0,0,0,0,0,0,0,0,0,0,0,0,0,0,0,0,0,0,0,0,0,0,0,0,0,0,0,0,0,0,0,0,0,0,0,0,0,0,0,0,0,0,0,0,0,0,0,0,0,0,0,0,0,0,0,0,0,0,0,0,0,0,0,0,0,0,0,0,0,0,0,0,0,0,0,0,0,0,0,0,0,0,0,0,0,0,0,0,0,0,0,0,0,0,0,0,0,0,0,0,0,0
0,0.22591,0,0.16354,0.43067,0.89179,1,1,0,0.14602,0.28202,0.79437,1,1,1,1,1,0,0,0,0.31541,0.64299,0.92692,1,1,1,1,1,0,0,0.36964,0.72929,0.76225,1,1,1,1,0.55018,0,0,0,0,0,0,0,0,0,0,0,0,0,0,0,0,0,0,0,0,0,0,0,0,0,0,0,0,0,0,0,0.22184,0.46464,0.75178,1,1,1,1,0.23254,0.95122,1,1,1,0.34174,1,1,1,1,1,1,1,1,1,1,0.91286,1,1,1,1,0.94982,1,1,1,1,1,1,1,1,0.99827,1,0.823,1,0.97314,0.72936,0.55835,0.73487,0.46345,1,0.67414,0.19409,0,0.50474,0.17948,1,0.80615,0.19468,0,1,1,0.81684,0.16804,0.67722,0.24932,1,1,0.65237,0.92686,1,1,0.92218,0,0,0,0,0,0,0,0,0,0,0,0,0,0,0,0,0,0,0,0,0,0,0,0,0,0,0,0,0,0,0,0,0,0,0,0,0,0,0,0,0,0,0,0,0,0,0,0,0,0,0,0,0,0,0,0,0,0,0,0,0,0,0,0,0,0,0,0,0,0,0,0,0,0,0,0,0,0,0,0,0,0,0,0,0,0,0,0,0,0,0,0,0,0,0,0,0,0,0,0,0,0,0,0,0,0,0,0,0,0,0,0,0,0,0.20022,0,0,0,0.19228,0.70775,0,0.216,0.35124,0.44638,0.46711,0.33824,0,0,0,0.14014,0.15758,0.23679,0.22645,0.20185,0,0,0,0,0.14671,0.15686,0.14823,0,0,0,0,0,0,0,0,0,0,0,0,0,0,0,0,0,0,0,0,0,0,0,0,0,0,0,0,0,0,0,0,0,0,0,0,0,0,0,0,0,0,0,0,0,0,0,0,0,0,0,0,0,0,0,0,0,0,0,0,0,0,0,0,0,0,0,0,0,0,0,0,0,0,0,0,0,0,0,0,0,0,0,0,0,0,0,0,0,0,0,0,0,0,0,0,0,0,0,0,0,0,0,0,0,0,0,0,0,0,0,0,0,0,0,0,0,0,0,0,0,0,0,0,0,0,0,0,0,0,0,0,0,0,0,0,0,0,0,0,0,0,0,0,0,0,0,0,0,0,0,0,0,0,0,0,0,0,0,0,0,0,0,0,0,0,0,0,0,0,0,0,0,0,0,0,0,0,0,0,0,0,0,0,0,0,0,0,0,0,0,0,0,0,0,0,0,0,0,0,0,0,0,0,0,0,0,0,0,0,0,0,0,0,0,0,0,0,0,0,0
0.23097,0.20462,0.63363,0.58903,0.42867,0.18781,0,0,1,1,1,0.78368,0.45177,0.20017,0.15204,0,0,1,1,1,1,1,1,0.97412,0.75986,0.26156,0,0,1,1,1,1,1,1,1,0.5439,0.17662,0.16427,0,0,0,0,0,0,0,0,0,0,0,0,0.17332,0.16809,0,0.22382,0.35456,0.53146,0.48714,0,0,0.18422,0.99288,0.55713,0,0.21787,0.61718,0,0.24078,0,0,1,1,1,1,1,0.77744,0.23254,1,1,1,1,0.67921,1,1,0.65985,0.63789,1,0,0.23149,0.4104,0,0,0,0,0,0,0,0,0,0,0,0,0,0,0,0,0,0,0,0,0,0,0,0,0,0,0,0,0,0,0,0,0,0,0,0,0,0,0,0,0,0,0,0,0,0,0,0,0,0,0,0,0,0.22639,0.88365,1,0.17186,0.24814,0.76443,1,1,1,1,0,0.18708,0.43157,0.81758,1,1,1,0.78689,1,1,1,1,0.87236,1,1,0.76495,0.42932,0,0,0,0,0,0,0,0,0,0,0,0,0,0,0,0,0,0,0,0,0,0,0,0,0,0,0,0,0,0.17314,0.23446,0.49319,0.70945,0,0,1,1,1,1,1,1,0.79452,0.97592,0.37933,0.54775,0.61477,0.6415,0.24021,0.26127,0.49487,0.13847,0,0,0,0,0,0,0,0,0,0,0.14249,0,0,0,0,0,0,0,0,0,0,0,0.14498,0,0,0,0,0,0,0,0,0,1,1,1,1,1,0.77602,1,1,1,0.65902,0.3085,0,1,1,1,1,0.78096,0.22484,0,0,1,1,1,1,0.37024,0.18137,0,1,0.81728,0.52612,0,0.88988,0.79093,0.59054,0,0,0,0.56083,0.37445,0.19987,0,0.3721,0.1399,0,0,0.24093,0.13994,0,0,0,0,0,0,0,0,0,0,0,0,0,0,0,0,0,0,0,0,0,0,0,0,0,0,0,0,0,0,0,0,0,0,0,0,0,0,0,0,0,0,0,0,0,0,0,0,0,0,0,0,0,0,0,0,0,0,0,0,0,0,0,0,0,0,0,0,0,0,0,0,0,0,0,0,0,0,0,0,0,0,0,0,0,0,0,0,0,0,0,0,0,0,0,0,0,0,0,0,0,0,0,0,0,0,0,0,0,0,0,0,0,0,0,0,0,0,0,0,0,0,0,0,0,0,0,0,0,0,0,0,0,0,0,0,0,0,0,0,0,0,0,0,0,0,0,0,0,0,0,0,0,0,0,0,0,0,0,0,0,0,0,0,0,0,0,0,0,0,0,0,0,0,0,0,0,0,0,0,0,0,0,0,0,0,0,0,0,0,0,0,0,0,0,0,0,0,0,0,0
0.2355,0.27398,0.51655,0.60145,0.60904,0.42416,0.28098,0.13074,1,0.92816,1,1,0.84653,0.54744,0.4633,0.22206,0,1,0.9524,1,1,1,1,1,1,0.82663,0.35212,0.47622,0.82066,1,1,1,1,1,1,1,0.70909,0.27582,0,0,0,0,0,0,0,0,0,0,0,0,0,0,0,0.14151,0.15892,0.24122,0.25478,0,0,0,0.43755,0.1835,0,0,0.17353,0,0.20977,0,0,1,1,1,1,1,1,0.95122,1,1,1,1,1,1,1,1,1,1,0.53662,0.86103,1,0.12611,0,0,0,0.55266,0.17135,0,0,0,0.59037,0.18361,0,0,0.14114,0,0.13106,0,0,0,0,0.18162,0,0,0,0,0,0.24469,0,0,0,0,0,0,0,0,0,0,0,0,0,0,0,0,0,0,0,0,0,0,0,0,0,0,0,0.23648,1,0,0,0.18646,0.59486,0.87132,1,1,0,0,0,0.19287,0.48402,0.90618,1,0.17458,0.62305,0.84487,1,0.91888,0.20101,0.27968,0.56785,0.18025,0,0,0,0,0,0,0,0,0,0,0,0,0,0,0,0,0,0,0,0,0,0,0,0,0,0,0,0,0,0,0,0,0,0.14585,0,0,1,1,1,0.73211,0.42725,0.73284,0.21509,0.47141,0,0.15438,0.21044,0.25129,0,0,0.21357,0,0,0,0,0,0,0,0,0,0,0,0,0,0,0,0,0,0,0,0,0,0,0,0,0,0,0,0,0,0,0,0,0,1,1,1,1,1,1,1,1,1,1,0.80831,0.1866,1,1,1,1,1,0.62938,0.28981,0.1581,1,1,1,1,0.71753,0.45811,0.21476,0.82253,0.8645,0.72881,0,0.5889,0.65001,0.61373,0.21922,0.16886,0,0.41856,0.38121,0.24588,0,0.24172,0.18016,0,0,0.15161,0.13749,0,0,0,0,0,0,0,0,0,0,0,0,0,0,0,0,0,0,0,0,0,0,0,0,0,0,0,0,0,0,0,0,0,0,0,0,0,0,0,0,0,0,0,0,0,0,0,0,0,0,0,0,0,0,0,0,0,0,0,0,0,0,0,0,0,0,0,0,0,0,0,0,0,0,0,0,0,0,0,0,0,0,0,0,0,0,0,0,0,0,0,0,0,0,0,0,0,0,0,0,0,0,0,0,0,0,0,0,0,0,0,0,0,0,0,0,0,0,0,0,0,0,0,0,0,0,0,0,0,0,0,0,0,0,0,0,0,0,0,0,0,0,0,0,0,0,0,0,0,0,0,0,0,0,0,0,0,0,0,0,0,0,0,0,0,0,0,0,0,0,0,0,0,0,0,0,0,0,0,0,0,0,0,0,0,0,0,0,0,0,0,0,0,0,0,0,0,0,0,0,0
0,0,0.14418,0.19115,0.22619,0.21427,0.18756,0,0.45704,0.34048,0.51641,0.61558,0.57461,0.34475,0.33293,0.20788,0,0.95676,0.27625,0.49673,1,1,1,0.99395,0.99685,0.75021,0.35003,0.51004,0.21534,0.89181,1,1,1,1,1,1,0.82917,0.14475,0,0,0,0,0,0,0,0,0,0,0,0,0,0,0,0,0,0,0,0,0,0,0,0,0,0,0,0,0,0,0,1,1,1,1,1,1,1,1,1,1,1,1,1,1,1,1,1,1,1,1,0.23149,0,0,0,0.90445,0.40536,0,0,0,1,0.51004,0.15101,0,0.44717,0.14977,0.46815,0.15897,0,0.38091,0,0.70013,0.30507,0.15126,0,0.43811,0.14793,0.86592,0,0,0,0,0,0,0,0,0,0,0,0,0,0,0,0.126,0,0,0,0.15317,0,0,0,0,0,0,0,0,0.66588,0,0,0,0.14486,0.24273,0.72003,1,0,0,0,0,0,0.31125,0.60481,0,0.18141,0.32528,0.98711,0.45593,0,0,0.20539,0,0,0,0,0,0,0,0,0,0,0,0,0,0,0,0,0,0,0,0,0,0,0,0,0,0,0,0,0,0,0,0,0,0,0,0,0,0.79118,1,0.91211,0.37046,0.19708,0.52113,0,0.3055,0,0,0.16752,0.23541,0,0,0.21158,0,0,0,0,0,0,0,0,0,0,0,0,0,0,0,0,0,0,0,0,0,0,0,0,0,0,0,0,0,0,0,0,0,1,1,1,1,1,1,1,1,1,1,1,0.73015,1,1,1,1,1,1,0.93522,0.63456,0.88325,1,1,1,1,1,0.77464,0.89722,1,1,0.32472,0.60519,0.80309,0.90982,0.68517,0.56388,0.35689,0.58604,0.6776,0.64711,0.36142,0.39966,0.44436,0.33596,0.21999,0.17871,0.23975,0.23704,0,0,0.16636,0.18226,0.16804,0,0,0,0,0,0,0.22379,0,0,0,0,0,0,0,0,0,0,0,0,0,0,0,0,0,0,0,0,0,0,0,0,0,0,0,0,0,0,0,0,0,0,0,0,0,0,0,0,0,0,0,0,0,0,0,0,0,0,0,0,0,0,0,0,0,0,0,0,0,0,0,0,0,0,0,0,0,0,0,0,0,0,0,0,0,0,0,0,0,0,0,0,0,0,0,0,0,0,0,0,0,0,0,0,0,0,0,0,0,0,0,0,0,0,0,0,0,0,0,0,0,0,0,0,0,0,0,0,0,0,0,0,0,0,0,0,0,0,0,0,0,0,0,0,0,0,0,0,0,0,0,0,0,0,0,0,0,0,0,0,0,0,0,0,0,0,0,0,0,0,0,0,0,0,0,0,0,0,0,0,0,0,0,0,0,0,0,0,0,0,0,0,0,0,0,0
0,0.17308,0.13086,0.20558,0.34324,0.46586,0.44602,0.29649,0.29866,0.27985,0.52788,0.78244,0.88631,0.73071,0.77913,0.64057,0.33042,0.56781,0.14875,0.24499,0.90457,1,1,1,1,1,0.8872,1,0,0.56482,1,1,1,1,1,1,1,0.23529,0,0,0,0,0,0,0,0,0,0,0,0,0,0,0,0,0,0,0,0,0,0,0,0,0,0,0,0,0,0,0,1,1,1,1,1,1,1,1,1,1,1,1,1,1,1,1,1,1,1,1,0.8563,0.40423,0.13809,0,1,1,0.50486,0.17912,0,1,1,0.58456,0.15466,1,0.55819,1,0.53034,0.28271,0.86405,0.25454,1,0.73375,0.39493,0.21986,0.76512,0.31281,1,0,0,0,0,0,0.18393,0,0,0,0.41,0,0,0,0,0,0.48857,0.27922,0,0,0.61131,0.2189,0,0,0,0,0,0,0,0.23336,0,0,0,0,0,0.23899,0.66868,0,0,0,0,0,0,0.18575,0,0,0,0.39549,0,0,0,0,0,0,0,0,0,0,0,0,0,0,0,0,0,0,0,0,0,0,0,0,0,0,0,0,0,0,0,0,0,0,0,0,0,0,0,0,0,0.22045,0.38255,0.25471,0,0,0,0,0,0,0,0,0,0,0,0,0,0,0,0,0,0,0,0,0,0,0,0,0,0,0,0,0,0,0,0,0,0,0,0,0,0,0,0,0,0,0,0,0,1,0.85665,0.67188,1,1,1,0.53497,1,1,1,1,0.83289,0.3659,0.67895,0.97404,1,1,1,0.90114,0.67705,0.241,0.48053,0.76221,0.91385,0.98117,0.87894,0.69923,0.27642,0.6387,0.75215,0.27723,0.15716,0.23766,0.39358,0.40661,0.33751,0.23614,0.16888,0.22287,0.24343,0.20578,0,0.17626,0.16555,0.13338,0,0,0,0,0,0,0,0,0,0,0,0,0,0,0.19493,0,0,0,0,0,0,0,0,0,0,0,0,0,0,0,0,0,0,0,0,0,0,0,0,0,0,0,0,0,0,0,0,0,0,0,0,0,0,0,0,0,0,0,0,0,0,0,0,0,0,0,0,0,0,0,0,0,0,0,0,0,0,0,0,0,0,0,0,0,0,0,0,0,0,0,0,0,0,0,0,0,0,0,0,0,0,0,0,0,0,0,0,0,0,0,0,0,0,0,0,0,0,0,0,0,0,0,0,0,0,0,0,0,0,0,0,0,0,0,0,0,0,0,0,0,0,0,0,0,0,0,0,0,0,0,0,0,0,0,0,0,0,0,0,0,0,0,0,0,0,0,0,0,0,0,0,0,0,0,0,0,0,0,0,0,0,0,0,0,0,0,0,0,0,0,0,0,0,0,0,0,0,0,0,0,0,0,0
0,0,0,0,0,0.1814,0.19645,0.19839,0,0,0.1301,0.241,0.43582,0.3644,0.48551,0.46369,0.23746,0,0,0,0.23578,0.38121,0.53399,0.66544,0.85843,0.93114,0.73357,0.93503,0,0,0.39392,0.62471,0.76946,1,1,1,1,0,0,0,0,0,0,0,0,0,0,0,0,0,0,0,0,0,0,0,0,0,0,0,0,0,0,0,0,0,0,0,0,0.42932,0.70243,0.89532,1,1,1,1,0.67921,1,1,1,1,0.98783,1,1,1,1,1,1,1,1,0.7971,0.35049,0.20816,1,1,0.98058,0.54446,0.30496,1,1,1,0.53699,1,1,1,1,0.9585,1,0.95577,1,1,1,0.8747,1,1,1,0,0,0,0,0,0.16427,0,0,0,0.37069,0.15769,0,0,0,0,0.53127,0.47178,0,0.13924,0.82143,0.45895,0.16439,0,0,0,0,0,0,0,0,0,0,0,0,0,0.16591,0,0,0,0,0,0,0,0,0,0,0,0,0,0,0,0,0,0,0,0,0,0,0,0,0,0,0,0,0,0,0,0,0,0,0,0,0,0,0,0,0,0,0,0,0,0,0,0,0,0,0,0,0,0,0,0,0,0,0,0,0,0,0,0,0,0,0,0,0,0,0,0,0,0,0,0,0,0,0,0,0,0,0,0,0,0,0,0,0,0,0,0,0,0,0,0,0,0,0,0,0.94314,0.28325,0.20912,0.65553,1,1,0.17742,1,1,1,1,1,0.13372,0.27483,0.66102,1,1,1,1,1,0,0.20188,0.48509,0.74044,1,1,1,0.16049,0.50357,0.76116,0.71295,0,0.16184,0.28299,0.59834,0.59078,0.54974,0,0.19308,0.26569,0.3628,0,0.19175,0.2131,0.21267,0,0,0,0.16499,0,0,0,0,0,0,0,0,0,0,0.49216,0,0,0,0,0,0,0,0,0,0,0,0,0,0,0,0,0,0,0,0,0,0,0,0,0,0,0,0,0,0,0,0,0,0,0,0,0,0,0,0,0,0,0,0,0,0,0,0,0,0,0,0,0,0,0,0,0,0,0,0,0,0,0,0,0,0,0,0,0,0,0,0,0,0,0,0,0,0,0,0,0,0,0,0,0,0,0,0,0,0,0,0,0,0,0,0,0,0,0,0,0,0,0,0,0,0,0,0,0,0,0,0,0,0,0,0,0,0,0,0,0,0,0,0,0,0,0,0,0,0,0,0,0,0,0,0,0,0,0,0,0,0,0,0,0,0,0,0,0,0,0,0,0,0,0,0,0,0,0,0,0,0,0,0,0,0,0,0,0,0,0,0,0,0,0,0,0,0,0,0,0,0,0,0,0,0,0,0
0,0,0.23937,0.23899,0.20826,0,0,0,0.88181,0.62135,0.66396,0.51271,0.26051,0.14648,0,0,0,1,0.99175,1,1,1,0.99954,0.76777,0.6152,0.22869,0,0,0.92125,1,1,1,1,1,0.97048,0.5337,0.18731,0,0,0,0,0,0,0,0,0,0,0,0,0,0,0,0,0,0.12668,0.1894,0.17979,0,0,0,0.51348,0.1919,0,0,0.21482,0,0,0,0,1,1,1,1,1,0.96937,0.34174,1,1,1,1,0.98783,1,1,0.71823,1,1,0.23265,0.60051,0.81524,0,0,0,0,0.15145,0,0,0,0,0.18496,0,0,0,0,0,0,0,0,0,0,0,0,0,0,0,0,0,0,0,0,0,0,0,0,0,0,0,0,0,0,0,0,0,0,0,0,0,0,0,0,0,0,0,0,0.43374,1,0,0,0.33311,0.81048,1,1,1,0,0,0.17897,0.41692,0.7808,1,1,0.42813,1,1,1,1,0.53257,0.75824,1,0.6411,0.33672,0,0,0,0,0,0,0,0,0,0,0,0,0,0,0,0,0,0,0,0,0,0,0,0,0,0,0,0,0,0,0.13874,0.23219,0.45093,0,0,1,1,1,1,1,1,0.78398,1,0.36277,0.61233,0.77436,0.87347,0.2452,0.47367,0.75071,0.18369,0,0.13633,0,0,0,0,0,0,0,0,0.22025,0,0,0,0,0,0,0,0,0,0,0,0.13711,0,0,0,0,0,0,0,0,0,1,1,1,1,1,1,1,1,1,1,0.77554,0.14448,1,1,1,1,1,0.6495,0.25341,0.13272,1,1,1,1,0.85182,0.52348,0.21703,1,1,0.99868,0,1,1,1,0.34252,0.21781,0,0.93387,0.80217,0.55921,0.16493,0.74136,0.37483,0.20967,0,0.52966,0.33991,0.24649,0,0.22185,0.2231,0.16666,0,0,0,0,0,0,0,0,0,0,0,0,0,0,0,0,0,0,0,0,0,0,0,0,0,0,0,0,0,0,0,0,0,0,0,0,0,0,0,0,0,0,0,0,0,0,0,0,0,0,0,0,0,0,0,0,0,0,0,0,0,0,0,0,0,0,0,0,0,0,0,0,0,0,0,0,0,0,0,0,0,0,0,0,0,0,0,0,0,0,0,0,0,0,0,0,0,0,0,0,0,0,0,0,0,0,0,0,0,0,0,0,0,0,0,0,0,0,0,0,0,0,0,0,0,0,0,0,0,0,0,0,0,0,0,0,0,0,0,0,0,0,0,0,0,0,0,0,0,0,0,0,0,0,0,0,0,0,0,0,0,0,0,0,0,0,0,0,0,0,0,0,0,0,0,0,0,0,0,0,0,0,0,0,0,0,0,0,0,0,0,0,0,0,0,0
0,0,0,0,0,0.16044,0.15518,0,0.14086,0,0.19703,0.31083,0.40166,0.24996,0.30838,0.23157,0.13308,0.32084,0,0.13625,0.53065,0.61968,0.69491,0.73274,0.83704,0.7526,0.44956,0.636,0,0.27778,0.76809,0.92323,1,1,1,1,1,0,0,0,0,0,0,0,0,0,0,0,0,0,0,0,0,0,0,0,0,0,0,0,0,0,0,0,0,0,0,0,0,0.90414,1,1,1,1,1,1,1,1,1,1,1,1,1,1,1,1,1,1,1,0.61421,0.23831,0,0,1,0.89041,0.37589,0.14417,0,1,1,0.52309,0.13997,1,0.5489,1,0.61564,0.37027,1,0.39833,1,0.9645,0.61345,0.36748,1,0.59505,1,0,0,0,0,0,0,0,0,0,0.16837,0,0,0,0,0,0.20515,0.15749,0,0,0.31624,0.13631,0,0,0,0,0,0,0,0.17015,0,0,0,0,0,0.1869,0.55112,0,0,0,0,0,0,0.14899,0,0,0,0.3398,0,0,0,0,0,0,0,0,0,0,0,0,0,0,0,0,0,0,0,0,0,0,0,0,0,0,0,0,0,0,0,0,0,0,0,0,0,0,0,0,0,0.22391,0.42115,0.34597,0,0,0.16863,0,0,0,0,0,0,0,0,0,0,0,0,0,0,0,0,0,0,0,0,0,0,0,0,0,0,0,0,0,0,0,0,0,0,0,0,0,0,0,0,0,0,1,0.88988,0.74051,1,1,1,0.64919,1,1,1,1,1,0.51731,0.88456,1,1,1,1,1,1,0.40309,0.70906,1,1,1,1,1,0.56168,1,1,0.75071,0.24614,0.53986,0.78194,0.88368,0.82046,0.69246,0.34781,0.56479,0.67239,0.59934,0.22566,0.47303,0.46413,0.38108,0,0.21366,0.23056,0.21842,0,0.13407,0.19513,0.21076,0,0,0,0,0,0,0.56347,0,0,0,0,0,0,0,0,0,0,0,0,0,0,0,0,0,0,0,0,0,0,0,0,0,0,0,0,0,0,0,0,0,0,0,0,0,0,0,0,0,0,0,0,0,0,0,0,0,0,0,0,0,0,0,0,0,0,0,0,0,0,0,0,0,0,0,0,0,0,0,0,0,0,0,0,0,0,0,0,0,0,0,0,0,0,0,0,0,0,0,0,0,0,0,0,0,0,0,0,0,0,0,0,0,0,0,0,0,0,0,0,0,0,0,0,0,0,0,0,0,0,0,0,0,0,0,0,0,0,0,0,0,0,0,0,0,0,0,0,0,0,0,0,0,0,0,0,0,0,0,0,0,0,0,0,0,0,0,0,0,0,0,0,0,0,0,0,0,0,0,0,0,0,0,0,0,0,0,0,0,0,0,0,0,0,0,0
0.36869,0.77917,0.28768,0.63631,1,1,1,1,0.43406,0.59404,0.93705,1,1,1,1,1,1,0.24943,0,0.23009,0.95206,1,1,1,1,1,1,1,0,0.35899,0.97931,1,1,1,1,1,1,1,0,0,0,0,0,0,0,0,0,0,0,0,0,0,0,0,0,0,0,0,0,0,0,0,0,0,0,0,0.18736,0,0,0.71289,1,1,1,1,1,1,0.65985,1,1,1,1,0.71823,1,1,1,1,0.98733,0.92787,1,1,1,0.62473,0.36477,1,1,1,0.60121,0.3509,1,1,0.97709,0.38513,1,0.82434,0.9737,0.56849,0.34636,0.64196,0.22796,0.58217,0.39698,0.20904,0.14712,0.24077,0.13213,0.92122,0.79517,0.18872,0,0.47068,0.14052,1,0.73419,0.13097,0,1,0.98795,0.64336,0,0.42189,0.14883,1,1,0.26984,0.51568,1,1,0.44907,0,0,0,0,0,0,0,0,0,0,0,0,0,0.18083,0,0,0,0,0,0,0,0,0,0,0,0,0,0,0,0,0,0,0,0,0,0,0,0,0,0,0,0,0,0,0,0,0,0,0,0,0,0,0,0,0,0,0,0,0,0,0,0,0,0,0,0,0,0,0,0,0,0,0,0,0,0,0,0,0,0,0,0,0,0,0,0,0,0,0,0,0,0,0,0,0,0,0,0,0,0,0,0,0,0,0,0,0,0,0,0,0,0,0,0,0.37773,0.155,0,0.20401,0.29089,0.60071,0,0.2488,0.34284,0.33791,0.27173,0.15664,0,0,0,0.15417,0.14948,0.17244,0.13401,0,0,0,0,0,0,0,0,0,0,0,0,0,0,0,0,0,0,0,0,0,0,0,0,0,0,0,0,0,0,0,0,0,0,0,0,0,0,0,0,0,0,0,0,0,0,0,0,0,0,0,0,0,0,0,0,0,0,0,0,0,0,0,0,0,0,0,0,0,0,0,0,0,0,0,0,0,0,0,0,0,0,0,0,0,0,0,0,0,0,0,0,0,0,0,0,0,0,0,0,0,0,0,0,0,0,0,0,0,0,0,0,0,0,0,0,0,0,0,0,0,0,0,0,0,0,0,0,0,0,0,0,0,0,0,0,0,0,0,0,0,0,0,0,0,0,0,0,0,0,0,0,0,0,0,0,0,0,0,0,0,0,0,0,0,0,0,0,0,0,0,0,0,0,0,0,0,0,0,0,0,0,0,0,0,0,0,0,0,0,0,0,0,0,0,0,0,0,0,0,0,0,0,0,0,0,0,0,0,0,0,0,0,0,0,0,0,0,0,0,0,0,0,0,0,0,0,0,0
0,0,0,0,0,0,0,0,0,0,0,0.13309,0.19224,0.16252,0.19975,0.19,0,0,0,0,0.16323,0.20668,0.2465,0.33723,0.50491,0.54599,0.33965,0.541,0,0,0.23594,0.39538,0.56498,0.77107,0.98906,1,0.9632,0,0,0,0,0,0,0,0,0,0,0,0,0,0,0,0,0,0,0,0,0,0,0,0,0,0,0,0,0,0,0,0,0.31748,0.57139,0.72547,1,1,1,1,0.63789,1,1,1,1,1,1,1,1,1,1,1,1,0.82684,0.50668,0.19609,0.12519,1,1,0.72978,0.32186,0.19779,1,1,0.93961,0.36528,1,1,1,1,0.90446,1,0.96114,1,1,1,0.95146,1,1,1,0,0,0,0,0,0,0,0,0,0.16022,0,0,0,0,0,0.21628,0.20575,0,0,0.46777,0.21233,0,0,0,0,0,0,0,0,0,0,0,0,0,0,0.15588,0,0,0,0,0,0,0,0,0,0,0,0,0,0,0,0,0,0,0,0,0,0,0,0,0,0,0,0,0,0,0,0,0,0,0,0,0,0,0,0,0,0,0,0,0,0,0,0,0,0,0,0,0,0.12946,0,0,0,0,0,0,0,0,0,0,0,0,0,0,0,0,0,0,0,0,0,0,0,0,0,0,0,0,0,0,0,0,0,0,0,0,0,0,0,0,0,0,0,0,0,0,1,0.34917,0.23969,0.77744,1,1,0.21863,1,1,1,1,1,0.18403,0.4555,0.88132,1,1,1,1,1,0.1542,0.30581,0.72705,1,1,1,1,0.2414,0.80517,1,1,0.12891,0.25844,0.59699,0.98418,0.9828,0.94315,0.19768,0.40306,0.62379,0.75473,0.1468,0.43755,0.52011,0.52979,0,0.17526,0.20853,0.38859,0,0,0.19162,0.23404,0,0,0,0,0,0,0.87955,0,0,0,0,0,0,0,0,0,0,0,0,0,0,0,0,0,0,0,0,0,0,0,0,0,0,0,0,0,0,0,0,0,0,0,0,0,0,0,0,0,0,0,0,0,0,0,0,0,0,0,0,0,0,0,0,0,0,0,0,0,0,0,0,0,0,0,0,0,0,0,0,0,0,0,0,0,0,0,0,0,0,0,0,0,0,0,0,0,0,0,0,0,0,0,0,0,0,0,0,0,0,0,0,0,0,0,0,0,0,0,0,0,0,0,0,0,0,0,0,0,0,0,0,0,0,0,0,0,0,0,0,0,0,0,0,0,0,0,0,0,0,0,0,0,0,0,0,0,0,0,0,0,0,0,0,0,0,0,0,0,0,0,0,0,0,0,0,0,0,0,0,0,0,0,0,0,0,0,0,0,0,0,0,0,0,0,0
0.41541,0.52161,0.6796,0.8044,0.85814,0.71103,0.57589,0.23107,1,1,1,1,1,0.84436,0.76396,0.46615,0.20197,1,0.94544,1,1,1,1,1,1,1,0.64955,0.7702,0.78892,1,1,1,1,1,1,1,0.99024,0.55022,0,0,0,0,0,0,0,0,0,0,0,0,0,0,0,0.18375,0.18397,0.32301,0.382,0,0,0,0.42516,0.18926,0,0,0.16423,0,0.30635,0,0,1,1,1,1,1,1,1,1,1,1,1,1,1,1,1,1,1,0.58124,0.85586,1,0.2068,0,0,0,0.77735,0.24337,0,0,0,0.76293,0.24626,0,0,0.19329,0,0.17248,0,0,0,0,0.19595,0,0,0,0,0,0.30596,0,0,0,0,0,0,0,0,0,0.19164,0,0,0,0,0,0.18228,0,0,0,0.15971,0,0,0,0,0,0,0,0.21095,1,0,0,0.15407,0.51586,0.75929,1,1,0,0,0,0.15058,0.37049,0.74099,1,0,0.44803,0.63079,1,0.67872,0.14464,0.19538,0.32648,0,0,0,0,0,0,0,0,0,0,0,0,0,0,0,0,0,0,0,0,0,0,0,0,0,0,0,0,0,0,0,0,0,0,0,0,0,0.95877,1,0.91481,0.46247,0.21785,0.43865,0,0.22468,0,0,0,0.15011,0,0,0,0,0,0,0,0,0,0,0,0,0,0,0,0,0,0,0,0,0,0,0,0,0,0,0,0,0,0,0,0,0,0,0,0,1,1,1,1,1,1,1,1,1,0.9623,0.69554,0.1672,0.90459,1,1,1,0.85045,0.49802,0.22925,0.13136,0.71488,0.84645,0.92911,0.89743,0.54064,0.3114,0.17527,0.52794,0.60417,0.50597,0,0.28986,0.36322,0.35149,0.15664,0,0,0.21095,0.20598,0.1679,0,0.1466,0,0,0,0,0,0,0,0,0,0,0,0,0,0,0,0,0,0,0,0,0,0,0,0,0,0,0,0,0,0,0,0,0,0,0,0,0,0,0,0,0,0,0,0,0,0,0,0,0,0,0,0,0,0,0,0,0,0,0,0,0,0,0,0,0,0,0,0,0,0,0,0,0,0,0,0,0,0,0,0,0,0,0,0,0,0,0,0,0,0,0,0,0,0,0,0,0,0,0,0,0,0,0,0,0,0,0,0,0,0,0,0,0,0,0,0,0,0,0,0,0,0,0,0,0,0,0,0,0,0,0,0,0,0,0,0,0,0,0,0,0,0,0,0,0,0,0,0,0,0,0,0,0,0,0,0,0,0,0,0,0,0,0,0,0,0,0,0,0,0,0,0,0,0,0,0,0,0,0,0,0,0,0,0,0,0,0,0,0,0,0,0,0,0,0,0,0,0,0,0,0,0,0,0,0,0
0,0,0,0,0,0,0,0,0,0,0,0,0,0,0,0,0,0,0,0,0,0,0,0,0.14612,0.20394,0.17638,0.24552,0,0,0,0,0,0.1846,0.394,0.58992,0.67239,0,0,0,0,0,0,0,0,0,0,0,0,0,0,0,0,0,0,0,0,0,0,0,0,0,0,0,0,0,0,0,0,0,0,0.14448,0.79639,1,1,1,0,0.53662,1,1,1,0.23265,1,0.98733,1,0.58124,1,1,1,0.91813,0.75163,0.43037,0.25889,1,1,1,0.74704,0.55218,1,1,1,0.89206,1,1,1,1,1,1,1,1,1,1,1,1,1,1,0,0,0,0,0,0,0,0,0,0,0,0,0,0,0,0.17745,0.21965,0,0,0.49672,0.3031,0.16452,0,0,0,0,0,0,0,0,0,0,0,0,0,0,0,0,0,0,0,0,0,0,0,0,0,0,0,0,0,0,0,0,0,0,0,0,0,0,0,0,0,0,0,0,0,0,0,0,0,0,0,0,0,0,0,0,0,0,0,0,0,0,0,0,0,0,0,0,0,0,0,0,0,0,0,0,0,0,0,0,0,0,0,0,0,0,0,0,0,0,0,0,0,0,0,0,0,0,0,0,0,0,0,0,0,0,0,0,0,0,0,0,0,0,0.30243,0,0,0.17747,0.46361,1,0,0.84001,1,1,1,1,0,0,0.24689,0.81826,1,1,1,1,0,0,0.20815,0.48266,1,1,1,0,0.32058,0.73872,1,0,0,0.21782,0.85742,0.94368,1,0,0.16517,0.33569,0.72753,0,0.22593,0.37287,0.51119,0,0,0,0.50811,0,0,0,0.19807,0,0,0,0,0,0,1,0,0,0,0,0,0,0,0,0,0,0,0,0,0,0,0,0,0,0,0,0,0,0,0,0,0,0,0,0,0,0,0,0,0,0,0,0,0,0,0,0,0,0,0,0,0,0,0,0,0,0,0,0,0,0,0,0,0,0,0,0,0,0,0,0,0,0,0,0,0,0,0,0,0,0,0,0,0,0,0,0,0,0,0,0,0,0,0,0,0,0,0,0,0,0,0,0,0,0,0,0,0,0,0,0,0,0,0,0,0,0,0,0,0,0,0,0,0,0,0,0,0,0,0,0,0,0,0,0,0,0,0,0,0,0,0,0,0,0,0,0,0,0,0,0,0,0,0,0,0,0,0,0,0,0,0,0,0,0,0,0,0,0,0,0,0,0,0,0,0,0,0,0,0,0,0,0,0,0,0,0,0,0,0,0,0,0,0
0,0,0,0,0,0,0,0,0,0,0,0,0,0,0,0,0,0,0,0,0,0,0,0,0.14959,0.17522,0,0.18957,0,0,0,0,0.17318,0.23528,0.42918,0.52304,0.5009,0,0,0,0,0,0,0,0,0,0,0,0,0,0,0,0,0,0,0,0,0,0,0,0,0,0,0,0,0,0,0,0,0,0.18798,0.23164,0.99318,1,1,1,0.23149,0.86103,1,1,1,0.60051,1,0.92787,1,0.85586,1,1,1,0.5555,0.32509,0.15609,0,1,0.95367,0.61074,0.26332,0.18638,1,1,0.89447,0.38675,1,1,1,1,1,1,1,1,1,1,1,1,1,1,0,0,0,0,0,0,0,0,0,0,0,0,0,0,0,0,0,0,0,0.21886,0.13416,0,0,0,0,0,0,0,0,0,0,0,0,0,0,0,0,0,0,0,0,0,0,0,0,0,0,0,0,0,0,0,0,0,0,0,0,0,0,0,0,0,0,0,0,0,0,0,0,0,0,0,0,0,0,0,0,0,0,0,0,0,0,0,0,0,0,0,0,0,0,0,0,0,0,0,0,0,0,0,0,0,0,0,0,0,0,0,0,0,0,0,0,0,0,0,0,0,0,0,0,0,0,0,0,0,0,0,0,0,0,0,0,0,0,0,0.76212,0.17217,0.13982,0.50109,0.94506,1,0.13273,1,1,1,1,1,0,0.2714,0.74673,1,1,1,1,1,0,0.21886,0.63692,0.99898,1,1,1,0.21701,0.83628,1,1,0,0.24787,0.66579,1,1,1,0.20377,0.50306,0.82214,1,0.16065,0.65598,0.81801,0.90675,0,0.22801,0.32682,0.83551,0,0.14564,0.3284,0.52255,0.20811,0.20094,0,0,0,0,1,0,0,0,0,0,0,0,0,0,0,0,0,0,0,0,0,0,0,0,0,0,0,0,0,0,0,0,0,0,0,0,0,0,0,0,0,0,0,0,0,0,0,0,0,0,0,0,0,0,0,0,0,0,0,0,0,0,0,0,0,0,0,0,0,0,0,0,0,0,0,0,0,0,0,0,0,0,0,0,0,0,0,0,0,0,0,0,0,0,0,0,0,0,0,0,0,0,0,0,0,0,0,0,0,0,0,0,0,0,0,0,0,0,0,0,0,0,0,0,0,0,0,0,0,0,0,0,0,0,0,0,0,0,0,0,0,0,0,0,0,0,0,0,0,0,0,0,0,0,0,0,0,0,0,0,0,0,0,0,0,0,0,0,0,0,0,0,0,0,0,0,0,0,0,0,0,0,0,0,0,0,0,0,0,0,0,0,0
0,0,0,0,0,0,0,0,0,0,0,0,0,0,0,0,0,0,0,0,0,0,0,0.14513,0.19896,0.21358,0.14969,0.21744,0,0,0.12626,0.17961,0.24058,0.39187,0.58218,0.64136,0.57948,0,0,0,0,0,0,0,0,0,0,0,0,0,0,0,0,0,0,0,0,0,0,0,0,0,0,0,0,0,0,0,0,0.17971,0.27613,0.40221,1,1,1,1,0.4104,1,1,1,1,0.81524,1,1,1,1,1,1,1,0.54448,0.27772,0.1323,0,1,0.92446,0.54178,0.22389,0.15285,1,1,0.80159,0.26943,1,0.91909,1,1,0.91942,1,1,1,1,1,1,1,1,1,0,0,0,0,0,0,0,0,0,0,0,0,0,0,0,0,0,0,0,0.22026,0,0,0,0,0,0,0,0,0,0,0,0,0,0,0,0,0,0,0,0,0,0,0,0,0,0,0,0,0,0,0,0,0,0,0,0,0,0,0,0,0,0,0,0,0,0,0,0,0,0,0,0,0,0,0,0,0,0,0,0,0,0,0,0,0,0,0,0,0,0,0,0,0,0,0,0,0,0,0,0,0,0,0,0,0,0,0,0,0,0,0,0,0,0,0,0,0,0,0,0,0,0,0,0,0,0,0,0,0,0,0,0,0,0,0,0,0.9662,0.2414,0.20749,0.70159,1,1,0.19809,1,1,1,1,1,0.17419,0.45386,0.91973,1,1,1,1,1,0.1531,0.33083,0.79832,1,1,1,1,0.30601,0.96354,1,1,0.15442,0.38226,0.77968,1,1,1,0.24644,0.60534,0.88856,1,0.20069,0.71324,0.84057,0.88953,0,0.26352,0.38983,0.77697,0,0.17193,0.36928,0.53314,0.21959,0.20447,0,0,0,0,1,0,0,0,0,0,0,0,0,0,0,0,0,0,0,0,0,0,0,0,0,0,0,0,0,0,0,0,0,0,0,0,0,0,0,0,0,0,0,0,0,0,0,0,0,0,0,0,0,0,0,0,0,0,0,0,0,0,0,0,0,0,0,0,0,0,0,0,0,0,0,0,0,0,0,0,0,0,0,0,0,0,0,0,0,0,0,0,0,0,0,0,0,0,0,0,0,0,0,0,0,0,0,0,0,0,0,0,0,0,0,0,0,0,0,0,0,0,0,0,0,0,0,0,0,0,0,0,0,0,0,0,0,0,0,0,0,0,0,0,0,0,0,0,0,0,0,0,0,0,0,0,0,0,0,0,0,0,0,0,0,0,0,0,0,0,0,0,0,0,0,0,0,0,0,0,0,0,0,0,0,0,0,0,0,0,0,0,0
0,0,0,0,0,0.50943,0.75272,1,0,0,0,0.21342,0.67315,0.90092,1,1,1,0,0,0,0,0,0.21069,0.4946,0.87367,1,1,1,0,0,0,0,0,0.31501,1,1,1,0.21877,0,0,0,0,0,0,0,0,0,0,0,0,0,0,0,0,0,0,0,0,0,0,0,0,0,0,0,0,0,0,0,0,0,0,0.56123,1,1,1,0,0.12611,0.23149,0.8563,1,0,0.61421,1,0.82684,0.2068,0.91813,0.5555,0.54448,1,1,1,1,1,1,1,1,1,1,1,1,1,1,1,1,1,1,1,1,0.77061,0.84993,0.74107,0.66015,0.44664,0.36414,1,1,0.74871,0.19941,1,0.84643,1,1,0.98086,0.56619,1,1,1,0.98294,1,1,1,1,1,1,1,1,1,0.20797,0.56619,0,0,0,0,0,0,0,0,0,0,0,0,0,0,0,0,0,0,0,0,0,0,0,0,0,0,0,0,0,0,0,0,0,0,0,0,0,0,0,0,0,0,0,0,0,0,0,0,0,0,0,0,0,0,0,0,0,0,0,0,0,0,0,0,0,0,0,0,0,0,0,0,0,0,0,0,0,0,0,0,0,0,0,0,0,0,0,0,0,0,0,0,0,0,0,0,0,0,0,0,0,0,0,0,0,0,0,0,0,0,0,0,0,0,0,0,0,0,0,0,0,0,0,0,0,0,0,0,0,0,0,0,0,0,0,0,0,0,0,0,0,0,0,0,0,0,0,0,0,0,0,0,0,0,0,0,0,0,0,0,0,0,0,0,0,0,0,0,0,0,0,0,0,0,0,0,0,0,0,0,0,0,0,0,0,0,0,0,0,0,0,0,0,0,0,0,0,0,0,0,0,0,0,0,0,0,0,0,0,0,0,0,0,0,0,0,0,0,0,0,0,0,0,0,0,0,0,0,0,0,0,0,0,0,0,0,0,0,0,0,0,0,0,0,0,0,0,0,0,0,0,0,0,0,0,0,0,0,0,0,0,0,0,0,0,0,0,0,0,0,0,0,0,0,0,0,0,0,0,0,0,0,0,0,0,0,0,0,0,0,0,0,0,0,0,0,0,0,0,0,0,0,0,0,0,0,0,0,0,0,0,0,0,0,0,0,0,0,0,0,0,0,0,0,0,0,0,0,0,0,0,0,0,0,0,0,0,0,0,0,0,0,0,0,0,0,0,0,0,0,0,0,0,0,0,0,0,0,0,0
0,0,0,0,0,0.17511,0.28679,0.82889,0,0,0,0,0.22013,0.41131,0.71676,1,1,0,0,0,0,0,0,0.15357,0.34191,0.90725,1,1,0,0,0,0,0,0,0.49369,1,1,0,0,0,0,0,0,0,0,0,0,0,0,0,0,0,0,0,0,0,0,0,0,0,0,0,0,0,0,0,0,0,0,0,0,0,0.18305,0.50534,1,1,0,0,0,0.40423,0.7971,0,0.23831,1,0.50668,0,0.75163,0.32509,0.27772,1,1,1,1,1,1,1,1,1,1,1,1,1,1,1,1,1,1,1,1,0.70784,0.882,0.84987,0.82061,0.42316,0.43981,1,0.81849,0.68691,0.24879,1,0.89089,1,1,1,0.78104,1,1,1,1,1,1,1,1,1,1,1,1,1,0.26927,0.78104,0,0,0,0,0,0,0,0,0,0,0,0,0,0,0,0,0,0,0,0,0,0,0,0,0,0,0,0,0,0,0,0,0,0,0,0,0,0,0,0,0,0,0,0,0,0,0,0,0,0,0,0,0,0,0,0,0,0,0,0,0,0,0,0,0,0,0,0,0,0,0,0,0,0,0,0,0,0,0,0,0,0,0,0,0,0,0,0,0,0,0,0,0,0,0,0,0,0,0,0,0,0,0,0,0,0,0,0,0,0,0,0,0,0,0,0,0,0,0,0,0,0,0,0,0,0,0,0,0,0,0,0,0,0,0,0,0,0,0,0,0,0,0,0,0,0,0,0,0,0,0,0,0,0,0,0,0,0,0,0,0,0,0,0,0,0,0,0,0,0,0,0,0,0,0,0,0,0,0,0,0,0,0,0,0,0,0,0,0,0,0,0,0,0,0,0,0,0,0,0,0,0,0,0,0,0,0,0,0,0,0,0,0,0,0,0,0,0,0,0,0,0,0,0,0,0,0,0,0,0,0,0,0,0,0,0,0,0,0,0,0,0,0,0,0,0,0,0,0,0,0,0,0,0,0,0,0,0,0,0,0,0,0,0,0,0,0,0,0,0,0,0,0,0,0,0,0,0,0,0,0,0,0,0,0,0,0,0,0,0,0,0,0,0,0,0,0,0,0,0,0,0,0,0,0,0,0,0,0,0,0,0,0,0,0,0,0,0,0,0,0,0,0,0,0,0,0,0,0,0,0,0,0,0,0,0,0,0,0,0,0,0,0,0,0,0,0,0,0,0,0,0,0,0,0,0,0,0,0,0
0,0,0,0,0,0,0,0.45429,0,0,0,0,0,0.15467,0.27542,0.68026,0.81531,0,0,0,0,0,0,0,0,0.42959,0.82486,0.92613,0,0,0,0,0,0,0.16104,0.53838,1,0,0,0,0,0,0,0,0,0,0,0,0,0,0,0,0,0,0,0,0,0,0,0,0,0,0,0,0,0,0,0,0,0,0,0,0,0.16434,0.56248,1,0,0,0,0.13809,0.35049,0,0,0.62473,0.19609,0,0.43037,0.15609,0.1323,1,1,1,1,1,1,1,1,1,1,1,1,1,1,1,1,1,1,1,1,0.46694,0.71453,0.75456,0.77783,0.24122,0.3284,0.7447,0.57435,0.61221,0.39057,0.93964,0.90795,0.96115,1,1,0.97551,1,1,1,1,1,1,1,1,1,1,1,1,1,0.41005,0.97551,0,0,0,0,0,0,0,0,0,0,0,0,0,0,0,0,0,0,0,0,0,0,0,0,0,0,0,0,0,0,0,0,0,0,0,0,0,0,0,0,0,0,0,0,0,0,0,0,0,0,0,0,0,0,0,0,0,0,0,0,0,0,0,0,0,0,0,0,0,0,0,0,0,0,0,0,0,0,0,0,0,0,0,0,0,0,0,0,0,0,0,0,0,0,0,0,0,0,0,0,0,0,0,0,0,0,0,0,0,0,0,0,0,0,0,0,0,0,0,0,0,0,0,0,0,0,0,0,0,0,0,0,0,0,0,0,0,0,0,0,0,0,0,0,0,0,0,0,0,0,0,0,0,0,0,0,0,0,0,0,0,0,0,0,0,0,0,0,0,0,0,0,0,0,0,0,0,0,0,0,0,0,0,0,0,0,0,0,0,0,0,0,0,0,0,0,0,0,0,0,0,0,0,0,0,0,0,0,0,0,0,0,0,0,0,0,0,0,0,0,0,0,0,0,0,0,0,0,0,0,0,0,0,0,0,0,0,0,0,0,0,0,0,0,0,0,0,0,0,0,0,0,0,0,0,0,0,0,0,0,0,0,0,0,0,0,0,0,0,0,0,0,0,0,0,0,0,0,0,0,0,0,0,0,0,0,0,0,0,0,0,0,0,0,0,0,0,0,0,0,0,0,0,0,0,0,0,0,0,0,0,0,0,0,0,0,0,0,0,0,0,0,0,0,0,0,0,0,0,0,0,0,0,0,0,0,0,0,0,0,0,0,0,0,0,0,0,0,0,0,0,0,0,0,0,0,0,0,0,0
0,0,0,0,0,0,0,0.24695,0,0,0,0,0,0,0.17941,0.45201,0.60524,0,0,0,0,0,0,0,0,0.22661,0.58627,0.68059,0,0,0,0,0,0,0,0.27994,0.82415,0,0,0,0,0,0,0,0,0,0,0,0,0,0,0,0,0,0,0,0,0,0,0,0,0,0,0,0,0,0,0,0,0,0,0,0,0,0.31346,0.91286,0,0,0,0,0.20816,0,0,0.36477,0.12519,0,0.25889,0,0,1,1,1,1,1,1,1,1,1,1,1,1,1,1,1,1,1,1,0.89465,1,0.33116,0.60955,0.68295,0.73128,0.20307,0.25459,0.5894,0.41162,0.5235,0.41458,0.82395,0.85864,0.77303,1,1,1,0.947,1,1,1,1,1,1,1,1,1,1,1,1,0.43198,1,0,0,0,0,0,0,0,0,0,0,0,0,0,0,0,0,0,0,0,0,0,0,0,0,0,0,0,0,0,0,0,0,0,0,0,0,0,0,0,0,0,0,0,0,0,0,0,0,0,0,0,0,0,0,0,0,0,0,0,0,0,0,0,0,0,0,0,0,0,0,0,0,0,0,0,0,0,0,0,0,0,0,0,0,0,0,0,0,0,0,0,0,0,0,0,0,0,0,0,0,0,0,0,0,0,0,0,0,0,0,0,0,0,0,0,0,0,0,0,0,0,0,0,0,0,0,0,0,0,0,0,0,0,0,0,0,0,0,0,0,0,0,0,0,0,0,0,0,0,0,0,0,0,0,0,0,0,0,0,0,0,0,0,0,0,0,0,0,0,0,0,0,0,0,0,0,0,0,0,0,0,0,0,0,0,0,0,0,0,0,0,0,0,0,0,0,0,0,0,0,0,0,0,0,0,0,0,0,0,0,0,0,0,0,0,0,0,0,0,0,0,0,0,0,0,0,0,0,0,0,0,0,0,0,0,0,0,0,0,0,0,0,0,0,0,0,0,0,0,0,0,0,0,0,0,0,0,0,0,0,0,0,0,0,0,0,0,0,0,0,0,0,0,0,0,0,0,0,0,0,0,0,0,0,0,0,0,0,0,0,0,0,0,0,0,0,0,0,0,0,0,0,0,0,0,0,0,0,0,0,0,0,0,0,0,0,0,0,0,0,0,0,0,0,0,0,0,0,0,0,0,0,0,0,0,0,0,0,0,0,0,0,0,0,0,0,0,0,0,0,0,0,0,0,0,0,0,0,0,0
0,0.12934,0,0,0.20647,0.64603,0.82179,1,0,0,0.13904,0.45846,0.91074,1,1,1,1,0,0,0,0.1379,0.25393,0.55212,0.86457,1,1,1,1,0,0,0.15307,0.32419,0.35084,0.83642,1,1,1,0.29513,0,0,0,0,0,0,0,0,0,0,0,0,0,0,0,0,0,0,0,0,0,0,0,0,0,0,0,0,0,0,0,0,0.1836,0.33759,1,1,1,1,0,0.55266,0.90445,1,1,0.15145,1,1,1,0.77735,1,1,1,1,1,1,1,1,1,1,1,1,1,1,1,1,1,1,1,1,1,1,1,1,1,0.95142,0.80721,0.84181,0.6405,1,0.7091,0.23963,0,0.64213,0.2456,1,0.95763,0.32507,0.12603,1,1,1,0.28872,0.94377,0.54835,1,1,0.99004,1,1,1,1,0,0.12603,0,0,0,0,0,0,0,0,0,0,0,0,0,0,0,0,0,0,0,0,0,0,0,0,0,0,0,0,0,0,0,0,0,0,0,0,0,0,0,0,0,0,0,0,0,0,0,0,0,0,0,0,0,0,0,0,0,0,0,0,0,0,0,0,0,0,0,0,0,0,0,0,0,0,0,0,0,0,0,0,0,0,0,0,0,0,0,0,0,0,0,0,0,0,0,0,0,0,0,0,0,0,0,0,0,0,0,0,0,0,0,0,0,0,0,0,0,0.50564,0,0,0.20191,0.25143,0.32317,0.32047,0,0,0,0,0,0.19022,0.19882,0.19101,0,0,0,0,0,0,0,0,0,0,0,0,0,0,0,0,0,0,0,0,0,0,0,0,0,0,0,0,0,0,0,0,0,0,0,0,0,0,0,0,0,0,0,0,0,0,0,0,0,0,0,0,0,0,0,0,0,0,0,0,0,0,0,0,0,0,0,0,0,0,0,0,0,0,0,0,0,0,0,0,0,0,0,0,0,0,0,0,0,0,0,0,0,0,0,0,0,0,0,0,0,0,0,0,0,0,0,0,0,0,0,0,0,0,0,0,0,0,0,0,0,0,0,0,0,0,0,0,0,0,0,0,0,0,0,0,0,0,0,0,0,0,0,0,0,0,0,0,0,0,0,0,0,0,0,0,0,0,0,0,0,0,0,0,0,0,0,0,0,0,0,0,0,0,0,0,0,0,0,0,0,0,0,0,0,0,0,0,0,0,0,0,0,0,0,0,0,0,0,0,0,0,0,0,0,0,0,0,0,0,0,0,0,0,0,0,0,0,0,0,0,0,0,0,0,0,0,0
0,0,0,0,0,0.24949,0.46308,0.87026,0,0,0,0.15768,0.4647,0.64299,0.91932,1,1,0,0,0,0,0,0.17646,0.36118,0.72361,1,1,1,0,0,0,0,0,0.28807,0.96573,1,1,0.13123,0,0,0,0,0,0,0,0,0,0,0,0,0,0,0,0,0,0,0,0,0,0,0,0,0,0,0,0,0,0,0,0,0,0,0.65256,1,1,1,0,0.17135,0.40536,1,1,0,0.89041,1,1,0.24337,1,0.95367,0.92446,1,1,1,1,1,1,1,1,1,1,1,1,1,1,1,1,1,1,1,1,1,1,1,1,0.88967,0.79975,1,0.63823,0.30624,0,0.71657,0.41595,1,1,0.56903,0.22782,1,1,1,0.60515,1,0.88594,1,1,1,1,1,1,1,0,0.22782,0,0,0,0,0,0,0,0,0,0,0,0,0,0,0,0,0,0,0,0,0,0,0,0,0,0,0,0,0,0,0,0,0,0,0,0,0,0,0,0,0,0,0,0,0,0,0,0,0,0,0,0,0,0,0,0,0,0,0,0,0,0,0,0,0,0,0,0,0,0,0,0,0,0,0,0,0,0,0,0,0,0,0,0,0,0,0,0,0,0,0,0,0,0,0,0,0,0,0,0,0,0,0,0,0,0,0,0,0,0,0,0,0,0,0,0,0,0.2255,0,0,0,0.14526,0.18852,0.23971,0,0,0,0,0,0,0.13949,0.15314,0,0,0,0,0,0,0,0,0,0,0,0,0,0,0,0,0,0,0,0,0,0,0,0,0,0,0,0,0,0,0,0,0,0,0,0,0,0,0,0,0,0,0,0,0,0,0,0,0,0,0,0,0,0,0,0,0,0,0,0,0,0,0,0,0,0,0,0,0,0,0,0,0,0,0,0,0,0,0,0,0,0,0,0,0,0,0,0,0,0,0,0,0,0,0,0,0,0,0,0,0,0,0,0,0,0,0,0,0,0,0,0,0,0,0,0,0,0,0,0,0,0,0,0,0,0,0,0,0,0,0,0,0,0,0,0,0,0,0,0,0,0,0,0,0,0,0,0,0,0,0,0,0,0,0,0,0,0,0,0,0,0,0,0,0,0,0,0,0,0,0,0,0,0,0,0,0,0,0,0,0,0,0,0,0,0,0,0,0,0,0,0,0,0,0,0,0,0,0,0,0,0,0,0,0,0,0,0,0,0,0,0,0,0,0,0,0,0,0,0,0,0,0,0,0,0,0,0
0,0,0,0,0,0,0.17283,0.51298,0,0,0,0,0.15061,0.22283,0.4631,0.80373,0.84549,0,0,0,0,0,0,0,0.22584,0.70423,1,1,0,0,0,0,0,0,0.38886,0.91483,1,0,0,0,0,0,0,0,0,0,0,0,0,0,0,0,0,0,0,0,0,0,0,0,0,0,0,0,0,0,0,0,0,0,0,0,0.18711,0.52123,1,1,0,0,0,0.50486,0.98058,0,0.37589,1,0.72978,0,1,0.61074,0.54178,1,1,1,1,1,1,1,1,1,1,1,1,1,1,1,1,1,1,1,1,1,1,1,1,0.79719,0.83495,1,0.4414,0.28613,0,0.66415,0.49505,0.89734,0.97532,0.71929,0.42493,1,1,1,0.84611,1,1,1,1,1,1,1,1,1,0.13162,0.42493,0,0,0,0,0,0,0,0,0,0,0,0,0,0,0,0,0,0,0,0,0,0,0,0,0,0,0,0,0,0,0,0,0,0,0,0,0,0,0,0,0,0,0,0,0,0,0,0,0,0,0,0,0,0,0,0,0,0,0,0,0,0,0,0,0,0,0,0,0,0,0,0,0,0,0,0,0,0,0,0,0,0,0,0,0,0,0,0,0,0,0,0,0,0,0,0,0,0,0,0,0,0,0,0,0,0,0,0,0,0,0,0,0,0,0,0,0,0,0,0,0,0,0,0.16878,0,0,0,0,0,0,0,0,0,0,0,0,0,0,0,0,0,0,0,0,0,0,0,0,0,0,0,0,0,0,0,0,0,0,0,0,0,0,0,0,0,0,0,0,0,0,0,0,0,0,0,0,0,0,0,0,0,0,0,0,0,0,0,0,0,0,0,0,0,0,0,0,0,0,0,0,0,0,0,0,0,0,0,0,0,0,0,0,0,0,0,0,0,0,0,0,0,0,0,0,0,0,0,0,0,0,0,0,0,0,0,0,0,0,0,0,0,0,0,0,0,0,0,0,0,0,0,0,0,0,0,0,0,0,0,0,0,0,0,0,0,0,0,0,0,0,0,0,0,0,0,0,0,0,0,0,0,0,0,0,0,0,0,0,0,0,0,0,0,0,0,0,0,0,0,0,0,0,0,0,0,0,0,0,0,0,0,0,0,0,0,0,0,0,0,0,0,0,0,0,0,0,0,0,0,0,0,0,0,0,0,0,0,0,0,0,0,0,0,0,0,0,0,0,0,0,0,0,0,0,0,0,0,0,0,0
0,0,0,0,0,0,0,0.22625,0,0,0,0,0,0,0.18898,0.43927,0.52892,0,0,0,0,0,0,0,0,0.27452,0.61509,0.74309,0,0,0,0,0,0,0.13961,0.45354,0.96605,0,0,0,0,0,0,0,0,0,0,0,0,0,0,0,0,0,0,0,0,0,0,0,0,0,0,0,0,0,0,0,0,0,0,0,0,0.17978,0.65788,1,0,0,0,0.17912,0.54446,0,0.14417,0.60121,0.32186,0,0.74704,0.26332,0.22389,1,1,1,1,1,1,1,1,1,1,1,1,1,1,1,1,1,1,1,1,0.83208,1,1,1,0.6101,0.74275,1,0.23918,0.23291,0.15482,0.53961,0.48129,0.63442,0.82967,0.75778,0.55495,0.87236,1,1,0.96087,1,1,1,1,1,1,1,1,1,0.16118,0.55495,0,0,0,0,0,0,0,0,0,0,0,0,0,0,0,0,0,0,0,0,0,0,0,0,0,0,0,0,0,0,0,0,0,0,0,0,0,0,0,0,0,0,0,0,0,0,0,0,0,0,0,0,0,0,0,0,0,0,0,0,0,0,0,0,0,0,0,0,0,0,0,0,0,0,0,0,0,0,0,0,0,0,0,0,0,0,0,0,0,0,0,0,0,0,0,0,0,0,0,0,0,0,0,0,0,0,0,0,0,0,0,0,0,0,0,0,0,0,0,0,0,0,0,0,0,0,0,0,0,0,0,0,0,0,0,0,0,0,0,0,0,0,0,0,0,0,0,0,0,0,0,0,0,0,0,0,0,0,0,0,0,0,0,0,0,0,0,0,0,0,0,0,0,0,0,0,0,0,0,0,0,0,0,0,0,0,0,0,0,0,0,0,0,0,0,0,0,0,0,0,0,0,0,0,0,0,0,0,0,0,0,0,0,0,0,0,0,0,0,0,0,0,0,0,0,0,0,0,0,0,0,0,0,0,0,0,0,0,0,0,0,0,0,0,0,0,0,0,0,0,0,0,0,0,0,0,0,0,0,0,0,0,0,0,0,0,0,0,0,0,0,0,0,0,0,0,0,0,0,0,0,0,0,0,0,0,0,0,0,0,0,0,0,0,0,0,0,0,0,0,0,0,0,0,0,0,0,0,0,0,0,0,0,0,0,0,0,0,0,0,0,0,0,0,0,0,0,0,0,0,0,0,0,0,0,0,0,0,0,0,0,0,0,0,0,0,0,0,0,0,0,0,0,0,0,0,0,0,0,0
0,0,0,0,0,0,0,0.16521,0,0,0,0,0,0,0,0.247,0.35195,0,0,0,0,0,0,0,0,0.18237,0.40531,0.5248,0,0,0,0,0,0,0,0.23707,0.73062,0,0,0,0,0,0,0,0,0,0,0,0,0,0,0,0,0,0,0,0,0,0,0,0,0,0,0,0,0,0,0,0,0,0,0,0,0,0.40502,0.94982,0,0,0,0,0.30496,0,0,0.3509,0.19779,0,0.55218,0.18638,0.15285,1,1,1,1,1,1,1,1,1,1,1,1,1,1,1,1,1,1,1,1,0.67147,0.97864,1,1,0.4728,0.64822,0.90305,0.19543,0.21165,0.16562,0.45369,0.4523,0.48128,0.72977,0.75259,0.60243,0.69633,1,1,0.99396,1,1,1,1,1,1,1,1,1,0.17139,0.60243,0,0,0,0,0,0,0,0,0,0,0,0,0,0,0,0,0,0,0,0,0,0,0,0,0,0,0,0,0,0,0,0,0,0,0,0,0,0,0,0,0,0,0,0,0,0,0,0,0,0,0,0,0,0,0,0,0,0,0,0,0,0,0,0,0,0,0,0,0,0,0,0,0,0,0,0,0,0,0,0,0,0,0,0,0,0,0,0,0,0,0,0,0,0,0,0,0,0,0,0,0,0,0,0,0,0,0,0,0,0,0,0,0,0,0,0,0,0,0,0,0,0,0,0,0,0,0,0,0,0,0,0,0,0,0,0,0,0,0,0,0,0,0,0,0,0,0,0,0,0,0,0,0,0,0,0,0,0,0,0,0,0,0,0,0,0,0,0,0,0,0,0,0,0,0,0,0,0,0,0,0,0,0,0,0,0,0,0,0,0,0,0,0,0,0,0,0,0,0,0,0,0,0,0,0,0,0,0,0,0,0,0,0,0,0,0,0,0,0,0,0,0,0,0,0,0,0,0,0,0,0,0,0,0,0,0,0,0,0,0,0,0,0,0,0,0,0,0,0,0,0,0,0,0,0,0,0,0,0,0,0,0,0,0,0,0,0,0,0,0,0,0,0,0,0,0,0,0,0,0,0,0,0,0,0,0,0,0,0,0,0,0,0,0,0,0,0,0,0,0,0,0,0,0,0,0,0,0,0,0,0,0,0,0,0,0,0,0,0,0,0,0,0,0,0,0,0,0,0,0,0,0,0,0,0,0,0,0,0,0,0,0,0,0,0,0,0,0,0,0,0,0,0,0,0,0,0,0,0,0
0,0,0,0,0,0.21358,0.28684,0.52288,0,0,0,0.18573,0.44719,0.52,0.73898,0.8893,0.74416,0,0,0,0,0.15736,0.24228,0.48739,0.79645,1,1,1,0,0,0,0.20309,0.22767,0.60283,1,1,1,0,0,0,0,0,0,0,0,0,0,0,0,0,0,0,0,0,0,0,0,0,0,0,0,0,0,0,0,0,0,0,0,0,0.15717,0.24202,1,1,1,1,0,0.59037,1,1,1,0.18496,1,1,1,0.76293,1,1,1,1,1,1,1,1,1,1,1,1,1,1,1,1,1,1,1,1,1,1,1,1,1,1,1,1,1,1,0.20446,0,0,0.1911,0,0.61861,0.3927,0,0,0.99124,0.78836,0.50203,0,0.46398,0.20591,1,1,0.61088,0.9084,1,1,1,0,0,0,0,0,0,0,0,0,0,0,0,0,0,0,0,0,0,0,0,0,0,0,0,0,0,0,0,0,0,0,0,0,0,0,0,0,0,0,0,0,0,0,0,0,0,0,0,0,0,0,0,0,0,0,0,0,0,0,0,0,0,0,0,0,0,0,0,0,0,0,0,0,0,0,0,0,0,0,0,0,0,0,0,0,0,0,0,0,0,0,0,0,0,0,0,0,0,0,0,0,0,0,0,0,0,0,0,0,0,0,0,0,0,0.14669,0,0,0,0.1633,0.94975,0,0.22996,0.50379,0.70892,0.82981,0.90392,0,0,0,0.17959,0.22158,0.58433,0.65052,0.65218,0,0,0,0,0.24477,0.35121,0.41321,0,0,0,0.21275,0,0,0,0,0,0,0,0,0,0,0,0,0,0,0,0,0,0,0,0,0,0,0,0,0,0,0,0,0.131,0,0,0,0,0,0,0,0,0,0,0,0,0,0,0,0,0,0,0,0,0,0,0,0,0,0,0,0,0,0,0,0,0,0,0,0,0,0,0,0,0,0,0,0,0,0,0,0,0,0,0,0,0,0,0,0,0,0,0,0,0,0,0,0,0,0,0,0,0,0,0,0,0,0,0,0,0,0,0,0,0,0,0,0,0,0,0,0,0,0,0,0,0,0,0,0,0,0,0,0,0,0,0,0,0,0,0,0,0,0,0,0,0,0,0,0,0,0,0,0,0,0,0,0,0,0,0,0,0,0,0,0,0,0,0,0,0,0,0,0,0,0,0,0,0,0,0,0,0,0,0,0,0,0,0,0,0,0,0,0,0,0,0,0,0,0,0,0,0,0,0,0,0,0,0,0,0,0,0,0,0,0,0,0,0,0,0,0
0,0,0,0,0,0.15286,0.21741,0.51396,0,0,0,0,0.2363,0.35112,0.61122,0.8562,0.79311,0,0,0,0,0,0,0.22063,0.50586,0.94075,1,1,0,0,0,0,0,0.22497,0.80481,1,1,0,0,0,0,0,0,0,0,0,0,0,0,0,0,0,0,0,0,0,0,0,0,0,0,0,0,0,0,0,0,0,0,0,0,0,0.63547,1,1,1,0,0.18361,0.51004,1,1,0,1,1,1,0.24626,1,1,1,1,1,1,1,1,1,1,1,1,1,1,1,1,1,1,1,1,1,1,1,1,1,1,1,1,1,1,0.2495,0.13855,0,0.3243,0.17956,0.74426,0.64671,0.23589,0,1,1,0.8231,0.27098,0.85071,0.55903,1,1,1,1,1,1,1,0,0,0,0,0,0,0,0,0,0,0,0,0,0,0,0,0,0,0,0,0,0,0,0,0,0,0,0,0,0,0,0,0,0,0,0,0,0,0,0,0,0,0,0,0,0,0,0,0,0,0,0,0,0,0,0,0,0,0,0,0,0,0,0,0,0,0,0,0,0,0,0,0,0,0,0,0,0,0,0,0,0,0,0,0,0,0,0,0,0,0,0,0,0,0,0,0,0,0,0,0,0,0,0,0,0,0,0,0,0,0,0,0,0,0,0,0,0,0,0.44167,0,0,0.15882,0.23739,0.37293,0.58584,0,0,0,0,0,0.21286,0.26208,0.32412,0,0,0,0,0,0.13786,0.1762,0,0,0,0,0,0,0,0,0,0,0,0,0,0,0,0,0,0,0,0,0,0,0,0,0,0,0,0,0,0,0,0,0,0,0,0,0,0,0,0,0,0,0,0,0,0,0,0,0,0,0,0,0,0,0,0,0,0,0,0,0,0,0,0,0,0,0,0,0,0,0,0,0,0,0,0,0,0,0,0,0,0,0,0,0,0,0,0,0,0,0,0,0,0,0,0,0,0,0,0,0,0,0,0,0,0,0,0,0,0,0,0,0,0,0,0,0,0,0,0,0,0,0,0,0,0,0,0,0,0,0,0,0,0,0,0,0,0,0,0,0,0,0,0,0,0,0,0,0,0,0,0,0,0,0,0,0,0,0,0,0,0,0,0,0,0,0,0,0,0,0,0,0,0,0,0,0,0,0,0,0,0,0,0,0,0,0,0,0,0,0,0,0,0,0,0,0,0,0,0,0,0,0,0,0,0,0,0,0,0,0,0,0,0,0,0,0,0,0,0,0
0,0,0,0,0,0,0,0.23038,0,0,0,0,0,0.1388,0.23261,0.50287,0.50859,0,0,0,0,0,0,0,0.16621,0.48137,0.72275,0.88683,0,0,0,0,0,0,0.26344,0.75425,1,0,0,0,0,0,0,0,0,0,0,0,0,0,0,0,0,0,0,0,0,0,0,0,0,0,0,0,0,0,0,0,0,0,0,0,0.18583,0.51246,1,1,0,0,0.15101,0.58456,1,0,0.52309,0.97709,0.93961,0,1,0.89447,0.80159,1,1,1,1,1,1,1,1,1,1,1,1,1,1,1,1,1,1,1,1,1,1,1,1,1,1,1,0.18785,0.12697,0,0.26223,0.19619,0.53176,0.57559,0.3176,0.18009,0.83531,1,0.82771,0.45893,0.9475,0.75687,1,1,1,1,1,1,1,0,0.18009,0,0,0,0,0,0,0,0,0,0,0,0,0,0,0,0,0,0,0,0,0,0,0,0,0,0,0,0,0,0,0,0,0,0,0,0,0,0,0,0,0,0,0,0,0,0,0,0,0,0,0,0,0,0,0,0,0,0,0,0,0,0,0,0,0,0,0,0,0,0,0,0,0,0,0,0,0,0,0,0,0,0,0,0,0,0,0,0,0,0,0,0,0,0,0,0,0,0,0,0,0,0,0,0,0,0,0,0,0,0,0,0,0,0,0,0,0,0.169,0,0,0,0,0.16758,0.36016,0,0,0,0,0,0,0.15714,0.19887,0,0,0,0,0,0,0,0,0,0,0,0,0,0,0,0,0,0,0,0,0,0,0,0,0,0,0,0,0,0,0,0,0,0,0,0,0,0,0,0,0,0,0,0,0,0,0,0,0,0,0,0,0,0,0,0,0,0,0,0,0,0,0,0,0,0,0,0,0,0,0,0,0,0,0,0,0,0,0,0,0,0,0,0,0,0,0,0,0,0,0,0,0,0,0,0,0,0,0,0,0,0,0,0,0,0,0,0,0,0,0,0,0,0,0,0,0,0,0,0,0,0,0,0,0,0,0,0,0,0,0,0,0,0,0,0,0,0,0,0,0,0,0,0,0,0,0,0,0,0,0,0,0,0,0,0,0,0,0,0,0,0,0,0,0,0,0,0,0,0,0,0,0,0,0,0,0,0,0,0,0,0,0,0,0,0,0,0,0,0,0,0,0,0,0,0,0,0,0,0,0,0,0,0,0,0,0,0,0,0,0,0,0,0,0,0,0,0,0,0,0,0,0,0,0,0,0,0
0,0,0,0,0,0,0,0,0,0,0,0,0,0,0,0.19285,0.21491,0,0,0,0,0,0,0,0,0.15569,0.27032,0.41261,0,0,0,0,0,0,0,0.23095,0.67556,0,0,0,0,0,0,0,0,0,0,0,0,0,0,0,0,0,0,0,0,0,0,0,0,0,0,0,0,0,0,0,0,0,0,0,0,0.13085,0.5451,1,0,0,0,0.15466,0.53699,0,0.13997,0.38513,0.36528,0,0.89206,0.38675,0.26943,1,1,1,1,1,1,1,1,1,1,1,1,1,1,1,1,1,1,1,1,1,1,1,1,0.87407,1,1,0,0,0,0.20676,0.19042,0.24424,0.41098,0.3574,0.2286,0.48598,0.82287,0.72694,0.5821,0.93816,0.87637,0.8284,1,1,1,1,1,1,0,0.2286,0,0,0,0,0,0,0,0,0,0,0,0,0,0,0,0,0,0,0,0,0,0,0,0,0,0,0,0,0,0,0,0,0,0,0,0,0,0,0,0,0,0,0,0,0,0,0,0,0,0,0,0,0,0,0,0,0,0,0,0,0,0,0,0,0,0,0,0,0,0,0,0,0,0,0,0,0,0,0,0,0,0,0,0,0,0,0,0,0,0,0,0,0,0,0,0,0,0,0,0,0,0,0,0,0,0,0,0,0,0,0,0,0,0,0,0,0,0,0,0,0,0,0,0.16042,0,0,0,0,0,0,0,0,0,0,0,0,0,0,0,0,0,0,0,0,0,0,0,0,0,0,0,0,0,0,0,0,0,0,0,0,0,0,0,0,0,0,0,0,0,0,0,0,0,0,0,0,0,0,0,0,0,0,0,0,0,0,0,0,0,0,0,0,0,0,0,0,0,0,0,0,0,0,0,0,0,0,0,0,0,0,0,0,0,0,0,0,0,0,0,0,0,0,0,0,0,0,0,0,0,0,0,0,0,0,0,0,0,0,0,0,0,0,0,0,0,0,0,0,0,0,0,0,0,0,0,0,0,0,0,0,0,0,0,0,0,0,0,0,0,0,0,0,0,0,0,0,0,0,0,0,0,0,0,0,0,0,0,0,0,0,0,0,0,0,0,0,0,0,0,0,0,0,0,0,0,0,0,0,0,0,0,0,0,0,0,0,0,0,0,0,0,0,0,0,0,0,0,0,0,0,0,0,0,0,0,0,0,0,0,0,0,0,0,0,0,0,0,0,0,0,0,0,0,0,0,0,0,0,0,0
0,0,0,0,0,0,0,0.1959,0,0,0,0,0,0.15132,0.23484,0.43343,0.36364,0,0,0,0,0,0,0,0.21791,0.55185,0.68368,0.87304,0,0,0,0,0,0.13527,0.48957,0.91119,1,0,0,0,0,0,0,0,0,0,0,0,0,0,0,0,0,0,0,0,0,0,0,0,0,0,0,0,0,0,0,0,0,0,0,0,0.44428,0.8826,1,1,0,0.14114,0.44717,1,1,0,1,1,1,0.19329,1,1,1,1,1,1,1,1,1,1,1,1,1,1,1,1,1,1,1,1,1,1,1,1,1,1,1,1,1,1,0,0,0,0.13941,0,0.31608,0.24659,0,0,0.66015,0.66394,0.43738,0.1516,0.49754,0.24973,0.96367,1,0.79388,1,1,1,1,0,0,0,0,0,0,0,0,0,0,0,0,0,0,0,0,0,0,0,0,0,0,0,0,0,0,0,0,0,0,0,0,0,0,0,0,0,0,0,0,0,0,0,0,0,0,0,0,0,0,0,0,0,0,0,0,0,0,0,0,0,0,0,0,0,0,0,0,0,0,0,0,0,0,0,0,0,0,0,0,0,0,0,0,0,0,0,0,0,0,0,0,0,0,0,0,0,0,0,0,0,0,0,0,0,0,0,0,0,0,0,0,0,0,0,0,0,0,0,0.58696,0,0,0.19837,0.37809,0.58541,0.90737,0,0,0,0,0,0.36656,0.53966,0.64348,0,0,0,0,0.15178,0.21757,0.31243,0,0,0,0.20949,0,0,0,0,0,0,0,0,0,0,0,0,0,0,0,0,0,0,0,0,0,0,0,0,0,0,0,0,0.12609,0,0,0,0,0,0,0,0,0,0,0,0,0,0,0,0,0,0,0,0,0,0,0,0,0,0,0,0,0,0,0,0,0,0,0,0,0,0,0,0,0,0,0,0,0,0,0,0,0,0,0,0,0,0,0,0,0,0,0,0,0,0,0,0,0,0,0,0,0,0,0,0,0,0,0,0,0,0,0,0,0,0,0,0,0,0,0,0,0,0,0,0,0,0,0,0,0,0,0,0,0,0,0,0,0,0,0,0,0,0,0,0,0,0,0,0,0,0,0,0,0,0,0,0,0,0,0,0,0,0,0,0,0,0,0,0,0,0,0,0,0,0,0,0,0,0,0,0,0,0,0,0,0,0,0,0,0,0,0,0,0,0,0,0,0,0,0,0,0,0,0,0,0,0,0,0,0,0,0,0,0,0,0,0,0,0,0,0
0,0,0,0,0,0,0,0.14252,0,0,0,0,0,0,0.15381,0.24931,0.24591,0,0,0,0,0,0,0,0,0.26543,0.47629,0.648,0,0,0,0,0,0,0.20146,0.57005,0.98361,0,0,0,0,0,0,0,0,0,0,0,0,0,0,0,0,0,0,0,0,0,0,0,0,0,0,0,0,0,0,0,0,0,0,0,0.15939,0.42493,1,1,0,0,0.14977,0.55819,1,0,0.5489,0.82434,1,0,1,1,0.91909,1,1,1,1,1,1,1,1,1,1,1,1,1,1,1,1,1,1,1,1,1,1,1,1,1,1,1,0,0,0,0.15706,0,0.2499,0.28454,0.17974,0,0.56016,0.71259,0.53802,0.23139,0.66516,0.49272,0.88909,1,1,1,1,1,1,0,0,0,0,0,0,0,0,0,0,0,0,0,0,0,0,0,0,0,0,0,0,0,0,0,0,0,0,0,0,0,0,0,0,0,0,0,0,0,0,0,0,0,0,0,0,0,0,0,0,0,0,0,0,0,0,0,0,0,0,0,0,0,0,0,0,0,0,0,0,0,0,0,0,0,0,0,0,0,0,0,0,0,0,0,0,0,0,0,0,0,0,0,0,0,0,0,0,0,0,0,0,0,0,0,0,0,0,0,0,0,0,0,0,0,0,0,0,0,0.20697,0,0,0,0.14097,0.21842,0.5741,0,0,0,0,0,0.14976,0.22088,0.3121,0,0,0,0,0,0,0.14816,0,0,0,0,0,0,0,0,0,0,0,0,0,0,0,0,0,0,0,0,0,0,0,0,0,0,0,0,0,0,0,0,0,0,0,0,0,0,0,0,0,0,0,0,0,0,0,0,0,0,0,0,0,0,0,0,0,0,0,0,0,0,0,0,0,0,0,0,0,0,0,0,0,0,0,0,0,0,0,0,0,0,0,0,0,0,0,0,0,0,0,0,0,0,0,0,0,0,0,0,0,0,0,0,0,0,0,0,0,0,0,0,0,0,0,0,0,0,0,0,0,0,0,0,0,0,0,0,0,0,0,0,0,0,0,0,0,0,0,0,0,0,0,0,0,0,0,0,0,0,0,0,0,0,0,0,0,0,0,0,0,0,0,0,0,0,0,0,0,0,0,0,0,0,0,0,0,0,0,0,0,0,0,0,0,0,0,0,0,0,0,0,0,0,0,0,0,0,0,0,0,0,0,0,0,0,0,0,0,0,0,0,0,0,0,0,0,0,0,0,0
0,0,0,0,0,0,0,0,0,0,0,0,0,0,0.12649,0.19353,0.16377,0,0,0,0,0,0,0,0.13215,0.24951,0.33782,0.53313,0,0,0,0,0,0,0.26805,0.64243,0.93325,0,0,0,0,0,0,0,0,0,0,0,0,0,0,0,0,0,0,0,0,0,0,0,0,0,0,0,0,0,0,0,0,0,0,0,0.34493,0.75847,1,1,0,0.13106,0.46815,1,1,0,1,0.9737,1,0.17248,1,1,1,1,1,1,1,1,1,1,1,1,1,1,1,1,1,1,1,1,1,1,1,1,1,1,1,1,1,1,0,0,0,0,0,0.14332,0,0,0,0.27971,0.26565,0.18,0,0.20237,0,0.57654,0.86625,0.42567,0.71615,1,1,0.92482,0,0,0,0,0,0,0,0,0,0,0,0,0,0,0,0,0,0,0,0,0,0,0,0,0,0,0,0,0,0,0,0,0,0,0,0,0,0,0,0,0,0,0,0,0,0,0,0,0,0,0,0,0,0,0,0,0,0,0,0,0,0,0,0,0,0,0,0,0,0,0,0,0,0,0,0,0,0,0,0,0,0,0,0,0,0,0,0,0,0,0,0,0,0,0,0,0,0,0,0,0,0,0,0,0,0,0,0,0,0,0,0,0,0,0,0,0,0,0,0.79575,0,0,0.288,0.6087,0.85355,1,0,0,0,0,0.17435,0.65073,0.86264,0.9975,0,0,0,0,0.23956,0.44828,0.6422,0,0,0,0.48757,0,0,0,0,0.15742,0.20817,0,0,0,0,0,0,0,0,0,0,0,0,0,0,0,0,0,0,0,0,0,0,0.246,0,0,0,0,0,0,0,0,0,0,0,0,0,0,0,0,0,0,0,0,0,0,0,0,0,0,0,0,0,0,0,0,0,0,0,0,0,0,0,0,0,0,0,0,0,0,0,0,0,0,0,0,0,0,0,0,0,0,0,0,0,0,0,0,0,0,0,0,0,0,0,0,0,0,0,0,0,0,0,0,0,0,0,0,0,0,0,0,0,0,0,0,0,0,0,0,0,0,0,0,0,0,0,0,0,0,0,0,0,0,0,0,0,0,0,0,0,0,0,0,0,0,0,0,0,0,0,0,0,0,0,0,0,0,0,0,0,0,0,0,0,0,0,0,0,0,0,0,0,0,0,0,0,0,0,0,0,0,0,0,0,0,0,0,0,0,0,0,0,0,0,0,0,0,0,0,0,0,0,0,0,0,0,0,0,0,0,0
0,0,0,0,0,0,0,0,0,0,0,0,0,0,0,0,0,0,0,0,0,0,0,0,0,0.13645,0.18739,0.24871,0,0,0,0,0,0,0,0.26563,0.61675,0,0,0,0,0,0,0,0,0,0,0,0,0,0,0,0,0,0,0,0,0,0,0,0,0,0,0,0,0,0,0,0,0,0,0,0,0.2922,0.97685,1,0,0,0.15897,0.53034,1,0,0.61564,0.56849,1,0,1,1,1,1,1,1,1,1,1,1,1,1,1,1,1,1,1,1,1,1,1,1,1,1,1,1,1,1,1,1,0,0,0,0,0,0,0,0,0,0.19631,0.23196,0.17125,0,0.21307,0.15907,0.40893,0.79242,0.54015,0.81278,1,1,1,0,0,0,0,0,0,0,0,0,0,0,0,0,0,0,0,0,0,0,0,0,0,0,0,0,0,0,0,0,0,0,0,0,0,0,0,0,0,0,0,0,0,0,0,0,0,0,0,0,0,0,0,0,0,0,0,0,0,0,0,0,0,0,0,0,0,0,0,0,0,0,0,0,0,0,0,0,0,0,0,0,0,0,0,0,0,0,0,0,0,0,0,0,0,0,0,0,0,0,0,0,0,0,0,0,0,0,0,0,0,0,0,0,0,0,0,0,0,0,0.36044,0,0,0,0.23019,0.46565,0.99168,0,0,0,0,0,0.28272,0.54399,0.73554,0,0,0,0,0,0.19886,0.33851,0,0,0,0.24909,0,0,0,0,0,0,0,0,0,0,0,0,0,0,0,0,0,0,0,0,0,0,0,0,0,0,0,0,0.16762,0,0,0,0,0,0,0,0,0,0,0,0,0,0,0,0,0,0,0,0,0,0,0,0,0,0,0,0,0,0,0,0,0,0,0,0,0,0,0,0,0,0,0,0,0,0,0,0,0,0,0,0,0,0,0,0,0,0,0,0,0,0,0,0,0,0,0,0,0,0,0,0,0,0,0,0,0,0,0,0,0,0,0,0,0,0,0,0,0,0,0,0,0,0,0,0,0,0,0,0,0,0,0,0,0,0,0,0,0,0,0,0,0,0,0,0,0,0,0,0,0,0,0,0,0,0,0,0,0,0,0,0,0,0,0,0,0,0,0,0,0,0,0,0,0,0,0,0,0,0,0,0,0,0,0,0,0,0,0,0,0,0,0,0,0,0,0,0,0,0,0,0,0,0,0,0,0,0,0,0,0,0,0,0,0,0,0,0
0,0,0,0,0,0,0,0,0,0,0,0,0,0,0,0,0,0,0,0,0,0,0,0,0,0,0.13067,0.19012,0,0,0,0,0,0,0,0.18491,0.42712,0,0,0,0,0,0,0,0,0,0,0,0,0,0,0,0,0,0,0,0,0,0,0,0,0,0,0,0,0,0,0,0,0,0,0,0,0.18341,0.73509,0.99827,0,0,0,0.28271,0.9585,0,0.37027,0.34636,0.90446,0,1,1,0.91942,1,1,1,1,1,1,1,1,1,1,1,1,1,1,1,1,1,1,1,1,1,1,1,1,1,1,1,0,0,0,0,0,0,0,0,0,0.15158,0.20526,0.15203,0,0.2031,0.16167,0.28238,0.70385,0.5485,0.80801,0.92877,1,1,0,0,0,0,0,0,0,0,0,0,0,0,0,0,0,0,0,0,0,0,0,0,0,0,0,0,0,0,0,0,0,0,0,0,0,0,0,0,0,0,0,0,0,0,0,0,0,0,0,0,0,0,0,0,0,0,0,0,0,0,0,0,0,0,0,0,0,0,0,0,0,0,0,0,0,0,0,0,0,0,0,0,0,0,0,0,0,0,0,0,0,0,0,0,0,0,0,0,0,0,0,0,0,0,0,0,0,0,0,0,0,0,0,0,0,0,0,0,0,0.21394,0,0,0,0.16007,0.26792,0.84199,0,0,0,0,0,0.19823,0.37659,0.59187,0,0,0,0,0,0.13893,0.22641,0,0,0,0.2059,0,0,0,0,0,0,0,0,0,0,0,0,0,0,0,0,0,0,0,0,0,0,0,0,0,0,0,0,0.12581,0,0,0,0,0,0,0,0,0,0,0,0,0,0,0,0,0,0,0,0,0,0,0,0,0,0,0,0,0,0,0,0,0,0,0,0,0,0,0,0,0,0,0,0,0,0,0,0,0,0,0,0,0,0,0,0,0,0,0,0,0,0,0,0,0,0,0,0,0,0,0,0,0,0,0,0,0,0,0,0,0,0,0,0,0,0,0,0,0,0,0,0,0,0,0,0,0,0,0,0,0,0,0,0,0,0,0,0,0,0,0,0,0,0,0,0,0,0,0,0,0,0,0,0,0,0,0,0,0,0,0,0,0,0,0,0,0,0,0,0,0,0,0,0,0,0,0,0,0,0,0,0,0,0,0,0,0,0,0,0,0,0,0,0,0,0,0,0,0,0,0,0,0,0,0,0,0,0,0,0,0,0,0,0,0,0,0,0
0,0,0,0,0,0,0,0,0,0,0,0,0,0,0,0,0,0,0,0,0,0,0,0,0,0,0.14345,0.20966,0,0,0,0,0,0,0.1519,0.28866,0.53923,0,0,0,0,0,0,0,0,0,0,0,0,0,0,0,0,0,0,0,0,0,0,0,0,0,0,0,0,0,0,0,0,0,0,0,0.21336,0.52309,1,1,0,0,0.38091,0.86405,1,0,1,0.64196,1,0,1,1,1,1,1,1,0.89465,1,1,1,1,1,1,1,1,1,1,1,1,1,1,1,1,1,1,1,1,1,1,1,0,0,0,0,0,0,0,0,0,0,0,0,0,0,0,0.21495,0.4341,0.17765,0.31841,0.72788,0.70286,0.54498,0,0,0,0,0,0,0,0,0,0,0,0,0,0,0,0,0,0,0,0,0,0,0,0,0,0,0,0,0,0,0,0,0,0,0,0,0,0,0,0,0,0,0,0,0,0,0,0,0,0,0,0,0,0,0,0,0,0,0,0,0,0,0,0,0,0,0,0,0,0,0,0,0,0,0,0,0,0,0,0,0,0,0,0,0,0,0,0,0,0,0,0,0,0,0,0,0,0,0,0,0,0,0,0,0,0,0,0,0,0,0,0,0,0,0,0,0,0,0,0.91996,0,0.15101,0.40311,0.76629,1,1,0,0,0,0.14801,0.22686,0.88194,1,1,0,0,0,0,0.42764,0.69945,0.94243,0,0,0.13579,0.8373,0,0,0,0.20964,0.26096,0.44877,0,0,0,0.18836,0,0,0,0,0,0,0,0.15522,0,0,0,0,0,0,0,0,0,0,0.59055,0,0,0,0,0,0,0,0,0,0,0,0,0,0,0,0,0,0,0,0,0,0,0,0,0,0,0,0,0,0,0,0,0,0,0,0,0,0,0,0,0,0,0,0,0,0,0,0,0,0,0,0,0,0,0,0,0,0,0,0,0,0,0,0,0,0,0,0,0,0,0,0,0,0,0,0,0,0,0,0,0,0,0,0,0,0,0,0,0,0,0,0,0,0,0,0,0,0,0,0,0,0,0,0,0,0,0,0,0,0,0,0,0,0,0,0,0,0,0,0,0,0,0,0,0,0,0,0,0,0,0,0,0,0,0,0,0,0,0,0,0,0,0,0,0,0,0,0,0,0,0,0,0,0,0,0,0,0,0,0,0,0,0,0,0,0,0,0,0,0,0,0,0,0,0,0,0,0,0,0,0,0,0,0,0,0,0,0
0,0,0,0,0,0,0,0,0,0,0,0,0,0,0,0,0,0,0,0,0,0,0,0,0,0,0,0,0,0,0,0,0,0,0,0,0.23331,0,0,0,0,0,0,0,0,0,0,0,0,0,0,0,0,0,0,0,0,0,0,0,0,0,0,0,0,0,0,0,0,0,0,0,0,0.15435,0.64279,0.823,0,0,0,0.25454,0.95577,0,0.39833,0.22796,0.96114,0,1,1,1,1,1,1,1,1,1,1,1,1,1,1,1,1,1,1,1,1,1,1,1,1,1,1,1,1,1,1,0,0,0,0,0,0,0,0,0,0,0,0,0,0,0,0.16158,0.38138,0.2331,0.4597,0.62155,0.73775,0.73407,0,0,0,0,0,0,0,0,0,0,0,0,0,0,0,0,0,0,0,0,0,0,0,0,0,0,0,0,0,0,0,0,0,0,0,0,0,0,0,0,0,0,0,0,0,0,0,0,0,0,0,0,0,0,0,0,0,0,0,0,0,0,0,0,0,0,0,0,0,0,0,0,0,0,0,0,0,0,0,0,0,0,0,0,0,0,0,0,0,0,0,0,0,0,0,0,0,0,0,0,0,0,0,0,0,0,0,0,0,0,0,0,0,0,0,0,0,0,0,0.28655,0,0,0,0.21558,0.45922,1,0,0,0,0,0,0.3051,0.61718,0.86083,0,0,0,0,0,0.21396,0.43204,0,0,0,0.40421,0,0,0,0,0,0.16048,0,0,0,0,0,0,0,0,0,0,0,0,0,0,0,0,0,0,0,0,0,0,0.22294,0,0,0,0,0,0,0,0,0,0,0,0,0,0,0,0,0,0,0,0,0,0,0,0,0,0,0,0,0,0,0,0,0,0,0,0,0,0,0,0,0,0,0,0,0,0,0,0,0,0,0,0,0,0,0,0,0,0,0,0,0,0,0,0,0,0,0,0,0,0,0,0,0,0,0,0,0,0,0,0,0,0,0,0,0,0,0,0,0,0,0,0,0,0,0,0,0,0,0,0,0,0,0,0,0,0,0,0,0,0,0,0,0,0,0,0,0,0,0,0,0,0,0,0,0,0,0,0,0,0,0,0,0,0,0,0,0,0,0,0,0,0,0,0,0,0,0,0,0,0,0,0,0,0,0,0,0,0,0,0,0,0,0,0,0,0,0,0,0,0,0,0,0,0,0,0,0,0,0,0,0,0,0,0,0,0,0,0
0,0,0,0,0,0,0,0,0,0,0,0,0,0,0,0,0,0,0,0,0,0,0,0,0,0,0,0.13763,0,0,0,0,0,0,0.15123,0.23186,0.34331,0,0,0,0,0,0,0,0,0,0,0,0,0,0,0,0,0,0,0,0,0,0,0,0,0,0,0,0,0,0,0,0,0,0,0,0.30917,0.63314,1,1,0,0.18162,0.70013,1,1,0,1,0.58217,1,0.19595,1,1,1,0.77061,0.70784,0.46694,0.33116,1,1,1,0.83208,0.67147,1,1,1,1,1,1,1,1,1,1,1,1,1,1,1,1,1,1,0,0,0,0,0,0,0,0,0,0,0,0,0,0,0,0,0.17116,0,0,0.33249,0.2424,0.169,0,0,0,0,0,0,0,0,0,0,0,0,0,0,0,0,0,0,0,0,0,0,0,0,0,0,0,0,0,0,0,0,0,0,0,0,0,0,0,0,0,0,0,0,0,0,0,0,0,0,0,0,0,0,0,0,0,0,0,0,0,0,0,0,0,0,0,0,0,0,0,0,0,0,0,0,0,0,0,0,0,0,0,0,0,0,0,0,0,0,0,0,0,0,0,0,0,0,0,0,0,0,0,0,0,0,0,0,0,0,0,0,0,0,0,0,0,0,0.17904,1,0,0.45226,0.925,1,1,1,0,0,0,0.47866,0.73335,1,1,1,0,0,0,0.21432,1,1,1,0,0.1708,0.47778,1,0,0,0,0.72005,0.85182,1,0,0,0.21025,0.65431,0,0.16441,0.24835,0.45297,0,0,0,0.53483,0,0,0,0.16617,0,0,0,0,0,0,1,0,0,0,0,0,0,0,0,0,0,0,0,0,0,0,0,0,0,0,0,0,0,0,0,0,0,0,0,0,0,0,0,0,0,0,0,0,0,0,0,0,0,0,0,0,0,0,0,0,0,0,0,0,0,0,0,0,0,0,0,0,0,0,0,0,0,0,0,0,0,0,0,0,0,0,0,0,0,0,0,0,0,0,0,0,0,0,0,0,0,0,0,0,0,0,0,0,0,0,0,0,0,0,0,0,0,0,0,0,0,0,0,0,0,0,0,0,0,0,0,0,0,0,0,0,0,0,0,0,0,0,0,0,0,0,0,0,0,0,0,0,0,0,0,0,0,0,0,0,0,0,0,0,0,0,0,0,0,0,0,0,0,0,0,0,0,0,0,0,0,0,0,0,0,0,0,0,0,0,0,0,0,0,0,0,0,0,0
0,0,0,0,0,0,0,0,0,0,0,0,0,0,0,0,0,0,0,0,0,0,0,0,0,0,0,0,0,0,0,0,0,0,0,0.17701,0.25316,0,0,0,0,0,0,0,0,0,0,0,0,0,0,0,0,0,0,0,0,0,0,0,0,0,0,0,0,0,0,0,0,0,0,0,0.16158,0.34307,0.98485,0.97314,0,0,0.30507,0.73375,1,0,0.9645,0.39698,1,0,1,1,1,0.84993,0.882,0.71453,0.60955,1,1,1,1,0.97864,1,1,1,1,1,1,1,1,1,1,1,1,1,1,1,1,1,1,0,0,0,0,0,0,0,0,0,0,0,0,0,0,0,0,0.20476,0,0.1702,0.4089,0.38591,0.2483,0,0,0,0,0,0,0,0,0,0,0,0,0,0,0,0,0,0,0,0,0,0,0,0,0,0,0,0,0,0,0,0,0,0,0,0,0,0,0,0,0,0,0,0,0,0,0,0,0,0,0,0,0,0,0,0,0,0,0,0,0,0,0,0,0,0,0,0,0,0,0,0,0,0,0,0,0,0,0,0,0,0,0,0,0,0,0,0,0,0,0,0,0,0,0,0,0,0,0,0,0,0,0,0,0,0,0,0,0,0,0,0,0,0,0,0,0,0,0,0.99166,0,0.16817,0.47666,0.86722,1,1,0,0,0,0.17714,0.28978,1,1,1,0,0,0,0,0.57435,0.87677,1,0,0,0.18108,1,0,0,0,0.32356,0.47316,0.68828,0,0,0,0.28711,0,0,0,0.19863,0,0,0,0.24171,0,0,0,0,0,0,0,0,0,0,0.85218,0,0,0,0,0,0,0,0,0,0,0,0,0,0,0,0,0,0,0,0,0,0,0,0,0,0,0,0,0,0,0,0,0,0,0,0,0,0,0,0,0,0,0,0,0,0,0,0,0,0,0,0,0,0,0,0,0,0,0,0,0,0,0,0,0,0,0,0,0,0,0,0,0,0,0,0,0,0,0,0,0,0,0,0,0,0,0,0,0,0,0,0,0,0,0,0,0,0,0,0,0,0,0,0,0,0,0,0,0,0,0,0,0,0,0,0,0,0,0,0,0,0,0,0,0,0,0,0,0,0,0,0,0,0,0,0,0,0,0,0,0,0,0,0,0,0,0,0,0,0,0,0,0,0,0,0,0,0,0,0,0,0,0,0,0,0,0,0,0,0,0,0,0,0,0,0,0,0,0,0,0,0,0,0,0,0,0,0
0,0,0,0,0,0,0,0,0,0,0,0,0,0,0,0,0,0,0,0,0,0,0,0,0,0,0,0,0,0,0,0,0,0,0,0,0.17947,0,0,0,0,0,0,0,0,0,0,0,0,0,0,0,0,0,0,0,0,0,0,0,0,0,0,0,0,0,0,0,0,0,0,0,0,0.1749,0.67994,0.72936,0,0,0.15126,0.39493,1,0,0.61345,0.20904,1,0,1,1,1,0.74107,0.84987,0.75456,0.68295,0.95142,1,1,1,1,1,1,1,1,1,1,1,1,1,1,1,1,1,1,1,1,1,1,0,0,0,0,0,0,0,0,0,0,0,0,0,0,0,0,0.17822,0,0.17488,0.30604,0.35001,0.28325,0,0,0,0,0,0,0,0,0,0,0,0,0,0,0,0,0,0,0,0,0,0,0,0,0,0,0,0,0,0,0,0,0,0,0,0,0,0,0,0,0,0,0,0,0,0,0,0,0,0,0,0,0,0,0,0,0,0,0,0,0,0,0,0,0,0,0,0,0,0,0,0,0,0,0,0,0,0,0,0,0,0,0,0,0,0,0,0,0,0,0,0,0,0,0,0,0,0,0,0,0,0,0,0,0,0,0,0,0,0,0,0,0,0,0,0,0,0,0,0.65391,0,0,0.21375,0.54099,0.87723,1,0,0,0,0,0.15659,0.74441,1,1,0,0,0,0,0.27408,0.59631,0.90845,0,0,0,0.90189,0,0,0,0.18734,0.24268,0.47371,0,0,0,0.18473,0,0,0,0,0,0,0,0.18137,0,0,0,0,0,0,0,0,0,0,0.66874,0,0,0,0,0,0,0,0,0,0,0,0,0,0,0,0,0,0,0,0,0,0,0,0,0,0,0,0,0,0,0,0,0,0,0,0,0,0,0,0,0,0,0,0,0,0,0,0,0,0,0,0,0,0,0,0,0,0,0,0,0,0,0,0,0,0,0,0,0,0,0,0,0,0,0,0,0,0,0,0,0,0,0,0,0,0,0,0,0,0,0,0,0,0,0,0,0,0,0,0,0,0,0,0,0,0,0,0,0,0,0,0,0,0,0,0,0,0,0,0,0,0,0,0,0,0,0,0,0,0,0,0,0,0,0,0,0,0,0,0,0,0,0,0,0,0,0,0,0,0,0,0,0,0,0,0,0,0,0,0,0,0,0,0,0,0,0,0,0,0,0,0,0,0,0,0,0,0,0,0,0,0,0,0,0,0,0,0
0,0,0,0,0,0,0,0,0,0,0,0,0,0,0,0,0,0,0,0,0,0,0,0,0,0,0,0,0,0,0,0,0,0,0,0,0.13023,0,0,0,0,0,0,0,0,0,0,0,0,0,0,0,0,0,0,0,0,0,0,0,0,0,0,0,0,0,0,0,0,0,0,0,0,0,0.46836,0.55835,0,0,0,0.21986,0.8747,0,0.36748,0.14712,0.95146,0,1,1,1,0.66015,0.82061,0.77783,0.73128,0.80721,1,1,1,1,1,1,1,1,1,1,1,1,1,1,1,1,1,1,1,1,1,1,0,0,0,0,0,0,0,0,0,0,0,0,0,0,0,0,0.16002,0,0.17871,0.24442,0.32349,0.31011,0,0,0,0,0,0,0,0,0,0,0,0,0,0,0,0,0,0,0,0,0,0,0,0,0,0,0,0,0,0,0,0,0,0,0,0,0,0,0,0,0,0,0,0,0,0,0,0,0,0,0,0,0,0,0,0,0,0,0,0,0,0,0,0,0,0,0,0,0,0,0,0,0,0,0,0,0,0,0,0,0,0,0,0,0,0,0,0,0,0,0,0,0,0,0,0,0,0,0,0,0,0,0,0,0,0,0,0,0,0,0,0,0,0,0,0,0,0,0,0.40639,0,0,0.13162,0.29814,0.63979,1,0,0,0,0,0,0.51503,0.8662,1,0,0,0,0,0.18116,0.37483,0.70183,0,0,0,0.72536,0,0,0,0,0.17539,0.28775,0,0,0,0,0,0,0,0,0,0,0,0.1265,0,0,0,0,0,0,0,0,0,0,0.49931,0,0,0,0,0,0,0,0,0,0,0,0,0,0,0,0,0,0,0,0,0,0,0,0,0,0,0,0,0,0,0,0,0,0,0,0,0,0,0,0,0,0,0,0,0,0,0,0,0,0,0,0,0,0,0,0,0,0,0,0,0,0,0,0,0,0,0,0,0,0,0,0,0,0,0,0,0,0,0,0,0,0,0,0,0,0,0,0,0,0,0,0,0,0,0,0,0,0,0,0,0,0,0,0,0,0,0,0,0,0,0,0,0,0,0,0,0,0,0,0,0,0,0,0,0,0,0,0,0,0,0,0,0,0,0,0,0,0,0,0,0,0,0,0,0,0,0,0,0,0,0,0,0,0,0,0,0,0,0,0,0,0,0,0,0,0,0,0,0,0,0,0,0,0,0,0,0,0,0,0,0,0,0,0,0,0,0,0
0,0,0,0,0,0,0,0,0,0,0,0,0,0,0,0,0,0,0,0,0,0,0,0,0,0,0,0,0,0,0,0,0,0,0,0,0.16089,0,0,0,0,0,0,0,0,0,0,0,0,0,0,0,0,0,0,0,0,0,0,0,0,0,0,0,0,0,0,0,0,0,0,0,0.1638,0.29763,0.88144,0.73487,0,0,0.43811,0.76512,1,0,1,0.24077,1,0,1,1,1,0.44664,0.42316,0.24122,0.20307,0.84181,0.88967,0.79719,0.6101,0.4728,1,1,1,0.87407,1,1,1,1,1,1,1,1,1,1,1,1,1,1,0,0,0,0,0,0,0,0,0,0,0,0,0,0,0,0,0,0,0,0.16872,0.14453,0,0,0,0,0,0,0,0,0,0,0,0,0,0,0,0,0,0,0,0,0,0,0,0,0,0,0,0,0,0,0,0,0,0,0,0,0,0,0,0,0,0,0,0,0,0,0,0,0,0,0,0,0,0,0,0,0,0,0,0,0,0,0,0,0,0,0,0,0,0,0,0,0,0,0,0,0,0,0,0,0,0,0,0,0,0,0,0,0,0,0,0,0,0,0,0,0,0,0,0,0,0,0,0,0,0,0,0,0,0,0,0,0,0,0,0,0,0,0,0.12558,1,0,0.32948,0.82283,1,1,1,0,0,0,0.40166,0.68295,1,1,1,0,0,0,0.19029,1,1,1,0,0.15682,0.46874,1,0,0,0,0.80174,0.96327,1,0,0,0.22417,0.78369,0,0.18427,0.34317,0.59682,0,0,0,0.73388,0,0,0,0.20779,0,0,0,0,0,0,1,0,0,0,0,0,0,0,0,0,0,0,0,0,0,0,0,0,0,0,0,0,0,0,0,0,0,0,0,0,0,0,0,0,0,0,0,0,0,0,0,0,0,0,0,0,0,0,0,0,0,0,0,0,0,0,0,0,0,0,0,0,0,0,0,0,0,0,0,0,0,0,0,0,0,0,0,0,0,0,0,0,0,0,0,0,0,0,0,0,0,0,0,0,0,0,0,0,0,0,0,0,0,0,0,0,0,0,0,0,0,0,0,0,0,0,0,0,0,0,0,0,0,0,0,0,0,0,0,0,0,0,0,0,0,0,0,0,0,0,0,0,0,0,0,0,0,0,0,0,0,0,0,0,0,0,0,0,0,0,0,0,0,0,0,0,0,0,0,0,0,0,0,0,0,0,0,0,0,0,0,0,0,0,0,0,0,0,0
0,0,0,0,0,0,0,0,0,0,0,0,0,0,0,0,0,0,0,0,0,0,0,0,0,0,0,0,0,0,0,0,0,0,0,0,0,0,0,0,0,0,0,0,0,0,0,0,0,0,0,0,0,0,0,0,0,0,0,0,0,0,0,0,0,0,0,0,0,0,0,0,0,0.12795,0.50638,0.46345,0,0,0.14793,0.31281,1,0,0.59505,0.13213,1,0,1,1,1,0.36414,0.43981,0.3284,0.25459,0.6405,0.79975,0.83495,0.74275,0.64822,1,1,1,1,1,1,1,1,1,1,1,1,1,1,1,1,1,1,0,0,0,0,0,0,0,0,0,0,0,0,0,0,0,0,0,0,0,0.14166,0.14673,0,0,0,0,0,0,0,0,0,0,0,0,0,0,0,0,0,0,0,0,0,0,0,0,0,0,0,0,0,0,0,0,0,0,0,0,0,0,0,0,0,0,0,0,0,0,0,0,0,0,0,0,0,0,0,0,0,0,0,0,0,0,0,0,0,0,0,0,0,0,0,0,0,0,0,0,0,0,0,0,0,0,0,0,0,0,0,0,0,0,0,0,0,0,0,0,0,0,0,0,0,0,0,0,0,0,0,0,0,0,0,0,0,0,0,0,0,0,0,0,0.80334,0,0,0.30577,0.72827,1,1,0,0,0,0.13044,0.22662,0.99433,1,1,0,0,0,0,0.52251,0.87364,1,0,0,0.16138,1,0,0,0,0.37131,0.55512,0.82864,0,0,0,0.39547,0,0,0.14406,0.24218,0,0,0,0.42753,0,0,0,0,0,0,0,0,0,0,1,0,0,0,0,0,0,0,0,0,0,0,0,0,0,0,0,0,0,0,0,0,0,0,0,0,0,0,0,0,0,0,0,0,0,0,0,0,0,0,0,0,0,0,0,0,0,0,0,0,0,0,0,0,0,0,0,0,0,0,0,0,0,0,0,0,0,0,0,0,0,0,0,0,0,0,0,0,0,0,0,0,0,0,0,0,0,0,0,0,0,0,0,0,0,0,0,0,0,0,0,0,0,0,0,0,0,0,0,0,0,0,0,0,0,0,0,0,0,0,0,0,0,0,0,0,0,0,0,0,0,0,0,0,0,0,0,0,0,0,0,0,0,0,0,0,0,0,0,0,0,0,0,0,0,0,0,0,0,0,0,0,0,0,0,0,0,0,0,0,0,0,0,0,0,0,0,0,0,0,0,0,0,0,0,0,0,0,0
0,0,0,0,0,0,0,0,0,0,0,0,0,0,0,0,0,0,0,0,0,0,0,0,0,0.1957,0.18973,0.27465,0,0,0,0,0,0,0.27447,0.5406,0.70401,0,0,0,0,0,0,0,0,0,0,0,0,0,0,0,0,0,0,0,0,0,0,0,0,0,0,0,0,0,0,0,0,0,0,0,0.56318,0.91607,1,1,0,0.24469,0.86592,1,1,0,1,0.92122,1,0.30596,1,1,1,1,1,0.7447,0.5894,1,1,1,1,0.90305,1,1,1,1,1,1,1,1,1,1,1,1,1,1,1,1,1,1,0,0,0,0,0,0,0,0,0,0.13408,0,0,0,0,0,0.2216,0.35906,0,0.20219,0.68315,0.5524,0.29458,0,0,0,0,0,0,0,0,0,0,0,0,0,0,0,0,0,0,0,0,0,0,0,0,0,0,0,0,0,0,0,0,0,0,0,0,0,0,0,0,0,0,0,0,0,0,0,0,0,0,0,0,0,0,0,0,0,0,0,0,0,0,0,0,0,0,0,0,0,0,0,0,0,0,0,0,0,0,0,0,0,0,0,0,0,0,0,0,0,0,0,0,0,0,0,0,0,0,0,0,0,0,0,0,0,0,0,0,0,0,0,0,0,0,0.14422,0,0,0,0.19468,1,0,0.45136,0.89274,1,1,1,0,0,0,0.42898,0.65243,1,1,1,0,0,0,0.19774,0.86889,1,1,0,0.14469,0.36165,1,0,0,0,0.52074,0.62682,0.76619,0,0,0.15768,0.41817,0,0,0.17941,0.23601,0,0,0,0.2498,0,0,0,0,0,0,0,0,0,0,0.8593,0,0,0,0,0,0,0,0,0,0,0,0,0,0,0,0,0,0,0,0,0,0,0,0,0,0,0,0,0,0,0,0,0,0,0,0,0,0,0,0,0,0,0,0,0,0,0,0,0,0,0,0,0,0,0,0,0,0,0,0,0,0,0,0,0,0,0,0,0,0,0,0,0,0,0,0,0,0,0,0,0,0,0,0,0,0,0,0,0,0,0,0,0,0,0,0,0,0,0,0,0,0,0,0,0,0,0,0,0,0,0,0,0,0,0,0,0,0,0,0,0,0,0,0,0,0,0,0,0,0,0,0,0,0,0,0,0,0,0,0,0,0,0,0,0,0,0,0,0,0,0,0,0,0,0,0,0,0,0,0,0,0,0,0,0,0,0,0,0,0,0,0,0,0,0,0,0,0,0,0,0,0,0,0,0,0,0,0
0.23234,0.77152,0,0.2153,0.73005,1,1,1,0,0,0.19283,0.69772,1,1,1,1,1,0,0,0,0,0.16412,0.35756,0.74692,1,1,1,1,0,0,0,0,0,0.20866,0.73992,1,1,1,0,0,0,0,0,0,0,0,0,0,0,0,0,0,0,0,0,0,0,0,0,0,0,0,0,0,0,0,0,0,0,0,0,0,0,0.1952,0.21239,0.67414,0,0,0,0,0,0,0,0.79517,0,0,0,0,0,1,0.81849,0.57435,0.41162,0.7091,0.63823,0.4414,0.23918,0.19543,0.20446,0.2495,0.18785,0,0,0,0,0,0,0,0,0,0,0,0,0,0,0,1,1,1,1,1,1,1,1,1,1,1,1,1,1,1,1,1,1,1,1,1,0.83594,1,1,0,0,0,0,0,0,0,0,0,0,0,0,0,0,0,0,0,0,0,0,0,0,0,0,0,0,0,0,0,0,0,0,0,0,0,0,0,0,0,0,0,0,0,0,0,0,0,0,0,0,0,0,0,0,0,0,0,0,0,0,0,0,0,0,0,0,0,0,0,0,0,0,0,0,0,0,0,0,0,0,0,0,0,0,0,0,0,0,0,0,0,0,0,0,0,0,0,0,0,0,0,0,0,0,0,0,0,0,0,0,0,0,0,0,0,0,0,0,0,0,0,0,0,0,0,0,0,0,0,0,0,0,0,0,0,0,0,0,0,0,0,0,0,0,0,0,0,0,0,0,0,0,0,0,0,0,0,0,0,0,0,0,0,0,0,0,0,0,0,0,0,0,0,0,0,0,0,0,0,0,0,0,0,0,0,0,0,0,0,0,0,0,0,0,0,0,0,0,0,0,0,0,0,0,0,0,0,0,0,0,0,0,0,0,0,0,0,0,0,0,0,0,0,0,0,0,0,0,0,0,0,0,0,0,0,0,0,0,0,0,0,0,0,0,0,0,0,0,0,0,0,0,0,0,0,0,0,0,0,0,0,0,0,0,0,0,0,0,0,0,0,0,0,0,0,0,0,0,0,0,0,0,0,0,0,0,0,0,0,0,0,0,0,0,0,0,0,0,0,0,0,0,0,0,0,0,0,0,0,0,0,0,0,0,0,0,0,0,0,0,0,0,0,0,0,0,0,0,0,0,0,0,0,0,0,0,0,0,0,0,0,0,0,0,0,0,0,0,0,0,0,0,0,0,0,0,0,0,0,0
0,0.13944,0,0,0,0.58816,0.89652,1,0,0,0,0,0.35642,0.75073,0.97059,1,1,0,0,0,0,0,0,0,0.22175,0.69161,1,1,0,0,0,0,0,0,0.13552,0.33793,0.71261,0.40002,0,0,0,0,0,0,0,0,0,0,0,0,0,0,0,0,0,0,0,0,0,0,0,0,0,0,0,0,0,0,0,0,0,0,0,0,0,0.19409,0,0,0,0,0,0,0,0.18872,0,0,0,0,0,0.74871,0.68691,0.61221,0.5235,0.23963,0.30624,0.28613,0.23291,0.21165,0,0.13855,0.12697,0,0,0,0,0,0,0,0,0,0,0,0,0,0,0,1,1,1,1,1,1,1,1,1,1,1,1,1,1,1,1,1,1,1,1,1,0.99458,1,1,0,0,0,0,0,0,0,0,0,0,0,0,0,0,0,0,0,0,0,0,0,0,0,0,0,0,0,0,0,0,0,0,0,0,0,0,0,0,0,0,0,0,0,0,0,0,0,0,0,0,0,0,0,0,0,0,0,0,0,0,0,0,0,0,0,0,0,0,0,0,0,0,0,0,0,0,0,0,0,0,0,0,0,0,0,0,0,0,0,0,0,0,0,0,0,0,0,0,0,0,0,0,0,0,0,0,0,0,0,0,0,0,0,0,0,0,0,0,0,0,0,0,0,0,0,0,0,0,0,0,0,0,0,0,0,0,0,0,0,0,0,0,0,0,0,0,0,0,0,0,0,0,0,0,0,0,0,0,0,0,0,0,0,0,0,0,0,0,0,0,0,0,0,0,0,0,0,0,0,0,0,0,0,0,0,0,0,0,0,0,0,0,0,0,0,0,0,0,0,0,0,0,0,0,0,0,0,0,0,0,0,0,0,0,0,0,0,0,0,0,0,0,0,0,0,0,0,0,0,0,0,0,0,0,0,0,0,0,0,0,0,0,0,0,0,0,0,0,0,0,0,0,0,0,0,0,0,0,0,0,0,0,0,0,0,0,0,0,0,0,0,0,0,0,0,0,0,0,0,0,0,0,0,0,0,0,0,0,0,0,0,0,0,0,0,0,0,0,0,0,0,0,0,0,0,0,0,0,0,0,0,0,0,0,0,0,0,0,0,0,0,0,0,0,0,0,0,0,0,0,0,0,0,0,0,0,0,0,0,0,0,0,0,0,0,0,0,0,0,0,0,0,0,0,0,0,0,0,0,0
0,0,0,0,0,0,0,0.35596,0,0,0,0,0,0,0,0.23621,0.57729,0,0,0,0,0,0,0,0,0,0.19273,0.15825,0,0,0,0,0,0,0,0,0,0,0,0,0,0,0,0,0,0,0,0,0,0,0,0,0,0,0,0,0,0,0,0,0,0,0,0,0,0,0,0,0,0,0,0,0,0,0,0,0,0,0,0,0,0,0,0,0,0,0,0,0,0.19941,0.24879,0.39057,0.41458,0,0,0,0.15482,0.16562,0,0,0,0,0,0,0,0,0,0,0,0,0,0,0,0,0,0,1,1,1,1,1,0.93474,1,1,1,0.66846,1,1,1,1,1,0.67589,0.83144,1,1,0.48092,0.72402,0.85736,1,1,0,0,0,0,0,0,0,0,0,0,0,0,0,0,0,0,0,0,0,0,0,0,0,0,0,0,0,0,0,0,0,0,0,0,0,0,0,0,0,0,0,0,0,0,0,0,0,0,0,0,0,0,0,0,0,0,0,0,0,0,0,0,0,0,0,0,0,0,0,0,0,0,0,0,0,0,0,0,0,0,0,0,0,0,0,0,0,0,0,0,0,0,0,0,0,0,0,0,0,0,0,0,0,0,0,0,0,0,0,0,0,0,0,0,0,0,0,0,0,0,0,0,0,0,0,0,0,0,0,0,0,0,0,0,0,0,0,0,0,0,0,0,0,0,0,0,0,0,0,0,0,0,0,0,0,0,0,0,0,0,0,0,0,0,0,0,0,0,0,0,0,0,0,0,0,0,0,0,0,0,0,0,0,0,0,0,0,0,0,0,0,0,0,0,0,0,0,0,0,0,0,0,0,0,0,0,0,0,0,0,0,0,0,0,0,0,0,0,0,0,0,0,0,0,0,0,0,0,0,0,0,0,0,0,0,0,0,0,0,0,0,0,0,0,0,0,0,0,0,0,0,0,0,0,0,0,0,0,0,0,0,0,0,0,0,0,0,0,0,0,0,0,0,0,0,0,0,0,0,0,0,0,0,0,0,0,0,0,0,0,0,0,0,0,0,0,0,0,0,0,0,0,0,0,0,0,0,0,0,0,0,0,0,0,0,0,0,0,0,0,0,0,0,0,0,0,0,0,0,0,0,0,0,0,0,0,0,0,0,0,0,0,0,0,0,0,0,0,0,0,0,0,0,0,0,0,0,0,0,0
0,0.20133,0,0,0.19227,0.83189,1,1,0,0,0,0.19232,0.64721,1,1,1,1,0,0,0,0,0,0,0.22464,0.49667,1,1,1,0,0,0,0,0,0,0.27193,0.72643,1,0.6046,0,0,0,0,0,0,0,0,0,0,0,0,0,0,0,0,0,0,0,0,0,0,0,0,0,0,0,0,0,0,0,0,0,0,0,0,0.13142,0.50474,0,0,0,0,0,0,0,0.47068,0,0,0,0,0,1,1,0.93964,0.82395,0.64213,0.71657,0.66415,0.53961,0.45369,0.1911,0.3243,0.26223,0.20676,0.13941,0.15706,0,0,0,0,0,0,0,0,0,0,0,0,1,1,1,1,1,1,1,1,1,1,1,1,1,1,1,1,1,1,1,1,1,1,1,1,0,0,0,0,0,0,0,0,0,0,0,0,0,0,0,0,0,0,0,0,0,0,0,0,0,0,0,0,0,0,0,0,0,0,0,0,0,0,0,0,0,0,0,0,0,0,0,0,0,0,0,0,0,0,0,0,0,0,0,0,0,0,0,0,0,0,0,0,0,0,0,0,0,0,0,0,0,0,0,0,0,0,0,0,0,0,0,0,0,0,0,0,0,0,0,0,0,0,0,0,0,0,0,0,0,0,0,0,0,0,0,0,0,0,0,0,0,0,0,0,0,0,0,0,0,0,0,0,0,0,0,0,0,0,0,0,0,0,0,0,0,0,0,0,0,0,0,0,0,0,0,0,0,0,0,0,0,0,0,0,0,0,0,0,0,0,0,0,0,0,0,0,0,0,0,0,0,0,0,0,0,0,0,0,0,0,0,0,0,0,0,0,0,0,0,0,0,0,0,0,0,0,0,0,0,0,0,0,0,0,0,0,0,0,0,0,0,0,0,0,0,0,0,0,0,0,0,0,0,0,0,0,0,0,0,0,0,0,0,0,0,0,0,0,0,0,0,0,0,0,0,0,0,0,0,0,0,0,0,0,0,0,0,0,0,0,0,0,0,0,0,0,0,0,0,0,0,0,0,0,0,0,0,0,0,0,0,0,0,0,0,0,0,0,0,0,0,0,0,0,0,0,0,0,0,0,0,0,0,0,0,0,0,0,0,0,0,0,0,0,0,0,0,0,0,0,0,0,0,0,0,0,0,0,0,0,0,0,0,0,0,0,0,0,0,0,0,0,0,0,0,0,0,0,0,0,0,0,0,0
0,0,0,0,0,0.23246,0.51516,1,0,0,0,0,0.16996,0.40371,0.65504,1,1,0,0,0,0,0,0,0,0,0.43694,0.95474,0.85025,0,0,0,0,0,0,0,0.21484,0.58445,0.1598,0,0,0,0,0,0,0,0,0,0,0,0,0,0,0,0,0,0,0,0,0,0,0,0,0,0,0,0,0,0,0,0,0,0,0,0,0,0.17948,0,0,0,0,0,0,0,0.14052,0,0,0,0,0,0.84643,0.89089,0.90795,0.85864,0.2456,0.41595,0.49505,0.48129,0.4523,0,0.17956,0.19619,0.19042,0,0,0,0,0,0,0,0,0,0,0,0,0,0,1,1,1,1,1,1,1,1,1,1,1,1,1,1,1,1,1,1,1,1,1,1,1,1,0,0,0,0,0,0,0,0,0,0,0,0,0,0,0,0,0,0,0,0,0,0,0,0,0,0,0,0,0,0,0,0,0,0,0,0,0,0,0,0,0,0,0,0,0,0,0,0,0,0,0,0,0,0,0,0,0,0,0,0,0,0,0,0,0,0,0,0,0,0,0,0,0,0,0,0,0,0,0,0,0,0,0,0,0,0,0,0,0,0,0,0,0,0,0,0,0,0,0,0,0,0,0,0,0,0,0,0,0,0,0,0,0,0,0,0,0,0,0,0,0,0,0,0,0,0,0,0,0,0,0,0,0,0,0,0,0,0,0,0,0,0,0,0,0,0,0,0,0,0,0,0,0,0,0,0,0,0,0,0,0,0,0,0,0,0,0,0,0,0,0,0,0,0,0,0,0,0,0,0,0,0,0,0,0,0,0,0,0,0,0,0,0,0,0,0,0,0,0,0,0,0,0,0,0,0,0,0,0,0,0,0,0,0,0,0,0,0,0,0,0,0,0,0,0,0,0,0,0,0,0,0,0,0,0,0,0,0,0,0,0,0,0,0,0,0,0,0,0,0,0,0,0,0,0,0,0,0,0,0,0,0,0,0,0,0,0,0,0,0,0,0,0,0,0,0,0,0,0,0,0,0,0,0,0,0,0,0,0,0,0,0,0,0,0,0,0,0,0,0,0,0,0,0,0,0,0,0,0,0,0,0,0,0,0,0,0,0,0,0,0,0,0,0,0,0,0,0,0,0,0,0,0,0,0,0,0,0,0,0,0,0,0,0,0,0,0,0,0,0,0,0,0,0,0,0,0,0,0,0
0.22747,0.76352,0,0.23229,0.79039,1,1,1,0,0,0.23402,0.84583,1,1,1,1,1,0,0,0,0,0.23307,0.57342,0.97879,1,1,1,1,0,0,0,0.17039,0.12586,0.42346,1,1,1,1,0,0,0,0,0,0,0,0,0,0,0,0,0,0,0,0,0,0,0,0,0,0,0,0,0,0,0,0,0,0,0,0,0,0,0.23125,0.5075,0.61215,1,0,0,0,0.18393,0.16427,0,0,1,0,0,0,0,0,1,1,0.96115,0.77303,1,1,0.89734,0.63442,0.48128,0.61861,0.74426,0.53176,0.24424,0.31608,0.2499,0.14332,0,0,0,0,0,0,0,0,0,0,0,1,1,0.93474,1,1,1,1,1,1,1,1,1,1,1,1,1,1,1,1,1,1,1,0.96399,1,0,0,0,0,0,0,0,0,0,0,0,0,0,0,0,0,0,0,0,0,0,0,0,0,0,0,0,0,0,0,0,0,0,0,0,0,0,0,0,0,0,0,0,0,0,0,0,0,0,0,0,0,0,0,0,0,0,0,0,0,0,0,0,0,0,0,0,0,0,0,0,0,0,0,0,0,0,0,0,0,0,0,0,0,0,0,0,0,0,0,0,0,0,0,0,0,0,0,0,0,0,0,0,0,0,0,0,0,0,0,0,0,0,0,0,0,0,0,0,0,0,0,0,0,0,0,0,0,0,0,0,0,0,0,0,0,0,0,0,0,0,0,0,0,0,0,0,0,0,0,0,0,0,0,0,0,0,0,0,0,0,0,0,0,0,0,0,0,0,0,0,0,0,0,0,0,0,0,0,0,0,0,0,0,0,0,0,0,0,0,0,0,0,0,0,0,0,0,0,0,0,0,0,0,0,0,0,0,0,0,0,0,0,0,0,0,0,0,0,0,0,0,0,0,0,0,0,0,0,0,0,0,0,0,0,0,0,0,0,0,0,0,0,0,0,0,0,0,0,0,0,0,0,0,0,0,0,0,0,0,0,0,0,0,0,0,0,0,0,0,0,0,0,0,0,0,0,0,0,0,0,0,0,0,0,0,0,0,0,0,0,0,0,0,0,0,0,0,0,0,0,0,0,0,0,0,0,0,0,0,0,0,0,0,0,0,0,0,0,0,0,0,0,0,0,0,0,0,0,0,0,0,0,0,0,0,0,0,0,0,0,0,0,0,0,0,0,0,0,0,0,0,0,0,0,0,0,0,0,0
0,0.21069,0,0,0.21305,0.9028,1,1,0,0,0,0.22772,0.7683,1,1,1,1,0,0,0,0,0,0.13826,0.32161,0.66386,1,1,1,0,0,0,0,0,0,0.48143,0.96388,1,0.64278,0,0,0,0,0,0,0,0,0,0,0,0,0,0,0,0,0,0,0,0,0,0,0,0,0,0,0,0,0,0,0,0,0,0,0,0.15861,0.22806,0.80615,0,0,0,0,0,0,0,0.73419,0,0,0,0,0,1,1,1,1,0.95763,1,0.97532,0.82967,0.72977,0.3927,0.64671,0.57559,0.41098,0.24659,0.28454,0,0,0,0,0,0,0,0,0,0,0,0,1,1,1,1,1,1,1,1,1,1,1,1,1,1,1,1,1,1,1,1,1,1,1,1,0,0,0,0,0,0,0,0,0,0,0,0,0,0,0,0,0,0,0,0,0,0,0,0,0,0,0,0,0,0,0,0,0,0,0,0,0,0,0,0,0,0,0,0,0,0,0,0,0,0,0,0,0,0,0,0,0,0,0,0,0,0,0,0,0,0,0,0,0,0,0,0,0,0,0,0,0,0,0,0,0,0,0,0,0,0,0,0,0,0,0,0,0,0,0,0,0,0,0,0,0,0,0,0,0,0,0,0,0,0,0,0,0,0,0,0,0,0,0,0,0,0,0,0,0,0,0,0,0,0,0,0,0,0,0,0,0,0,0,0,0,0,0,0,0,0,0,0,0,0,0,0,0,0,0,0,0,0,0,0,0,0,0,0,0,0,0,0,0,0,0,0,0,0,0,0,0,0,0,0,0,0,0,0,0,0,0,0,0,0,0,0,0,0,0,0,0,0,0,0,0,0,0,0,0,0,0,0,0,0,0,0,0,0,0,0,0,0,0,0,0,0,0,0,0,0,0,0,0,0,0,0,0,0,0,0,0,0,0,0,0,0,0,0,0,0,0,0,0,0,0,0,0,0,0,0,0,0,0,0,0,0,0,0,0,0,0,0,0,0,0,0,0,0,0,0,0,0,0,0,0,0,0,0,0,0,0,0,0,0,0,0,0,0,0,0,0,0,0,0,0,0,0,0,0,0,0,0,0,0,0,0,0,0,0,0,0,0,0,0,0,0,0,0,0,0,0,0,0,0,0,0,0,0,0,0,0,0,0,0,0,0,0,0,0,0,0,0,0,0,0,0,0,0,0,0,0,0,0,0
0,0,0,0,0,0.15674,0.29228,1,0,0,0,0,0,0.23677,0.48249,0.93013,1,0,0,0,0,0,0,0,0,0.31544,0.8439,0.76809,0,0,0,0,0,0,0,0.1917,0.55588,0,0,0,0,0,0,0,0,0,0,0,0,0,0,0,0,0,0,0,0,0,0,0,0,0,0,0,0,0,0,0,0,0,0,0,0,0,0,0.19468,0,0,0,0,0,0,0,0.13097,0,0,0,0,0,0.98086,1,1,1,0.32507,0.56903,0.71929,0.75778,0.75259,0,0.23589,0.3176,0.3574,0,0.17974,0,0,0,0,0,0,0,0,0,0,0,0,1,1,1,1,1,1,1,1,1,1,1,1,1,1,1,1,1,1,1,1,1,1,1,1,0,0,0,0,0,0,0,0,0,0,0,0,0,0,0,0,0,0,0,0,0,0,0,0,0,0,0,0,0,0,0,0,0,0,0,0,0,0,0,0,0,0,0,0,0,0,0,0,0,0,0,0,0,0,0,0,0,0,0,0,0,0,0,0,0,0,0,0,0,0,0,0,0,0,0,0,0,0,0,0,0,0,0,0,0,0,0,0,0,0,0,0,0,0,0,0,0,0,0,0,0,0,0,0,0,0,0,0,0,0,0,0,0,0,0,0,0,0,0,0,0,0,0,0,0,0,0,0,0,0,0,0,0,0,0,0,0,0,0,0,0,0,0,0,0,0,0,0,0,0,0,0,0,0,0,0,0,0,0,0,0,0,0,0,0,0,0,0,0,0,0,0,0,0,0,0,0,0,0,0,0,0,0,0,0,0,0,0,0,0,0,0,0,0,0,0,0,0,0,0,0,0,0,0,0,0,0,0,0,0,0,0,0,0,0,0,0,0,0,0,0,0,0,0,0,0,0,0,0,0,0,0,0,0,0,0,0,0,0,0,0,0,0,0,0,0,0,0,0,0,0,0,0,0,0,0,0,0,0,0,0,0,0,0,0,0,0,0,0,0,0,0,0,0,0,0,0,0,0,0,0,0,0,0,0,0,0,0,0,0,0,0,0,0,0,0,0,0,0,0,0,0,0,0,0,0,0,0,0,0,0,0,0,0,0,0,0,0,0,0,0,0,0,0,0,0,0,0,0,0,0,0,0,0,0,0,0,0,0,0,0,0,0,0,0,0,0,0,0,0,0,0,0,0,0,0,0,0,0,0
0,0,0,0,0,0,0,0.43779,0,0,0,0,0,0,0.13903,0.36556,0.71931,0,0,0,0,0,0,0,0,0,0.28526,0.23906,0,0,0,0,0,0,0,0,0.17578,0,0,0,0,0,0,0,0,0,0,0,0,0,0,0,0,0,0,0,0,0,0,0,0,0,0,0,0,0,0,0,0,0,0,0,0,0,0,0,0,0,0,0,0,0,0,0,0,0,0,0,0,0.56619,0.78104,0.97551,1,0.12603,0.22782,0.42493,0.55495,0.60243,0,0,0.18009,0.2286,0,0,0,0,0,0,0,0,0,0,0,0,0,0,1,1,1,1,1,1,1,1,1,0.88571,1,1,1,1,1,0.97204,1,1,1,0.90898,1,1,1,1,0,0,0,0,0,0,0,0,0,0,0,0,0,0,0,0,0,0,0,0,0,0,0,0,0,0,0,0,0,0,0,0,0,0,0,0,0,0,0,0,0,0,0,0,0,0,0,0,0,0,0,0,0,0,0,0,0,0,0,0,0,0,0,0,0,0,0,0,0,0,0,0,0,0,0,0,0,0,0,0,0,0,0,0,0,0,0,0,0,0,0,0,0,0,0,0,0,0,0,0,0,0,0,0,0,0,0,0,0,0,0,0,0,0,0,0,0,0,0,0,0,0,0,0,0,0,0,0,0,0,0,0,0,0,0,0,0,0,0,0,0,0,0,0,0,0,0,0,0,0,0,0,0,0,0,0,0,0,0,0,0,0,0,0,0,0,0,0,0,0,0,0,0,0,0,0,0,0,0,0,0,0,0,0,0,0,0,0,0,0,0,0,0,0,0,0,0,0,0,0,0,0,0,0,0,0,0,0,0,0,0,0,0,0,0,0,0,0,0,0,0,0,0,0,0,0,0,0,0,0,0,0,0,0,0,0,0,0,0,0,0,0,0,0,0,0,0,0,0,0,0,0,0,0,0,0,0,0,0,0,0,0,0,0,0,0,0,0,0,0,0,0,0,0,0,0,0,0,0,0,0,0,0,0,0,0,0,0,0,0,0,0,0,0,0,0,0,0,0,0,0,0,0,0,0,0,0,0,0,0,0,0,0,0,0,0,0,0,0,0,0,0,0,0,0,0,0,0,0,0,0,0,0,0,0,0,0,0,0,0,0,0,0,0,0,0,0,0,0,0,0,0,0,0,0,0,0,0,0,0
0.2287,0.75935,0,0.25,0.83746,1,1,1,0,0.14652,0.31082,0.95999,1,1,1,1,1,0,0,0,0.14219,0.37276,0.74774,1,1,1,1,1,0,0,0,0.24097,0.20363,0.66504,1,1,1,1,0,0,0,0,0,0,0,0,0,0,0,0,0,0,0,0,0,0,0,0,0,0,0,0,0,0,0,0,0,0,0,0,0,0.15039,0.50721,0.84426,0.98361,1,0,0,0,0.41,0.37069,0,0.16837,1,0.16022,0.19164,0,0,0,1,1,1,0.947,1,1,1,0.87236,0.69633,0.99124,1,0.83531,0.48598,0.66015,0.56016,0.27971,0.19631,0.15158,0,0,0,0,0,0,0,0,0.13408,1,1,0.66846,1,1,1,1,1,0.88571,1,1,1,1,1,1,1,1,1,1,1,1,1,0.6977,0.88571,0,0,0,0,0,0,0,0,0,0,0,0,0,0,0,0,0,0,0,0,0,0,0,0,0,0,0,0,0,0,0,0,0,0,0,0,0,0,0,0,0,0,0,0,0,0,0,0,0,0,0,0,0,0,0,0,0,0,0,0,0,0,0,0,0,0,0,0,0,0,0,0,0,0,0,0,0,0,0,0,0,0,0,0,0,0,0,0,0,0,0,0,0,0,0,0,0,0,0,0,0,0,0,0,0,0,0,0,0,0,0,0,0,0,0,0,0,0,0,0,0,0,0,0,0,0,0,0,0,0,0,0,0,0,0,0,0,0,0,0,0,0,0,0,0,0,0,0,0,0,0,0,0,0,0,0,0,0,0,0,0,0,0,0,0,0,0,0,0,0,0,0,0,0,0,0,0,0,0,0,0,0,0,0,0,0,0,0,0,0,0,0,0,0,0,0,0,0,0,0,0,0,0,0,0,0,0,0,0,0,0,0,0,0,0,0,0,0,0,0,0,0,0,0,0,0,0,0,0,0,0,0,0,0,0,0,0,0,0,0,0,0,0,0,0,0,0,0,0,0,0,0,0,0,0,0,0,0,0,0,0,0,0,0,0,0,0,0,0,0,0,0,0,0,0,0,0,0,0,0,0,0,0,0,0,0,0,0,0,0,0,0,0,0,0,0,0,0,0,0,0,0,0,0,0,0,0,0,0,0,0,0,0,0,0,0,0,0,0,0,0,0,0,0,0,0,0,0,0,0,0,0,0,0,0,0,0,0,0,0,0,0,0,0,0,0,0,0,0,0,0,0,0,0,0,0,0,0,0,0
0,0.17595,0,0,0.19321,0.83875,1,1,0,0,0,0.22784,0.77834,1,1,1,1,0,0,0,0,0,0.15733,0.38097,0.74684,1,1,1,0,0,0,0,0,0.13907,0.63828,1,1,0.54213,0,0,0,0,0,0,0,0,0,0,0,0,0,0,0,0,0,0,0,0,0,0,0,0,0,0,0,0,0,0,0,0,0,0,0,0.24138,0.50045,1,0,0,0,0,0.15769,0,0,0.98795,0,0,0,0,0,1,1,1,1,1,1,1,1,1,0.78836,1,1,0.82287,0.66394,0.71259,0.26565,0.23196,0.20526,0,0,0,0,0,0,0,0,0,1,1,1,1,1,1,1,1,1,1,1,1,1,1,1,1,1,1,1,1,1,1,1,1,0,0,0,0,0,0,0,0,0,0,0,0,0,0,0,0,0,0,0,0,0,0,0,0,0,0,0,0,0,0,0,0,0,0,0,0,0,0,0,0,0,0,0,0,0,0,0,0,0,0,0,0,0,0,0,0,0,0,0,0,0,0,0,0,0,0,0,0,0,0,0,0,0,0,0,0,0,0,0,0,0,0,0,0,0,0,0,0,0,0,0,0,0,0,0,0,0,0,0,0,0,0,0,0,0,0,0,0,0,0,0,0,0,0,0,0,0,0,0,0,0,0,0,0,0,0,0,0,0,0,0,0,0,0,0,0,0,0,0,0,0,0,0,0,0,0,0,0,0,0,0,0,0,0,0,0,0,0,0,0,0,0,0,0,0,0,0,0,0,0,0,0,0,0,0,0,0,0,0,0,0,0,0,0,0,0,0,0,0,0,0,0,0,0,0,0,0,0,0,0,0,0,0,0,0,0,0,0,0,0,0,0,0,0,0,0,0,0,0,0,0,0,0,0,0,0,0,0,0,0,0,0,0,0,0,0,0,0,0,0,0,0,0,0,0,0,0,0,0,0,0,0,0,0,0,0,0,0,0,0,0,0,0,0,0,0,0,0,0,0,0,0,0,0,0,0,0,0,0,0,0,0,0,0,0,0,0,0,0,0,0,0,0,0,0,0,0,0,0,0,0,0,0,0,0,0,0,0,0,0,0,0,0,0,0,0,0,0,0,0,0,0,0,0,0,0,0,0,0,0,0,0,0,0,0,0,0,0,0,0,0,0,0,0,0,0,0,0,0,0,0,0,0,0,0,0,0,0,0,0
0,0,0,0,0,0.57704,0.89906,1,0,0,0,0.1302,0.48327,0.85983,1,1,1,0,0,0,0,0,0,0.18899,0.42652,1,1,1,0,0,0,0,0,0,0.30052,0.81923,1,0.2986,0,0,0,0,0,0,0,0,0,0,0,0,0,0,0,0,0,0,0,0,0,0,0,0,0,0,0,0,0,0,0,0,0,0,0,0.12653,0.22205,0.81684,0,0,0,0,0,0,0,0.64336,0,0,0,0,0,1,1,1,1,1,1,1,1,1,0.50203,0.8231,0.82771,0.72694,0.43738,0.53802,0.18,0.17125,0.15203,0,0,0,0,0,0,0,0,0,1,1,1,1,1,1,1,1,1,1,1,1,1,1,1,1,1,1,1,1,1,1,1,1,0,0,0,0,0,0,0,0,0,0,0,0,0,0,0,0,0,0,0,0,0,0,0,0,0,0,0,0,0,0,0,0,0,0,0,0,0,0,0,0,0,0,0,0,0,0,0,0,0,0,0,0,0,0,0,0,0,0,0,0,0,0,0,0,0,0,0,0,0,0,0,0,0,0,0,0,0,0,0,0,0,0,0,0,0,0,0,0,0,0,0,0,0,0,0,0,0,0,0,0,0,0,0,0,0,0,0,0,0,0,0,0,0,0,0,0,0,0,0,0,0,0,0,0,0,0,0,0,0,0,0,0,0,0,0,0,0,0,0,0,0,0,0,0,0,0,0,0,0,0,0,0,0,0,0,0,0,0,0,0,0,0,0,0,0,0,0,0,0,0,0,0,0,0,0,0,0,0,0,0,0,0,0,0,0,0,0,0,0,0,0,0,0,0,0,0,0,0,0,0,0,0,0,0,0,0,0,0,0,0,0,0,0,0,0,0,0,0,0,0,0,0,0,0,0,0,0,0,0,0,0,0,0,0,0,0,0,0,0,0,0,0,0,0,0,0,0,0,0,0,0,0,0,0,0,0,0,0,0,0,0,0,0,0,0,0,0,0,0,0,0,0,0,0,0,0,0,0,0,0,0,0,0,0,0,0,0,0,0,0,0,0,0,0,0,0,0,0,0,0,0,0,0,0,0,0,0,0,0,0,0,0,0,0,0,0,0,0,0,0,0,0,0,0,0,0,0,0,0,0,0,0,0,0,0,0,0,0,0,0,0,0,0,0,0,0,0,0,0,0,0,0,0,0,0,0,0,0,0,0
0,0,0,0,0,0,0.15304,0.67362,0,0,0,0,0,0.13373,0.22919,0.64699,0.98435,0,0,0,0,0,0,0,0,0.1888,0.59576,0.54712,0,0,0,0,0,0,0,0.12582,0.39022,0,0,0,0,0,0,0,0,0,0,0,0,0,0,0,0,0,0,0,0,0,0,0,0,0,0,0,0,0,0,0,0,0,0,0,0,0,0,0.16804,0,0,0,0,0,0,0,0,0,0,0,0,0,0.98294,1,1,1,0.28872,0.60515,0.84611,0.96087,0.99396,0,0.27098,0.45893,0.5821,0.1516,0.23139,0,0,0,0,0,0,0,0,0,0,0,0,1,1,1,1,1,1,1,1,1,1,1,1,1,1,1,1,1,1,1,1,1,1,1,1,0,0,0,0,0,0,0,0,0,0,0,0,0,0,0,0,0,0,0,0,0,0,0,0,0,0,0,0,0,0,0,0,0,0,0,0,0,0,0,0,0,0,0,0,0,0,0,0,0,0,0,0,0,0,0,0,0,0,0,0,0,0,0,0,0,0,0,0,0,0,0,0,0,0,0,0,0,0,0,0,0,0,0,0,0,0,0,0,0,0,0,0,0,0,0,0,0,0,0,0,0,0,0,0,0,0,0,0,0,0,0,0,0,0,0,0,0,0,0,0,0,0,0,0,0,0,0,0,0,0,0,0,0,0,0,0,0,0,0,0,0,0,0,0,0,0,0,0,0,0,0,0,0,0,0,0,0,0,0,0,0,0,0,0,0,0,0,0,0,0,0,0,0,0,0,0,0,0,0,0,0,0,0,0,0,0,0,0,0,0,0,0,0,0,0,0,0,0,0,0,0,0,0,0,0,0,0,0,0,0,0,0,0,0,0,0,0,0,0,0,0,0,0,0,0,0,0,0,0,0,0,0,0,0,0,0,0,0,0,0,0,0,0,0,0,0,0,0,0,0,0,0,0,0,0,0,0,0,0,0,0,0,0,0,0,0,0,0,0,0,0,0,0,0,0,0,0,0,0,0,0,0,0,0,0,0,0,0,0,0,0,0,0,0,0,0,0,0,0,0,0,0,0,0,0,0,0,0,0,0,0,0,0,0,0,0,0,0,0,0,0,0,0,0,0,0,0,0,0,0,0,0,0,0,0,0,0,0,0,0,0,0,0,0,0,0,0,0,0,0,0,0,0,0,0,0,0,0,0,0
0,0,0,0,0,0.23508,0.52589,1,0,0,0,0,0.21077,0.50128,0.80049,1,1,0,0,0,0,0,0,0,0.2013,0.71925,1,1,0,0,0,0,0,0,0.17212,0.55466,1,0.13982,0,0,0,0,0,0,0,0,0,0,0,0,0,0,0,0,0,0,0,0,0,0,0,0,0,0,0,0,0,0,0,0,0,0,0,0,0.17081,0.67722,0,0,0,0,0,0,0,0.42189,0,0,0,0,0,1,1,1,1,0.94377,1,1,1,1,0.46398,0.85071,0.9475,0.93816,0.49754,0.66516,0.20237,0.21307,0.2031,0,0,0,0,0,0,0,0,0,1,1,1,1,1,1,1,1,1,1,1,1,1,1,1,1,1,1,1,1,1,1,1,1,0,0,0,0,0,0,0,0,0,0,0,0,0,0,0,0,0,0,0,0,0,0,0,0,0,0,0,0,0,0,0,0,0,0,0,0,0,0,0,0,0,0,0,0,0,0,0,0,0,0,0,0,0,0,0,0,0,0,0,0,0,0,0,0,0,0,0,0,0,0,0,0,0,0,0,0,0,0,0,0,0,0,0,0,0,0,0,0,0,0,0,0,0,0,0,0,0,0,0,0,0,0,0,0,0,0,0,0,0,0,0,0,0,0,0,0,0,0,0,0,0,0,0,0,0,0,0,0,0,0,0,0,0,0,0,0,0,0,0,0,0,0,0,0,0,0,0,0,0,0,0,0,0,0,0,0,0,0,0,0,0,0,0,0,0,0,0,0,0,0,0,0,0,0,0,0,0,0,0,0,0,0,0,0,0,0,0,0,0,0,0,0,0,0,0,0,0,0,0,0,0,0,0,0,0,0,0,0,0,0,0,0,0,0,0,0,0,0,0,0,0,0,0,0,0,0,0,0,0,0,0,0,0,0,0,0,0,0,0,0,0,0,0,0,0,0,0,0,0,0,0,0,0,0,0,0,0,0,0,0,0,0,0,0,0,0,0,0,0,0,0,0,0,0,0,0,0,0,0,0,0,0,0,0,0,0,0,0,0,0,0,0,0,0,0,0,0,0,0,0,0,0,0,0,0,0,0,0,0,0,0,0,0,0,0,0,0,0,0,0,0,0,0,0,0,0,0,0,0,0,0,0,0,0,0,0,0,0,0,0,0,0,0,0,0,0,0,0,0,0,0,0,0,0,0,0,0,0,0,0
0,0,0,0,0,0,0.17711,0.74469,0,0,0,0,0,0.16598,0.29501,0.75972,1,0,0,0,0,0,0,0,0,0.23746,0.73713,0.70865,0,0,0,0,0,0,0,0.18674,0.58835,0,0,0,0,0,0,0,0,0,0,0,0,0,0,0,0,0,0,0,0,0,0,0,0,0,0,0,0,0,0,0,0,0,0,0,0,0,0,0.24932,0,0,0,0,0,0,0,0.14883,0,0,0,0,0,1,1,1,1,0.54835,0.88594,1,1,1,0.20591,0.55903,0.75687,0.87637,0.24973,0.49272,0,0.15907,0.16167,0,0,0,0,0,0,0,0,0,1,1,1,1,1,1,1,1,1,1,1,1,1,1,1,1,1,1,1,1,1,1,1,1,0,0,0,0,0,0,0,0,0,0,0,0,0,0,0,0,0,0,0,0,0,0,0,0,0,0,0,0,0,0,0,0,0,0,0,0,0,0,0,0,0,0,0,0,0,0,0,0,0,0,0,0,0,0,0,0,0,0,0,0,0,0,0,0,0,0,0,0,0,0,0,0,0,0,0,0,0,0,0,0,0,0,0,0,0,0,0,0,0,0,0,0,0,0,0,0,0,0,0,0,0,0,0,0,0,0,0,0,0,0,0,0,0,0,0,0,0,0,0,0,0,0,0,0,0,0,0,0,0,0,0,0,0,0,0,0,0,0,0,0,0,0,0,0,0,0,0,0,0,0,0,0,0,0,0,0,0,0,0,0,0,0,0,0,0,0,0,0,0,0,0,0,0,0,0,0,0,0,0,0,0,0,0,0,0,0,0,0,0,0,0,0,0,0,0,0,0,0,0,0,0,0,0,0,0,0,0,0,0,0,0,0,0,0,0,0,0,0,0,0,0,0,0,0,0,0,0,0,0,0,0,0,0,0,0,0,0,0,0,0,0,0,0,0,0,0,0,0,0,0,0,0,0,0,0,0,0,0,0,0,0,0,0,0,0,0,0,0,0,0,0,0,0,0,0,0,0,0,0,0,0,0,0,0,0,0,0,0,0,0,0,0,0,0,0,0,0,0,0,0,0,0,0,0,0,0,0,0,0,0,0,0,0,0,0,0,0,0,0,0,0,0,0,0,0,0,0,0,0,0,0,0,0,0,0,0,0,0,0,0,0,0,0,0,0,0,0,0,0,0,0,0,0,0,0,0,0,0,0,0
0.13259,0.46395,0,0.16224,0.56608,1,1,1,0,0,0.19393,0.72765,1,1,1,1,1,0,0,0,0,0.23103,0.56426,0.97015,1,1,1,1,0,0,0,0.19341,0.16394,0.54865,1,1,1,0.96806,0,0,0,0,0,0,0,0,0,0,0,0,0,0,0,0,0,0,0,0,0,0,0,0,0,0,0,0,0,0,0,0,0,0,0.4905,0.86621,1,1,0,0,0.126,0.48857,0.53127,0,0.20515,1,0.21628,0.18228,0.17745,0,0,1,1,1,1,1,1,1,1,1,1,1,1,0.8284,0.96367,0.88909,0.57654,0.40893,0.28238,0.21495,0.16158,0,0,0,0,0,0,0.2216,1,1,0.67589,1,1,1,1,1,0.97204,1,1,1,1,1,1,1,1,1,1,1,1,1,0.70464,0.97204,0,0,0,0,0,0,0,0,0,0,0,0,0,0,0,0,0,0,0,0,0,0,0,0,0,0,0,0,0,0,0,0,0,0,0,0,0,0,0,0,0,0,0,0,0,0,0,0,0,0,0,0,0,0,0,0,0,0,0,0,0,0,0,0,0,0,0,0,0,0,0,0,0,0,0,0,0,0,0,0,0,0,0,0,0,0,0,0,0,0,0,0,0,0,0,0,0,0,0,0,0,0,0,0,0,0,0,0,0,0,0,0,0,0,0,0,0,0,0,0,0,0,0,0,0,0,0,0,0,0,0,0,0,0,0,0,0,0,0,0,0,0,0,0,0,0,0,0,0,0,0,0,0,0,0,0,0,0,0,0,0,0,0,0,0,0,0,0,0,0,0,0,0,0,0,0,0,0,0,0,0,0,0,0,0,0,0,0,0,0,0,0,0,0,0,0,0,0,0,0,0,0,0,0,0,0,0,0,0,0,0,0,0,0,0,0,0,0,0,0,0,0,0,0,0,0,0,0,0,0,0,0,0,0,0,0,0,0,0,0,0,0,0,0,0,0,0,0,0,0,0,0,0,0,0,0,0,0,0,0,0,0,0,0,0,0,0,0,0,0,0,0,0,0,0,0,0,0,0,0,0,0,0,0,0,0,0,0,0,0,0,0,0,0,0,0,0,0,0,0,0,0,0,0,0,0,0,0,0,0,0,0,0,0,0,0,0,0,0,0,0,0,0,0,0,0,0,0,0,0,0,0,0,0,0,0,0,0,0,0,0,0,0,0,0,0,0,0,0,0,0,0,0,0,0,0,0,0,0,0
0,0,0,0,0.155,0.68961,0.9839,1,0,0,0,0.21592,0.73209,1,1,1,1,0,0,0,0,0,0.17431,0.42154,0.80586,1,1,1,0,0,0,0,0,0.19083,0.81289,1,1,0.35769,0,0,0,0,0,0,0,0,0,0,0,0,0,0,0,0,0,0,0,0,0,0,0,0,0,0,0,0,0,0,0,0,0,0,0.21226,0.5555,0.93512,1,0,0,0,0.27922,0.47178,0,0.15749,1,0.20575,0,0.21965,0,0,1,1,1,1,1,1,1,1,1,1,1,1,1,1,1,0.86625,0.79242,0.70385,0.4341,0.38138,0.17116,0.20476,0.17822,0.16002,0,0,0.35906,1,1,0.83144,1,1,1,1,1,1,1,1,1,1,1,1,1,1,1,1,1,1,1,0.85806,1,0,0,0,0,0,0,0,0,0,0,0,0,0,0,0,0,0,0,0,0,0,0,0,0,0,0,0,0,0,0,0,0,0,0,0,0,0,0,0,0,0,0,0,0,0,0,0,0,0,0,0,0,0,0,0,0,0,0,0,0,0,0,0,0,0,0,0,0,0,0,0,0,0,0,0,0,0,0,0,0,0,0,0,0,0,0,0,0,0,0,0,0,0,0,0,0,0,0,0,0,0,0,0,0,0,0,0,0,0,0,0,0,0,0,0,0,0,0,0,0,0,0,0,0,0,0,0,0,0,0,0,0,0,0,0,0,0,0,0,0,0,0,0,0,0,0,0,0,0,0,0,0,0,0,0,0,0,0,0,0,0,0,0,0,0,0,0,0,0,0,0,0,0,0,0,0,0,0,0,0,0,0,0,0,0,0,0,0,0,0,0,0,0,0,0,0,0,0,0,0,0,0,0,0,0,0,0,0,0,0,0,0,0,0,0,0,0,0,0,0,0,0,0,0,0,0,0,0,0,0,0,0,0,0,0,0,0,0,0,0,0,0,0,0,0,0,0,0,0,0,0,0,0,0,0,0,0,0,0,0,0,0,0,0,0,0,0,0,0,0,0,0,0,0,0,0,0,0,0,0,0,0,0,0,0,0,0,0,0,0,0,0,0,0,0,0,0,0,0,0,0,0,0,0,0,0,0,0,0,0,0,0,0,0,0,0,0,0,0,0,0,0,0,0,0,0,0,0,0,0,0,0,0,0,0,0,0,0,0,0,0,0,0,0,0,0,0,0,0,0,0,0,0,0,0,0,0,0,0,0
0,0,0,0,0,0,0.18692,0.75071,0,0,0,0,0,0.19241,0.38873,0.84943,1,0,0,0,0,0,0,0,0,0.38943,0.88871,0.90582,0,0,0,0,0,0,0,0.32195,0.87373,0,0,0,0,0,0,0,0,0,0,0,0,0,0,0,0,0,0,0,0,0,0,0,0,0,0,0,0,0,0,0,0,0,0,0,0,0,0.16277,0.65237,0,0,0,0,0,0,0,0.26984,0,0,0,0,0,1,1,1,1,0.99004,1,1,1,1,0.61088,1,1,1,0.79388,1,0.42567,0.54015,0.5485,0.17765,0.2331,0,0,0,0,0,0,0,1,1,1,1,1,1,1,1,1,1,1,1,1,1,1,1,1,1,1,1,1,1,1,1,0,0,0,0,0,0,0,0,0,0,0,0,0,0,0,0,0,0,0,0,0,0,0,0,0,0,0,0,0,0,0,0,0,0,0,0,0,0,0,0,0,0,0,0,0,0,0,0,0,0,0,0,0,0,0,0,0,0,0,0,0,0,0,0,0,0,0,0,0,0,0,0,0,0,0,0,0,0,0,0,0,0,0,0,0,0,0,0,0,0,0,0,0,0,0,0,0,0,0,0,0,0,0,0,0,0,0,0,0,0,0,0,0,0,0,0,0,0,0,0,0,0,0,0,0,0,0,0,0,0,0,0,0,0,0,0,0,0,0,0,0,0,0,0,0,0,0,0,0,0,0,0,0,0,0,0,0,0,0,0,0,0,0,0,0,0,0,0,0,0,0,0,0,0,0,0,0,0,0,0,0,0,0,0,0,0,0,0,0,0,0,0,0,0,0,0,0,0,0,0,0,0,0,0,0,0,0,0,0,0,0,0,0,0,0,0,0,0,0,0,0,0,0,0,0,0,0,0,0,0,0,0,0,0,0,0,0,0,0,0,0,0,0,0,0,0,0,0,0,0,0,0,0,0,0,0,0,0,0,0,0,0,0,0,0,0,0,0,0,0,0,0,0,0,0,0,0,0,0,0,0,0,0,0,0,0,0,0,0,0,0,0,0,0,0,0,0,0,0,0,0,0,0,0,0,0,0,0,0,0,0,0,0,0,0,0,0,0,0,0,0,0,0,0,0,0,0,0,0,0,0,0,0,0,0,0,0,0,0,0,0,0,0,0,0,0,0,0,0,0,0,0,0,0,0,0,0,0,0,0
0,0,0,0,0,0,0.2238,0.83875,0,0,0,0,0.12824,0.23755,0.52748,0.97857,1,0,0,0,0,0,0,0,0.15086,0.56887,1,1,0,0,0,0,0,0,0.15888,0.54116,1,0,0,0,0,0,0,0,0,0,0,0,0,0,0,0,0,0,0,0,0,0,0,0,0,0,0,0,0,0,0,0,0,0,0,0,0,0,0.26642,0.92686,0,0,0,0,0.13924,0,0,0.51568,0,0,0,0,0,1,1,1,1,1,1,1,1,1,0.9084,1,1,1,1,1,0.71615,0.81278,0.80801,0.31841,0.4597,0,0.1702,0.17488,0.17871,0,0,0.20219,1,1,1,1,1,1,1,1,1,1,1,1,1,1,1,1,1,1,1,1,1,1,1,1,0,0,0,0,0,0,0,0,0,0,0,0,0,0,0,0,0,0,0,0,0,0,0,0,0,0,0,0,0,0,0,0,0,0,0,0,0,0,0,0,0,0,0,0,0,0,0,0,0,0,0,0,0,0,0,0,0,0,0,0,0,0,0,0,0,0,0,0,0,0,0,0,0,0,0,0,0,0,0,0,0,0,0,0,0,0,0,0,0,0,0,0,0,0,0,0,0,0,0,0,0,0,0,0,0,0,0,0,0,0,0,0,0,0,0,0,0,0,0,0,0,0,0,0,0,0,0,0,0,0,0,0,0,0,0,0,0,0,0,0,0,0,0,0,0,0,0,0,0,0,0,0,0,0,0,0,0,0,0,0,0,0,0,0,0,0,0,0,0,0,0,0,0,0,0,0,0,0,0,0,0,0,0,0,0,0,0,0,0,0,0,0,0,0,0,0,0,0,0,0,0,0,0,0,0,0,0,0,0,0,0,0,0,0,0,0,0,0,0,0,0,0,0,0,0,0,0,0,0,0,0,0,0,0,0,0,0,0,0,0,0,0,0,0,0,0,0,0,0,0,0,0,0,0,0,0,0,0,0,0,0,0,0,0,0,0,0,0,0,0,0,0,0,0,0,0,0,0,0,0,0,0,0,0,0,0,0,0,0,0,0,0,0,0,0,0,0,0,0,0,0,0,0,0,0,0,0,0,0,0,0,0,0,0,0,0,0,0,0,0,0,0,0,0,0,0,0,0,0,0,0,0,0,0,0,0,0,0,0,0,0,0,0,0,0,0,0,0,0,0,0,0,0,0,0,0,0,0,0,0
0,0.13645,0,0,0.18399,0.74232,1,1,0,0,0,0.27632,0.84291,1,1,1,1,0,0,0,0,0,0.23338,0.58698,0.97314,1,1,1,0,0,0,0,0,0.3019,1,1,1,0.39703,0,0,0,0,0,0,0,0,0,0,0,0,0,0,0,0,0,0,0,0,0,0,0,0,0,0,0,0,0,0,0,0,0,0,0.428,0.85863,1,1,0,0,0.15317,0.61131,0.82143,0,0.31624,1,0.46777,0.15971,0.49672,0.21886,0.22026,1,1,1,1,1,1,1,1,1,1,1,1,1,1,1,1,1,0.92877,0.72788,0.62155,0.33249,0.4089,0.30604,0.24442,0.16872,0.14166,0.68315,1,1,0.48092,1,1,1,1,1,0.90898,1,1,1,1,1,1,1,1,1,1,1,1,1,0.50756,0.90898,0,0,0,0,0,0,0,0,0,0,0,0,0,0,0,0,0,0,0,0,0,0,0,0,0,0,0,0,0,0,0,0,0,0,0,0,0,0,0,0,0,0,0,0,0,0,0,0,0,0,0,0,0,0,0,0,0,0,0,0,0,0,0,0,0,0,0,0,0,0,0,0,0,0,0,0,0,0,0,0,0,0,0,0,0,0,0,0,0,0,0,0,0,0,0,0,0,0,0,0,0,0,0,0,0,0,0,0,0,0,0,0,0,0,0,0,0,0,0,0,0,0,0,0,0,0,0,0,0,0,0,0,0,0,0,0,0,0,0,0,0,0,0,0,0,0,0,0,0,0,0,0,0,0,0,0,0,0,0,0,0,0,0,0,0,0,0,0,0,0,0,0,0,0,0,0,0,0,0,0,0,0,0,0,0,0,0,0,0,0,0,0,0,0,0,0,0,0,0,0,0,0,0,0,0,0,0,0,0,0,0,0,0,0,0,0,0,0,0,0,0,0,0,0,0,0,0,0,0,0,0,0,0,0,0,0,0,0,0,0,0,0,0,0,0,0,0,0,0,0,0,0,0,0,0,0,0,0,0,0,0,0,0,0,0,0,0,0,0,0,0,0,0,0,0,0,0,0,0,0,0,0,0,0,0,0,0,0,0,0,0,0,0,0,0,0,0,0,0,0,0,0,0,0,0,0,0,0,0,0,0,0,0,0,0,0,0,0,0,0,0,0,0,0,0,0,0,0,0,0,0,0,0,0,0,0,0,0,0,0,0,0,0,0,0,0,0,0,0,0,0,0,0,0,0,0,0,0,0,0
0,0,0,0,0,0.24464,0.52087,1,0,0,0,0,0.30506,0.60237,0.9171,1,1,0,0,0,0,0,0,0.1775,0.41875,1,1,1,0,0,0,0,0,0,0.48551,1,1,0.13213,0,0,0,0,0,0,0,0,0,0,0,0,0,0,0,0,0,0,0,0,0,0,0,0,0,0,0,0,0,0,0,0,0,0,0.13573,0.34865,0.82206,1,0,0,0,0.2189,0.45895,0,0.13631,1,0.21233,0,0.3031,0.13416,0,1,1,1,1,1,1,1,1,1,1,1,1,1,1,1,1,1,1,0.70286,0.73775,0.2424,0.38591,0.35001,0.32349,0.14453,0.14673,0.5524,1,1,0.72402,1,1,1,1,1,1,1,1,1,1,1,1,1,1,1,1,1,1,1,0.74786,1,0,0,0,0,0,0,0,0,0,0,0,0,0,0,0,0,0,0,0,0,0,0,0,0,0,0,0,0,0,0,0,0,0,0,0,0,0,0,0,0,0,0,0,0,0,0,0,0,0,0,0,0,0,0,0,0,0,0,0,0,0,0,0,0,0,0,0,0,0,0,0,0,0,0,0,0,0,0,0,0,0,0,0,0,0,0,0,0,0,0,0,0,0,0,0,0,0,0,0,0,0,0,0,0,0,0,0,0,0,0,0,0,0,0,0,0,0,0,0,0,0,0,0,0,0,0,0,0,0,0,0,0,0,0,0,0,0,0,0,0,0,0,0,0,0,0,0,0,0,0,0,0,0,0,0,0,0,0,0,0,0,0,0,0,0,0,0,0,0,0,0,0,0,0,0,0,0,0,0,0,0,0,0,0,0,0,0,0,0,0,0,0,0,0,0,0,0,0,0,0,0,0,0,0,0,0,0,0,0,0,0,0,0,0,0,0,0,0,0,0,0,0,0,0,0,0,0,0,0,0,0,0,0,0,0,0,0,0,0,0,0,0,0,0,0,0,0,0,0,0,0,0,0,0,0,0,0,0,0,0,0,0,0,0,0,0,0,0,0,0,0,0,0,0,0,0,0,0,0,0,0,0,0,0,0,0,0,0,0,0,0,0,0,0,0,0,0,0,0,0,0,0,0,0,0,0,0,0,0,0,0,0,0,0,0,0,0,0,0,0,0,0,0,0,0,0,0,0,0,0,0,0,0,0,0,0,0,0,0,0,0,0,0,0,0,0,0,0,0,0,0,0,0,0,0,0,0,0,0,0
0,0,0,0,0,0,0.14688,0.5862,0,0,0,0,0,0.16774,0.31885,0.75698,0.95396,0,0,0,0,0,0,0,0,0.40266,0.85494,0.91835,0,0,0,0,0,0,0,0.42856,0.986,0,0,0,0,0,0,0,0,0,0,0,0,0,0,0,0,0,0,0,0,0,0,0,0,0,0,0,0,0,0,0,0,0,0,0,0,0,0.27943,0.92218,0,0,0,0,0.16439,0,0,0.44907,0,0,0.16452,0,0,1,1,1,1,1,1,1,1,1,1,1,1,1,1,1,0.92482,1,1,0.54498,0.73407,0.169,0.2483,0.28325,0.31011,0,0,0.29458,0.83594,0.99458,0.85736,1,1,1,1,1,1,1,1,1,1,1,1,1,1,1,1,1,1,1,0.87625,1,0,0,0,0,0,0,0,0,0,0,0,0,0,0,0,0,0,0,0,0,0,0,0,0,0,0,0,0,0,0,0,0,0,0,0,0,0,0,0,0,0,0,0,0,0,0,0,0,0,0,0,0,0,0,0,0,0,0,0,0,0,0,0,0,0,0,0,0,0,0,0,0,0,0,0,0,0,0,0,0,0,0,0,0,0,0,0,0,0,0,0,0,0,0,0,0,0,0,0,0,0,0,0,0,0,0,0,0,0,0,0,0,0,0,0,0,0,0,0,0,0,0,0,0,0,0,0,0,0,0,0,0,0,0,0,0,0,0,0,0,0,0,0,0,0,0,0,0,0,0,0,0,0,0,0,0,0,0,0,0,0,0,0,0,0,0,0,0,0,0,0,0,0,0,0,0,0,0,0,0,0,0,0,0,0,0,0,0,0,0,0,0,0,0,0,0,0,0,0,0,0,0,0,0,0,0,0,0,0,0,0,0,0,0,0,0,0,0,0,0,0,0,0,0,0,0,0,0,0,0,0,0,0,0,0,0,0,0,0,0,0,0,0,0,0,0,0,0,0,0,0,0,0,0,0,0,0,0,0,0,0,0,0,0,0,0,0,0,0,0,0,0,0,0,0,0,0,0,0,0,0,0,0,0,0,0,0,0,0,0,0,0,0,0,0,0,0,0,0,0,0,0,0,0,0,0,0,0,0,0,0,0,0,0,0,0,0,0,0,0,0,0,0,0,0,0,0,0,0,0,0,0,0,0,0,0,0,0,0,0,0,0,0,0,0,0,0,0,0,0,0,0,0,0,0,0,0,0,0,0
0,0,0,0,0,0,0,0.38479,0,0,0,0,0,0,0,0.24596,0.60651,0,0,0,0,0,0,0,0,0,0.20249,0.16798,0,0,0,0,0,0,0,0,0,0,0,0,0,0,0,0,0,0,0,0,0,0,0,0,0,0,0,0,0,0,0,0,0,0,0,0,0,0,0,0,0,0,0,0,0,0,0,0,0,0,0,0,0,0,0,0,0,0,0,0,0,0.20797,0.26927,0.41005,0.43198,0,0,0.13162,0.16118,0.17139,0,0,0,0,0,0,0,0,0,0,0,0,0,0,0,0,0,0,1,1,1,1,1,0.96399,1,1,1,0.6977,1,1,1,1,1,0.70464,0.85806,1,1,0.50756,0.74786,0.87625,1,1,0,0,0,0,0,0,0,0,0,0,0,0,0,0,0,0,0,0,0,0,0,0,0,0,0,0,0,0,0,0,0,0,0,0,0,0,0,0,0,0,0,0,0,0,0,0,0,0,0,0,0,0,0,0,0,0,0,0,0,0,0,0,0,0,0,0,0,0,0,0,0,0,0,0,0,0,0,0,0,0,0,0,0,0,0,0,0,0,0,0,0,0,0,0,0,0,0,0,0,0,0,0,0,0,0,0,0,0,0,0,0,0,0,0,0,0,0,0,0,0,0,0,0,0,0,0,0,0,0,0,0,0,0,0,0,0,0,0,0,0,0,0,0,0,0,0,0,0,0,0,0,0,0,0,0,0,0,0,0,0,0,0,0,0,0,0,0,0,0,0,0,0,0,0,0,0,0,0,0,0,0,0,0,0,0,0,0,0,0,0,0,0,0,0,0,0,0,0,0,0,0,0,0,0,0,0,0,0,0,0,0,0,0,0,0,0,0,0,0,0,0,0,0,0,0,0,0,0,0,0,0,0,0,0,0,0,0,0,0,0,0,0,0,0,0,0,0,0,0,0,0,0,0,0,0,0,0,0,0,0,0,0,0,0,0,0,0,0,0,0,0,0,0,0,0,0,0,0,0,0,0,0,0,0,0,0,0,0,0,0,0,0,0,0,0,0,0,0,0,0,0,0,0,0,0,0,0,0,0,0,0,0,0,0,0,0,0,0,0,0,0,0,0,0,0,0,0,0,0,0,0,0,0,0,0,0,0,0,0,0,0,0,0,0,0,0,0,0,0,0,0,0,0,0,0,0,0,0,0,0
0,0,0,0,0,0,0,0.43779,0,0,0,0,0,0,0.13903,0.36556,0.71931,0,0,0,0,0,0,0,0,0,0.28526,0.23906,0,0,0,0,0,0,0,0,0.17578,0,0,0,0,0,0,0,0,0,0,0,0,0,0,0,0,0,0,0,0,0,0,0,0,0,0,0,0,0,0,0,0,0,0,0,0,0,0,0,0,0,0,0,0,0,0,0,0,0,0,0,0,0.56619,0.78104,0.97551,1,0.12603,0.22782,0.42493,0.55495,0.60243,0,0,0.18009,0.2286,0,0,0,0,0,0,0,0,0,0,0,0,0,0,1,1,1,1,1,1,1,1,1,0.88571,1,1,1,1,1,0.97204,1,1,1,0.90898,1,1,1,1,0,0,0,0,0,0,0,0,0,0,0,0,0,0,0,0,0,0,0,0,0,0,0,0,0,0,0,0,0,0,0,0,0,0,0,0,0,0,0,0,0,0,0,0,0,0,0,0,0,0,0,0,0,0,0,0,0,0,0,0,0,0,0,0,0,0,0,0,0,0,0,0,0,0,0,0,0,0,0,0,0,0,0,0,0,0,0,0,0,0,0,0,0,0,0,0,0,0,0,0,0,0,0,0,0,0,0,0,0,0,0,0,0,0,0,0,0,0,0,0,0,0,0,0,0,0,0,0,0,0,0,0,0,0,0,0,0,0,0,0,0,0,0,0,0,0,0,0,0,0,0,0,0,0,0,0,0,0,0,0,0,0,0,0,0,0,0,0,0,0,0,0,0,0,0,0,0,0,0,0,0,0,0,0,0,0,0,0,0,0,0,0,0,0,0,0,0,0,0,0,0,0,0,0,0,0,0,0,0,0,0,0,0,0,0,0,0,0,0,0,0,0,0,0,0,0,0,0,0,0,0,0,0,0,0,0,0,0,0,0,0,0,0,0,0,0,0,0,0,0,0,0,0,0,0,0,0,0,0,0,0,0,0,0,0,0,0,0,0,0,0,0,0,0,0,0,0,0,0,0,0,0,0,0,0,0,0,0,0,0,0,0,0,0,0,0,0,0,0,0,0,0,0,0,0,0,0,0,0,0,0,0,0,0,0,0,0,0,0,0,0,0,0,0,0,0,0,0,0,0,0,0,0,0,0,0,0,0,0,0,0,0,0,0,0,0,0,0,0,0,0,0,0,0,0,0,0,0,0,0
0,0,0,0,0,0,0,0,0,0,0,0,0,0,0,0,0,0.16762,0.48285,0.19054,0,0,0,0,0,0,0,0,0.70591,0.14469,0,0,0,0,0,0,0,0,0,0,0.16057,0,0.13615,0.29856,0.82486,0.63021,0.25446,1,0.35867,0.15924,0.69365,0.34844,0.14663,0,0.41697,0.19881,0,1,1,1,0.92996,0.96524,1,1,1,0,0,0,1,0,0,0,0,0,0,0,0,0,0,0,0,0,0,0,0,0,0,0,0,0,0,0,0,0,0,0,0,0,0,0,0,0,0,0,0,0,0,0,0,0,0,0,0,0,0,0,0,0,0,0,0,0,0,0,0,0,0,0,0,0,0,0,0,0,0,0,0,0,0,0,1,1,1,1,0.3861,1,1,1,1,0.82684,0.33331,0,1,1,1,1,1,0.6898,0.38253,1,0.88755,0.44182,0.13308,0.21374,1,1,0.291,0.24945,0.2005,1,1,1,1,1,1,1,1,1,1,1,1,1,1,0.99129,0.92492,1,1,1,0.94307,1,1,1,1,0.49279,1,1,1,1,0.96172,1,1,1,1,1,0,0,0,0,0,0,0,0,0,0,0,0,0,0,0,0,0,0,0,0,0,0,0,0,0,0,0,0.19821,0,0,0,0,0,0,0,0,0,0,0,0,0,0,0,0,0,0,0,0,0,0,0,0,0,0,0,0,0,0,0,0,0,0,0,0,0,0,0,0,0,0,0,0,0,0,0,0,0,0,0,0,0,0,0,0,0,0,0,0,0,0,0,0,0,0,0,0,0,0,0,0,0,0,0,0,0,0,0,0,0,0,0,0,0,0,0,0,0,0,0,0,0,0,0,0,0,0,0,0,0,0,0,0,0,0,0,0,0,0,0,0,0,0,0,0,0,0,0,0,0,0,0,0,0,0,0,0,0,0,0,0,0,0,0,0,0,0,0,0,0,0,0,0,0,0,0,0,0,0,0,0,0,0,0,0,0,0,0,0,0,0,0,0,0,0,0,0,0,0,0,0,0,0,0,0,0,0,0,0,0,0,0,0,0,0,0,0,0,0,0,0,0,0,0,0,0,0,0,0,0,0,0,0,0,0,0,0,0,0,0,0,0,0,0,0,0,0,0,0,0,0,0,0,0,0,0,0,0,0,0,0,0,0,0,0,0,0,0.34734,0.32061,0.16616,0,0.24466,0.62092,0.67589,0.85504,0.73482,0.84817,0.36482,0.61289,0.83481,1,1,1,0.8009,1,1,1,0.70447,0.95592,1,0.77998,1,1,1,0.64185,1,1
0,0,0,0,0,0,0,0,0.21495,0,0,0,0,0,0,0,0,0.34985,0.88279,0.48453,0,0,0,0,0,0,0,0,1,0.30845,0,0,0,0,0,0,0,0,0.1656,0.16951,0.30237,0.15434,0.3474,0.63027,1,1,0.61795,1,0.81757,0.43816,1,0.82352,0.41332,0.31282,0.88989,0.56529,0.2675,1,1,1,1,1,1,1,1,0.16889,0,0.21203,1,0,0,0,0,0,0,0,0,0,0,0,0,0,0,0,0,0,0,0,0,0,0,0,0,0,0,0,0,0,0,0,0,0,0,0,0,0,0,0,0,0,0,0,0,0,0,0,0,0,0,0,0,0,0,0,0,0,0,0,0,0,0,0,0,0,0,0,0,0,0,0,1,1,1,1,0.68811,1,1,1,1,1,0.6046,0.1929,1,1,1,1,1,0.90673,0.60367,1,1,0.58398,0.20121,0.2642,1,1,0.36259,0.24314,0.1776,1,1,1,1,1,1,0.8237,1,1,1,1,1,0.97708,0.8994,0.62349,0.63176,1,1,0.75953,0.50408,0.90978,1,1,1,0.20495,0.66871,1,1,1,0.81324,1,1,1,1,1,0.14974,0,0,0,0,0,0,0,0,0,0,0,0,0,0,0,0,0,0,0,0,0,0,0,0,0,0,0.13208,0,0,0,0,0,0,0,0,0,0,0,0,0,0,0,0,0,0,0,0,0,0,0,0,0,0,0,0,0,0,0,0,0,0,0,0,0,0,0,0,0,0,0,0,0,0,0,0,0,0,0,0,0,0,0,0,0,0,0,0,0,0,0,0,0,0,0,0,0,0,0,0,0,0,0,0,0,0,0,0,0,0,0,0,0,0,0,0,0,0,0,0,0,0,0,0,0,0,0,0,0,0,0,0,0,0,0,0,0,0,0,0,0,0,0,0,0,0,0,0,0,0,0,0,0,0,0,0,0,0,0,0,0,0,0,0,0,0,0,0,0,0,0,0,0,0,0,0,0,0,0,0,0,0,0,0,0,0,0,0,0,0,0,0,0,0,0,0,0,0,0,0,0,0,0,0,0,0,0,0,0,0,0,0,0,0,0,0,0,0,0,0,0,0,0,0,0,0,0,0,0,0,0,0,0,0,0,0,0,0,0,0,0,0,0,0,0,0,0.17658,0,0,0,0,0,0,0,0,0,0,0,0,0,0,0,0,0,0,0,0.24555,0.4583,0.21344,0,0.14702,0.39652,0.58988,0.82297,0.78086,0.97841,0.64607,0.31956,0.57471,1,1,1,1,1,1,1,1,1,1,0.44773,1,0.82036,0.99435,0.47425,1,1
0.14747,0,0.52125,0.19842,0,0,0,0,0.88026,0.52015,0.2208,0,0,0,0,0,0,1,1,1,0.48348,0.19206,0,0,0,0,0,0,1,1,0.46216,0.19743,0.18926,0,0,0,0,0,0.20171,0.14172,0.2336,0.23843,0.59598,0.53676,1,1,0.60335,1,1,0.79614,1,1,0.89197,0.8885,1,1,0.90153,1,1,1,1,1,1,1,1,0.49272,0.32188,0.20913,1,0.53237,0.25848,0.17736,0,0,0,0,0.22639,0,0,0,0,0,0,0,0,0,0,0,0,0,0,0,0,0,0,0,0,0,0,0,0,0,0,0,0,0,0,0,0,0,0,0,0,0,0,0,0,0,0,0,0,0,0,0,0,0,0,0,0,0,0,0,0,0,0,0,0,0,0,0,1,1,1,1,1,1,1,1,1,1,1,0.77648,1,1,1,1,1,1,1,1,1,1,0.74502,0.80054,1,1,0.82391,0.56314,0.29871,1,1,1,1,1,1,0.77037,0.71909,0.90699,0.86023,0.60917,0.68032,0.6526,0.45824,0.33422,0.48568,0.49859,0.47519,0.1701,0,0.22358,0.65777,0.70385,1,0,0.1371,1,1,1,0.90325,1,1,1,0.75729,0.98853,0.52495,0.26556,0.16821,0.33733,0.23529,0,0.17205,0,0.12552,0,0,0,0,0,0,0,0,0,0,0,0,0,0,0,0,0,0,0.1518,0,0,0,0,0,0,0,0,0,0,0,0,0,0,0,0,0,0,0,0,0,0.18404,0.16017,0,0,0,0,0,0,0,0,0,0,0,0,0,0,0,0,0,0,0,0,0,0,0,0,0,0,0,0,0,0,0,0,0,0,0,0,0,0,0,0,0,0,0,0,0,0,0,0,0,0,0,0,0,0,0,0,0,0,0,0,0,0,0,0,0,0,0,0,0,0,0,0,0,0,0,0,0,0,0,0,0,0,0,0,0,0,0,0,0,0,0,0,0,0,0,0,0,0,0,0,0,0,0,0,0,0,0,0,0,0,0,0,0,0,0,0,0,0,0,0,0,0,0,0,0,0,0,0,0,0,0,0,0,0,0,0,0,0,0,0,0,0,0,0,0,0,0,0,0,0,0,0,0,0,0,0,0,0,0,0,0,0,0,0,0,0,0,0,0,0,0,0,0,0,0,0,0,0,0,0,0,0,0,0,0,0,0,0,0,0,0,0,0,0,0,0,0,0,0,0,0,0,0,0,0,0,0,0,0,0,0,0,0,0,0,0,0.17871,0,0,0,0,0.14498,0.235,0.24589,0.52245,0.44515,0,0,0.54221,0.80295,1,0.69845,0.93964,1,1,0.81531,1,1,0,1,0.1929,0.24638,0,0.49108,0.63493
0.29814,0,0.90715,0.51934,0.16161,0,0,0,1,0.99711,0.66733,0.18066,0,0,0,0,0,1,1,1,1,0.66608,0.29354,0.12844,0,0,0,0,1,1,1,0.7298,0.72996,0.23971,0,0,0,0,0,0,0,0.19073,0.42776,0.19897,0.66293,0.72013,0.23834,1,1,0.72606,1,1,0.95828,1,1,1,1,0.74387,1,1,1,1,1,1,1,0.59613,0.62986,0,0.83253,1,0.95382,0.71548,0,0,0,0,0.88365,0.23648,0,0,0,0.43374,0,0,0,0.21095,0,0,0,0,0,0,0,0,0,0,0,0,0,0,0,0,0,0,0,0,0,0,0,0,0,0,0,0,0,0,0,0,0,0,0,0,0,0,0,0,0,0,0,0,0,0,0,0,0,0,0,0,0,0,1,1,1,1,1,1,1,1,1,1,1,1,1,1,1,1,1,1,1,1,1,1,1,1,1,1,1,0.9136,0.59637,0.80681,0.97521,1,1,0.68318,0.84633,0.73075,0.25711,0.64645,0.69376,0.23304,0.33533,0.38531,0.20107,0.20516,0.38381,0,0,0,0,0,0.16376,0.20805,0.51269,0,0,1,1,1,0.98542,1,1,1,0.18559,0.29408,1,0.88177,0.59596,0.84846,0.66488,0.24257,0.43267,0.15412,0.23999,0.16155,0,0,0.15995,0,0,0,0,0,0,0,0,0,0,0,0,0,0,0.1907,0,0,0,0,0,0,0,0,0,0,0.15314,0,0,0,0,0,0,0,0,0,0.1804,0.71475,0.62152,0.21996,0,0,0.41253,0,0,0,0,0,0.23823,0.12736,0,0,0,0,0,0,0.17802,0,0,0,0,0,0,0,0,0,0,0,0,0,0,0,0,0,0,0,0,0,0,0,0,0,0,0,0,0,0,0,0,0,0,0,0,0,0,0,0,0,0,0,0,0,0,0,0,0,0,0,0,0,0,0,0,0,0,0,0,0,0,0,0,0,0,0,0,0,0,0,0,0,0,0,0,0,0,0,0,0,0,0,0,0,0,0,0,0,0,0,0,0,0,0,0,0,0,0,0,0,0,0,0,0,0,0,0,0,0,0,0,0,0,0,0,0,0,0,0,0,0,0,0,0,0,0,0,0,0,0,0,0,0,0,0,0,0,0,0,0,0,0,0,0,0,0,0,0,0,0,0,0,0,0,0,0,0,0,0,0,0,0,0,0,0,0,0,0,0,0,0,0,0,0,0,0,0,0,0,0,0,0,0,0,0,0,0,0,0,0,0,0,0,0,0,0,0,0,0,0,0,0,0,0,0,0.129,0.14704,0,0,0,0.20029,0.42701,0.2059,0.34781,0.49098,1,0.30381,0.57642,0.7704,0,0.61365,0,0,0,0,0.15794
0.44852,0.21561,1,0.78387,0.38591,0,0,0,1,1,1,0.58772,0.19246,0,0,0,0,1,1,1,1,1,0.96615,0.57054,0.24629,0,0,0,1,1,1,1,1,1,0.33699,0,0,0,0,0,0,0,0,0,0,0,0,0.77332,0.34627,0.21936,1,0.88396,0.53781,0.85411,1,1,1,0,0.5747,1,1,1,0.58479,1,1,0.27852,0.6465,0,0,1,1,1,0.82281,0.36648,0,0,1,1,0.66588,0.23336,0,1,0.17015,0,0,1,0,0,0,0,0,0,0,0,0,0,0,0,0,0,0,0,0,0,0,0,0,0,0,0,0,0,0,0,0,0,0,0,0,0,0,0,0,0,0,0,0,0,0,0,0,0,0,0,0,0,0,0,0,0,0.3861,0.68811,1,1,1,1,1,1,1,1,1,1,0.92534,1,1,1,1,1,1,1,1,1,1,1,1,1,1,1,0.82521,0,0.18621,0.24535,0.36316,0,0.24595,0.39113,0,0.17557,0.22915,0,0,0,0,0,0.1661,0,0,0,0,0,0,0,0,0,0,0.7451,0.66999,0.77156,0.78387,1,1,1,0,0,1,1,1,1,1,0.99475,0.91808,0.69424,0.5829,0.52207,0.34749,0.23275,0.3632,0.13539,0.1702,0,0,0,0,0,0,0,0,0,0,0,0,0.18309,0,0,0,0,0,0.15522,0,0,0,0,0.23594,0,0,0,0,0,0,0,0,0,1,1,1,1,0.83164,0,1,0.28424,0,0,0,0,1,0.87861,0.54418,0.14922,0,0,0,0,0.92234,0.70676,0.37128,0.18481,0,0,0,0.29096,0,0,0,0.27528,0.16304,0,0,0,0,0,0,0,0,0,0,0,0,0,0,0,0,0,0,0,0,0,0,0,0,0,0,0,0,0,0,0,0,0,0,0,0,0,0,0,0,0,0,0,0,0,0,0,0,0,0,0,0,0,0,0,0,0,0,0,0,0,0,0,0,0,0,0,0,0,0,0,0,0,0,0,0,0,0,0,0,0,0,0,0,0,0,0,0,0,0,0,0,0,0,0,0,0,0,0,0,0,0,0,0,0,0,0,0,0,0,0,0,0,0,0,0,0,0,0,0,0,0,0,0,0,0,0,0,0,0,0,0,0,0,0,0,0,0,0,0,0,0,0,0,0,0,0,0,0,0,0,0,0,0,0,0,0,0,0,0,0,0,0,0,0,0,0,0,0,0,0,0,0,0,0,0,0,0,0,0,0,0,0,0,0,0,0,0,0,0,0,0,0,0,0,0,0,0,0,0,0,0,0,0,0.20524,0,0,0,0,0,0,0,0,0,0
0,0,0.15807,0,0,0,0,0,0.3993,0.17049,0,0,0,0,0,0,0,0.81926,1,0.80366,0.19071,0,0,0,0,0,0,0,1,0.72531,0.20155,0,0,0,0,0,0,0,0,0,0,0,0.17584,0.19817,0.66996,0.58432,0.20848,1,0.56588,0.23572,1,0.7316,0.29423,0.30089,0.89256,0.62686,0.3323,1,1,1,1,1,1,1,1,0.13179,0,0,1,0.27826,0.16242,0,0,0,0,0,0.17186,0,0,0,0,0,0,0,0,0,0,0,0,0,0,0,0,0,0,0,0,0,0,0,0,0,0,0,0,0,0,0,0,0,0,0,0,0,0,0,0,0,0,0,0,0,0,0,0,0,0,0,0,0,0,0,0,0,0,0,0,0,0,0,1,1,1,1,1,1,1,1,1,1,1,0.66794,1,1,1,1,1,1,1,1,1,1,0.73862,0.93876,1,1,1,0.90248,0.68831,1,1,1,1,1,1,1,1,1,1,1,1,1,1,0.93159,1,0.75977,0.67475,0.36956,0.22456,0.55271,0.94802,1,1,0,0.24778,1,1,1,1,1,1,1,0.90653,1,0.61513,0.33318,0.20567,0.53674,0.46361,0.12695,0.31946,0,0.24805,0.12524,0,0,0.17087,0,0,0,0,0,0,0,0,0,0,0,0,0,0,0.46274,0,0,0,0,0,0,0,0,0,0,0.20565,0,0,0,0,0,0,0,0,0,0,0.18062,0.17166,0,0,0,0,0,0,0,0,0,0,0,0,0,0,0,0,0,0,0,0,0,0,0,0,0,0,0,0,0,0,0,0,0,0,0,0,0,0,0,0,0,0,0,0,0,0,0,0,0,0,0,0,0,0,0,0,0,0,0,0,0,0,0,0,0,0,0,0,0,0,0,0,0,0,0,0,0,0,0,0,0,0,0,0,0,0,0,0,0,0,0,0,0,0,0,0,0,0,0,0,0,0,0,0,0,0,0,0,0,0,0,0,0,0,0,0,0,0,0,0,0,0,0,0,0,0,0,0,0,0,0,0,0,0,0,0,0,0,0,0,0,0,0,0,0,0,0,0,0,0,0,0,0,0,0,0,0,0,0,0,0,0,0,0,0,0,0,0,0,0,0,0,0,0,0,0,0,0,0,0,0,0,0,0,0,0,0,0,0,0,0,0,0,0,0,0,0,0,0,0,0,0,0,0,0,0,0,0,0,0,0,0,0,0,0,0,0,0,0,0,0,0.14013,0.21441,0.19909,0.30676,0.18607,0,0.16415,0.5266,0.80189,1,0.39011,0.63823,0.86706,1,0.42545,0.70295,0.92334,0.14454,1,0.23991,0.42361,0,0.37274,0.4722
0,0,0.29134,0.12621,0,0,0,0,0.71608,0.3299,0.16159,0,0,0,0,0,0,1,1,1,0.37772,0.15041,0,0,0,0,0,0,1,1,0.39778,0.16911,0.1699,0,0,0,0,0,0,0,0.12577,0,0.25209,0.23787,0.79411,0.74812,0.27023,1,0.80794,0.45983,1,1,0.57595,0.60322,1,0.9376,0.64442,1,1,1,1,1,1,1,1,0.22713,0.18762,0,1,0.54109,0.25469,0.16819,0,0,0,0,0.24814,0,0,0,0,0,0,0,0,0,0,0,0,0,0,0,0,0,0,0,0,0,0,0,0,0,0,0,0,0,0,0,0,0,0,0,0,0,0,0,0,0,0,0,0,0,0,0,0,0,0,0,0,0,0,0,0,0,0,0,0,0,0,0,1,1,1,1,1,1,1,1,1,1,1,0.87784,1,1,1,1,1,1,1,1,1,1,0.9034,1,1,1,1,0.87038,0.61996,1,1,1,1,1,1,1,0.94367,1,1,0.85983,0.95873,0.95627,0.7316,0.64874,0.82152,0.51905,0.45848,0.19723,0.12732,0.26799,0.69707,0.8454,1,0,0.15813,1,1,1,1,1,1,1,0.71316,0.96501,0.73084,0.45901,0.23948,0.59145,0.48285,0.14609,0.30927,0,0.23013,0,0,0,0.15118,0,0,0,0,0,0,0,0,0,0,0,0,0,0,0.29921,0,0,0,0,0,0,0,0,0,0,0.17357,0,0,0,0,0,0,0,0,0,0,0.23486,0.21866,0,0,0,0.16164,0,0,0,0,0,0,0,0,0,0,0,0,0,0,0,0,0,0,0,0,0,0,0,0,0,0,0,0,0,0,0,0,0,0,0,0,0,0,0,0,0,0,0,0,0,0,0,0,0,0,0,0,0,0,0,0,0,0,0,0,0,0,0,0,0,0,0,0,0,0,0,0,0,0,0,0,0,0,0,0,0,0,0,0,0,0,0,0,0,0,0,0,0,0,0,0,0,0,0,0,0,0,0,0,0,0,0,0,0,0,0,0,0,0,0,0,0,0,0,0,0,0,0,0,0,0,0,0,0,0,0,0,0,0,0,0,0,0,0,0,0,0,0,0,0,0,0,0,0,0,0,0,0,0,0,0,0,0,0,0,0,0,0,0,0,0,0,0,0,0,0,0,0,0,0,0,0,0,0,0,0,0,0,0,0,0,0,0,0,0,0,0,0,0,0,0,0,0,0,0,0,0,0,0,0,0,0,0,0,0,0,0,0,0,0,0,0,0,0.18128,0.17928,0.28866,0.21344,0,0,0.40661,0.67674,0.95598,0.42507,0.67034,0.87223,1,0.51054,0.79069,1,0,1,0.17537,0.23746,0,0.30319,0.42641
0.17389,0,0.63056,0.2479,0,0,0,0,1,0.72426,0.39841,0,0,0,0,0,0,1,1,1,0.85344,0.41567,0.18053,0,0,0,0,0,1,1,0.89848,0.499,0.51502,0.16408,0,0,0,0,0,0,0,0,0.24424,0.16399,0.56729,0.58977,0.19661,1,0.81791,0.50839,1,1,0.71411,0.82866,1,1,0.92909,0.83183,1,1,1,1,1,1,1,0.34366,0.3552,0,0.9328,1,0.77595,0.52094,0,0,0,0,0.76443,0.18646,0,0,0,0.33311,0,0,0,0.15407,0,0,0,0,0,0,0,0,0,0,0,0,0,0,0,0,0,0,0,0,0,0,0,0,0,0,0,0,0,0,0,0,0,0,0,0,0,0,0,0,0,0,0,0,0,0,0,0,0,0,0,0,0,0,1,1,1,1,1,1,1,1,1,1,1,1,1,1,1,1,1,1,1,1,1,1,1,1,1,1,1,1,0.78618,1,1,1,1,0.94388,1,0.99684,0.5154,0.92265,0.96928,0.4655,0.60791,0.66155,0.37547,0.3919,0.6549,0.16507,0.14541,0,0,0,0.22474,0.35254,0.6898,0,0,1,1,1,1,1,1,1,0.23191,0.44419,1,0.8986,0.63353,0.94186,0.78655,0.30315,0.57402,0.18401,0.39113,0.20749,0,0,0.2169,0,0,0,0,0,0,0,0,0,0,0,0,0,0,0.3096,0,0,0,0,0,0,0,0,0,0,0.21866,0,0,0,0,0,0,0,0,0,0.15965,0.68269,0.61425,0.20656,0,0,0.42429,0,0,0,0,0,0.24799,0.12814,0,0,0,0,0,0,0.19181,0,0,0,0,0,0,0,0,0,0,0,0,0,0,0,0,0,0,0,0,0,0,0,0,0,0,0,0,0,0,0,0,0,0,0,0,0,0,0,0,0,0,0,0,0,0,0,0,0,0,0,0,0,0,0,0,0,0,0,0,0,0,0,0,0,0,0,0,0,0,0,0,0,0,0,0,0,0,0,0,0,0,0,0,0,0,0,0,0,0,0,0,0,0,0,0,0,0,0,0,0,0,0,0,0,0,0,0,0,0,0,0,0,0,0,0,0,0,0,0,0,0,0,0,0,0,0,0,0,0,0,0,0,0,0,0,0,0,0,0,0,0,0,0,0,0,0,0,0,0,0,0,0,0,0,0,0,0,0,0,0,0,0,0,0,0,0,0,0,0,0,0,0,0,0,0,0,0,0,0,0,0,0,0,0,0,0,0,0,0,0,0,0,0,0,0,0,0,0,0,0,0,0,0,0,0,0.13039,0,0,0,0.14153,0.22998,0.49273,0.19464,0.32154,0.48984,1,0.24419,0.51009,0.71405,0,0.66189,0,0,0,0,0.16702
0.46054,0.1812,1,0.72107,0.23944,0,0,0,1,1,0.92017,0.31595,0,0,0,0,0,1,1,1,1,0.97746,0.60234,0.23107,0,0,0,0,1,1,1,1,1,0.56798,0,0,0,0,0,0,0,0.15219,0.29181,0,0.38822,0.48337,0.15903,1,0.88392,0.63205,1,1,0.9293,1,1,1,1,0.36211,1,1,1,1,1,1,1,0.6003,0.75483,0,0.44875,1,1,1,0.22574,0,0,0,1,0.59486,0.14486,0,0,0.81048,0,0,0,0.51586,0,0,0,0,0,0,0,0,0,0,0,0,0,0,0,0,0,0,0,0,0,0,0,0,0,0,0,0,0,0,0,0,0,0,0,0,0,0,0,0,0,0,0,0,0,0,0,0,0,0,0,0,0,0,1,1,1,1,1,1,1,1,1,1,1,1,1,1,1,1,1,1,1,1,1,1,1,1,1,1,1,1,0.66493,0.46226,0.64647,0.76529,0.80819,0.38294,0.62491,0.60385,0.15075,0.41832,0.50666,0.13851,0.19227,0.21981,0,0.13874,0.24499,0,0,0,0,0,0,0,0.21154,0,0,1,1,1,0.91363,1,1,1,0,0.13665,1,1,0.87407,1,0.84085,0.4684,0.58375,0.22952,0.32662,0.21543,0,0,0.19661,0,0,0,0,0,0,0,0,0,0,0,0,0,0,0.18171,0,0,0,0,0,0,0,0,0,0,0.17451,0,0,0,0,0,0,0,0,0,0.40172,1,0.94101,0.50671,0.1964,0,0.71724,0,0,0,0,0,0.50463,0.23282,0,0,0,0,0,0,0.31344,0.1824,0,0,0,0,0,0,0,0,0,0,0,0,0,0,0,0,0,0,0,0,0,0,0,0,0,0,0,0,0,0,0,0,0,0,0,0,0,0,0,0,0,0,0,0,0,0,0,0,0,0,0,0,0,0,0,0,0,0,0,0,0,0,0,0,0,0,0,0,0,0,0,0,0,0,0,0,0,0,0,0,0,0,0,0,0,0,0,0,0,0,0,0,0,0,0,0,0,0,0,0,0,0,0,0,0,0,0,0,0,0,0,0,0,0,0,0,0,0,0,0,0,0,0,0,0,0,0,0,0,0,0,0,0,0,0,0,0,0,0,0,0,0,0,0,0,0,0,0,0,0,0,0,0,0,0,0,0,0,0,0,0,0,0,0,0,0,0,0,0,0,0,0,0,0,0,0,0,0,0,0,0,0,0,0,0,0,0,0,0,0,0,0,0,0,0,0,0,0,0,0,0,0,0,0,0,0,0,0,0,0,0,0.18369,0,0.17238,0.21461,0.85204,0.16961,0.27514,0.45925,0,0.24768,0,0,0,0,0
0.30036,0.14518,0.90703,0.59931,0.21461,0,0,0,1,1,0.85885,0.29658,0,0,0,0,0,1,1,1,1,1,0.63576,0.24371,0.12765,0,0,0,1,1,1,1,1,0.68581,0.14836,0,0,0,0,0,0,0,0.14263,0,0.16459,0.19721,0,1,0.51753,0.28407,1,1,0.61196,0.86521,1,1,1,0.17619,0.96822,1,1,1,0.99511,1,1,0.30711,0.5533,0,0.2079,1,1,1,0.38874,0.14477,0,0,1,0.87132,0.24273,0,0,1,0,0,0,0.75929,0,0,0,0,0,0,0,0,0,0,0,0,0,0,0,0,0,0,0,0,0,0,0,0,0,0,0,0,0,0,0,0,0,0,0,0,0,0,0,0,0,0,0,0,0,0,0,0,0,0,0,0,0,0,0.82684,1,1,1,1,1,1,1,1,1,1,1,1,1,1,1,1,1,1,1,1,1,1,1,1,1,1,1,0.94163,0.2827,0.49189,0.65751,0.76189,0.27602,0.61661,0.70119,0,0.4059,0.54062,0,0.17716,0.21797,0,0.14857,0.31598,0,0,0,0,0,0,0,0.12615,0,0,1,1,1,1,1,1,1,0,0,1,1,1,1,1,0.85161,0.92088,0.56711,0.63611,0.49292,0.24732,0.17998,0.40366,0,0,0,0,0,0,0,0,0,0,0,0,0,0,0.24974,0,0,0,0,0,0.17253,0,0,0,0,0.30432,0,0,0,0,0,0,0,0,0,0.76972,1,1,0.88731,0.46084,0,1,0.13585,0,0,0,0,0.89877,0.59131,0.23788,0,0,0,0,0,0.70656,0.44149,0.18622,0,0,0,0,0.17782,0,0,0,0.18641,0,0,0,0,0,0,0,0,0,0,0,0,0,0,0,0,0,0,0,0,0,0,0,0,0,0,0,0,0,0,0,0,0,0,0,0,0,0,0,0,0,0,0,0,0,0,0,0,0,0,0,0,0,0,0,0,0,0,0,0,0,0,0,0,0,0,0,0,0,0,0,0,0,0,0,0,0,0,0,0,0,0,0,0,0,0,0,0,0,0,0,0,0,0,0,0,0,0,0,0,0,0,0,0,0,0,0,0,0,0,0,0,0,0,0,0,0,0,0,0,0,0,0,0,0,0,0,0,0,0,0,0,0,0,0,0,0,0,0,0,0,0,0,0,0,0,0,0,0,0,0,0,0,0,0,0,0,0,0,0,0,0,0,0,0,0,0,0,0,0,0,0,0,0,0,0,0,0,0,0,0,0,0,0,0,0,0,0,0,0,0,0,0,0,0,0,0,0,0,0,0,0,0,0,0,0.46613,0,0.12742,0.18936,0,0.12872,0,0,0,0,0
0.24451,0.14978,0.81057,0.57637,0.23275,0,0,0,1,1,0.90746,0.42041,0.14279,0,0,0,0,1,1,1,1,1,0.81857,0.4315,0.20453,0,0,0,1,1,1,1,1,0.97588,0.2481,0,0,0,0,0,0,0,0,0,0,0,0,0.57426,0.20846,0.14356,0.78131,0.6564,0.30652,0.62153,1,1,0.87251,0,0.44237,1,1,1,0.46886,1,1,0.18197,0.42157,0,0,1,1,1,0.79783,0.33825,0,0,1,1,0.72003,0.23899,0,1,0.1869,0,0,1,0,0,0,0,0,0,0,0,0,0,0,0,0,0,0,0,0,0,0,0,0,0,0,0,0,0,0,0,0,0,0,0,0,0,0,0,0,0,0,0,0,0,0,0,0,0,0,0,0,0,0,0,0,0,0.33331,0.6046,1,1,1,1,1,1,1,1,1,1,0.89881,1,1,1,1,1,1,1,1,1,1,1,1,1,1,1,1,0,0.18653,0.25978,0.41654,0.12826,0.31212,0.51512,0,0.20059,0.28344,0,0,0,0,0,0.20661,0,0,0,0,0,0,0,0,0,0,0.70203,0.66768,0.8237,0.92426,1,1,1,0,0,1,1,1,1,1,1,1,0.9262,0.8008,0.75172,0.58,0.42758,0.58404,0.21272,0.24634,0.17171,0,0,0,0,0,0,0,0,0,0,0,0.24267,0,0,0,0,0,0.22844,0,0,0,0,0.41758,0,0,0,0,0,0,0,0,0,1,1,1,1,0.98557,0,1,0.43303,0.16205,0,0,0,1,1,0.72465,0.20219,0,0,0,0,1,0.91528,0.56066,0.24317,0,0,0,0.50121,0.17275,0,0,0.49595,0.23202,0,0,0,0,0.16459,0,0,0,0,0,0,0,0,0,0,0,0,0,0,0,0,0,0,0,0,0,0,0,0,0,0,0,0,0,0,0,0,0,0,0,0,0,0,0,0,0,0,0,0,0,0,0,0,0,0,0,0,0,0,0,0,0,0,0,0,0,0,0,0,0,0,0,0,0,0,0,0,0,0,0,0,0,0,0,0,0,0,0,0,0,0,0,0,0,0,0,0,0,0,0,0,0,0,0,0,0,0,0,0,0,0,0,0,0,0,0,0,0,0,0,0,0,0,0,0,0,0,0,0,0,0,0,0,0,0,0,0,0,0,0,0,0,0,0,0,0,0,0,0,0,0,0,0,0,0,0,0,0,0,0,0,0,0,0,0,0,0,0,0,0,0,0,0,0,0,0,0,0,0,0,0,0,0,0,0,0,0,0,0,0,0,0,0,0,0,0,0,0,0,0,0,0,0,0,0.15102,0,0,0,0,0,0,0,0,0,0
0.20194,0.13601,0.63539,0.4796,0.23034,0,0,0,1,0.97948,0.86706,0.4782,0.18369,0,0,0,0,1,1,1,1,1,0.9247,0.57206,0.29708,0,0,0,1,1,1,1,1,1,0.50294,0.15706,0,0,0,0,0,0,0,0,0,0,0,0.20078,0,0,0.35852,0.27514,0.15444,0.3234,0.62795,0.72338,0.60727,0,0.13842,0.56601,1,0.95861,0.14649,0.69977,1,0,0.24259,0,0,1,1,1,1,0.72111,0.20213,0,1,1,1,0.66868,0.16591,1,0.55112,0.18083,0.15588,1,0,0,0,0,0,0,0,0,0,0,0,0,0,0,0,0,0,0,0,0,0,0,0,0,0,0,0,0,0,0,0,0,0,0,0,0,0,0,0,0,0,0,0,0,0,0,0,0,0,0,0,0,0,0,0,0.1929,0.77648,1,1,0.66794,0.87784,1,1,1,1,1,0.39911,0.731,1,1,1,1,1,1,1,1,1,1,1,1,1,1,0.96095,0,0,0,0.16735,0,0.14319,0.24065,0,0,0.14603,0,0,0,0,0,0,0,0,0,0,0,0,0,0,0,0,0.23094,0.22949,0.40286,0.66015,0.87834,1,1,0,0,1,1,1,1,1,1,1,1,0.82927,0.89039,0.82361,0.74085,0.63877,0.40956,0.56456,0.22936,0.15341,0.14527,0,0,0,0,0,0,0,0,0.18553,0.19619,0,0,0,0,0,0.24643,0.1383,0,0,0,0.40596,0,0,0,0,0,0,0,0,0,1,1,1,1,1,0.23013,1,0.95731,0.51497,0.20204,0,0,1,1,1,0.62473,0.32025,0,0,0,1,1,1,0.73217,0.12752,0,0,0.92771,0.50828,0.20803,0,0.87644,0.63498,0.31363,0,0,0,0.42173,0.20734,0,0,0.24943,0,0,0,0.23997,0,0,0,0,0,0,0,0,0,0,0,0,0,0,0,0,0,0,0,0,0,0,0,0,0,0,0,0,0,0,0,0,0,0,0,0,0,0,0,0,0,0,0,0,0,0,0,0,0,0,0,0,0,0,0,0,0,0,0,0,0,0,0,0,0,0,0,0,0,0,0,0,0,0,0,0,0,0,0,0,0,0,0,0,0,0,0,0,0,0,0,0,0,0,0,0,0,0,0,0,0,0,0,0,0,0,0,0,0,0,0,0,0,0,0,0,0,0,0,0,0,0,0,0,0,0,0,0,0,0,0,0,0,0,0,0,0,0,0,0,0,0,0,0,0,0,0,0,0,0,0,0,0,0,0,0,0,0,0,0,0,0,0,0,0,0,0,0,0,0,0,0,0,0,0,0,0,0,0,0,0,0,0,0,0,0,0,0,0,0,0,0,0,0,0,0,0,0,0,0,0,0
0,0,0,0,0,0,0,0,0.18624,0,0,0,0,0,0,0,0,0.5006,0.89142,0.46433,0,0,0,0,0,0,0,0,1,0.39629,0,0,0,0,0,0,0,0,0,0,0,0,0,0.15643,0.53297,0.40854,0.15784,1,0.31224,0.14825,0.76864,0.43475,0.16709,0.16179,0.57738,0.30095,0.16831,1,1,1,1,1,1,1,1,0,0,0,1,0.15682,0,0,0,0,0,0,0,0,0,0,0,0,0,0,0,0,0,0,0,0,0,0,0,0,0,0,0,0,0,0,0,0,0,0,0,0,0,0,0,0,0,0,0,0,0,0,0,0,0,0,0,0,0,0,0,0,0,0,0,0,0,0,0,0,0,0,0,0,0,0,1,1,1,1,0.92534,1,1,1,1,1,0.89881,0.39911,1,1,1,1,1,1,0.97871,1,1,1,0.50625,0.7678,1,1,0.91826,0.85444,0.68344,1,1,1,1,1,1,1,1,1,1,1,1,1,1,1,1,1,0.90835,0.67453,0.49359,0.86452,1,1,1,0.1511,0.53909,1,1,1,1,1,1,1,1,1,0.42701,0.21292,0.149,0.40672,0.36964,0,0.25755,0,0.2432,0,0,0,0.16883,0,0,0,0,0,0,0,0,0,0,0,0,0,0,0.57263,0,0,0,0,0,0,0,0,0,0,0.21709,0,0,0,0,0,0,0,0,0,0,0,0,0,0,0,0,0,0,0,0,0,0,0,0,0,0,0,0,0,0,0,0,0,0,0,0,0,0,0,0,0,0,0,0,0,0,0,0,0,0,0,0,0,0,0,0,0,0,0,0,0,0,0,0,0,0,0,0,0,0,0,0,0,0,0,0,0,0,0,0,0,0,0,0,0,0,0,0,0,0,0,0,0,0,0,0,0,0,0,0,0,0,0,0,0,0,0,0,0,0,0,0,0,0,0,0,0,0,0,0,0,0,0,0,0,0,0,0,0,0,0,0,0,0,0,0,0,0,0,0,0,0,0,0,0,0,0,0,0,0,0,0,0,0,0,0,0,0,0,0,0,0,0,0,0,0,0,0,0,0,0,0,0,0,0,0,0,0,0,0,0,0,0,0,0,0,0,0,0,0,0,0,0,0,0,0,0,0,0,0,0,0,0,0,0,0,0,0,0,0,0,0,0,0,0,0,0,0,0,0,0,0,0,0,0,0,0,0,0,0,0,0,0.16591,0.18545,0.25032,0.22036,0.32329,0.15724,0.17027,0.23973,0.65204,0.92906,1,0.34904,0.59651,0.84975,1,0.33163,0.6025,0.82372,0.23276,1,0.43143,0.65363,0.17127,0.44428,0.51641
0,0,0,0,0,0,0,0,0.25801,0,0,0,0,0,0,0,0,0.78542,1,0.68532,0.1597,0,0,0,0,0,0,0,1,0.66053,0.18115,0,0,0,0,0,0,0,0,0,0,0,0,0,0.36624,0.28014,0,1,0.27934,0.14189,0.79304,0.47368,0.17801,0.18911,0.65608,0.41113,0.20705,1,1,1,1,1,1,1,1,0,0,0,1,0.27248,0.1587,0,0,0,0,0,0.18708,0,0,0,0,0,0,0,0,0,0,0,0,0,0,0,0,0,0,0,0,0,0,0,0,0,0,0,0,0,0,0,0,0,0,0,0,0,0,0,0,0,0,0,0,0,0,0,0,0,0,0,0,0,0,0,0,0,0,0,0,0,0,0,1,1,1,1,1,1,1,1,1,1,1,0.731,1,1,1,1,1,1,1,1,1,1,0.85086,1,1,1,1,1,0.96814,1,1,1,1,1,1,1,1,1,1,1,1,1,1,1,1,0.67671,0.5601,0.3534,0.23001,0.54956,0.87804,1,1,0,0.237,1,1,1,1,1,1,1,0.76303,1,0.77554,0.48738,0.29411,0.74679,0.69836,0.1978,0.57264,0.1333,0.51941,0.21145,0,0,0.29084,0,0,0,0,0,0,0,0,0,0,0,0,0,0,0.76694,0,0,0,0,0,0.16999,0,0,0,0,0.40854,0,0,0,0,0,0,0,0,0,0,0.2211,0.21927,0,0,0,0.17524,0,0,0,0,0,0.13371,0,0,0,0,0,0,0,0,0,0,0,0,0,0,0,0,0,0,0,0,0,0,0,0,0,0,0,0,0,0,0,0,0,0,0,0,0,0,0,0,0,0,0,0,0,0,0,0,0,0,0,0,0,0,0,0,0,0,0,0,0,0,0,0,0,0,0,0,0,0,0,0,0,0,0,0,0,0,0,0,0,0,0,0,0,0,0,0,0,0,0,0,0,0,0,0,0,0,0,0,0,0,0,0,0,0,0,0,0,0,0,0,0,0,0,0,0,0,0,0,0,0,0,0,0,0,0,0,0,0,0,0,0,0,0,0,0,0,0,0,0,0,0,0,0,0,0,0,0,0,0,0,0,0,0,0,0,0,0,0,0,0,0,0,0,0,0,0,0,0,0,0,0,0,0,0,0,0,0,0,0,0,0,0,0,0,0,0,0,0,0,0,0,0,0,0,0,0,0,0,0,0,0,0,0,0,0,0,0,0,0,0,0.14171,0,0.18059,0,0,0,0.32094,0.59787,0.80789,0.20147,0.35273,0.59003,1,0.20902,0.40368,0.62449,0,0.90822,0.19432,0.30525,0,0.21143,0.24
0,0,0.20153,0,0,0,0,0,0.60931,0.23213,0,0,0,0,0,0,0,1,1,1,0.35273,0.1363,0,0,0,0,0,0,1,1,0.42437,0.1717,0.18367,0,0,0,0,0,0,0,0,0,0,0,0.368,0.32869,0,1,0.43238,0.19912,0.99516,0.69514,0.25504,0.33246,0.91172,0.69697,0.41448,0.97155,1,1,1,1,1,1,1,0,0,0,1,0.65473,0.35875,0.19461,0,0,0,0,0.43157,0,0,0,0,0.17897,0,0,0,0,0,0,0,0,0,0,0,0,0,0,0,0,0,0,0,0,0,0,0,0,0,0,0,0,0,0,0,0,0,0,0,0,0,0,0,0,0,0,0,0,0,0,0,0,0,0,0,0,0,0,0,0,0,0,1,1,1,1,1,1,1,1,1,1,1,1,1,1,1,1,1,1,1,1,1,1,1,1,1,1,1,1,1,1,1,1,1,1,1,1,1,1,1,0.98336,1,1,0.90179,0.91382,1,0.33066,0.24412,0.16013,0,0.2245,0.52588,0.79677,1,0,0,1,1,1,1,1,1,1,0.45619,0.72286,1,0.78771,0.56994,0.97819,0.88853,0.32247,0.72591,0.20196,0.61597,0.27709,0,0,0.37951,0,0,0,0,0,0,0,0,0,0,0,0,0,0,0.70382,0,0,0,0,0,0.18854,0,0,0,0,0.44623,0,0,0,0,0,0,0,0,0,0,0.49203,0.46879,0.14252,0,0,0.31823,0,0,0,0,0,0.22494,0,0,0,0,0,0,0,0.17766,0,0,0,0,0,0,0,0,0,0,0,0,0,0,0,0,0,0,0,0,0,0,0,0,0,0,0,0,0,0,0,0,0,0,0,0,0,0,0,0,0,0,0,0,0,0,0,0,0,0,0,0,0,0,0,0,0,0,0,0,0,0,0,0,0,0,0,0,0,0,0,0,0,0,0,0,0,0,0,0,0,0,0,0,0,0,0,0,0,0,0,0,0,0,0,0,0,0,0,0,0,0,0,0,0,0,0,0,0,0,0,0,0,0,0,0,0,0,0,0,0,0,0,0,0,0,0,0,0,0,0,0,0,0,0,0,0,0,0,0,0,0,0,0,0,0,0,0,0,0,0,0,0,0,0,0,0,0,0,0,0,0,0,0,0,0,0,0,0,0,0,0,0,0,0,0,0,0,0,0,0,0,0,0,0,0,0,0,0,0,0,0,0,0,0,0,0,0,0,0,0,0,0,0,0,0,0.13041,0,0,0,0.19159,0.3495,0.59843,0.16948,0.25486,0.4661,1,0.19495,0.36493,0.58142,0,0.72811,0,0.15988,0,0.14466,0.18106
0,0,0.36234,0.16466,0,0,0,0,0.91576,0.4907,0.22788,0,0,0,0,0,0,1,1,1,0.7033,0.25461,0.12644,0,0,0,0,0,1,1,0.79331,0.37971,0.42551,0.12832,0,0,0,0,0,0,0,0,0.1294,0,0.25296,0.25994,0,1,0.47319,0.22161,1,0.81272,0.37942,0.51263,1,0.9005,0.6325,0.66308,1,1,1,1,1,1,1,0.17153,0.18871,0,0.77679,1,0.7446,0.46649,0,0,0,0,0.81758,0.19287,0,0,0,0.41692,0,0,0,0.15058,0,0,0,0,0,0,0,0,0,0,0,0,0,0,0,0,0,0,0,0,0,0,0,0,0,0,0,0,0,0,0,0,0,0,0,0,0,0,0,0,0,0,0,0,0,0,0,0,0,0,0,0,0,0,1,1,1,1,1,1,1,1,1,1,1,1,1,1,1,1,1,1,1,1,1,1,1,1,1,1,1,1,1,1,1,1,1,1,1,1,0.65234,1,1,0.63388,0.80746,0.89598,0.57442,0.65007,0.94953,0.15071,0,0,0,0,0.2148,0.40944,0.64422,0,0,1,1,1,1,1,1,1,0.19945,0.36003,1,1,0.86981,1,1,0.57637,0.89378,0.33814,0.72636,0.44154,0.18969,0,0.48613,0,0,0,0,0,0,0,0,0,0,0,0,0,0,0.64942,0,0,0,0,0,0.21441,0,0,0,0,0.4991,0,0,0,0,0,0,0,0,0,0.20469,0.84498,0.80488,0.27921,0,0,0.63699,0,0,0,0,0,0.47573,0.19732,0,0,0,0,0,0,0.31993,0.16164,0,0,0,0,0,0,0,0,0,0,0,0,0,0,0,0,0,0,0,0,0,0,0,0,0,0,0,0,0,0,0,0,0,0,0,0,0,0,0,0,0,0,0,0,0,0,0,0,0,0,0,0,0,0,0,0,0,0,0,0,0,0,0,0,0,0,0,0,0,0,0,0,0,0,0,0,0,0,0,0,0,0,0,0,0,0,0,0,0,0,0,0,0,0,0,0,0,0,0,0,0,0,0,0,0,0,0,0,0,0,0,0,0,0,0,0,0,0,0,0,0,0,0,0,0,0,0,0,0,0,0,0,0,0,0,0,0,0,0,0,0,0,0,0,0,0,0,0,0,0,0,0,0,0,0,0,0,0,0,0,0,0,0,0,0,0,0,0,0,0,0,0,0,0,0,0,0,0,0,0,0,0,0,0,0,0,0,0,0,0,0,0,0,0,0,0,0,0,0,0,0,0,0,0,0,0,0,0,0,0,0.1765,0.30375,0,0.18395,0.24622,0.86151,0.14435,0.23745,0.42139,0,0.45343,0,0,0,0,0
0.20186,0,0.71915,0.37286,0.1271,0,0,0,1,0.88071,0.58886,0.16613,0,0,0,0,0,1,1,1,1,0.68401,0.30904,0.13372,0,0,0,0,1,1,1,0.81666,0.86284,0.3226,0,0,0,0,0,0,0,0,0.16734,0,0.2345,0.2629,0,1,0.59479,0.32234,1,1,0.59579,0.7874,1,1,0.94574,0.37942,1,1,1,1,1,1,1,0.25672,0.39708,0,0.48055,1,1,0.89924,0.16736,0,0,0,1,0.48402,0,0,0,0.7808,0,0,0,0.37049,0,0,0,0,0,0,0,0,0,0,0,0,0,0,0,0,0,0,0,0,0,0,0,0,0,0,0,0,0,0,0,0,0,0,0,0,0,0,0,0,0,0,0,0,0,0,0,0,0,0,0,0,0,0,1,1,1,1,1,1,1,1,1,1,1,1,1,1,1,1,1,1,1,1,1,1,1,1,1,1,1,1,0.99838,0.66978,0.87549,1,1,0.64712,0.9446,0.95598,0.23823,0.73566,0.84235,0.23265,0.37744,0.47924,0.2149,0.24975,0.58329,0,0,0,0,0,0,0.16125,0.2636,0,0,1,1,1,1,1,1,1,0,0.16794,1,1,1,1,1,0.68728,0.87573,0.42158,0.64296,0.43067,0.20662,0.12577,0.40412,0,0,0,0,0,0,0,0,0,0,0,0,0,0,0.40055,0,0,0,0,0,0.17834,0,0,0,0,0.35736,0,0,0,0,0,0,0,0,0,0.43134,1,1,0.56981,0.20967,0,0.85628,0,0,0,0,0,0.66544,0.32058,0.1379,0,0,0,0,0,0.48844,0.22974,0,0,0,0,0,0,0,0,0,0,0,0,0,0,0,0,0,0,0,0,0,0,0,0,0,0,0,0,0,0,0,0,0,0,0,0,0,0,0,0,0,0,0,0,0,0,0,0,0,0,0,0,0,0,0,0,0,0,0,0,0,0,0,0,0,0,0,0,0,0,0,0,0,0,0,0,0,0,0,0,0,0,0,0,0,0,0,0,0,0,0,0,0,0,0,0,0,0,0,0,0,0,0,0,0,0,0,0,0,0,0,0,0,0,0,0,0,0,0,0,0,0,0,0,0,0,0,0,0,0,0,0,0,0,0,0,0,0,0,0,0,0,0,0,0,0,0,0,0,0,0,0,0,0,0,0,0,0,0,0,0,0,0,0,0,0,0,0,0,0,0,0,0,0,0,0,0,0,0,0,0,0,0,0,0,0,0,0,0,0,0,0,0,0,0,0,0,0,0,0,0,0,0,0,0,0,0,0,0,0,0,0.18064,0,0.13475,0.18647,0.73509,0,0.20689,0.3172,0,0.23813,0,0,0,0,0
0.12573,0,0.47448,0.23246,0,0,0,0,1,0.72161,0.49586,0.15901,0,0,0,0,0,1,1,1,1,0.71937,0.35874,0.15538,0,0,0,0,1,1,1,0.9431,1,0.4974,0,0,0,0,0,0,0,0,0,0,0,0,0,0.58516,0.18035,0,0.69693,0.51621,0.20942,0.38908,0.84203,0.80741,0.6035,0,0.64852,1,1,1,0.71047,1,1,0,0.202,0,0.12687,1,1,1,0.33089,0,0,0,1,0.90618,0.31125,0,0,1,0,0,0,0.74099,0,0,0,0,0,0,0,0,0,0,0,0,0,0,0,0,0,0,0,0,0,0,0,0,0,0,0,0,0,0,0,0,0,0,0,0,0,0,0,0,0,0,0,0,0,0,0,0,0,0,0,0,0,0,0.6898,0.90673,1,1,1,1,1,1,1,1,1,1,1,1,1,1,1,1,1,1,1,1,1,1,1,1,1,1,1,0.24977,0.48591,0.70616,0.88287,0.33623,0.78775,0.99086,0.13703,0.57784,0.76314,0.14817,0.2242,0.33967,0.14905,0.22517,0.5962,0,0,0,0,0,0,0,0,0,0,1,1,1,1,1,1,1,0,0,1,1,1,1,1,1,1,1,1,0.97698,0.71664,0.49872,0.88151,0.25972,0.30195,0.24355,0.16359,0.13495,0,0,0,0,0,0,0,0,0.13566,0.65321,0,0,0,0,0,0.49228,0.18474,0,0,0,0.76601,0,0,0,0,0,0,0,0,0,1,1,1,1,0.72891,0,1,0.22472,0,0,0,0,1,0.96074,0.54248,0.12512,0,0,0,0,1,0.83273,0.40998,0.17981,0,0,0,0.43543,0,0,0,0.48933,0.2065,0,0,0,0,0.14557,0,0,0,0,0,0,0,0.1321,0,0,0,0,0,0,0,0,0,0,0,0,0,0,0,0,0,0,0,0,0,0,0,0,0,0,0,0,0,0,0,0,0,0,0,0,0,0,0,0,0,0,0,0,0,0,0,0,0,0,0,0,0,0,0,0,0,0,0,0,0,0,0,0,0,0,0,0,0,0,0,0,0,0,0,0,0,0,0,0,0,0,0,0,0,0,0,0,0,0,0,0,0,0,0,0,0,0,0,0,0,0,0,0,0,0,0,0,0,0,0,0,0,0,0,0,0,0,0,0,0,0,0,0,0,0,0,0,0,0,0,0,0,0,0,0,0,0,0,0,0,0,0,0,0,0,0,0,0,0,0,0,0,0,0,0,0,0,0,0,0,0,0,0,0,0,0,0,0,0,0,0,0,0,0,0,0,0,0,0,0,0,0,0,0,0,0,0,0,0,0,0.19707,0,0,0,0,0,0,0,0,0,0
0.13083,0,0.47257,0.24469,0,0,0,0,1,0.75622,0.56662,0.19633,0,0,0,0,0,1,1,1,1,0.84488,0.49717,0.20551,0,0,0,0,1,1,1,1,1,0.68776,0.15535,0,0,0,0,0,0,0,0,0,0,0,0,0.37255,0,0,0.53103,0.38012,0.17116,0.30966,0.71869,0.72711,0.54993,0,0.36498,0.93443,1,1,0.41823,1,1,0,0.1956,0,0,1,1,1,0.58289,0.20792,0,0,1,1,0.60481,0.18575,0,1,0.14899,0,0,1,0,0,0,0,0,0,0,0,0,0,0,0,0,0,0,0,0,0,0,0,0,0,0,0,0,0,0,0,0,0,0,0,0,0,0,0,0,0,0,0,0,0,0,0,0,0,0,0,0,0,0,0,0,0,0.38253,0.60367,1,1,1,1,1,1,1,1,1,1,0.97871,1,1,1,1,1,1,1,1,1,1,1,1,1,1,1,1,0.14971,0.2297,0.41873,0.61323,0.18434,0.53618,0.79565,0,0.32823,0.53386,0,0.13801,0.19911,0,0.1515,0.39966,0,0,0,0,0,0,0,0,0,0,0.76086,0.78592,1,1,1,1,1,0,0,1,1,1,1,1,1,1,1,1,1,0.87426,0.69277,0.92271,0.42487,0.49964,0.33496,0.19896,0.17675,0,0,0,0,0,0,0,0,0.18966,0.55856,0,0,0,0,0,0.5248,0.20794,0,0,0,0.75995,0,0,0,0,0,0,0,0,0,1,1,1,1,1,0,1,0.47794,0.16883,0,0,0,1,1,0.83358,0.22498,0,0,0,0,1,1,0.69288,0.33126,0,0,0,0.69099,0.21421,0,0,0.72101,0.37807,0.15925,0,0,0,0.22917,0,0,0,0.17774,0,0,0,0.20238,0,0,0,0,0,0,0,0,0,0,0,0,0,0,0,0,0,0,0,0,0,0,0,0,0,0,0,0,0,0,0,0,0,0,0,0,0,0,0,0,0,0,0,0,0,0,0,0,0,0,0,0,0,0,0,0,0,0,0,0,0,0,0,0,0,0,0,0,0,0,0,0,0,0,0,0,0,0,0,0,0,0,0,0,0,0,0,0,0,0,0,0,0,0,0,0,0,0,0,0,0,0,0,0,0,0,0,0,0,0,0,0,0,0,0,0,0,0,0,0,0,0,0,0,0,0,0,0,0,0,0,0,0,0,0,0,0,0,0,0,0,0,0,0,0,0,0,0,0,0,0,0,0,0,0,0,0,0,0,0,0,0,0,0,0,0,0,0,0,0,0,0,0,0,0,0,0,0,0,0,0,0,0,0,0,0,0,0,0,0,0,0,0,0,0,0,0,0,0,0,0,0
0,0,0.17922,0,0,0,0,0,0.626,0.23093,0.13445,0,0,0,0,0,0,1,1,1,0.47402,0.17353,0,0,0,0,0,0,1,1,0.60339,0.2275,0.25582,0,0,0,0,0,0,0,0,0,0,0,0.13947,0.13617,0,0.78147,0.20024,0,0.70792,0.4407,0.16955,0.21765,0.70272,0.54697,0.2858,0.47068,1,1,1,1,1,1,1,0,0,0,0.59532,0.92576,0.62671,0.33031,0,0,0,0,0.78689,0.17458,0,0,0,0.42813,0,0,0,0,0,0,0,0,0,0,0,0,0,0,0,0,0,0,0,0,0,0,0,0,0,0,0,0,0,0,0,0,0,0,0,0,0,0,0,0,0,0,0,0,0,0,0,0,0,0,0,0,0,0,0,0,0,0,1,1,1,1,1,1,1,1,1,1,1,1,1,1,1,1,1,1,1,1,1,1,1,1,1,1,1,1,1,1,1,1,1,1,1,1,0.78796,1,1,0.80654,1,1,0.78408,0.92979,1,0.13303,0,0,0,0,0.20102,0.4585,0.5781,0,0,1,1,1,1,1,1,1,0.16208,0.25825,1,1,1,1,1,0.82636,1,0.60906,1,0.76279,0.36184,0.18448,0.8357,0.13583,0,0.18424,0,0,0,0,0,0,0,0,0,0,0,1,0,0,0,0,0,0.50209,0.16138,0,0,0,0.86489,0,0,0,0,0,0,0,0,0,0.22983,0.94148,0.93828,0.38194,0.13852,0,0.80225,0,0,0,0,0,0.66875,0.25742,0,0,0,0,0,0,0.53203,0.22419,0,0,0,0,0,0,0,0,0,0.14514,0,0,0,0,0,0,0,0,0,0,0,0,0,0,0,0,0,0,0,0,0,0,0,0,0,0,0,0,0,0,0,0,0,0,0,0,0,0,0,0,0,0,0,0,0,0,0,0,0,0,0,0,0,0,0,0,0,0,0,0,0,0,0,0,0,0,0,0,0,0,0,0,0,0,0,0,0,0,0,0,0,0,0,0,0,0,0,0,0,0,0,0,0,0,0,0,0,0,0,0,0,0,0,0,0,0,0,0,0,0,0,0,0,0,0,0,0,0,0,0,0,0,0,0,0,0,0,0,0,0,0,0,0,0,0,0,0,0,0,0,0,0,0,0,0,0,0,0,0,0,0,0,0,0,0,0,0,0,0,0,0,0,0,0,0,0,0,0,0,0,0,0,0,0,0,0,0,0,0,0,0,0,0,0,0,0,0,0,0,0,0,0,0,0,0,0,0,0,0,0,0,0.19849,0,0,0.15618,0.5554,0,0.13173,0.20285,0,0.24138,0,0,0,0,0
0,0,0.24496,0.14596,0,0,0,0,0.90025,0.46072,0.23986,0,0,0,0,0,0,1,1,1,0.87458,0.42394,0.18691,0,0,0,0,0,1,1,1,0.64004,0.74871,0.23062,0,0,0,0,0,0,0,0,0,0,0,0,0,0.53918,0.14802,0,0.59123,0.38091,0.15858,0.23469,0.69092,0.61943,0.39702,0.13681,0.7325,1,1,1,0.81929,1,1,0,0.12638,0,0.17565,1,1,0.86044,0.17767,0,0,0,1,0.62305,0.18141,0,0,1,0,0,0,0.44803,0,0,0,0,0,0,0,0,0,0,0,0,0,0,0,0,0,0,0,0,0,0,0,0,0,0,0,0,0,0,0,0,0,0,0,0,0,0,0,0,0,0,0,0,0,0,0,0,0,0,0,0,0,0,0.88755,1,1,1,1,1,1,1,1,1,1,1,1,1,1,1,1,1,1,1,1,1,1,1,1,1,1,1,1,0.49778,0.74288,0.9797,1,0.61525,1,1,0.23122,0.87908,1,0.24536,0.47016,0.64283,0.24869,0.48124,0.90016,0,0,0,0,0,0,0,0.15194,0,0,1,1,1,1,1,1,1,0,0,1,1,1,1,1,1,1,1,1,1,0.76727,0.50927,1,0.30712,0.31003,0.34282,0.20107,0.16617,0,0,0,0,0,0,0,0,0.15366,0.91764,0,0,0,0,0,0.66745,0.23358,0,0,0,0.96964,0,0,0,0,0,0,0,0,0,0.8174,1,1,1,0.5398,0,1,0.16311,0,0,0,0,1,0.84516,0.39725,0,0,0,0,0,1,0.74108,0.28465,0.13171,0,0,0,0.36044,0,0,0,0.45015,0.18066,0,0,0,0,0,0,0,0,0,0,0,0,0.13028,0,0,0,0,0,0,0,0,0,0,0,0,0,0,0,0,0,0,0,0,0,0,0,0,0,0,0,0,0,0,0,0,0,0,0,0,0,0,0,0,0,0,0,0,0,0,0,0,0,0,0,0,0,0,0,0,0,0,0,0,0,0,0,0,0,0,0,0,0,0,0,0,0,0,0,0,0,0,0,0,0,0,0,0,0,0,0,0,0,0,0,0,0,0,0,0,0,0,0,0,0,0,0,0,0,0,0,0,0,0,0,0,0,0,0,0,0,0,0,0,0,0,0,0,0,0,0,0,0,0,0,0,0,0,0,0,0,0,0,0,0,0,0,0,0,0,0,0,0,0,0,0,0,0,0,0,0,0,0,0,0,0,0,0,0,0,0,0,0,0,0,0,0,0,0,0,0,0,0,0,0,0,0,0,0,0,0,0,0,0,0,0.21179,0,0,0,0,0,0,0,0,0,0
0,0,0.16452,0,0,0,0,0,0.69751,0.26698,0.19083,0,0,0,0,0,0,1,1,1,0.78829,0.35539,0.17065,0,0,0,0,0,1,1,1,0.62643,0.77715,0.2428,0,0,0,0,0,0,0,0,0,0,0,0,0,0.1943,0,0,0.22501,0.16372,0,0,0.31741,0.29065,0.1986,0,0.24794,0.71032,1,0.82182,0.33312,0.91352,1,0,0,0,0,1,1,0.93988,0.23128,0,0,0,1,0.84487,0.32528,0,0,1,0,0,0,0.63079,0,0,0,0,0,0,0,0,0,0,0,0,0,0,0,0,0,0,0,0,0,0,0,0,0,0,0,0,0,0,0,0,0,0,0,0,0,0,0,0,0,0,0,0,0,0,0,0,0,0,0,0,0,0,0.44182,0.58398,1,1,1,1,1,1,1,1,1,1,1,1,1,1,1,1,1,1,1,1,1,1,1,1,1,1,1,0.2051,0.37312,0.64322,0.89282,0.29869,0.86089,1,0.13089,0.66006,0.90063,0.15624,0.24369,0.44623,0.17281,0.34055,0.81424,0,0,0,0,0,0,0,0,0,0,0.82343,0.93763,1,1,1,1,1,0,0,1,1,1,1,1,1,1,1,1,1,1,0.98956,1,0.77066,0.79086,0.7557,0.51582,0.4287,0.15856,0,0,0,0,0,0,0,0.42027,1,0,0,0,0,0,0.99904,0.5744,0.19625,0,0,1,0.21986,0,0,0,0,0,0,0,0,1,1,1,1,0.95092,0,1,0.40979,0.13796,0,0,0,1,1,0.85028,0.21603,0,0,0,0,1,1,0.751,0.35123,0,0,0,0.84583,0.23403,0,0,0.93897,0.52725,0.18969,0,0,0,0.36091,0.14248,0,0,0.24199,0,0,0,0.37503,0,0,0,0,0,0,0,0,0,0,0,0,0,0,0,0,0,0,0,0,0,0,0,0,0,0,0,0,0,0,0,0,0,0,0,0,0,0,0,0,0,0,0,0,0,0,0,0,0,0,0,0,0,0,0,0,0,0,0,0,0,0,0,0,0,0,0,0,0,0,0,0,0,0,0,0,0,0,0,0,0,0,0,0,0,0,0,0,0,0,0,0,0,0,0,0,0,0,0,0,0,0,0,0,0,0,0,0,0,0,0,0,0,0,0,0,0,0,0,0,0,0,0,0,0,0,0,0,0,0,0,0,0,0,0,0,0,0,0,0,0,0,0,0,0,0,0,0,0,0,0,0,0,0,0,0,0,0,0,0,0,0,0,0,0,0,0,0,0,0,0,0,0,0,0,0,0,0,0,0,0,0,0,0,0,0,0,0,0,0,0,0,0,0,0,0,0,0,0,0,0,0
0,0,0.24687,0.18784,0,0,0,0,0.96927,0.5704,0.44226,0.18185,0,0,0,0,0,1,1,1,1,0.80644,0.49297,0.21462,0.12543,0,0,0,1,1,1,1,1,0.78319,0.20039,0,0,0,0,0,0,0,0,0,0,0,0,0.13525,0,0,0.2014,0.16156,0,0.15974,0.33258,0.38895,0.2492,0,0,0.44083,1,0.7311,0.13724,0.60569,0.96556,0,0,0,0,1,1,1,0.83033,0.38129,0,0,1,1,0.98711,0.39549,0,1,0.3398,0,0,1,0,0,0,0,0,0,0,0,0,0,0,0,0,0,0,0,0,0,0,0,0,0,0,0,0,0,0,0,0,0,0,0,0,0,0,0,0,0,0,0,0,0,0,0,0,0,0,0,0,0,0,0,0,0,0.13308,0.20121,0.74502,1,1,0.73862,0.9034,1,1,1,1,1,0.50625,0.85086,1,1,1,1,1,1,1,1,1,1,1,1,1,1,1,0,0,0.16926,0.24664,0,0.23323,0.55604,0,0.16604,0.24638,0,0,0,0,0,0.22198,0,0,0,0,0,0,0,0,0,0,0.27986,0.33824,0.6278,1,1,1,1,0,0,1,1,1,1,1,1,1,1,1,1,1,1,1,0.78533,0.90714,0.60233,0.37138,0.3358,0,0,0,0,0,0,0,0,0.42951,0.49454,0,0,0,0,0,0.67167,0.33988,0.14074,0,0,0.8363,0,0,0,0,0,0,0,0,0,1,1,1,1,1,0.20533,1,0.97525,0.49627,0.1889,0,0,1,1,1,0.67877,0.35642,0,0,0,1,1,1,0.83806,0.13534,0,0,1,0.64773,0.23649,0,1,0.86351,0.47904,0,0,0,0.66549,0.30718,0.1323,0,0.50432,0,0,0,0.53658,0.13707,0,0,0.16256,0,0,0,0,0,0,0,0,0,0,0,0,0,0,0,0,0,0,0,0,0,0,0,0,0,0,0,0,0,0,0,0,0,0,0,0,0,0,0,0,0,0,0,0,0,0,0,0,0,0,0,0,0,0,0,0,0,0,0,0,0,0,0,0,0,0,0,0,0,0,0,0,0,0,0,0,0,0,0,0,0,0,0,0,0,0,0,0,0,0,0,0,0,0,0,0,0,0,0,0,0,0,0,0,0,0,0,0,0,0,0,0,0,0,0,0,0,0,0,0,0,0,0,0,0,0,0,0,0,0,0,0,0,0,0,0,0,0,0,0,0,0,0,0,0,0,0,0,0,0,0,0,0,0,0,0,0,0,0,0,0,0,0,0,0,0,0,0,0,0,0,0,0,0,0,0,0,0,0,0,0,0,0,0,0,0,0,0,0,0,0,0,0,0,0,0,0,0
0,0,0,0,0,0,0,0,0.49324,0.19101,0.13594,0,0,0,0,0,0,1,1,0.9329,0.64976,0.245,0.13619,0,0,0,0,0,1,1,0.92432,0.53651,0.71187,0.22609,0,0,0,0,0,0,0,0,0,0,0,0,0,0,0,0,0,0,0,0,0.17624,0.17467,0,0,0.13727,0.37831,0.97529,0.51294,0.1681,0.58,0.84035,0,0,0,0,1,1,0.90563,0.24412,0,0,0,1,0.91888,0.45593,0,0,1,0,0,0,0.67872,0,0,0,0,0,0,0,0,0,0,0,0,0,0,0,0,0,0,0,0,0,0,0,0,0,0,0,0,0,0,0,0,0,0,0,0,0,0,0,0,0,0,0,0,0,0,0,0,0,0,0,0,0,0,0.21374,0.2642,0.80054,1,1,0.93876,1,1,1,1,1,1,0.7678,1,1,1,1,1,1,1,1,1,1,1,1,1,1,1,1,0,0.20654,0.40751,0.68666,0.19277,0.68765,1,0,0.49536,0.76334,0,0.1865,0.29871,0,0.24341,0.731,0,0,0,0,0,0,0,0,0,0,0.52138,0.6647,1,1,1,1,1,0,0,1,1,1,1,1,1,1,1,1,1,1,1,1,1,1,1,0.79973,0.72624,0.24287,0.14695,0,0,0,0,0,0,0.73878,1,0,0,0,0,0,1,0.82796,0.36379,0,0.13238,1,0.36788,0.19419,0,0,0,0,0,0,0,1,1,1,1,1,0,1,0.66364,0.22022,0,0,0,1,1,1,0.42207,0.1962,0,0,0,1,1,1,0.64155,0,0,0,1,0.50625,0.16954,0,1,0.85192,0.38261,0,0,0,0.68986,0.24914,0,0,0.55741,0,0,0,0.70838,0.13566,0,0,0.20111,0,0,0,0,0,0,0,0,0,0,0,0,0,0,0,0,0,0,0,0,0,0,0,0,0,0,0,0,0,0,0,0,0,0,0,0,0,0,0,0,0,0,0,0,0,0,0,0,0,0,0,0,0,0,0,0,0,0,0,0,0,0,0,0,0,0,0,0,0,0,0,0,0,0,0,0,0,0,0,0,0,0,0,0,0,0,0,0,0,0,0,0,0,0,0,0,0,0,0,0,0,0,0,0,0,0,0,0,0,0,0,0,0,0,0,0,0,0,0,0,0,0,0,0,0,0,0,0,0,0,0,0,0,0,0,0,0,0,0,0,0,0,0,0,0,0,0,0,0,0,0,0,0,0,0,0,0,0,0,0,0,0,0,0,0,0,0,0,0,0,0,0,0,0,0,0,0,0,0,0,0,0,0,0,0,0,0,0,0,0,0,0,0,0,0,0,0,0
0,0,0.1558,0,0,0,0,0,0.57921,0.21408,0,0,0,0,0,0,0,1,1,1,0.46526,0.17041,0,0,0,0,0,0,1,1,0.61541,0.23099,0.28033,0,0,0,0,0,0,0,0,0,0,0,0,0,0,0.62499,0.15182,0,0.57153,0.3139,0.12855,0.18269,0.58671,0.44852,0.23173,0.30082,1,1,1,1,1,1,1,0,0,0,0.42685,0.97242,0.67448,0.3711,0,0,0,0,0.87236,0.20101,0,0,0,0.53257,0,0,0,0.14464,0,0,0,0,0,0,0,0,0,0,0,0,0,0,0,0,0,0,0,0,0,0,0,0,0,0,0,0,0,0,0,0,0,0,0,0,0,0,0,0,0,0,0,0,0,0,0,0,0,0,0,0,0,0,1,1,1,1,1,1,1,1,1,1,1,1,1,1,1,1,1,1,1,1,1,1,1,1,1,1,1,1,1,1,1,1,1,1,1,1,0.71498,1,1,0.75162,0.97661,1,0.74953,0.94019,1,0,0,0,0,0,0.15563,0.35112,0.43363,0,0,1,1,1,1,1,1,1,0,0.20191,1,1,1,1,1,0.99875,1,0.78398,1,0.93746,0.53791,0.24282,1,0.19452,0.17652,0.24165,0.16364,0,0,0,0,0,0,0,0,0,0,1,0,0,0,0,0,0.6638,0.21676,0,0,0,1,0.13272,0,0,0,0,0,0,0,0,0.31826,1,1,0.51912,0.18356,0,0.95666,0,0,0,0,0,0.8305,0.41319,0.14769,0,0,0,0,0,0.69818,0.33393,0,0,0,0,0,0.15871,0,0,0,0.20204,0,0,0,0,0,0,0,0,0,0,0,0,0,0,0,0,0,0,0,0,0,0,0,0,0,0,0,0,0,0,0,0,0,0,0,0,0,0,0,0,0,0,0,0,0,0,0,0,0,0,0,0,0,0,0,0,0,0,0,0,0,0,0,0,0,0,0,0,0,0,0,0,0,0,0,0,0,0,0,0,0,0,0,0,0,0,0,0,0,0,0,0,0,0,0,0,0,0,0,0,0,0,0,0,0,0,0,0,0,0,0,0,0,0,0,0,0,0,0,0,0,0,0,0,0,0,0,0,0,0,0,0,0,0,0,0,0,0,0,0,0,0,0,0,0,0,0,0,0,0,0,0,0,0,0,0,0,0,0,0,0,0,0,0,0,0,0,0,0,0,0,0,0,0,0,0,0,0,0,0,0,0,0,0,0,0,0,0,0,0,0,0,0,0,0,0,0,0,0,0,0,0.14131,0,0,0,0.38062,0,0,0.14478,0,0.18343,0,0,0,0,0
0,0,0,0,0,0,0,0,0.49216,0.18411,0,0,0,0,0,0,0,1,1,0.96536,0.45644,0.16868,0,0,0,0,0,0,1,1,0.64711,0.24218,0.34184,0,0,0,0,0,0,0,0,0,0,0,0,0,0,0.31774,0,0,0.30602,0.18975,0,0,0.36192,0.25984,0.17473,0.14799,0.67069,1,1,0.93814,0.79135,1,1,0,0,0,0.19043,1,0.77941,0.46526,0,0,0,0,1,0.27968,0,0,0,0.75824,0,0,0,0.19538,0,0,0,0,0,0,0,0,0,0,0,0,0,0,0,0,0,0,0,0,0,0,0,0,0,0,0,0,0,0,0,0,0,0,0,0,0,0,0,0,0,0,0,0,0,0,0,0,0,0,0,0,0,0,1,1,1,1,1,1,1,1,1,1,1,1,1,1,1,1,1,1,1,1,1,1,1,1,1,1,1,1,1,0.7215,0.98199,1,1,0.90976,1,1,0.50104,1,1,0.56868,0.82137,1,0.6033,0.87695,1,0,0,0,0,0,0,0.19423,0.2028,0,0,1,1,1,1,1,1,1,0,0,1,1,1,1,1,1,1,1,1,1,0.89542,0.58831,1,0.43993,0.38939,0.56193,0.32579,0.23253,0.12871,0,0,0,0,0,0,0,0.20259,1,0,0,0,0,0,0.96462,0.46658,0.14526,0,0,1,0.22447,0,0,0,0,0,0,0,0,0.59594,1,1,0.813,0.34228,0,1,0,0,0,0,0,1,0.74415,0.2639,0,0,0,0,0,1,0.67525,0.22696,0,0,0,0,0.32513,0,0,0,0.46235,0.16943,0,0,0,0,0,0,0,0,0,0,0,0,0.15273,0,0,0,0,0,0,0,0,0,0,0,0,0,0,0,0,0,0,0,0,0,0,0,0,0,0,0,0,0,0,0,0,0,0,0,0,0,0,0,0,0,0,0,0,0,0,0,0,0,0,0,0,0,0,0,0,0,0,0,0,0,0,0,0,0,0,0,0,0,0,0,0,0,0,0,0,0,0,0,0,0,0,0,0,0,0,0,0,0,0,0,0,0,0,0,0,0,0,0,0,0,0,0,0,0,0,0,0,0,0,0,0,0,0,0,0,0,0,0,0,0,0,0,0,0,0,0,0,0,0,0,0,0,0,0,0,0,0,0,0,0,0,0,0,0,0,0,0,0,0,0,0,0,0,0,0,0,0,0,0,0,0,0,0,0,0,0,0,0,0,0,0,0,0,0,0,0,0,0,0,0,0,0,0,0,0,0,0,0,0,0,0.17664,0,0,0,0,0,0,0,0,0,0
0,0,0,0,0,0,0,0,0.24352,0,0,0,0,0,0,0,0,1,0.96872,0.68442,0.34375,0.13976,0,0,0,0,0,0,1,1,0.60448,0.23617,0.3759,0,0,0,0,0,0,0,0,0,0,0,0,0,0,0,0,0,0,0,0,0,0,0,0,0,0.15073,0.34328,0.83255,0.3882,0.1888,0.56167,0.75901,0,0,0,0,1,0.88127,0.56198,0.12669,0,0,0,1,0.56785,0.20539,0,0,1,0,0,0,0.32648,0,0,0,0,0,0,0,0,0,0,0,0,0,0,0,0,0,0,0,0,0,0,0,0,0,0,0,0,0,0,0,0,0,0,0,0,0,0,0,0,0,0,0,0,0,0,0,0,0,0,0,0,0,0,0.291,0.36259,0.82391,1,1,1,1,1,1,1,1,1,0.91826,1,1,1,1,1,1,1,1,1,1,1,1,1,1,1,1,0.19153,0.34479,0.65096,0.95632,0.33967,0.98296,1,0.15346,0.79769,1,0.19094,0.3597,0.61233,0.22113,0.56167,1,0,0,0,0,0,0,0,0,0,0,0.66448,0.85835,1,1,1,1,1,0,0,1,1,1,1,1,1,1,1,1,1,1,1,1,1,1,1,0.95617,0.85393,0.43764,0.23275,0,0,0,0,0,0,0.80594,1,0,0,0,0,0,1,1,0.53809,0.17193,0.1548,1,0.62924,0.3149,0,0,0.1912,0,0,0,0,1,1,1,1,0.90696,0,1,0.39759,0.13009,0,0,0,1,1,0.90406,0.22727,0,0,0,0,1,1,0.84839,0.42442,0,0,0,1,0.31681,0,0,1,0.71993,0.23906,0,0,0,0.58109,0.20092,0,0,0.4675,0,0,0,0.68499,0,0,0,0.18604,0,0,0,0,0,0,0,0,0,0,0,0,0,0,0,0,0,0,0,0,0,0,0,0,0,0,0,0,0,0,0,0,0,0,0,0,0,0,0,0,0,0,0,0,0,0,0,0,0,0,0,0,0,0,0,0,0,0,0,0,0,0,0,0,0,0,0,0,0,0,0,0,0,0,0,0,0,0,0,0,0,0,0,0,0,0,0,0,0,0,0,0,0,0,0,0,0,0,0,0,0,0,0,0,0,0,0,0,0,0,0,0,0,0,0,0,0,0,0,0,0,0,0,0,0,0,0,0,0,0,0,0,0,0,0,0,0,0,0,0,0,0,0,0,0,0,0,0,0,0,0,0,0,0,0,0,0,0,0,0,0,0,0,0,0,0,0,0,0,0,0,0,0,0,0,0,0,0,0,0,0,0,0,0,0,0,0,0,0,0,0,0,0,0,0,0,0,0
0,0,0,0,0,0,0,0,0,0,0,0,0,0,0,0,0,0.71888,0.45418,0.2147,0,0,0,0,0,0,0,0,0.62721,0.45009,0.17733,0,0,0,0,0,0,0,0,0,0,0,0,0,0,0,0,0,0,0,0,0,0,0,0,0,0,0,0,0.17276,0.37754,0.15284,0.12779,0.25295,0.36945,0,0,0,0,0.56422,0.31336,0.16498,0,0,0,0,0.76495,0.18025,0,0,0,0.6411,0,0,0,0,0,0,0,0,0,0,0,0,0,0,0,0,0,0,0,0,0,0,0,0,0,0,0,0,0,0,0,0,0,0,0,0,0,0,0,0,0,0,0,0,0,0,0,0,0,0,0,0,0,0,0,0,0,0,0.24945,0.24314,0.56314,0.9136,1,0.90248,0.87038,1,1,1,1,1,0.85444,1,1,1,1,1,1,1,1,1,1,1,1,1,1,1,1,0.22468,0.45053,0.78843,1,0.52937,1,1,0.23099,1,1,0.34532,0.65298,0.9416,0.481,0.95592,1,0,0,0,0,0,0,0,0,0,0,0.59773,0.87973,1,1,1,1,1,0,0,1,1,1,1,1,1,1,1,1,1,1,1,1,1,1,1,1,1,0.87997,0.70883,0.18509,0.19956,0.16326,0.16577,0,0,1,1,0,0,0,0,0,1,1,0.92661,0.36532,0.23315,1,1,0.79173,0.3567,0,0.51248,0,0,0,0,0.70153,1,1,0.97563,0.53416,0,1,0.18929,0,0,0,0,1,1,0.62301,0.1342,0,0,0,0,1,1,0.61606,0.22679,0,0,0,0.90263,0.20756,0,0,1,0.60864,0.18869,0,0,0,0.51288,0.16311,0,0,0.43407,0,0,0,0.75187,0,0,0,0.2033,0,0,0,0,0,0,0,0,0,0,0,0,0,0,0,0,0,0,0,0,0,0,0,0,0,0,0,0,0,0,0,0,0,0,0,0,0,0,0,0,0,0,0,0,0,0,0,0,0,0,0,0,0,0,0,0,0,0,0,0,0,0,0,0,0,0,0,0,0,0,0,0,0,0,0,0,0,0,0,0,0,0,0,0,0,0,0,0,0,0,0,0,0,0,0,0,0,0,0,0,0,0,0,0,0,0,0,0,0,0,0,0,0,0,0,0,0,0,0,0,0,0,0,0,0,0,0,0,0,0,0,0,0,0,0,0,0,0,0,0,0,0,0,0,0,0,0,0,0,0,0,0,0,0,0,0,0,0,0,0,0,0,0,0,0,0,0,0,0,0,0,0,0,0,0,0,0,0,0,0,0,0,0,0,0,0,0,0,0,0,0,0,0,0,0,0,0,0
0,0,0,0,0,0,0,0,0,0,0,0,0,0,0,0,0,0.35082,0.19803,0,0,0,0,0,0,0,0,0,0.2722,0.19397,0,0,0,0,0,0,0,0,0,0,0,0,0,0,0,0,0,0,0,0,0,0,0,0,0,0,0,0,0,0,0.17863,0,0,0.15679,0.18401,0,0,0,0,0.23523,0.15335,0,0,0,0,0,0.42932,0,0,0,0,0.33672,0,0,0,0,0,0,0,0,0,0,0,0,0,0,0,0,0,0,0,0,0,0,0,0,0,0,0,0,0,0,0,0,0,0,0,0,0,0,0,0,0,0,0,0,0,0,0,0,0,0,0,0,0,0,0,0,0,0,0.2005,0.1776,0.29871,0.59637,0.82521,0.68831,0.61996,0.78618,0.66493,0.94163,1,0.96095,0.68344,0.96814,1,1,0.99838,1,1,1,1,1,1,1,1,1,1,1,1,0.20513,0.39069,0.74153,1,0.52476,1,1,0.24193,1,1,0.40522,0.72268,1,0.57365,1,1,0,0,0,0,0,0,0,0,0,0,0.43085,0.75683,1,1,1,1,1,0,0,1,1,1,1,1,1,1,1,1,1,1,1,1,1,1,1,1,1,1,1,0.31593,0.37772,0.28354,0.30994,0,0,1,1,0,0,0,0,0,1,1,1,0.60672,0.3657,1,1,1,0.68765,0,0.81249,0,0,0,0,0.4474,1,1,0.72958,0.3085,0,1,0,0,0,0,0,1,0.95867,0.45067,0,0,0,0,0,1,1,0.47316,0.17939,0,0,0,0.81386,0.17076,0,0,1,0.54026,0.16114,0,0,0,0.47382,0.14389,0,0,0.41892,0,0,0,0.79397,0,0,0,0.21873,0,0,0,0,0,0,0,0,0,0,0,0,0,0,0,0,0,0,0,0,0,0,0,0,0,0,0,0,0,0,0,0,0,0,0,0,0,0,0,0,0,0,0,0,0,0,0,0,0,0,0,0,0,0,0,0,0,0,0,0,0,0,0,0,0,0,0,0,0,0,0,0,0,0,0,0,0,0,0,0,0,0,0,0,0,0,0,0,0,0,0,0,0,0,0,0,0,0,0,0,0,0,0,0,0,0,0,0,0,0,0,0,0,0,0,0,0,0,0,0,0,0,0,0,0,0,0,0,0,0,0,0,0,0,0,0,0,0,0,0,0,0,0,0,0,0,0,0,0,0,0,0,0,0,0,0,0,0,0,0,0,0,0,0,0,0,0,0,0,0,0,0,0,0,0,0,0,0,0,0,0,0,0,0,0,0,0,0,0,0,0,0,0,0,0,0,0,0
0,0,0,0,0,0,0,0,0,0,0,0,0,0,0,0,0,0,0,0,0,0,0,0,0,0,0,0,0.18317,0,0,0,0,0,0,0,0,0,0,0,0,0,0,0,0.21638,0.1399,0,0.33891,0,0,0.14072,0,0,0,0,0,0,1,1,0.90107,0.24211,0.23869,1,1,0.63493,0,0,0,1,0,0,0,0,0,0,0,0,0,0,0,0,0,0,0,0,0,0,0,0,0,0,0,0,0,0,0,0,0,0,0,0,0,0,0,0,0,0,0,0,0,0,0,0,0,0,0,0,0,0,0,0,0,0,0,0,0,0,0,0,0,0,0,0,0,0,0,0,0,0,0,1,1,1,0.80681,0,1,1,1,0.46226,0.2827,0,0,1,1,1,1,0.66978,0.24977,0.14971,1,0.49778,0.2051,0,0,1,0.7215,0.19153,0.22468,0.20513,1,1,1,1,1,1,1,1,1,1,1,1,1,1,1,1,1,1,1,1,1,1,1,1,0.98072,1,1,1,1,1,1,1,0.87559,1,1,0,0,0,0,0,0,0,0,0,0,0,0,0,0,0,0,0,0,0,0,0,0,0,0,0,0,0,0.33345,0,0,0,0,0,0,0,0,0,0,0,0,0,0,0,0,0,0,0,0,0,0,0,0,0,0,0,0,0,0,0,0,0,0,0,0,0,0,0,0,0,0,0,0,0,0,0,0,0,0,0,0,0,0,0,0,0,0,0,0,0,0,0,0,0,0,0,0,0,0,0,0,0,0,0,0,0,0,0,0,0,0,0,0,0,0,0,0,0,0,0,0,0,0,0,0,0,0,0,0,0,0,0,0,0,0,0,0,0,0,0,0,0,0,0,0,0,0,0,0,0,0,0,0,0,0,0,0,0,0,0,0,0,0,0,0,0,0,0,0,0,0,0,0,0,0,0,0,0,0,0,0,0,0,0,0,0,0,0,0,0,0,0,0,0,0,0,0,0,0,0,0,0,0,0,0,0,0,0,0,0,0,0,0,0,0,0,0,0,0,0,0,0,0,0,0,0,0,0,0,0,0,0,0,0,0,0,0,0,0,0,0,0,0,0,0,0,0,0,0,0,0,0,0,0,0,0,0,0,0,0,0,0,0,0,0,0,0.18671,0.31108,0.13868,0,0.17277,0.54332,0.7717,0.57855,0.66025,0.43441,0.42879,0,0.90325,1,1,1,1,0.27069,0.49208,0.79038,0.88667,0.19773,0.32042,0.52149,1,1,1,1,0.68591,0.71724,0.69204
0,0,0,0,0,0,0,0,0,0,0,0,0,0,0,0,0,0,0.1596,0,0,0,0,0,0,0,0,0,0.23892,0,0,0,0,0,0,0,0,0,0,0,0,0,0,0,0.19038,0,0,0.35783,0,0,0.15771,0,0,0,0,0,0,1,1,0.96586,0.36498,0.3148,1,1,0.75455,0,0,0,1,0,0,0,0,0,0,0,0,0,0,0,0,0,0,0,0,0,0,0,0,0,0,0,0,0,0,0,0,0,0,0,0,0,0,0,0,0,0,0,0,0,0,0,0,0,0,0,0,0,0,0,0,0,0,0,0,0,0,0,0,0,0,0,0,0,0,0,0,0,0,0,1,1,1,0.97521,0.18621,1,1,1,0.64647,0.49189,0.18653,0,1,1,1,1,0.87549,0.48591,0.2297,1,0.74288,0.37312,0,0.20654,1,0.98199,0.34479,0.45053,0.39069,1,1,1,1,1,1,1,1,1,1,1,1,1,1,1,1,1,1,1,1,1,1,1,1,0.72009,1,1,1,1,1,1,1,1,1,1,0,0,0,0,0.13126,0,0,0,0.14723,0,0,0,0,0,0,0,0,0,0,0,0,0,0,0,0,0,0,0.5874,0,0,0,0,0,0,0,0,0,0,0.16309,0,0,0,0,0,0,0,0,0,0,0,0,0,0,0,0,0,0,0,0,0,0,0,0,0,0,0,0,0,0,0,0,0,0,0,0,0,0,0,0,0,0,0,0,0,0,0,0,0,0,0,0,0,0,0,0,0,0,0,0,0,0,0,0,0,0,0,0,0,0,0,0,0,0,0,0,0,0,0,0,0,0,0,0,0,0,0,0,0,0,0,0,0,0,0,0,0,0,0,0,0,0,0,0,0,0,0,0,0,0,0,0,0,0,0,0,0,0,0,0,0,0,0,0,0,0,0,0,0,0,0,0,0,0,0,0,0,0,0,0,0,0,0,0,0,0,0,0,0,0,0,0,0,0,0,0,0,0,0,0,0,0,0,0,0,0,0,0,0,0,0,0,0,0,0,0,0,0,0,0,0,0,0,0,0,0,0,0,0,0,0,0,0,0,0,0,0,0,0,0,0,0,0,0,0,0,0,0,0,0,0,0,0,0,0,0,0,0,0,0,0,0,0,0,0,0,0,0.18408,0,0,0,0.26769,0.49798,0.32914,0.42764,0.24074,0.2491,0,0.62686,0.76537,0.85337,1,1,0.20821,0.35438,0.64757,0.81951,0.1601,0.24009,0.42885,0.87136,1,0.91729,1,0.41979,0.50801,0.5003
0,0,0,0,0,0,0,0,0,0,0,0,0,0,0,0,0,0,0.1901,0,0,0,0,0,0,0,0,0,0.31237,0,0,0,0,0,0,0,0,0,0,0,0,0,0,0,0,0,0,0.24807,0,0,0.13458,0,0,0,0,0,0,1,1,0.90026,0.41369,0.30571,1,1,0.76895,0,0,0,1,0,0,0,0,0,0,0,0,0,0,0,0,0,0,0,0,0,0,0,0,0,0,0,0,0,0,0,0,0,0,0,0,0,0,0,0,0,0,0,0,0,0,0,0,0,0,0,0,0,0,0,0,0,0,0,0,0,0,0,0,0,0,0,0,0,0,0,0,0,0,0,1,1,1,1,0.24535,1,1,1,0.76529,0.65751,0.25978,0,1,1,1,1,1,0.70616,0.41873,1,0.9797,0.64322,0.16926,0.40751,1,1,0.65096,0.78843,0.74153,1,1,1,1,1,1,1,1,1,1,1,1,1,1,1,1,1,1,1,1,1,1,1,1,0.4191,1,1,1,1,1,1,1,1,1,1,0.18109,0,0,0.223,0.24145,0,0.23329,0,0.29452,0,0,0,0.20181,0,0,0,0,0,0,0,0,0,0,0,0,0,0,0.94107,0,0,0,0,0,0.14406,0,0,0,0,0.34698,0,0,0,0,0,0,0,0,0,0,0,0,0,0,0,0,0,0,0,0,0,0,0,0,0,0,0,0,0,0,0,0,0,0,0,0,0,0,0,0,0,0,0,0,0,0,0,0,0,0,0,0,0,0,0,0,0,0,0,0,0,0,0,0,0,0,0,0,0,0,0,0,0,0,0,0,0,0,0,0,0,0,0,0,0,0,0,0,0,0,0,0,0,0,0,0,0,0,0,0,0,0,0,0,0,0,0,0,0,0,0,0,0,0,0,0,0,0,0,0,0,0,0,0,0,0,0,0,0,0,0,0,0,0,0,0,0,0,0,0,0,0,0,0,0,0,0,0,0,0,0,0,0,0,0,0,0,0,0,0,0,0,0,0,0,0,0,0,0,0,0,0,0,0,0,0,0,0,0,0,0,0,0,0,0,0,0,0,0,0,0,0,0,0,0,0,0,0,0,0,0,0,0,0,0,0,0,0,0,0,0,0,0,0,0,0,0,0,0,0,0,0,0,0,0,0,0,0,0,0,0,0.14368,0.21456,0.15816,0.19348,0.12913,0.14476,0,0.28523,0.41404,0.5059,0.76557,0.81518,0,0.19234,0.36391,0.60459,0,0.15949,0.23092,0.53945,0.80973,0.56121,0.83272,0.18736,0.22483,0.22627
0,0,0,0,0,0,0,0,0,0,0,0,0,0,0,0,0,0,0.19782,0,0,0,0,0,0,0,0,0,0.33647,0,0,0,0,0,0,0,0,0,0,0,0,0,0,0,0,0,0,0.18096,0,0,0,0,0,0,0,0,0,0.81669,0.97206,0.73509,0.38125,0.23703,1,0.96354,0.69066,0,0,0,0.96526,0,0,0,0,0,0,0,0,0,0,0,0,0,0,0,0,0,0,0,0,0,0,0,0,0,0,0,0,0,0,0,0,0,0,0,0,0,0,0,0,0,0,0,0,0,0,0,0,0,0,0,0,0,0,0,0,0,0,0,0,0,0,0,0,0,0,0,0,0,0,0,1,1,1,1,0.36316,1,1,1,0.80819,0.76189,0.41654,0.16735,1,1,1,1,1,0.88287,0.61323,1,1,0.89282,0.24664,0.68666,1,1,0.95632,1,1,1,1,1,1,1,1,1,1,1,1,1,1,1,1,1,1,0.90026,0.68118,0.8428,0.79865,1,1,1,1,0.19375,0.657,1,1,1,1,1,1,1,0.75411,1,0.32102,0.17759,0.14554,0.49288,0.57253,0.13389,0.56816,0,0.68311,0.23366,0,0,0.49943,0,0,0,0,0,0,0,0,0,0,0,0,0,0,1,0,0,0,0,0,0.33422,0,0,0,0,0.74863,0,0,0,0,0,0,0,0,0,0,0,0,0,0,0,0,0,0,0,0,0,0,0,0,0,0,0,0,0,0,0,0,0,0,0,0,0,0,0,0,0,0,0,0,0,0,0,0,0,0,0,0,0,0,0,0,0,0,0,0,0,0,0,0,0,0,0,0,0,0,0,0,0,0,0,0,0,0,0,0,0,0,0,0,0,0,0,0,0,0,0,0,0,0,0,0,0,0,0,0,0,0,0,0,0,0,0,0,0,0,0,0,0,0,0,0,0,0,0,0,0,0,0,0,0,0,0,0,0,0,0,0,0,0,0,0,0,0,0,0,0,0,0,0,0,0,0,0,0,0,0,0,0,0,0,0,0,0,0,0,0,0,0,0,0,0,0,0,0,0,0,0,0,0,0,0,0,0,0,0,0,0,0,0,0,0,0,0,0,0,0,0,0,0,0,0,0,0,0,0,0,0,0,0,0,0,0,0,0,0,0,0,0,0,0,0,0,0,0,0,0,0,0,0,0,0,0,0,0,0,0,0,0,0,0,0,0,0,0.13489,0.17393,0.20169,0.36674,0.43107,0,0,0.16971,0.30532,0,0,0.1262,0.22298,0.43938,0.22075,0.43651,0,0,0
0,0,0,0,0,0,0,0,0,0,0,0,0,0,0,0,0,0,0,0,0,0,0,0,0,0,0,0,0.14393,0,0,0,0,0,0,0,0,0,0,0,0,0,0,0,0,0,0,0.14807,0,0,0,0,0,0,0,0,0,1,0.99265,0.57338,0.18056,0.15058,1,0.77199,0.40748,0,0,0,1,0,0,0,0,0,0,0,0,0,0,0,0,0,0,0,0,0,0,0,0,0,0,0,0,0,0,0,0,0,0,0,0,0,0,0,0,0,0,0,0,0,0,0,0,0,0,0,0,0,0,0,0,0,0,0,0,0,0,0,0,0,0,0,0,0,0,0,0,0,0,0,1,1,1,0.68318,0,1,1,0.94388,0.38294,0.27602,0.12826,0,1,1,1,1,0.64712,0.33623,0.18434,1,0.61525,0.29869,0,0.19277,1,0.90976,0.33967,0.52937,0.52476,1,1,1,1,1,1,1,1,1,1,1,1,1,1,1,1,1,1,1,1,1,1,1,1,0.69844,1,1,1,1,1,1,1,1,1,1,0,0,0,0,0.15102,0,0.15204,0,0.19707,0,0,0,0.13957,0,0,0,0,0,0,0,0,0,0,0,0,0,0,0.84813,0,0,0,0,0,0,0,0,0,0,0.2312,0,0,0,0,0,0,0,0,0,0,0,0,0,0,0,0,0,0,0,0,0,0,0,0,0,0,0,0,0,0,0,0,0,0,0,0,0,0,0,0,0,0,0,0,0,0,0,0,0,0,0,0,0,0,0,0,0,0,0,0,0,0,0,0,0,0,0,0,0,0,0,0,0,0,0,0,0,0,0,0,0,0,0,0,0,0,0,0,0,0,0,0,0,0,0,0,0,0,0,0,0,0,0,0,0,0,0,0,0,0,0,0,0,0,0,0,0,0,0,0,0,0,0,0,0,0,0,0,0,0,0,0,0,0,0,0,0,0,0,0,0,0,0,0,0,0,0,0,0,0,0,0,0,0,0,0,0,0,0,0,0,0,0,0,0,0,0,0,0,0,0,0,0,0,0,0,0,0,0,0,0,0,0,0,0,0,0,0,0,0,0,0,0,0,0,0,0,0,0,0,0,0,0,0,0,0,0,0,0,0,0,0,0,0,0,0,0,0,0,0,0,0,0,0,0,0,0,0,0,0,0,0.21654,0.29411,0.17671,0.19841,0,0,0,0.48749,0.57897,0.51905,0.76179,0.74874,0,0.14572,0.24429,0.38814,0,0,0.16645,0.76437,0.70594,0.69348,0.9775,0.22407,0.21441,0.20589
0,0,0,0,0,0,0,0,0,0,0,0,0,0,0,0,0,0,0.13521,0,0,0,0,0,0,0,0,0,0.21578,0,0,0,0,0,0,0,0,0,0,0,0,0,0,0,0,0,0,0,0,0,0,0,0,0,0,0,0,0.53403,0.67782,0.46336,0.22093,0.15546,0.89769,0.69627,0.44973,0,0,0,0.68245,0,0,0,0,0,0,0,0,0,0,0,0,0,0,0,0,0,0,0,0,0,0,0,0,0,0,0,0,0,0,0,0,0,0,0,0,0,0,0,0,0,0,0,0,0,0,0,0,0,0,0,0,0,0,0,0,0,0,0,0,0,0,0,0,0,0,0,0,0,0,0,1,1,1,0.84633,0.24595,1,1,1,0.62491,0.61661,0.31212,0.14319,1,1,1,1,0.9446,0.78775,0.53618,1,1,0.86089,0.23323,0.68765,1,1,0.98296,1,1,1,1,1,1,1,1,1,1,1,1,1,1,1,1,1,1,0.703,0.46757,0.7157,0.71203,0.93997,0.92492,1,1,0.15334,0.52144,1,1,1,1,1,1,1,0.5162,0.78575,0.32465,0.18085,0.15858,0.54819,0.66044,0.16228,0.68853,0.13434,0.84414,0.34792,0,0,0.67593,0,0,0,0,0,0,0,0,0,0,0,0,0,0,1,0,0,0,0,0,0.5413,0.16625,0,0,0,0.95189,0.1986,0,0,0,0,0,0,0,0,0,0,0,0,0,0,0,0,0,0,0,0,0,0,0,0,0,0,0,0,0,0,0,0,0,0,0,0,0,0,0,0,0,0,0,0,0,0,0,0,0,0,0,0,0,0,0,0,0,0,0,0,0,0,0,0,0,0,0,0,0,0,0,0,0,0,0,0,0,0,0,0,0,0,0,0,0,0,0,0,0,0,0,0,0,0,0,0,0,0,0,0,0,0,0,0,0,0,0,0,0,0,0,0,0,0,0,0,0,0,0,0,0,0,0,0,0,0,0,0,0,0,0,0,0,0,0,0,0,0,0,0,0,0,0,0,0,0,0,0,0,0,0,0,0,0,0,0,0,0,0,0,0,0,0,0,0,0,0,0,0,0,0,0,0,0,0,0,0,0,0,0,0,0,0,0,0,0,0,0,0,0,0,0,0,0,0,0,0,0,0,0,0,0,0,0,0,0,0,0,0,0,0,0,0,0,0,0,0,0,0,0,0,0,0,0,0,0,0,0,0,0,0,0,0,0,0,0,0,0,0,0,0.20093,0.21716,0,0,0,0.16988,0,0,0,0.16891,0.21754,0.14958,0.24305,0,0,0
0,0,0,0,0,0,0,0,0,0,0,0,0,0,0,0,0,0,0.13276,0,0,0,0,0,0,0,0,0,0.20947,0,0,0,0,0,0,0,0,0,0,0,0,0,0,0,0,0,0,0,0,0,0,0,0,0,0,0,0,0.13583,0.23259,0.21316,0.18398,0,0.40208,0.38586,0.252,0,0,0,0.18526,0,0,0,0,0,0,0,0,0,0,0,0,0,0,0,0,0,0,0,0,0,0,0,0,0,0,0,0,0,0,0,0,0,0,0,0,0,0,0,0,0,0,0,0,0,0,0,0,0,0,0,0,0,0,0,0,0,0,0,0,0,0,0,0,0,0,0,0,0,0,0,1,0.8237,0.77037,0.73075,0.39113,1,1,0.99684,0.60385,0.70119,0.51512,0.24065,1,1,1,1,0.95598,0.99086,0.79565,1,1,1,0.55604,1,1,1,1,1,1,1,1,1,1,1,1,1,1,1,1,1,1,1,1,1,1,0.16598,0,0.17619,0.18358,0.2527,0.24,0.89531,0.50213,0,0,1,1,1,1,1,1,1,0,0.19899,0.76887,0.50659,0.49579,1,1,0.58225,1,0.53346,1,1,0.47875,0.18919,1,0.20842,0.13337,0.56388,0.3868,0.2262,0.27755,0.419,0,0,0,0,0,0,0.13157,1,0,0,0,0,0,1,0.70373,0.21961,0,0,1,0.77708,0.33074,0.16454,0,0.14936,0,0,0,0,0,0.18276,0.22242,0,0,0,0.22447,0,0,0,0,0,0.22641,0,0,0,0,0,0,0,0.21796,0,0,0,0,0,0,0,0,0,0,0,0,0,0,0,0,0,0,0,0,0,0,0,0,0,0,0,0,0,0,0,0,0,0,0,0,0,0,0,0,0,0,0,0,0,0,0,0,0,0,0,0,0,0,0,0,0,0,0,0,0,0,0,0,0,0,0,0,0,0,0,0,0,0,0,0,0,0,0,0,0,0,0,0,0,0,0,0,0,0,0,0,0,0,0,0,0,0,0,0,0,0,0,0,0,0,0,0,0,0,0,0,0,0,0,0,0,0,0,0,0,0,0,0,0,0,0,0,0,0,0,0,0,0,0,0,0,0,0,0,0,0,0,0,0,0,0,0,0,0,0,0,0,0,0,0,0,0,0,0,0,0,0,0,0,0,0,0,0,0,0,0,0,0,0,0,0,0,0,0,0,0,0,0,0,0,0,0,0,0,0,0,0,0,0,0,0,0,0,0,0,0,0,0,0,0,0,0,0,0,0,0,0,0,0,0,0,0,0,0,0,0,0,0,0,0,0
0,0,0,0,0,0,0,0,0,0,0,0,0,0,0,0,0,0,0,0,0,0,0,0,0,0,0,0,0,0,0,0,0,0,0,0,0,0,0,0,0,0,0,0,0,0,0,0,0,0,0,0,0,0,0,0,0,0.95059,0.68063,0.2325,0,0,0.90619,0.38459,0.16639,0,0,0,1,0,0,0,0,0,0,0,0,0,0,0,0,0,0,0,0,0,0,0,0,0,0,0,0,0,0,0,0,0,0,0,0,0,0,0,0,0,0,0,0,0,0,0,0,0,0,0,0,0,0,0,0,0,0,0,0,0,0,0,0,0,0,0,0,0,0,0,0,0,0,0,1,1,0.71909,0.25711,0,1,0.94367,0.5154,0.15075,0,0,0,1,1,1,0.65234,0.23823,0.13703,0,0.78796,0.23122,0.13089,0,0,0.71498,0.50104,0.15346,0.23099,0.24193,1,1,1,1,1,1,1,1,1,1,1,1,1,1,1,1,1,1,1,1,1,1,1,1,0.99329,1,1,1,1,1,1,1,0.75743,1,1,0,0,0,0,0,0,0,0,0,0,0,0,0,0,0,0,0,0,0,0,0,0,0,0,0,0,0,0.66023,0,0,0,0,0,0,0,0,0,0,0.15279,0,0,0,0,0,0,0,0,0,0,0,0,0,0,0,0,0,0,0,0,0,0,0,0,0,0,0,0,0,0,0,0,0,0,0,0,0,0,0,0,0,0,0,0,0,0,0,0,0,0,0,0,0,0,0,0,0,0,0,0,0,0,0,0,0,0,0,0,0,0,0,0,0,0,0,0,0,0,0,0,0,0,0,0,0,0,0,0,0,0,0,0,0,0,0,0,0,0,0,0,0,0,0,0,0,0,0,0,0,0,0,0,0,0,0,0,0,0,0,0,0,0,0,0,0,0,0,0,0,0,0,0,0,0,0,0,0,0,0,0,0,0,0,0,0,0,0,0,0,0,0,0,0,0,0,0,0,0,0,0,0,0,0,0,0,0,0,0,0,0,0,0,0,0,0,0,0,0,0,0,0,0,0,0,0,0,0,0,0,0,0,0,0,0,0,0,0,0,0,0,0,0,0,0,0,0,0,0,0,0,0,0,0,0,0,0,0,0,0,0,0,0,0,0,0,0,0,0,0,0,0.1612,0.37322,0.43061,0.18631,0.19209,0,0,0,0.68498,0.72762,0.48967,0.70736,0.62681,0,0,0.18454,0.2067,0,0,0,0.98553,0.54593,0.79914,1,0.26231,0.19071,0.17148
0,0,0,0,0,0,0,0,0,0,0,0,0,0,0,0,0,0,0,0,0,0,0,0,0,0,0,0,0.14719,0,0,0,0,0,0,0,0,0,0,0,0,0,0,0,0,0,0,0,0,0,0,0,0,0,0,0,0,0.48177,0.55335,0.29724,0.15494,0,0.77692,0.52588,0.26139,0,0,0,0.62921,0,0,0,0,0,0,0,0,0,0,0,0,0,0,0,0,0,0,0,0,0,0,0,0,0,0,0,0,0,0,0,0,0,0,0,0,0,0,0,0,0,0,0,0,0,0,0,0,0,0,0,0,0,0,0,0,0,0,0,0,0,0,0,0,0,0,0,0,0,0,0,1,1,0.90699,0.64645,0.17557,1,1,0.92265,0.41832,0.4059,0.20059,0,1,1,1,1,0.73566,0.57784,0.32823,1,0.87908,0.66006,0.16604,0.49536,1,1,0.79769,1,1,1,1,1,1,1,1,1,1,1,1,1,1,1,1,1,1,0.75725,0.50797,0.82433,0.84611,1,0.97653,1,1,0.19211,0.62548,1,1,1,1,1,1,1,0.53067,0.79272,0.21131,0,0,0.37504,0.50142,0,0.54658,0,0.72745,0.24134,0,0,0.57181,0,0,0,0,0,0,0,0,0,0,0,0,0,0,1,0,0,0,0,0,0.46431,0.14338,0,0,0,0.86879,0.18994,0,0,0,0,0,0,0,0,0,0,0,0,0,0,0,0,0,0,0,0,0,0,0,0,0,0,0,0,0,0,0,0,0,0,0,0,0,0,0,0,0,0,0,0,0,0,0,0,0,0,0,0,0,0,0,0,0,0,0,0,0,0,0,0,0,0,0,0,0,0,0,0,0,0,0,0,0,0,0,0,0,0,0,0,0,0,0,0,0,0,0,0,0,0,0,0,0,0,0,0,0,0,0,0,0,0,0,0,0,0,0,0,0,0,0,0,0,0,0,0,0,0,0,0,0,0,0,0,0,0,0,0,0,0,0,0,0,0,0,0,0,0,0,0,0,0,0,0,0,0,0,0,0,0,0,0,0,0,0,0,0,0,0,0,0,0,0,0,0,0,0,0,0,0,0,0,0,0,0,0,0,0,0,0,0,0,0,0,0,0,0,0,0,0,0,0,0,0,0,0,0,0,0,0,0,0,0,0,0,0,0,0,0,0,0,0,0,0,0,0,0,0,0,0,0,0,0,0,0,0,0,0,0,0,0,0,0,0,0.12774,0,0.19513,0.20235,0,0,0,0.13221,0,0,0,0.19794,0.19729,0.16392,0.27685,0,0,0
0,0,0,0,0,0,0,0,0,0,0,0,0,0,0,0,0,0,0,0,0,0,0,0,0,0,0,0,0.17548,0,0,0,0,0,0,0,0,0,0,0,0,0,0,0,0,0,0,0,0,0,0,0,0,0,0,0,0,0.24396,0.40377,0.24487,0.16898,0,0.62038,0.47321,0.26393,0,0,0,0.38036,0,0,0,0,0,0,0,0,0,0,0,0,0,0,0,0,0,0,0,0,0,0,0,0,0,0,0,0,0,0,0,0,0,0,0,0,0,0,0,0,0,0,0,0,0,0,0,0,0,0,0,0,0,0,0,0,0,0,0,0,0,0,0,0,0,0,0,0,0,0,0,1,1,0.86023,0.69376,0.22915,1,1,0.96928,0.50666,0.54062,0.28344,0.14603,1,1,1,1,0.84235,0.76314,0.53386,1,1,0.90063,0.24638,0.76334,1,1,1,1,1,1,1,1,1,1,1,1,1,1,1,1,1,1,1,1,1,0.42501,0.22744,0.47863,0.50319,0.70258,0.64568,1,0.89582,0,0.27996,1,1,1,1,1,1,1,0.24032,0.48855,0.40725,0.2113,0.19881,0.6794,0.82186,0.21712,0.88014,0.19683,1,0.56605,0.17594,0,0.91734,0,0,0.20577,0.14832,0,0,0.18518,0,0,0,0,0,0,0,1,0,0,0,0,0,0.80769,0.27114,0,0,0,1,0.39058,0.14706,0,0,0,0,0,0,0,0,0,0,0,0,0,0,0,0,0,0,0,0,0,0,0,0,0,0,0,0,0,0,0,0,0,0,0,0,0,0,0,0,0,0,0,0,0,0,0,0,0,0,0,0,0,0,0,0,0,0,0,0,0,0,0,0,0,0,0,0,0,0,0,0,0,0,0,0,0,0,0,0,0,0,0,0,0,0,0,0,0,0,0,0,0,0,0,0,0,0,0,0,0,0,0,0,0,0,0,0,0,0,0,0,0,0,0,0,0,0,0,0,0,0,0,0,0,0,0,0,0,0,0,0,0,0,0,0,0,0,0,0,0,0,0,0,0,0,0,0,0,0,0,0,0,0,0,0,0,0,0,0,0,0,0,0,0,0,0,0,0,0,0,0,0,0,0,0,0,0,0,0,0,0,0,0,0,0,0,0,0,0,0,0,0,0,0,0,0,0,0,0,0,0,0,0,0,0,0,0,0,0,0,0,0,0,0,0,0,0,0,0,0,0,0,0,0,0,0,0,0,0,0,0,0,0,0,0,0,0,0,0,0,0,0,0,0,0,0,0,0,0,0,0.14911,0,0,0
0,0,0,0,0,0,0,0,0,0,0,0,0,0,0,0,0,0,0,0,0,0,0,0,0,0,0,0,0,0,0,0,0,0,0,0,0,0,0,0,0,0,0,0,0,0,0,0,0,0,0,0,0,0,0,0,0,0.70003,0.49279,0.18629,0,0,0.72047,0.25839,0.134,0,0,0,0.83692,0,0,0,0,0,0,0,0,0,0,0,0,0,0,0,0,0,0,0,0,0,0,0,0,0,0,0,0,0,0,0,0,0,0,0,0,0,0,0,0,0,0,0,0,0,0,0,0,0,0,0,0,0,0,0,0,0,0,0,0,0,0,0,0,0,0,0,0,0,0,0,1,1,0.60917,0.23304,0,1,0.85983,0.4655,0.13851,0,0,0,1,1,0.98336,0.63388,0.23265,0.14817,0,0.80654,0.24536,0.15624,0,0,0.75162,0.56868,0.19094,0.34532,0.40522,1,1,1,1,1,1,1,1,1,1,1,1,1,1,1,1,1,1,1,1,1,1,1,1,0.77512,1,1,1,1,1,1,1,0.85548,0.96844,1,0,0,0,0,0,0,0,0,0.16733,0,0,0,0,0,0,0,0,0,0,0,0,0,0,0,0,0,0,0.89268,0,0,0,0,0,0,0,0,0,0,0.22486,0,0,0,0,0,0,0,0,0,0,0,0,0,0,0,0,0,0,0,0,0,0,0,0,0,0,0,0,0,0,0,0,0,0,0,0,0,0,0,0,0,0,0,0,0,0,0,0,0,0,0,0,0,0,0,0,0,0,0,0,0,0,0,0,0,0,0,0,0,0,0,0,0,0,0,0,0,0,0,0,0,0,0,0,0,0,0,0,0,0,0,0,0,0,0,0,0,0,0,0,0,0,0,0,0,0,0,0,0,0,0,0,0,0,0,0,0,0,0,0,0,0,0,0,0,0,0,0,0,0,0,0,0,0,0,0,0,0,0,0,0,0,0,0,0,0,0,0,0,0,0,0,0,0,0,0,0,0,0,0,0,0,0,0,0,0,0,0,0,0,0,0,0,0,0,0,0,0,0,0,0,0,0,0,0,0,0,0,0,0,0,0,0,0,0,0,0,0,0,0,0,0,0,0,0,0,0,0,0,0,0,0,0,0,0,0,0,0,0,0,0,0,0,0,0,0,0,0,0,0,0,0.20924,0.22129,0,0,0,0,0,0.43052,0.46226,0.23899,0.43738,0.36751,0,0,0,0.13586,0,0,0,0.73669,0.29537,0.52768,0.81924,0.16334,0,0
0,0,0,0,0,0,0,0,0,0,0,0,0,0,0,0,0,0,0,0,0,0,0,0,0,0,0,0,0,0,0,0,0,0,0,0,0,0,0,0,0,0,0,0,0,0,0,0,0,0,0,0,0,0,0,0,0,0.55108,0.45922,0.19978,0,0,0.6874,0.31316,0.16532,0,0,0,0.69359,0,0,0,0,0,0,0,0,0,0,0,0,0,0,0,0,0,0,0,0,0,0,0,0,0,0,0,0,0,0,0,0,0,0,0,0,0,0,0,0,0,0,0,0,0,0,0,0,0,0,0,0,0,0,0,0,0,0,0,0,0,0,0,0,0,0,0,0,0,0,0,1,1,0.68032,0.33533,0,1,0.95873,0.60791,0.19227,0.17716,0,0,1,1,1,0.80746,0.37744,0.2242,0.13801,1,0.47016,0.24369,0,0.1865,0.97661,0.82137,0.3597,0.65298,0.72268,1,1,1,1,1,1,1,1,1,1,1,1,1,1,1,1,1,0.76008,1,1,1,1,1,1,0.45549,0.98345,1,1,1,1,1,1,1,0.73382,0.97636,0,0,0,0.14581,0.18945,0,0.20762,0,0.3225,0,0,0,0.22637,0,0,0,0,0,0,0,0,0,0,0,0,0,0,1,0,0,0,0,0,0.20037,0,0,0,0,0.49591,0,0,0,0,0,0,0,0,0,0,0,0,0,0,0,0,0,0,0,0,0,0,0,0,0,0,0,0,0,0,0,0,0,0,0,0,0,0,0,0,0,0,0,0,0,0,0,0,0,0,0,0,0,0,0,0,0,0,0,0,0,0,0,0,0,0,0,0,0,0,0,0,0,0,0,0,0,0,0,0,0,0,0,0,0,0,0,0,0,0,0,0,0,0,0,0,0,0,0,0,0,0,0,0,0,0,0,0,0,0,0,0,0,0,0,0,0,0,0,0,0,0,0,0,0,0,0,0,0,0,0,0,0,0,0,0,0,0,0,0,0,0,0,0,0,0,0,0,0,0,0,0,0,0,0,0,0,0,0,0,0,0,0,0,0,0,0,0,0,0,0,0,0,0,0,0,0,0,0,0,0,0,0,0,0,0,0,0,0,0,0,0,0,0,0,0,0,0,0,0,0,0,0,0,0,0,0,0,0,0,0,0,0,0,0,0,0,0,0,0,0,0,0,0,0,0,0,0,0,0,0,0,0.12632,0,0,0,0,0,0.20952,0.22484,0.16654,0.24425,0.23296,0,0,0,0,0,0,0,0.43,0.21646,0.25474,0.54511,0,0,0
0,0,0,0,0,0,0,0,0,0,0,0,0,0,0,0,0,0,0,0,0,0,0,0,0,0,0,0,0,0,0,0,0,0,0,0,0,0,0,0,0,0,0,0,0,0,0,0,0,0,0,0,0,0,0,0,0,0.3209,0.32988,0.18233,0,0,0.55553,0.27324,0.16724,0,0,0,0.46659,0,0,0,0,0,0,0,0,0,0,0,0,0,0,0,0,0,0,0,0,0,0,0,0,0,0,0,0,0,0,0,0,0,0,0,0,0,0,0,0,0,0,0,0,0,0,0,0,0,0,0,0,0,0,0,0,0,0,0,0,0,0,0,0,0,0,0,0,0,0,0,1,0.97708,0.6526,0.38531,0,1,0.95627,0.66155,0.21981,0.21797,0,0,1,1,1,0.89598,0.47924,0.33967,0.19911,1,0.64283,0.44623,0,0.29871,1,1,0.61233,0.9416,1,1,1,1,1,1,1,1,1,1,1,1,1,1,1,1,1,0.71261,0.44824,0.85309,0.91382,1,0.92632,1,1,0.20733,0.64932,1,1,1,1,1,1,1,0.44005,0.69149,0.14702,0,0,0.23705,0.35864,0,0.42832,0,0.64282,0.21096,0,0,0.50524,0,0,0,0,0,0,0,0,0,0,0,0,0,0,1,0,0,0,0,0,0.43413,0.13807,0,0,0,0.82716,0.20229,0,0,0,0,0,0,0,0,0,0,0,0,0,0,0,0,0,0,0,0,0,0,0,0,0,0,0,0,0,0,0,0,0,0,0,0,0,0,0,0,0,0,0,0,0,0,0,0,0,0,0,0,0,0,0,0,0,0,0,0,0,0,0,0,0,0,0,0,0,0,0,0,0,0,0,0,0,0,0,0,0,0,0,0,0,0,0,0,0,0,0,0,0,0,0,0,0,0,0,0,0,0,0,0,0,0,0,0,0,0,0,0,0,0,0,0,0,0,0,0,0,0,0,0,0,0,0,0,0,0,0,0,0,0,0,0,0,0,0,0,0,0,0,0,0,0,0,0,0,0,0,0,0,0,0,0,0,0,0,0,0,0,0,0,0,0,0,0,0,0,0,0,0,0,0,0,0,0,0,0,0,0,0,0,0,0,0,0,0,0,0,0,0,0,0,0,0,0,0,0,0,0,0,0,0,0,0,0,0,0,0,0,0,0,0,0,0,0,0,0,0,0,0,0,0,0,0,0,0,0,0,0,0,0,0,0,0,0,0,0,0.15404,0.1519,0,0,0,0,0,0,0,0.19916,0.14153,0.14619,0.24258,0,0,0
0,0,0,0,0,0,0,0,0,0,0,0,0,0,0,0,0,0,0,0,0,0,0,0,0,0,0,0,0,0,0,0,0,0,0,0,0,0,0,0,0,0,0,0,0,0,0,0,0,0,0,0,0,0,0,0,0,0.42207,0.2699,0.12806,0,0,0.49828,0.19817,0,0,0,0,0.56119,0,0,0,0,0,0,0,0,0,0,0,0,0,0,0,0,0,0,0,0,0,0,0,0,0,0,0,0,0,0,0,0,0,0,0,0,0,0,0,0,0,0,0,0,0,0,0,0,0,0,0,0,0,0,0,0,0,0,0,0,0,0,0,0,0,0,0,0,0,0,0,1,0.8994,0.45824,0.20107,0,1,0.7316,0.37547,0,0,0,0,1,1,0.90179,0.57442,0.2149,0.14905,0,0.78408,0.24869,0.17281,0,0,0.74953,0.6033,0.22113,0.481,0.57365,1,1,1,1,1,1,1,1,1,1,1,1,1,1,1,1,1,0.72899,1,1,1,1,1,1,0.53264,1,1,1,1,1,1,1,0.92124,0.67204,0.90045,0,0,0,0,0.13257,0,0.15592,0,0.22966,0,0,0,0.18606,0,0,0,0,0,0,0,0,0,0,0,0,0,0,1,0,0,0,0,0,0.16867,0,0,0,0,0.39073,0,0,0,0,0,0,0,0,0,0,0,0,0,0,0,0,0,0,0,0,0,0,0,0,0,0,0,0,0,0,0,0,0,0,0,0,0,0,0,0,0,0,0,0,0,0,0,0,0,0,0,0,0,0,0,0,0,0,0,0,0,0,0,0,0,0,0,0,0,0,0,0,0,0,0,0,0,0,0,0,0,0,0,0,0,0,0,0,0,0,0,0,0,0,0,0,0,0,0,0,0,0,0,0,0,0,0,0,0,0,0,0,0,0,0,0,0,0,0,0,0,0,0,0,0,0,0,0,0,0,0,0,0,0,0,0,0,0,0,0,0,0,0,0,0,0,0,0,0,0,0,0,0,0,0,0,0,0,0,0,0,0,0,0,0,0,0,0,0,0,0,0,0,0,0,0,0,0,0,0,0,0,0,0,0,0,0,0,0,0,0,0,0,0,0,0,0,0,0,0,0,0,0,0,0,0,0,0,0,0,0,0,0,0,0,0,0,0,0,0,0,0,0,0,0,0,0,0,0,0,0,0,0.12552,0,0,0,0,0,0.21832,0.22539,0.14058,0.2147,0.19425,0,0,0,0,0,0,0,0.46589,0.17266,0.24517,0.5272,0,0,0
0,0,0,0,0,0,0,0,0,0,0,0,0,0,0,0,0,0,0,0,0,0,0,0,0,0,0,0,0,0,0,0,0,0,0,0,0,0,0,0,0,0,0,0,0,0,0,0,0,0,0,0,0,0,0,0,0,0.1533,0.15842,0,0,0,0.23331,0.15031,0,0,0,0,0.20174,0,0,0,0,0,0,0,0,0,0,0,0,0,0,0,0,0,0,0,0,0,0,0,0,0,0,0,0,0,0,0,0,0,0,0,0,0,0,0,0,0,0,0,0,0,0,0,0,0,0,0,0,0,0,0,0,0,0,0,0,0,0,0,0,0,0,0,0,0,0,0,0.99129,0.62349,0.33422,0.20516,0,0.93159,0.64874,0.3919,0.13874,0.14857,0,0,1,1,0.91382,0.65007,0.24975,0.22517,0.1515,0.92979,0.48124,0.34055,0,0.24341,0.94019,0.87695,0.56167,0.95592,1,1,1,1,1,1,1,1,1,1,1,1,1,1,1,1,1,0.40457,0.21046,0.60539,0.70676,0.82087,0.61306,1,0.74948,0.13282,0.39893,1,1,1,1,1,1,1,0.20162,0.35014,0.12783,0,0,0.23469,0.38515,0,0.49236,0,0.7528,0.24678,0,0,0.64213,0,0,0.13401,0,0,0,0.19861,0,0,0,0,0,0,0,1,0,0,0,0,0,0.61904,0.20714,0,0,0,0.99197,0.37081,0.142,0,0,0,0,0,0,0,0,0,0,0,0,0,0,0,0,0,0,0,0,0,0,0,0,0,0,0,0,0,0,0,0,0,0,0,0,0,0,0,0,0,0,0,0,0,0,0,0,0,0,0,0,0,0,0,0,0,0,0,0,0,0,0,0,0,0,0,0,0,0,0,0,0,0,0,0,0,0,0,0,0,0,0,0,0,0,0,0,0,0,0,0,0,0,0,0,0,0,0,0,0,0,0,0,0,0,0,0,0,0,0,0,0,0,0,0,0,0,0,0,0,0,0,0,0,0,0,0,0,0,0,0,0,0,0,0,0,0,0,0,0,0,0,0,0,0,0,0,0,0,0,0,0,0,0,0,0,0,0,0,0,0,0,0,0,0,0,0,0,0,0,0,0,0,0,0,0,0,0,0,0,0,0,0,0,0,0,0,0,0,0,0,0,0,0,0,0,0,0,0,0,0,0,0,0,0,0,0,0,0,0,0,0,0,0,0,0,0,0,0,0,0,0,0,0,0,0,0,0,0,0,0,0,0,0,0,0,0,0,0,0,0,0,0,0,0,0,0,0,0,0,0.13971,0,0,0
0,0,0,0,0,0,0,0,0,0,0,0,0,0,0,0,0,0,0,0,0,0,0,0,0,0,0,0,0,0,0,0,0,0,0,0,0,0,0,0,0,0,0,0,0,0,0,0,0,0,0,0,0,0,0,0,0,0,0.16326,0,0,0,0.23473,0.19946,0.14158,0,0,0,0.15291,0,0,0,0,0,0,0,0,0,0,0,0,0,0,0,0,0,0,0,0,0,0,0,0,0,0,0,0,0,0,0,0,0,0,0,0,0,0,0,0,0,0,0,0,0,0,0,0,0,0,0,0,0,0,0,0,0,0,0,0,0,0,0,0,0,0,0,0,0,0,0,0.92492,0.63176,0.48568,0.38381,0.1661,1,0.82152,0.6549,0.24499,0.31598,0.20661,0,1,1,1,0.94953,0.58329,0.5962,0.39966,1,0.90016,0.81424,0.22198,0.731,1,1,1,1,1,1,1,1,1,1,1,1,1,1,1,1,1,1,1,1,1,0.18683,0,0.22487,0.24614,0.39601,0.2782,1,0.49692,0,0.15707,1,1,1,1,1,1,1,0,0.19658,0.39252,0.21223,0.21481,0.73335,0.92202,0.26913,1,0.24943,1,0.77271,0.24351,0,1,0.13663,0,0.40135,0.24884,0.17576,0.24314,0.45145,0,0,0,0,0,0,0,1,0,0,0,0,0,1,0.59305,0.18969,0,0,1,0.76933,0.31962,0.17437,0,0.14096,0,0,0,0,0,0,0,0,0,0,0,0,0,0,0,0,0,0,0,0,0,0,0,0,0,0,0,0,0,0,0,0,0,0,0,0,0,0,0,0,0,0,0,0,0,0,0,0,0,0,0,0,0,0,0,0,0,0,0,0,0,0,0,0,0,0,0,0,0,0,0,0,0,0,0,0,0,0,0,0,0,0,0,0,0,0,0,0,0,0,0,0,0,0,0,0,0,0,0,0,0,0,0,0,0,0,0,0,0,0,0,0,0,0,0,0,0,0,0,0,0,0,0,0,0,0,0,0,0,0,0,0,0,0,0,0,0,0,0,0,0,0,0,0,0,0,0,0,0,0,0,0,0,0,0,0,0,0,0,0,0,0,0,0,0,0,0,0,0,0,0,0,0,0,0,0,0,0,0,0,0,0,0,0,0,0,0,0,0,0,0,0,0,0,0,0,0,0,0,0,0,0,0,0,0,0,0,0,0,0,0,0,0,0,0,0,0,0,0,0,0,0,0,0,0,0,0,0,0,0,0,0,0,0,0,0,0,0,0,0,0,0,0,0,0,0,0,0,0,0,0,0
0,0,0,0,0,0,0,0,0,0,0,0,0,0,0,0,0,0,0,0,0,0,0,0,0,0,0,0,0,0,0,0,0,0,0,0,0,0,0,0,0,0,0,0.13746,0.24499,0.13706,0,0.15186,0,0,0,0,0,0,0,0,0,1,1,0.26988,0,0,1,0.33783,0,0,0,0,1,0,0,0,0,0,0,0,0,0,0,0,0,0,0,0,0,0,0,0,0,0,0,0,0,0,0,0,0,0,0,0,0,0,0,0,0,0,0,0,0,0,0,0,0,0,0,0,0,0,0,0,0,0,0,0,0,0,0,0,0,0,0,0,0,0,0,0,0,0,0,0,1,1,0.49859,0,0,0.75977,0.51905,0.16507,0,0,0,0,1,0.67671,0.33066,0.15071,0,0,0,0.13303,0,0,0,0,0,0,0,0,0,1,1,1,0.90026,1,0.703,0.16598,1,0.75725,0.42501,1,1,0.71261,1,0.40457,0.18683,1,1,1,1,1,1,1,1,1,1,1,1,0.67837,0,0.19562,0.13778,0,1,1,0,0,0,0,0,0,0,0,0,0,0,0,0,0,0,0,0,0,0,0,0,0,0,0,0,0,0,0,0,0,0,0,0,0,0,0,0,0,0,0,0,0,0,0,0,0,0,0,0,0,0,0,0,0,0,0,0,0,0,0,0,0,0,0,0,0,0,0,0,0,0,0,0,0,0,0,0,0,0,0,0,0,0,0,0,0,0,0,0,0,0,0,0,0,0,0,0,0,0,0,0,0,0,0,0,0,0,0,0,0,0,0,0,0,0,0,0,0,0,0,0,0,0,0,0,0,0,0,0,0,0,0,0,0,0,0,0,0,0,0,0,0,0,0,0,0,0,0,0,0,0,0,0,0,0,0,0,0,0,0,0,0,0,0,0,0,0,0,0,0,0,0,0,0,0,0,0,0,0,0,0,0,0,0,0,0,0,0,0,0,0,0,0,0,0,0,0,0,0,0,0,0,0,0,0,0,0,0,0,0,0,0,0,0,0,0,0,0,0,0,0,0,0,0,0,0,0,0,0,0,0,0,0,0,0,0,0,0,0,0,0,0,0,0,0.13445,0.15587,0.14446,0,0.16965,0.20112,0.27512,0.39524,0,0,0,0,0,0,0,0,0,0,0.81158,0.85539,0.70501,1,1,0.64757,0.37287,1,1,1,1,1,1,1,0.2211,1,1,1,1,1,0.70887,0.85259,1,0.8125,0.36701,0.49945,0.63388,1,1,1,1,1,1,1
0,0,0,0,0,0,0,0,0,0,0,0,0,0,0,0,0,0,0,0,0,0,0,0,0,0,0,0,0,0,0,0,0,0,0,0,0,0,0,0,0.14268,0,0,0.21279,0.42623,0.197,0.15192,0.18618,0,0,0,0,0,0,0,0,0,1,1,0.30946,0,0,1,0.35268,0,0,0,0,1,0,0,0,0,0,0,0,0,0,0,0,0,0,0,0,0,0,0,0,0,0,0,0,0,0,0,0,0,0,0,0,0,0,0,0,0,0,0,0,0,0,0,0,0,0,0,0,0,0,0,0,0,0,0,0,0,0,0,0,0,0,0,0,0,0,0,0,0,0,0,0,1,1,0.47519,0,0,0.67475,0.45848,0.14541,0,0,0,0,0.90835,0.5601,0.24412,0,0,0,0,0,0,0,0,0,0,0,0,0,0,1,1,1,0.68118,1,0.46757,0,1,0.50797,0.22744,1,0.76008,0.44824,0.72899,0.21046,0,1,1,1,1,1,1,1,1,1,1,1,1,0.48963,0,0.13536,0,0,1,1,0,0,0,0,0,0,0,0,0,0,0,0,0,0,0,0,0,0,0,0,0,0,0,0,0,0,0,0,0,0,0,0,0,0,0,0,0,0,0,0,0,0,0,0,0,0,0,0,0,0,0,0,0,0,0,0,0,0,0,0,0,0,0,0,0,0,0,0,0,0,0,0,0,0,0,0,0,0,0,0,0,0,0,0,0,0,0,0,0,0,0,0,0,0,0,0,0,0,0,0,0,0,0,0,0,0,0,0,0,0,0,0,0,0,0,0,0,0,0,0,0,0,0,0,0,0,0,0,0,0,0,0,0,0,0,0,0,0,0,0,0,0,0,0,0,0,0,0,0,0,0,0,0,0,0,0,0,0,0,0,0,0,0,0,0,0,0,0,0,0,0,0,0,0,0,0,0,0,0,0,0,0,0,0,0,0,0,0,0,0,0,0,0,0,0,0,0,0,0,0,0,0,0,0,0.17922,0,0,0,0,0,0,0,0,0,0,0,0,0,0,0,0,0,0,0,0,0,0,0,0,0,0,0,0,0,0,0,0,0,0,0,0,0,0.12691,0.18858,0.2344,0.26121,0.23701,0.19106,0.29007,0.34917,0.54433,0.64794,0,0,0,0,0,0,0,0,0,0,1,1,1,1,1,0.93225,0.66336,1,1,1,1,1,1,1,0.40667,1,1,1,1,1,0.95234,1,1,0.95548,0.58947,0.70216,0.82048,1,1,1,1,1,1,1
0,0,0,0,0,0,0,0,0,0,0,0,0,0,0,0,0,0,0,0,0,0,0,0,0,0,0,0,0,0,0,0,0,0,0,0,0,0,0,0,0,0,0,0,0,0,0,0,0,0,0,0,0,0,0,0,0,1,0.42099,0,0,0,0.58987,0,0,0,0,0,1,0,0,0,0,0,0,0,0,0,0,0,0,0,0,0,0,0,0,0,0,0,0,0,0,0,0,0,0,0,0,0,0,0,0,0,0,0,0,0,0,0,0,0,0,0,0,0,0,0,0,0,0,0,0,0,0,0,0,0,0,0,0,0,0,0,0,0,0,0,0,0,1,0.75953,0.1701,0,0,0.36956,0.19723,0,0,0,0,0,0.67453,0.3534,0.16013,0,0,0,0,0,0,0,0,0,0,0,0,0,0,1,1,1,0.8428,1,0.7157,0.17619,1,0.82433,0.47863,1,1,0.85309,1,0.60539,0.22487,1,1,1,1,1,1,1,1,1,1,0.84662,0.89346,0.53553,0,0.1476,0,0,1,1,0,0,0,0,0,0,0,0,0,0,0,0,0,0,0,0,0,0,0,0,0,0,0,0,0,0,0,0,0,0,0,0,0,0,0,0,0,0,0,0,0,0,0,0,0,0,0,0,0,0,0,0,0,0,0,0,0,0,0,0,0,0,0,0,0,0,0,0,0,0,0,0,0,0,0,0,0,0,0,0,0,0,0,0,0,0,0,0,0,0,0,0,0,0,0,0,0,0,0,0,0,0,0,0,0,0,0,0,0,0,0,0,0,0,0,0,0,0,0,0,0,0,0,0,0,0,0,0,0,0,0,0,0,0,0,0,0,0,0,0,0,0,0,0,0,0,0,0,0,0,0,0,0,0,0,0,0,0,0,0,0,0,0,0,0,0,0,0,0,0,0,0,0,0,0,0,0,0,0,0,0,0,0,0,0,0,0,0,0,0,0,0,0,0,0,0,0,0,0,0,0,0,0,0,0,0,0,0,0,0,0,0,0,0,0,0,0,0,0,0,0,0,0,0,0,0,0,0,0,0,0,0,0,0,0,0,0,0,0,0,0,0,0,0,0,0,0,0,0,0,0.14158,0.20137,0,0,0,0,0,0,0,0,0,0,0.66385,0.51266,0.22733,1,1,0.16378,0,1,1,1,1,1,0.62876,0.38105,0,1,1,1,1,1,0.17083,0.2176,0.43128,0.21292,0,0,0.14658,1,0.90687,1,1,1,0.83259,0.67268
0,0,0,0,0,0,0,0,0,0,0,0,0,0,0,0,0,0,0,0,0,0,0,0,0,0,0,0,0,0,0,0,0,0,0,0,0,0,0,0,0,0,0,0,0,0,0,0,0,0,0,0,0,0,0,0,0,0.88093,0.20672,0,0,0,0.3,0,0,0,0,0,0.94683,0,0,0,0,0,0,0,0,0,0,0,0,0,0,0,0,0,0,0,0,0,0,0,0,0,0,0,0,0,0,0,0,0,0,0,0,0,0,0,0,0,0,0,0,0,0,0,0,0,0,0,0,0,0,0,0,0,0,0,0,0,0,0,0,0,0,0,0,0,0,0,0.94307,0.50408,0,0,0,0.22456,0.12732,0,0,0,0,0,0.49359,0.23001,0,0,0,0,0,0,0,0,0,0,0,0,0,0,0,1,1,1,0.79865,1,0.71203,0.18358,1,0.84611,0.50319,1,1,0.91382,1,0.70676,0.24614,1,1,1,1,1,1,1,1,1,1,0.64154,0.7462,0.45701,0,0.12534,0,0,1,1,0,0,0,0,0,0,0,0,0,0,0,0,0,0,0,0,0,0,0,0,0,0,0,0,0,0,0,0,0,0,0,0,0,0,0,0,0,0,0,0,0,0,0,0,0,0,0,0,0,0,0,0,0,0,0,0,0,0,0,0,0,0,0,0,0,0,0,0,0,0,0,0,0,0,0,0,0,0,0,0,0,0,0,0,0,0,0,0,0,0,0,0,0,0,0,0,0,0,0,0,0,0,0,0,0,0,0,0,0,0,0,0,0,0,0,0,0,0,0,0,0,0,0,0,0,0,0,0,0,0,0,0,0,0,0,0,0,0,0,0,0,0,0,0,0,0,0,0,0,0,0,0,0,0,0,0,0,0,0,0,0,0,0,0,0,0,0,0,0,0,0,0,0,0,0,0,0,0,0,0,0,0,0,0,0,0,0,0,0,0,0,0,0,0,0,0,0,0,0,0,0,0,0,0,0,0,0,0,0,0,0,0,0,0,0,0,0,0,0,0,0,0,0,0,0,0,0,0,0,0,0,0,0,0,0,0,0,0,0,0,0,0,0,0,0,0,0,0,0,0,0,0,0,0,0,0,0,0,0,0,0,0,0.46159,0.24596,0,1,0.73499,0,0,1,1,1,0.79742,0.65096,0.26781,0.17201,0,1,1,0.95782,1,0.74814,0,0,0.19078,0,0,0,0,1,0.55232,1,1,1,0.46852,0.30763
0,0,0,0,0,0,0,0,0,0,0,0,0,0,0,0,0,0,0,0,0,0,0,0,0,0,0,0,0,0,0,0,0,0,0,0,0,0,0,0,0,0,0,0,0,0,0,0,0,0,0,0,0,0,0,0,0,1,0.5333,0,0,0,0.71269,0.14725,0,0,0,0,1,0,0,0,0,0,0,0,0,0,0,0,0,0,0,0,0,0,0,0,0,0,0,0,0,0,0,0,0,0,0,0,0,0,0,0,0,0,0,0,0,0,0,0,0,0,0,0,0,0,0,0,0,0,0,0,0,0,0,0,0,0,0,0,0,0,0,0,0,0,0,0,1,0.90978,0.22358,0,0,0.55271,0.26799,0,0,0,0,0,0.86452,0.54956,0.2245,0,0,0,0,0,0,0,0,0,0,0,0,0,0,1,1,1,1,1,0.93997,0.2527,1,1,0.70258,1,1,1,1,0.82087,0.39601,1,1,1,1,1,1,1,1,1,1,1,1,0.75338,0.13646,0.22063,0.14674,0,1,1,0,0,0,0,0,0,0,0,0,0,0,0,0,0,0,0,0,0,0,0,0,0,0,0,0,0,0,0,0,0,0,0,0,0,0,0,0,0,0,0,0,0,0,0,0,0,0,0,0,0,0,0,0,0,0,0,0,0,0,0,0,0,0,0,0,0,0,0,0,0,0,0,0,0,0,0,0,0,0,0,0,0,0,0,0,0,0,0,0,0,0,0,0,0,0,0,0,0,0,0,0,0,0,0,0,0,0,0,0,0,0,0,0,0,0,0,0,0,0,0,0,0,0,0,0,0,0,0,0,0,0,0,0,0,0,0,0,0,0,0,0,0,0,0,0,0,0,0,0,0,0,0,0,0,0,0,0,0,0,0,0,0,0,0,0,0,0,0,0,0,0,0,0,0,0,0,0,0,0,0,0,0,0,0,0,0,0,0,0,0,0,0,0,0,0,0,0,0,0,0,0,0,0,0,0,0,0,0,0,0,0,0,0,0,0,0,0,0,0,0,0,0,0,0,0,0,0,0,0,0,0,0,0,0,0,0,0,0,0,0,0,0,0,0,0,0,0,0,0,0,0,0.14033,0,0,0,0,0,0,0,0,0,0,0.46022,0.34172,0.18668,1,0.91604,0.14555,0,1,1,1,1,0.93093,0.56678,0.35079,0,1,1,1,1,1,0.16913,0.22061,0.4483,0.23586,0,0,0.16042,1,0.93639,1,1,1,0.78728,0.64414
0,0,0,0,0,0,0,0,0,0,0,0,0,0,0,0,0,0,0,0,0,0,0,0,0,0,0,0,0,0,0,0,0,0,0,0,0,0,0,0,0,0,0,0.12899,0.24755,0.14367,0,0.17913,0,0,0,0,0,0,0,0,0,1,1,0.39329,0,0,1,0.47608,0.15806,0,0,0,1,0,0,0,0,0,0,0,0,0,0,0,0,0,0,0,0,0,0,0,0,0,0,0,0,0,0,0,0,0,0,0,0,0,0,0,0,0,0,0,0,0,0,0,0,0,0,0,0,0,0,0,0,0,0,0,0,0,0,0,0,0,0,0,0,0,0,0,0,0,0,0,1,1,0.65777,0.16376,0,0.94802,0.69707,0.22474,0,0,0,0,1,0.87804,0.52588,0.2148,0,0,0,0.20102,0,0,0,0,0.15563,0,0,0,0,1,1,1,1,1,0.92492,0.24,1,0.97653,0.64568,1,1,0.92632,1,0.61306,0.2782,1,1,1,1,1,1,1,1,1,1,1,1,0.8991,0.14918,0.30669,0.2099,0,1,1,0,0,0,0,0,0,0,0,0,0,0,0,0,0,0,0,0,0,0,0,0,0,0,0,0,0,0,0,0,0,0,0,0,0,0,0,0,0,0,0,0,0,0,0,0,0,0,0,0,0,0,0,0,0,0,0,0,0,0,0,0,0,0,0,0,0,0,0,0,0,0,0,0,0,0,0,0,0,0,0,0,0,0,0,0,0,0,0,0,0,0,0,0,0,0,0,0,0,0,0,0,0,0,0,0,0,0,0,0,0,0,0,0,0,0,0,0,0,0,0,0,0,0,0,0,0,0,0,0,0,0,0,0,0,0,0,0,0,0,0,0,0,0,0,0,0,0,0,0,0,0,0,0,0,0,0,0,0,0,0,0,0,0,0,0,0,0,0,0,0,0,0,0,0,0,0,0,0,0,0,0,0,0,0,0,0,0,0,0,0,0,0,0,0,0,0,0,0,0,0,0,0,0,0,0,0,0,0,0,0,0,0,0,0,0,0,0,0,0,0,0,0,0,0,0,0,0,0,0,0,0,0,0,0,0,0,0,0,0,0,0,0,0,0,0,0,0,0,0,0.12839,0.18854,0.22635,0,0,0,0,0,0,0,0,0,0,0.5886,0.64312,0.5298,1,1,0.54064,0.25499,1,1,1,1,1,1,0.98144,0.20577,1,1,1,1,1,0.65976,0.82075,1,0.85776,0.34317,0.49465,0.64322,1,1,1,1,1,1,1
0,0,0,0,0,0,0,0,0,0,0,0,0,0,0,0,0,0,0,0,0,0,0,0,0,0,0,0,0,0,0,0,0,0,0,0,0,0,0,0,0,0,0,0,0,0,0,0,0,0,0,0,0,0,0,0,0,1,0.91142,0.28808,0,0,1,0.43114,0.15913,0,0,0,1,0,0,0,0,0,0,0,0,0,0,0,0,0,0,0,0,0,0,0,0,0,0,0,0,0,0,0,0,0,0,0,0,0,0,0,0,0,0,0,0,0,0,0,0,0,0,0,0,0,0,0,0,0,0,0,0,0,0,0,0,0,0,0,0,0,0,0,0,0,0,0,1,1,0.70385,0.20805,0,1,0.8454,0.35254,0,0,0,0,1,1,0.79677,0.40944,0.16125,0,0,0.4585,0,0,0,0,0.35112,0.19423,0,0,0,1,1,1,1,1,1,0.89531,1,1,1,1,1,1,1,1,1,1,1,1,1,1,1,1,1,1,1,1,1,1,0.56939,0.83274,0.60907,0.27585,1,1,0,0,0,0,0,0,0,0,0,0,0,0,0,0,0,0,0,0,0,0,0,0,0,0,0,0,0,0.16123,0,0,0,0,0,0,0,0,0,0,0,0,0,0,0,0,0,0,0,0,0,0,0,0,0,0,0,0,0,0,0,0,0,0,0,0,0,0,0,0,0,0,0,0,0,0,0,0,0,0,0,0,0,0,0,0,0,0,0,0,0,0,0,0,0,0,0,0,0,0,0,0,0,0,0,0,0,0,0,0,0,0,0,0,0,0,0,0,0,0,0,0,0,0,0,0,0,0,0,0,0,0,0,0,0,0,0,0,0,0,0,0,0,0,0,0,0,0,0,0,0,0,0,0,0,0,0,0,0,0,0,0,0,0,0,0,0,0,0,0,0,0,0,0,0,0,0,0,0,0,0,0,0,0,0,0,0,0,0,0,0,0,0,0,0,0,0,0,0,0,0,0,0,0,0,0,0,0,0,0,0,0,0,0,0,0,0,0,0,0,0,0,0,0,0,0,0,0,0,0,0,0,0,0,0,0,0,0,0,0,0,0,0,0,0,0,0,0,0,0,0,0,0,0,0,0,0,0,0,0,0,0,0,0,0.13174,0.12701,0,0.51319,0.53678,0,0,0.60095,1,1,0.73352,0.72246,0.41701,0.30176,0,1,1,1,1,1,0.18132,0.24538,0.53652,0.46152,0,0.15992,0.2196,1,1,1,1,0.95761,0.67661,0.58877
0,0,0,0,0,0,0,0,0,0,0,0,0,0,0,0,0,0,0,0,0,0,0,0,0,0,0,0,0,0,0,0,0,0,0,0,0,0,0,0,0.1411,0,0,0.23079,0.60636,0.31978,0.18917,0.5147,0,0,0.17452,0,0,0,0,0,0,1,1,0.90752,0.18394,0.22111,1,0.99784,0.49808,0,0,0,1,0,0,0,0,0,0,0,0,0,0,0,0,0,0,0,0,0,0,0,0,0,0,0,0,0,0,0,0,0,0,0,0,0,0,0,0,0,0,0,0,0,0,0,0,0,0,0,0,0,0,0,0,0,0,0,0,0,0,0,0,0,0,0,0,0,0,0,0,0,0,0,1,1,1,0.51269,0,1,1,0.6898,0.21154,0.12615,0,0,1,1,1,0.64422,0.2636,0,0,0.5781,0.15194,0,0,0,0.43363,0.2028,0,0,0,1,1,1,1,1,1,0.50213,1,1,0.89582,1,1,1,1,0.74948,0.49692,1,1,1,1,1,1,1,1,1,1,1,1,1,0.28423,0.70176,0.55346,0.23211,1,1,0,0,0,0,0,0,0,0,0,0,0,0,0,0,0,0,0,0,0,0,0,0,0,0,0,0,0,0,0,0,0,0,0,0,0,0,0,0,0,0,0,0,0,0,0,0,0,0,0,0,0,0,0,0,0,0,0,0,0,0,0,0,0,0,0,0,0,0,0,0,0,0,0,0,0,0,0,0,0,0,0,0,0,0,0,0,0,0,0,0,0,0,0,0,0,0,0,0,0,0,0,0,0,0,0,0,0,0,0,0,0,0,0,0,0,0,0,0,0,0,0,0,0,0,0,0,0,0,0,0,0,0,0,0,0,0,0,0,0,0,0,0,0,0,0,0,0,0,0,0,0,0,0,0,0,0,0,0,0,0,0,0,0,0,0,0,0,0,0,0,0,0,0,0,0,0,0,0,0,0,0,0,0,0,0,0,0,0,0,0,0,0,0,0,0,0,0,0,0,0,0,0,0,0,0,0,0,0,0,0,0,0,0,0,0,0,0,0,0,0,0,0,0,0,0,0,0,0,0,0,0,0,0,0,0,0,0,0,0,0,0,0,0,0,0,0.1381,0.16599,0,0,0,0,0.13198,0,0,0,0,0,0,0,0,0,0,0.23801,0.38,0.4303,0.75593,1,0.64511,0.33696,0.56749,1,1,1,1,1,1,0.37626,1,1,1,1,1,0.90049,1,1,1,0.64461,0.83099,1,1,1,1,1,1,1,1
0,0,0,0,0,0,0,0,0,0,0,0,0,0,0,0,0,0,0,0,0,0,0,0,0,0,0,0,0,0,0,0,0,0,0,0,0,0,0,0,0,0,0,0,0,0,0,0,0,0,0,0,0,0,0,0,0,0.7905,0,0,0,0,0.16965,0,0,0,0,0,0.80827,0,0,0,0,0,0,0,0,0,0,0,0,0,0,0,0,0,0,0,0,0,0,0,0,0,0,0,0,0,0,0,0,0,0,0,0,0,0,0,0,0,0,0,0,0,0,0,0,0,0,0,0,0,0,0,0,0,0,0,0,0,0,0,0,0,0,0,0,0,0,0,0.49279,0.20495,0,0,0,0,0,0,0,0,0,0,0.1511,0,0,0,0,0,0,0,0,0,0,0,0,0,0,0,0,0.98072,0.72009,0.4191,0.19375,0.69844,0.15334,0,0.99329,0.19211,0,0.77512,0.45549,0.20733,0.53264,0.13282,0,1,1,1,1,1,1,1,1,1,1,0.21427,0.21699,0,0,0,0,0,1,1,0,0,0,0,0,0,0,0,0,0,0,0,0,0,0,0,0,0,0,0,0,0,0,0,0,0,0,0,0,0,0,0,0,0,0,0,0,0,0,0,0,0,0,0,0,0,0,0,0,0,0,0,0,0,0,0,0,0,0,0,0,0,0,0,0,0,0,0,0,0,0,0,0,0,0,0,0,0,0,0,0,0,0,0,0,0,0,0,0,0,0,0,0,0,0,0,0,0,0,0,0,0,0,0,0,0,0,0,0,0,0,0,0,0,0,0,0,0,0,0,0,0,0,0,0,0,0,0,0,0,0,0,0,0,0,0,0,0,0,0,0,0,0,0,0,0,0,0,0,0,0,0,0,0,0,0,0,0,0,0,0,0,0,0,0,0,0,0,0,0,0,0,0,0,0,0,0,0,0,0,0,0,0,0,0,0,0,0,0,0,0,0,0,0,0,0,0,0,0,0,0,0,0,0,0.18629,0,0,0,0,0,0,0,0,0,0,0,0,0,0,0,0,0,0,0,0,0,0,0,0,0,0,0,0,0,0,0,0,0,0,0,0,0,0,0,0,0,0,0,0.16427,0.35863,0.3468,0.57865,0,0,0,0,0,0,0,0,0,0,1,0.9131,0.37671,1,1,0.14676,0,1,1,1,1,0.98561,0.57599,0.24424,0,1,1,1,1,0.78735,0,0.12968,0.2113,0,0,0,0,1,0.5532,1,1,1,0.71136,0.50529
0,0,0,0,0,0,0,0,0,0,0,0,0,0,0,0,0,0,0,0,0,0,0,0,0,0,0,0,0,0,0,0,0,0,0,0,0,0,0,0,0,0,0,0,0,0,0,0,0,0,0,0,0,0,0,0,0,1,0.37107,0,0,0,0.52846,0,0,0,0,0,1,0,0,0,0,0,0,0,0,0,0,0,0,0,0,0,0,0,0,0,0,0,0,0,0,0,0,0,0,0,0,0,0,0,0,0,0,0,0,0,0,0,0,0,0,0,0,0,0,0,0,0,0,0,0,0,0,0,0,0,0,0,0,0,0,0,0,0,0,0,0,0,1,0.66871,0.1371,0,0,0.24778,0.15813,0,0,0,0,0,0.53909,0.237,0,0,0,0,0,0,0,0,0,0,0,0,0,0,0,1,1,1,0.657,1,0.52144,0,1,0.62548,0.27996,1,0.98345,0.64932,1,0.39893,0.15707,1,1,1,1,1,1,1,1,1,1,0.72293,0.74135,0.36023,0,0,0,0,1,1,0,0,0,0,0,0,0,0,0,0,0,0,0,0,0,0,0,0,0,0,0,0,0,0,0,0,0,0,0,0,0,0,0,0,0,0,0,0,0,0,0,0,0,0,0,0,0,0,0,0,0,0,0,0,0,0,0,0,0,0,0,0,0,0,0,0,0,0,0,0,0,0,0,0,0,0,0,0,0,0,0,0,0,0,0,0,0,0,0,0,0,0,0,0,0,0,0,0,0,0,0,0,0,0,0,0,0,0,0,0,0,0,0,0,0,0,0,0,0,0,0,0,0,0,0,0,0,0,0,0,0,0,0,0,0,0,0,0,0,0,0,0,0,0,0,0,0,0,0,0,0,0,0,0,0,0,0,0,0,0,0,0,0,0,0,0,0,0,0,0,0,0,0,0,0,0,0,0,0,0,0,0,0,0,0,0,0,0,0,0,0,0,0,0,0,0,0,0,0,0,0,0,0,0,0,0,0,0,0,0,0,0,0,0,0,0,0,0,0,0,0,0,0,0,0,0,0,0,0,0,0,0,0,0,0,0,0,0,0,0,0,0,0,0,0,0,0,0,0,0.18186,0.20563,0.30227,0,0,0,0,0,0,0,0,0,0,0.86983,0.70388,0.34075,1,1,0.19907,0,1,1,1,1,1,0.73811,0.46445,0,1,1,1,1,1,0.1918,0.23414,0.47227,0.21096,0,0,0.15349,1,0.93319,1,1,1,0.9265,0.753
0,0,0,0,0,0,0,0,0.1595,0,0,0,0,0,0,0,0,0.34382,0.784,0.36341,0,0,0,0,0,0,0,0,1,0.25884,0,0,0,0,0,0,0,0,0,0,0,0,0.13696,0.22019,0.71463,0.56616,0.21641,1,0.40512,0.17686,0.81558,0.47473,0.18314,0.16574,0.58641,0.28893,0.16354,1,1,1,1,1,1,1,1,0,0,0,1,0,0,0,0,0,0,0,0,0,0,0,0,0,0,0,0,0,0,0,0,0,0,0,0,0,0,0,0,0,0,0,0,0,0,0,0,0,0,0,0,0,0,0,0,0,0,0,0,0,0,0,0,0,0,0,0,0,0,0,0,0,0,0,0,0,0,0,0,0,0,0,1,1,1,1,0.7451,1,1,1,1,1,0.70203,0.23094,1,1,1,1,1,1,0.76086,1,1,0.82343,0.27986,0.52138,1,1,0.66448,0.59773,0.43085,1,1,1,1,1,1,1,1,1,1,1,1,1,1,1,1,1,1,0.84662,0.64154,1,1,1,1,0.21427,0.72293,1,1,1,1,1,1,1,1,1,0.22819,0.13262,0,0.21759,0.20426,0,0.16684,0,0.15875,0,0,0,0,0,0,0,0,0,0,0,0,0,0,0,0,0,0,0.35013,0,0,0,0,0,0,0,0,0,0,0.13554,0,0,0,0,0,0,0,0,0,0,0,0,0,0,0,0,0,0,0,0,0,0,0,0,0,0,0,0,0,0,0,0,0,0,0,0,0,0,0,0,0,0,0,0,0,0,0,0,0,0,0,0,0,0,0,0,0,0,0,0,0,0,0,0,0,0,0,0,0,0,0,0,0,0,0,0,0,0,0,0,0,0,0,0,0,0,0,0,0,0,0,0,0,0,0,0,0,0,0,0,0,0,0,0,0,0,0,0,0,0,0,0,0,0,0,0,0,0,0,0,0,0,0,0,0,0,0,0,0,0,0,0,0,0,0,0,0,0,0,0,0,0,0,0,0,0,0,0,0,0,0,0,0,0,0,0,0,0,0,0,0,0,0,0,0,0,0,0,0,0,0,0,0,0,0,0,0,0,0,0,0,0,0,0,0,0,0,0,0,0,0,0,0,0,0,0,0,0,0,0,0,0,0,0,0,0,0,0,0,0,0,0,0,0,0,0,0,0,0,0,0,0,0,0,0,0,0,0.15928,0.18104,0,0,0,0.24631,0.31267,0.50754,0.41534,0.56878,0.22748,0.24517,0.45359,0.9091,1,1,0.57712,0.82341,1,1,0.5375,0.80367,1,0.41071,1,0.67218,0.88693,0.26371,0.69921,0.76732
0,0,0,0,0,0,0,0,0,0,0,0,0,0,0,0,0,0.24028,0.56994,0.21354,0,0,0,0,0,0,0,0,0.81026,0.19961,0,0,0,0,0,0,0,0,0,0,0,0,0,0,0.26262,0.20462,0,0.73974,0.15872,0,0.419,0.19456,0,0,0.2413,0.1495,0,1,1,1,0.93062,0.82996,1,1,1,0,0,0,1,0,0,0,0,0,0,0,0,0,0,0,0,0,0,0,0,0,0,0,0,0,0,0,0,0,0,0,0,0,0,0,0,0,0,0,0,0,0,0,0,0,0,0,0,0,0,0,0,0,0,0,0,0,0,0,0,0,0,0,0,0,0,0,0,0,0,0,0,0,0,0,1,1,1,1,0.66999,1,1,1,1,1,0.66768,0.22949,1,1,1,1,1,1,0.78592,1,1,0.93763,0.33824,0.6647,1,1,0.85835,0.87973,0.75683,1,1,1,1,1,1,1,1,1,1,1,1,1,1,1,1,1,1,0.89346,0.7462,1,1,1,1,0.21699,0.74135,1,1,1,1,1,1,1,1,1,0.31009,0.17271,0,0.35349,0.35539,0,0.27861,0,0.30014,0,0,0,0.19614,0,0,0,0,0,0,0,0,0,0,0,0,0,0,0.76339,0,0,0,0,0,0,0,0,0,0,0.27246,0,0,0,0,0,0,0,0,0,0,0,0,0,0,0,0,0,0,0,0,0,0,0,0,0,0,0,0,0,0,0,0,0,0,0,0,0,0,0,0,0,0,0,0,0,0,0,0,0,0,0,0,0,0,0,0,0,0,0,0,0,0,0,0,0,0,0,0,0,0,0,0,0,0,0,0,0,0,0,0,0,0,0,0,0,0,0,0,0,0,0,0,0,0,0,0,0,0,0,0,0,0,0,0,0,0,0,0,0,0,0,0,0,0,0,0,0,0,0,0,0,0,0,0,0,0,0,0,0,0,0,0,0,0,0,0,0,0,0,0,0,0,0,0,0,0,0,0,0,0,0,0,0,0,0,0,0,0,0,0,0,0,0,0,0,0,0,0,0,0,0,0,0,0,0,0,0,0,0,0,0,0,0,0,0,0,0,0,0,0,0,0,0,0,0,0,0,0,0,0,0,0,0,0,0,0,0,0,0,0,0,0,0,0,0,0,0,0,0,0,0,0,0,0,0,0,0,0,0,0,0,0,0.19049,0.17947,0.23257,0.18804,0.22619,0,0.21178,0.31445,0.61385,0.88756,1,0.21774,0.39733,0.66752,1,0.19799,0.35737,0.57681,0.35038,1,0.50325,0.74794,0.18284,0.35153,0.39544
0,0,0,0,0,0,0,0,0,0,0,0,0,0,0,0,0,0.27624,0.48522,0.18625,0,0,0,0,0,0,0,0,0.72765,0.2024,0,0,0,0,0,0,0,0,0,0,0,0,0,0,0,0,0,0.30046,0,0,0.18403,0,0,0,0.14094,0,0,0.80935,1,1,0.75015,0.54778,1,1,1,0,0,0,0.95602,0,0,0,0,0,0,0,0,0,0,0,0,0,0,0,0,0,0,0,0,0,0,0,0,0,0,0,0,0,0,0,0,0,0,0,0,0,0,0,0,0,0,0,0,0,0,0,0,0,0,0,0,0,0,0,0,0,0,0,0,0,0,0,0,0,0,0,0,0,0,0,1,1,1,1,0.77156,1,1,1,1,1,0.8237,0.40286,1,1,1,1,1,1,1,1,1,1,0.6278,1,1,1,1,1,1,1,1,1,1,1,1,1,1,1,1,1,1,1,1,1,1,0.67837,0.48963,0.53553,0.45701,0.75338,0.8991,1,1,0,0.36023,1,1,1,1,1,1,1,0.60923,0.89017,0.6832,0.3923,0.27443,0.81228,0.85849,0.23239,0.81686,0.18777,0.87548,0.42023,0.13877,0,0.6716,0,0,0,0,0,0,0,0,0,0,0,0,0,0,1,0,0,0,0,0,0.45766,0.13475,0,0,0,0.87189,0.12802,0,0,0,0,0,0,0,0,0,0.16464,0.18165,0,0,0,0.15709,0,0,0,0,0,0.134,0,0,0,0,0,0,0,0,0,0,0,0,0,0,0,0,0,0,0,0,0,0,0,0,0,0,0,0,0,0,0,0,0,0,0,0,0,0,0,0,0,0,0,0,0,0,0,0,0,0,0,0,0,0,0,0,0,0,0,0,0,0,0,0,0,0,0,0,0,0,0,0,0,0,0,0,0,0,0,0,0,0,0,0,0,0,0,0,0,0,0,0,0,0,0,0,0,0,0,0,0,0,0,0,0,0,0,0,0,0,0,0,0,0,0,0,0,0,0,0,0,0,0,0,0,0,0,0,0,0,0,0,0,0,0,0,0,0,0,0,0,0,0,0,0,0,0,0,0,0,0,0,0,0,0,0,0,0,0,0,0,0,0,0,0,0,0,0,0,0,0,0,0,0,0,0,0,0,0,0,0,0,0,0,0,0,0,0,0,0,0,0,0,0,0,0,0,0,0,0,0,0,0,0,0,0,0,0,0,0,0,0,0,0,0,0,0,0,0.17447,0.29476,0.41519,0,0,0.18949,0.45046,0,0,0.16943,0.13571,0.45948,0.15892,0.24578,0,0,0
0,0,0,0,0,0,0,0,0,0,0,0,0,0,0,0,0,0.26499,0.24314,0,0,0,0,0,0,0,0,0,0.45006,0.17752,0,0,0,0,0,0,0,0,0,0,0,0,0,0,0,0,0,0,0,0,0,0,0,0,0,0,0,0,0.24162,0.28363,0.32759,0.16705,0.41083,0.53217,0.47339,0,0,0,0.14813,0.15189,0,0,0,0,0,0,0.17314,0,0,0,0,0,0,0,0,0,0,0,0,0,0,0,0,0,0,0,0,0,0,0,0,0,0,0,0,0,0,0,0,0,0,0,0,0,0,0,0,0,0,0,0,0,0,0,0,0,0,0,0,0,0,0,0,0,0,0,0,0,0,0,0.96172,0.81324,0.90325,0.98542,0.78387,1,1,1,0.91363,1,0.92426,0.66015,1,1,1,1,1,1,1,1,1,1,1,1,1,1,1,1,1,1,1,1,1,1,1,1,1,1,1,1,1,1,1,1,1,0,0,0,0,0.13646,0.14918,0.56939,0.28423,0,0,1,1,1,1,1,1,1,0,0.12943,1,0.96489,0.94833,1,1,1,1,0.93724,1,1,0.84802,0.44682,1,0.46557,0.27065,0.84175,0.6436,0.45094,0.43329,0.47911,0,0,0,0,0,0,0.23594,1,0,0,0,0,0,1,0.92047,0.36376,0,0,1,0.8736,0.44311,0.18874,0,0.19469,0,0,0,0,0,0.5067,0.62499,0.1809,0,0,0.62645,0,0,0,0,0,0.62372,0.21941,0,0,0,0,0,0,0.5884,0.22391,0,0,0,0,0,0.14093,0,0,0,0.22082,0,0,0,0,0,0,0,0,0,0,0,0,0,0,0,0,0,0,0,0,0,0,0,0,0,0,0,0,0,0,0,0,0,0,0,0,0,0,0,0,0,0,0,0,0,0,0,0,0,0,0,0,0,0,0,0,0,0,0,0,0,0,0,0,0,0,0,0,0,0,0,0,0,0,0,0,0,0,0,0,0,0,0,0,0,0,0,0,0,0,0,0,0,0,0,0,0,0,0,0,0,0,0,0,0,0,0,0,0,0,0,0,0,0,0,0,0,0,0,0,0,0,0,0,0,0,0,0,0,0,0,0,0,0,0,0,0,0,0,0,0,0,0,0,0,0,0,0,0,0,0,0,0,0,0,0,0,0,0,0,0,0,0,0,0,0,0,0,0,0,0,0,0,0,0,0,0,0,0,0,0,0,0,0,0,0,0,0,0,0,0,0,0,0,0,0,0,0,0,0,0,0,0,0,0,0,0,0,0,0,0,0,0,0,0,0
0,0,0,0,0,0,0,0,0,0,0,0,0,0,0,0,0,0.6287,0.70263,0.29522,0,0,0,0,0,0,0,0,0.93503,0.42413,0,0,0,0,0,0,0,0,0,0,0,0,0,0,0,0,0,0.21666,0,0,0.16525,0,0,0,0.14794,0,0,0.32186,0.81225,0.87964,0.86067,0.56489,0.99131,1,1,0,0,0,0.46417,0.24675,0.14846,0,0,0,0,0,0.23446,0,0,0,0,0.13874,0,0,0,0,0,0,0,0,0,0,0,0,0,0,0,0,0,0,0,0,0,0,0,0,0,0,0,0,0,0,0,0,0,0,0,0,0,0,0,0,0,0,0,0,0,0,0,0,0,0,0,0,0,0,0,0,0,0,1,1,1,1,1,1,1,1,1,1,1,0.87834,1,1,1,1,1,1,1,1,1,1,1,1,1,1,1,1,1,1,1,1,1,1,1,1,1,1,1,1,1,1,1,1,1,0.19562,0.13536,0.1476,0.12534,0.22063,0.30669,0.83274,0.70176,0,0,1,1,1,1,1,1,1,0.18068,0.32355,1,0.96318,0.86188,1,1,0.79329,1,0.65529,1,0.98814,0.49659,0.20799,1,0.1921,0.14494,0.36999,0.21861,0.16019,0.12659,0.13033,0,0,0,0,0,0,0,1,0,0,0,0,0,0.94686,0.39712,0,0,0,1,0.29314,0,0,0,0,0,0,0,0,0,0.5474,0.61464,0.1759,0,0,0.55453,0,0,0,0,0,0.49371,0.17968,0,0,0,0,0,0,0.41277,0.16996,0,0,0,0,0,0,0,0,0,0.1343,0,0,0,0,0,0,0,0,0,0,0,0,0,0,0,0,0,0,0,0,0,0,0,0,0,0,0,0,0,0,0,0,0,0,0,0,0,0,0,0,0,0,0,0,0,0,0,0,0,0,0,0,0,0,0,0,0,0,0,0,0,0,0,0,0,0,0,0,0,0,0,0,0,0,0,0,0,0,0,0,0,0,0,0,0,0,0,0,0,0,0,0,0,0,0,0,0,0,0,0,0,0,0,0,0,0,0,0,0,0,0,0,0,0,0,0,0,0,0,0,0,0,0,0,0,0,0,0,0,0,0,0,0,0,0,0,0,0,0,0,0,0,0,0,0,0,0,0,0,0,0,0,0,0,0,0,0,0,0,0,0,0,0,0,0,0,0,0,0,0,0,0,0,0,0,0,0,0,0,0,0,0,0,0,0,0,0,0,0,0,0,0,0,0,0,0,0,0,0,0,0,0.14254,0,0,0,0.20806,0,0,0,0,0.16693,0,0,0,0,0
0,0,0,0,0,0,0,0,0.19866,0,0,0,0,0,0,0,0,0.9197,0.96658,0.56629,0.16263,0,0,0,0,0,0,0,1,0.71067,0.21633,0,0,0,0,0,0,0,0,0,0,0,0,0,0,0,0,0.28477,0,0,0.22428,0.13211,0,0,0.2171,0.16399,0,0.26279,0.8489,1,1,0.76459,1,1,1,0,0,0,0.40012,0.53554,0.24689,0.14359,0,0,0,0,0.49319,0,0,0,0,0.23219,0,0,0,0,0,0,0,0,0,0,0,0,0,0,0,0,0,0,0,0,0,0,0,0,0,0,0,0,0,0,0,0,0,0,0,0,0,0,0,0,0,0,0,0,0,0,0,0,0,0,0,0,0,0,0,0,0,0,1,1,1,1,1,1,1,1,1,1,1,1,1,1,1,1,1,1,1,1,1,1,1,1,1,1,1,1,1,1,1,1,1,1,1,1,1,1,1,1,1,1,1,1,1,0.13778,0,0,0,0.14674,0.2099,0.60907,0.55346,0,0,1,1,1,1,1,1,1,0.13681,0.2303,1,1,1,1,1,0.96768,1,0.80249,1,1,0.61124,0.25829,1,0.22503,0.18815,0.41178,0.22933,0.17587,0,0,0,0,0,0,0,0,0,1,0,0,0,0,0,0.93547,0.39668,0,0,0,1,0.24198,0,0,0,0,0,0,0,0,0.18408,0.81047,0.86392,0.28003,0,0,0.78596,0,0,0,0,0,0.7061,0.25955,0,0,0,0,0,0,0.60906,0.23848,0,0,0,0,0,0.13134,0,0,0,0.18984,0,0,0,0,0,0,0,0,0,0,0,0,0,0,0,0,0,0,0,0,0,0,0,0,0,0,0,0,0,0,0,0,0,0,0,0,0,0,0,0,0,0,0,0,0,0,0,0,0,0,0,0,0,0,0,0,0,0,0,0,0,0,0,0,0,0,0,0,0,0,0,0,0,0,0,0,0,0,0,0,0,0,0,0,0,0,0,0,0,0,0,0,0,0,0,0,0,0,0,0,0,0,0,0,0,0,0,0,0,0,0,0,0,0,0,0,0,0,0,0,0,0,0,0,0,0,0,0,0,0,0,0,0,0,0,0,0,0,0,0,0,0,0,0,0,0,0,0,0,0,0,0,0,0,0,0,0,0,0,0,0,0,0,0,0,0,0,0,0,0,0,0,0,0,0,0,0,0,0,0,0,0,0,0,0,0,0,0,0,0,0,0,0,0,0,0,0,0,0,0,0,0,0,0,0,0.22358,0,0,0,0,0.15541,0,0,0,0,0
0,0,0,0,0,0,0,0,0.19784,0,0,0,0,0,0,0,0,1,0.94038,0.56697,0.1843,0,0,0,0,0,0,0,1,0.7713,0.24911,0,0.14953,0,0,0,0,0,0,0,0,0,0,0,0,0,0,0.18575,0,0,0.16523,0,0,0,0.1728,0.13154,0,0.13817,0.5391,0.77052,0.98403,0.61289,0.6874,1,1,0,0,0,0.18344,0.68504,0.39801,0.19377,0,0,0,0,0.70945,0.14585,0,0,0,0.45093,0,0,0,0,0,0,0,0,0,0,0,0,0,0,0,0,0,0,0,0,0,0,0,0,0,0,0,0,0,0,0,0,0,0,0,0,0,0,0,0,0,0,0,0,0,0,0,0,0,0,0,0,0,0,0,0,0,0,1,1,1,1,1,1,1,1,1,1,1,1,1,1,1,1,1,1,1,1,1,1,1,1,1,1,1,1,1,0.87559,1,1,1,1,1,1,0.75743,1,1,0.85548,1,1,0.92124,1,1,0,0,0,0,0,0,0.27585,0.23211,0,0,1,1,1,1,1,1,1,0,0,1,1,1,1,1,1,1,1,1,1,0.96465,0.61537,1,0.52494,0.42107,0.73656,0.50826,0.35663,0.21152,0.18224,0,0,0,0,0,0,0.23772,1,0,0,0,0,0,1,0.69483,0.21591,0,0,1,0.47032,0.19358,0,0,0,0,0,0,0,0.34961,1,1,0.58846,0.20654,0,1,0,0,0,0,0,1,0.59792,0.19936,0,0,0,0,0,0.95982,0.56211,0.18091,0,0,0,0,0.24911,0,0,0,0.42677,0.14577,0,0,0,0,0,0,0,0,0,0,0,0,0.16181,0,0,0,0,0,0,0,0,0,0,0,0,0,0,0,0,0,0,0,0,0,0,0,0,0,0,0,0,0,0,0,0,0,0,0,0,0,0,0,0,0,0,0,0,0,0,0,0,0,0,0,0,0,0,0,0,0,0,0,0,0,0,0,0,0,0,0,0,0,0,0,0,0,0,0,0,0,0,0,0,0,0,0,0,0,0,0,0,0,0,0,0,0,0,0,0,0,0,0,0,0,0,0,0,0,0,0,0,0,0,0,0,0,0,0,0,0,0,0,0,0,0,0,0,0,0,0,0,0,0,0,0,0,0,0,0,0,0,0,0,0,0,0,0,0,0,0,0,0,0,0,0,0,0,0,0,0,0,0,0,0,0,0,0,0,0,0,0,0,0,0,0,0,0,0,0,0,0,0,0,0,0,0,0,0,0,0,0,0,0,0,0,0,0,0,0,0,0,0,0,0,0
0,0,0,0,0,0,0,0,0,0,0,0,0,0,0,0,0,0,0,0,0,0,0,0,0,0,0,0,0,0,0,0,0,0,0,0,0,0,0,0.15325,0.24305,0,0,0.45206,0.75909,0.42734,0.2781,0.39737,0,0,0,0,0,0,0,0,0,1,1,0.62788,0,0.1275,1,0.65874,0.21415,0,0,0.13282,1,0,0,0,0,0,0,0,0,0,0,0,0,0,0,0,0,0,0,0,0,0,0,0,0,0,0,0,0,0,0,0,0,0,0,0,0,0,0,0,0,0,0,0,0,0,0,0,0,0,0,0,0,0,0,0,0,0,0,0,0,0,0,0,0,0,0,0,0,0,0,0,1,1,0.75729,0.18559,0,0.90653,0.71316,0.23191,0,0,0,0,1,0.76303,0.45619,0.19945,0,0,0,0.16208,0,0,0,0,0,0,0,0,0,1,1,1,0.75411,1,0.5162,0,1,0.53067,0.24032,0.96844,0.73382,0.44005,0.67204,0.20162,0,1,1,1,1,1,1,1,1,1,1,1,1,0.60923,0,0.18068,0.13681,0,1,1,0,0,0,0,0,0,0,0,0,0,0,0,0,0,0,0,0,0,0,0,0,0,0,0,0,0,0,0,0,0,0,0,0,0,0,0,0,0,0,0,0,0,0,0,0,0,0,0,0,0,0,0,0,0,0,0,0,0,0,0,0,0,0,0,0,0,0,0,0,0,0,0,0,0,0,0,0,0,0,0,0,0,0,0,0,0,0,0,0,0,0,0,0,0,0,0,0,0,0,0,0,0,0,0,0,0,0,0,0,0,0,0,0,0,0,0,0,0,0,0,0,0,0,0,0,0,0,0,0,0,0,0,0,0,0,0,0,0,0,0,0,0,0,0,0,0,0,0,0,0,0,0,0,0,0,0,0,0,0,0,0,0,0,0,0,0,0,0,0,0,0,0,0,0,0,0,0,0,0,0,0,0,0,0,0,0,0,0,0,0,0,0,0,0,0,0,0,0,0,0,0,0,0,0,0.15111,0,0,0,0,0,0,0,0,0,0,0,0,0,0,0,0,0,0,0,0,0,0,0,0,0,0,0,0,0,0,0,0.1827,0.18884,0,0,0,0,0.15067,0.22625,0.35348,0.45751,0.4574,0.19663,0.28857,0.25921,0.5051,0.56879,0,0,0,0,0,0,0,0,0,0,0.84411,1,1,1,1,1,0.87127,0.99381,1,1,1,1,1,1,0.70498,1,1,1,1,1,1,1,1,1,0.90594,1,1,1,1,1,1,1,1,1
0,0,0,0,0,0,0,0,0,0,0,0,0,0,0,0,0,0,0,0,0,0,0,0,0,0,0,0,0,0,0,0,0,0,0,0,0,0,0,0.13077,0.2238,0,0,0.41714,0.77482,0.4603,0.26471,0.52134,0.13197,0,0.16804,0,0,0,0,0,0,1,1,0.81208,0.13222,0.18769,1,0.86285,0.34917,0,0,0,1,0,0,0,0,0,0,0,0,0,0,0,0,0,0,0,0,0,0,0,0,0,0,0,0,0,0,0,0,0,0,0,0,0,0,0,0,0,0,0,0,0,0,0,0,0,0,0,0,0,0,0,0,0,0,0,0,0,0,0,0,0,0,0,0,0,0,0,0,0,0,0,1,1,0.98853,0.29408,0,1,0.96501,0.44419,0.13665,0,0,0,1,1,0.72286,0.36003,0.16794,0,0,0.25825,0,0,0,0,0.20191,0,0,0,0,1,1,1,1,1,0.78575,0.19899,1,0.79272,0.48855,1,0.97636,0.69149,0.90045,0.35014,0.19658,1,1,1,1,1,1,1,1,1,1,1,1,0.89017,0.12943,0.32355,0.2303,0,1,1,0,0,0,0,0,0,0,0,0,0,0,0,0,0,0,0,0,0,0,0,0,0,0,0,0,0,0,0,0,0,0,0,0,0,0,0,0,0,0,0,0,0,0,0,0,0,0,0,0,0,0,0,0,0,0,0,0,0,0,0,0,0,0,0,0,0,0,0,0,0,0,0,0,0,0,0,0,0,0,0,0,0,0,0,0,0,0,0,0,0,0,0,0,0,0,0,0,0,0,0,0,0,0,0,0,0,0,0,0,0,0,0,0,0,0,0,0,0,0,0,0,0,0,0,0,0,0,0,0,0,0,0,0,0,0,0,0,0,0,0,0,0,0,0,0,0,0,0,0,0,0,0,0,0,0,0,0,0,0,0,0,0,0,0,0,0,0,0,0,0,0,0,0,0,0,0,0,0,0,0,0,0,0,0,0,0,0,0,0,0,0,0,0,0,0,0,0,0,0,0,0,0,0,0,0,0,0,0,0,0,0,0,0,0,0,0,0,0,0,0,0,0,0,0,0,0,0,0,0,0,0,0,0,0,0,0,0.12515,0.14518,0,0,0,0,0,0.14973,0.21453,0.27865,0.32413,0,0.17276,0.15929,0.24259,0.28777,0,0,0,0,0,0,0,0,0,0,0.56875,0.775,0.83557,1,1,0.99868,0.69855,0.78851,1,1,1,1,1,1,0.63877,1,1,1,1,1,1,1,1,1,0.87335,1,1,1,1,1,1,1,1,1
0,0,0,0,0,0,0,0,0.51739,0.20549,0.16326,0,0,0,0,0,0,1,1,0.92706,0.75229,0.36416,0.1866,0,0,0,0,0,1,1,1,0.69399,0.89158,0.37995,0,0,0,0,0,0,0,0,0,0,0,0,0,0,0,0,0,0,0,0,0.14196,0.15375,0,0,0,0.21637,0.83517,0.36213,0,0.33585,0.64371,0,0,0,0,1,1,1,0.50939,0.19172,0,0,1,1,0.79118,0.22045,0,1,0.22391,0,0,0.95877,0,0,0,0,0,0,0,0,0,0,0,0,0,0,0,0,0,0,0,0,0,0,0,0,0,0,0,0,0,0,0,0,0,0,0,0,0,0,0,0,0,0,0,0,0,0,0,0,0,0,0,0,0,0,0,0.14974,0.52495,1,1,0.61513,0.73084,1,1,1,1,1,0.42701,0.77554,1,1,1,1,1,1,1,1,1,1,1,1,1,1,1,0,0,0.18109,0.32102,0,0.32465,0.76887,0,0.21131,0.40725,0,0,0.14702,0,0.12783,0.39252,0,0,0,0,0,0,0,0,0,0,0.22819,0.31009,0.6832,1,1,1,1,0,0,1,1,1,1,1,1,1,1,1,1,1,1,1,1,1,1,0.82423,0.78397,0.23363,0,0,0,0,0,0,0,0.85956,0.84096,0,0,0,0,0,1,0.79287,0.37569,0.14313,0.1767,1,0.26995,0.17572,0,0,0,0,0,0,0,1,1,1,1,1,0.19856,1,1,0.52547,0.1947,0,0,1,1,1,0.77959,0.44692,0,0,0,1,1,1,0.98937,0.16415,0,0,1,0.84063,0.35514,0,1,1,0.70362,0,0,0,0.96913,0.55593,0.20061,0,0.82349,0.15832,0,0,0.91616,0.23123,0.16281,0,0.3376,0.20815,0,0,0,0,0,0,0,0,0,0,0,0,0,0,0,0,0,0,0,0,0,0,0,0,0,0,0,0,0,0,0,0,0,0,0,0,0,0,0,0,0,0,0,0,0,0,0,0,0,0,0,0,0,0,0,0,0,0,0,0,0,0,0,0,0,0,0,0,0,0,0,0,0,0,0,0,0,0,0,0,0,0,0,0,0,0,0,0,0,0,0,0,0,0,0,0,0,0,0,0,0,0,0,0,0,0,0,0,0,0,0,0,0,0,0,0,0,0,0,0,0,0,0,0,0,0,0,0,0,0,0,0,0,0,0,0,0,0,0,0,0,0,0,0,0,0,0,0,0,0,0,0,0,0,0,0,0,0,0,0,0,0,0,0,0,0,0,0,0,0,0,0,0,0,0,0,0,0,0,0,0,0,0,0,0,0,0,0,0,0,0,0,0,0,0,0,0
0,0,0,0,0,0,0,0,0.45364,0.19073,0.15933,0,0,0,0,0,0,1,0.97138,0.83471,0.74902,0.38886,0.20234,0,0,0,0,0,1,1,1,0.73989,0.95519,0.47082,0,0,0,0,0,0,0,0,0,0,0,0,0,0,0,0,0,0,0,0,0,0,0,0,0,0.13883,0.65175,0.22537,0,0.19799,0.4274,0,0,0,0,1,1,1,0.67583,0.25551,0,0,1,1,1,0.38255,0,1,0.42115,0,0.12946,1,0,0,0,0,0,0,0,0,0,0,0,0,0,0,0,0,0,0,0,0,0,0,0,0,0,0,0,0,0,0,0,0,0,0,0,0,0,0,0,0,0,0,0,0,0,0,0,0,0,0,0,0,0,0,0,0,0.26556,0.88177,1,0.33318,0.45901,0.8986,1,1,1,1,0.21292,0.48738,0.78771,1,1,1,1,1,1,1,1,1,1,1,1,1,1,0,0,0,0.17759,0,0.18085,0.50659,0,0,0.2113,0,0,0,0,0,0.21223,0,0,0,0,0,0,0,0,0,0,0.13262,0.17271,0.3923,0.96489,0.96318,1,1,0,0,1,1,1,1,1,1,1,1,1,1,1,1,1,1,1,1,0.85314,0.84045,0.23202,0,0,0,0,0,0,0,0.96664,0.64569,0,0,0,0,0,1,0.77457,0.40063,0.16453,0.21871,1,0.2362,0.16731,0,0,0,0,0,0,0,1,1,1,1,1,0.38223,1,1,0.81652,0.37468,0.16135,0,1,1,1,1,0.73908,0.14648,0,0,1,1,1,1,0.28458,0.13007,0,1,1,0.64254,0,1,1,0.97438,0.14025,0,0,1,0.81808,0.37709,0,1,0.24828,0.12697,0,1,0.44077,0.24823,0,0.54307,0.35832,0.15014,0,0,0,0,0,0.14279,0,0,0,0,0,0,0,0,0,0,0,0,0,0,0,0,0,0,0,0,0,0,0,0,0,0,0,0,0,0,0,0,0,0,0,0,0,0,0,0,0,0,0,0,0,0,0,0,0,0,0,0,0,0,0,0,0,0,0,0,0,0,0,0,0,0,0,0,0,0,0,0,0,0,0,0,0,0,0,0,0,0,0,0,0,0,0,0,0,0,0,0,0,0,0,0,0,0,0,0,0,0,0,0,0,0,0,0,0,0,0,0,0,0,0,0,0,0,0,0,0,0,0,0,0,0,0,0,0,0,0,0,0,0,0,0,0,0,0,0,0,0,0,0,0,0,0,0,0,0,0,0,0,0,0,0,0,0,0,0,0,0,0,0,0,0,0,0,0,0,0,0,0,0,0,0,0,0,0,0,0,0,0,0,0,0,0,0,0,0
0,0,0,0,0,0,0,0,0.20753,0,0,0,0,0,0,0,0,1,0.64077,0.50104,0.43179,0.19455,0,0,0,0,0,0,0.70766,0.93583,0.75959,0.44332,0.66685,0.23419,0,0,0,0,0,0,0,0,0,0,0,0,0,0,0,0,0,0,0,0,0,0,0,0,0,0,0.3327,0,0,0,0.20835,0,0,0,0,1,1,0.92062,0.47227,0.19049,0,0,1,1,0.91211,0.25471,0,1,0.34597,0,0,0.91481,0,0,0,0,0,0,0,0,0,0,0,0,0,0,0,0,0,0,0,0,0,0,0,0,0,0,0,0,0,0,0,0,0,0,0,0,0,0,0,0,0,0,0,0,0,0,0,0,0,0,0,0,0,0,0,0,0.16821,0.59596,1,0.20567,0.23948,0.63353,0.87407,1,1,1,0.149,0.29411,0.56994,0.86981,1,1,1,1,1,1,1,1,1,1,1,1,1,0,0,0,0.14554,0,0.15858,0.49579,0,0,0.19881,0,0,0,0,0,0.21481,0,0,0,0,0,0,0,0,0,0,0,0,0.27443,0.94833,0.86188,1,1,0,0,1,1,1,1,1,1,1,1,1,1,1,1,1,1,1,1,1,1,0.48942,0.18994,0.15154,0.1345,0,0,0,0,1,0.75382,0.13067,0,0,0,0,1,1,0.70871,0.31774,0.48991,1,0.46372,0.28371,0,0,0.22137,0,0,0,0,1,1,1,1,1,0.42752,1,1,0.89359,0.45045,0.18654,0,1,1,1,1,0.86762,0.18011,0,0,1,1,1,1,0.41645,0.17127,0,1,1,0.81632,0,1,1,1,0.19931,0,0,1,1,0.59807,0,1,0.4796,0.19939,0,1,0.71482,0.50543,0,0.85576,0.64795,0.23533,0.12697,0.18456,0,0.17376,0,0.24837,0,0,0,0,0,0,0,0,0,0,0,0,0,0,0,0,0,0,0,0,0,0,0,0,0,0,0,0,0,0,0,0,0,0,0,0,0,0,0,0,0,0,0,0,0,0,0,0,0,0,0,0,0,0,0,0,0,0,0,0,0,0,0,0,0,0,0,0,0,0,0,0,0,0,0,0,0,0,0,0,0,0,0,0,0,0,0,0,0,0,0,0,0,0,0,0,0,0,0,0,0,0,0,0,0,0,0,0,0,0,0,0,0,0,0,0,0,0,0,0,0,0,0,0,0,0,0,0,0,0,0,0,0,0,0,0,0,0,0,0,0,0,0,0,0,0,0,0,0,0,0,0,0,0,0,0,0,0,0,0,0,0,0,0,0,0,0,0,0,0,0,0,0,0,0,0,0,0,0,0,0,0,0,0,0,0,0,0,0,0
0,0,0,0,0,0,0,0,0.17316,0,0,0,0,0,0,0,0,1,0.67141,0.44627,0.24202,0,0,0,0,0,0,0,0.78999,0.82962,0.52381,0.22002,0.35796,0,0,0,0,0,0,0,0,0,0,0,0,0,0,0,0,0,0,0,0,0,0,0,0,0,0,0.12843,0.45991,0.16608,0,0.19817,0.3332,0,0,0,0,1,0.88868,0.58139,0.1711,0,0,0,1,0.73211,0.37046,0,0,1,0,0,0,0.46247,0,0,0,0,0,0,0,0,0,0,0,0,0,0,0,0,0,0,0,0,0,0,0,0,0,0,0,0,0,0,0,0,0,0,0,0,0,0,0,0,0,0,0,0,0,0,0,0,0,0,0,0,0,0,0,0,0.33733,0.84846,1,0.53674,0.59145,0.94186,1,1,1,1,0.40672,0.74679,0.97819,1,1,1,1,1,1,1,1,1,1,1,1,1,1,0,0,0.223,0.49288,0,0.54819,1,0,0.37504,0.6794,0,0.14581,0.23705,0,0.23469,0.73335,0,0,0,0,0,0,0,0,0,0,0.21759,0.35349,0.81228,1,1,1,1,0,0,1,1,1,1,1,1,1,1,1,1,1,1,1,1,1,1,1,1,0.71202,0.38346,0.17932,0.17571,0.12576,0,0,0,1,1,0,0,0,0,0,1,1,0.86522,0.38639,0.40848,1,0.80228,0.54912,0.20048,0,0.35964,0,0,0,0,1,1,1,1,1,0,1,0.8169,0.3085,0,0,0,1,1,1,0.63237,0.29911,0,0,0,1,1,1,0.89342,0,0,0,1,0.80475,0.27566,0,1,1,0.71664,0,0,0,1,0.60901,0.20205,0,0.97914,0.16913,0,0,1,0.30831,0.19178,0,0.56243,0.2806,0,0,0,0,0,0,0.16113,0,0,0,0,0,0,0,0,0,0,0,0,0,0,0,0,0,0,0,0,0,0,0,0,0,0,0,0,0,0,0,0,0,0,0,0,0,0,0,0,0,0,0,0,0,0,0,0,0,0,0,0,0,0,0,0,0,0,0,0,0,0,0,0,0,0,0,0,0,0,0,0,0,0,0,0,0,0,0,0,0,0,0,0,0,0,0,0,0,0,0,0,0,0,0,0,0,0,0,0,0,0,0,0,0,0,0,0,0,0,0,0,0,0,0,0,0,0,0,0,0,0,0,0,0,0,0,0,0,0,0,0,0,0,0,0,0,0,0,0,0,0,0,0,0,0,0,0,0,0,0,0,0,0,0,0,0,0,0,0,0,0,0,0,0,0,0,0,0,0,0,0,0,0,0,0,0,0,0,0,0,0,0,0,0,0,0,0,0,0
0,0,0,0,0,0,0,0,0,0,0,0,0,0,0,0,0,0.80926,0.40463,0.21977,0.13806,0,0,0,0,0,0,0,0.53781,0.52991,0.23611,0,0.17961,0,0,0,0,0,0,0,0,0,0,0,0,0,0,0,0,0,0,0,0,0,0,0,0,0,0,0,0.24239,0,0,0.14547,0.2118,0,0,0,0,0.78306,0.56938,0.26222,0,0,0,0,1,0.42725,0.19708,0,0,1,0,0,0,0.21785,0,0,0,0,0,0,0,0,0,0,0,0,0,0,0,0,0,0,0,0,0,0,0,0,0,0,0,0,0,0,0,0,0,0,0,0,0,0,0,0,0,0,0,0,0,0,0,0,0,0,0,0,0,0,0,0,0.23529,0.66488,1,0.46361,0.48285,0.78655,0.84085,1,1,1,0.36964,0.69836,0.88853,1,1,1,1,1,1,1,1,1,1,1,1,1,1,0,0.13126,0.24145,0.57253,0.15102,0.66044,1,0,0.50142,0.82186,0,0.18945,0.35864,0.13257,0.38515,0.92202,0,0,0,0,0,0,0,0,0,0,0.20426,0.35539,0.85849,1,1,1,1,0,0,1,1,1,1,1,1,1,1,1,1,1,1,1,1,1,1,1,1,1,0.69561,0.29096,0.29389,0.21761,0.20342,0,0,1,1,0,0,0,0,0,1,1,1,0.63095,0.59001,1,1,0.85183,0.40414,0,0.64602,0,0,0,0,1,1,1,1,1,0,1,0.62822,0.20783,0,0,0,1,1,1,0.47844,0.21654,0,0,0,1,1,1,0.76153,0,0,0,1,0.70739,0.22105,0,1,1,0.64894,0,0,0,1,0.56704,0.18112,0,0.9929,0.15413,0,0,1,0.30918,0.18746,0,0.63096,0.30822,0,0,0,0,0,0,0.19298,0,0,0,0,0,0,0,0,0,0,0,0,0,0,0,0,0,0,0,0,0,0,0,0,0,0,0,0,0,0,0,0,0,0,0,0,0,0,0,0,0,0,0,0,0,0,0,0,0,0,0,0,0,0,0,0,0,0,0,0,0,0,0,0,0,0,0,0,0,0,0,0,0,0,0,0,0,0,0,0,0,0,0,0,0,0,0,0,0,0,0,0,0,0,0,0,0,0,0,0,0,0,0,0,0,0,0,0,0,0,0,0,0,0,0,0,0,0,0,0,0,0,0,0,0,0,0,0,0,0,0,0,0,0,0,0,0,0,0,0,0,0,0,0,0,0,0,0,0,0,0,0,0,0,0,0,0,0,0,0,0,0,0,0,0,0,0,0,0,0,0,0,0,0,0,0,0,0,0,0,0,0,0,0,0,0,0,0,0,0
0,0,0,0,0,0,0,0,0,0,0,0,0,0,0,0,0,0.69945,0.22185,0.16649,0.13568,0,0,0,0,0,0,0,0.25251,0.42475,0.24473,0.13996,0.21525,0,0,0,0,0,0,0,0,0,0,0,0,0,0,0,0,0,0,0,0,0,0,0,0,0,0,0,0.13165,0,0,0,0,0,0,0,0,0.83165,0.68023,0.4035,0.16807,0,0,0,1,0.73284,0.52113,0,0,1,0.16863,0,0,0.43865,0,0,0,0,0,0,0,0,0,0,0,0,0,0,0,0,0,0,0,0,0,0,0,0,0,0,0,0,0,0,0,0,0,0,0,0,0,0,0,0,0,0,0,0,0,0,0,0,0,0,0,0,0,0,0,0,0,0.24257,0.99475,0.12695,0.14609,0.30315,0.4684,0.85161,1,1,0,0.1978,0.32247,0.57637,0.68728,1,1,0.82636,1,1,1,1,0.99875,1,1,1,1,0,0,0,0.13389,0,0.16228,0.58225,0,0,0.21712,0,0,0,0,0,0.26913,0,0,0,0,0,0,0,0,0,0,0,0,0.23239,1,0.79329,0.96768,1,0,0,1,1,1,1,1,1,1,1,1,1,1,1,1,1,1,1,1,1,1,0.56242,0.47779,0.42885,0.25396,0.21743,0,0,1,1,0.33018,0.22079,0.1492,0,0,1,1,1,0.84003,0.9763,1,0.94219,0.79066,0.35542,0,0.6855,0.18654,0,0,0,1,1,1,1,1,0.24725,1,1,0.74136,0.3096,0.14244,0,1,1,1,1,0.7992,0.14953,0,0,1,1,1,1,0.36781,0.15345,0,1,1,0.83127,0,1,1,1,0.21305,0.12935,0,1,1,0.71595,0,1,0.63122,0.24,0,1,0.95698,0.71813,0,1,0.93557,0.41228,0.18185,0.28839,0.14813,0.3536,0.19767,0.62853,0,0,0,0,0,0,0,0,0,0,0,0,0,0,0,0,0,0,0,0,0,0,0,0,0,0,0,0,0,0,0,0,0,0,0,0,0,0,0,0,0,0,0,0,0,0,0,0,0,0,0,0,0,0,0,0,0,0,0,0,0,0,0,0,0,0,0,0,0,0,0,0,0,0,0,0,0,0,0,0,0,0,0,0,0,0,0,0,0,0,0,0,0,0,0,0,0,0,0,0,0,0,0,0,0,0,0,0,0,0,0,0,0,0,0,0,0,0,0,0,0,0,0,0,0,0,0,0,0,0,0,0,0,0,0,0,0,0,0,0,0,0,0,0,0,0,0,0,0,0,0,0,0,0,0,0,0,0,0,0,0,0,0,0,0,0,0,0,0,0,0,0,0,0,0,0,0,0,0,0,0,0,0,0,0,0,0,0,0,0
0,0,0,0,0,0,0,0,0,0,0,0,0,0,0,0,0,0.50528,0.20615,0,0,0,0,0,0,0,0,0,0.26014,0.2421,0.13342,0,0,0,0,0,0,0,0,0,0,0,0,0,0,0,0,0,0,0,0,0,0,0,0,0,0,0,0,0,0.15431,0,0,0,0.13195,0,0,0,0,0.47556,0.26427,0.15286,0,0,0,0,0.79452,0.21509,0,0,0,0.78398,0,0,0,0,0,0,0,0,0,0,0,0,0,0,0,0,0,0,0,0,0,0,0,0,0,0,0,0,0,0,0,0,0,0,0,0,0,0,0,0,0,0,0,0,0,0,0,0,0,0,0,0,0,0,0,0,0,0,0,0,0.17205,0.43267,0.91808,0.31946,0.30927,0.57402,0.58375,0.92088,1,1,0.25755,0.57264,0.72591,0.89378,0.87573,1,1,1,1,1,1,1,1,1,1,1,1,0,0,0.23329,0.56816,0.15204,0.68853,1,0,0.54658,0.88014,0,0.20762,0.42832,0.15592,0.49236,1,0,0,0,0,0,0,0,0,0,0,0.16684,0.27861,0.81686,1,1,1,1,0,0,1,1,1,1,1,1,1,1,1,1,1,1,1,1,1,1,1,1,1,1,0.55108,0.56655,0.43352,0.40162,0.12758,0,1,1,0.17197,0,0,0,0,1,1,1,0.88164,0.77913,1,1,1,0.706,0,0.93496,0,0,0,0,0.97334,1,1,1,0.86646,0,1,0.45959,0.15413,0,0,0,1,1,1,0.34382,0.17404,0,0,0,1,1,1,0.64433,0,0,0,1,0.62324,0.19024,0,1,1,0.59358,0,0,0,1,0.5373,0.16649,0,1,0.14543,0,0,1,0.32376,0.18872,0,0.70751,0.34875,0,0,0,0,0,0,0.22933,0,0,0,0,0,0,0,0,0,0,0,0,0,0,0,0,0,0,0,0,0,0,0,0,0,0,0,0,0,0,0,0,0,0,0,0,0,0,0,0,0,0,0,0,0,0,0,0,0,0,0,0,0,0,0,0,0,0,0,0,0,0,0,0,0,0,0,0,0,0,0,0,0,0,0,0,0,0,0,0,0,0,0,0,0,0,0,0,0,0,0,0,0,0,0,0,0,0,0,0,0,0,0,0,0,0,0,0,0,0,0,0,0,0,0,0,0,0,0,0,0,0,0,0,0,0,0,0,0,0,0,0,0,0,0,0,0,0,0,0,0,0,0,0,0,0,0,0,0,0,0,0,0,0,0,0,0,0,0,0,0,0,0,0,0,0,0,0,0,0,0,0,0,0,0,0,0,0,0,0,0,0,0,0,0,0,0,0,0,0
0,0,0,0,0,0,0,0,0,0,0,0,0,0,0,0,0,0.3917,0,0,0,0,0,0,0,0,0,0,0.15244,0.20557,0.1432,0,0,0,0,0,0,0,0,0,0,0,0,0,0,0,0,0,0,0,0,0,0,0,0,0,0,0,0,0,0,0,0,0,0,0,0,0,0,0.52728,0.38213,0.20349,0,0,0,0,0.97592,0.47141,0.3055,0,0,1,0,0,0,0.22468,0,0,0,0,0,0,0,0,0,0,0,0,0,0,0,0,0,0,0,0,0,0,0,0,0,0,0,0,0,0,0,0,0,0,0,0,0,0,0,0,0,0,0,0,0,0,0,0,0,0,0,0,0,0,0,0,0,0.15412,0.69424,0,0,0.18401,0.22952,0.56711,0.9262,1,0,0.1333,0.20196,0.33814,0.42158,1,1,0.60906,1,1,1,1,0.78398,1,1,1,1,0,0,0,0,0,0.13434,0.53346,0,0,0.19683,0,0,0,0,0,0.24943,0,0,0,0,0,0,0,0,0,0,0,0,0.18777,0.93724,0.65529,0.80249,1,0,0,1,1,1,1,1,1,1,1,1,1,1,1,1,1,1,1,1,1,1,0.81826,0.78521,0.73326,0.55571,0.44713,0.21345,0,1,1,0.60261,0.43382,0.23981,0.15023,0,1,1,1,1,1,1,1,1,0.63325,0.18061,0.97737,0.34868,0,0,0,1,1,1,1,1,0.21475,1,1,0.65514,0.2456,0,0,1,1,1,1,0.75952,0.13624,0,0,1,1,1,1,0.34737,0.14753,0,1,1,0.83958,0,1,1,1,0.22496,0.14065,0,1,1,0.78849,0.13274,1,0.7259,0.30278,0,1,1,0.84906,0,1,1,0.54382,0.21875,0.43887,0.19707,0.56314,0.30534,0.86698,0.17523,0,0,0,0,0,0,0,0,0,0,0,0,0,0,0,0,0,0,0,0,0,0,0,0,0,0,0,0,0,0,0,0,0,0,0,0,0,0,0,0,0,0,0,0,0,0,0,0,0,0,0,0,0,0,0,0,0,0,0,0,0,0,0,0,0,0,0,0,0,0,0,0,0,0,0,0,0,0,0,0,0,0,0,0,0,0,0,0,0,0,0,0,0,0,0,0,0,0,0,0,0,0,0,0,0,0,0,0,0,0,0,0,0,0,0,0,0,0,0,0,0,0,0,0,0,0,0,0,0,0,0,0,0,0,0,0,0,0,0,0,0,0,0,0,0,0,0,0,0,0,0,0,0,0,0,0,0,0,0,0,0,0,0,0,0,0,0,0,0,0,0,0,0,0,0,0,0,0,0,0,0,0,0,0,0,0,0,0,0
0,0,0,0,0,0,0,0,0,0,0,0,0,0,0,0,0,0.21467,0,0,0,0,0,0,0,0,0,0,0.15558,0,0,0,0,0,0,0,0,0,0,0,0,0,0,0,0,0,0,0,0,0,0,0,0,0,0,0,0,0,0,0,0,0,0,0,0,0,0,0,0,0.19291,0,0,0,0,0,0,0.37933,0,0,0,0,0.36277,0,0,0,0,0,0,0,0,0,0,0,0,0,0,0,0,0,0,0,0,0,0,0,0,0,0,0,0,0,0,0,0,0,0,0,0,0,0,0,0,0,0,0,0,0,0,0,0,0,0,0,0,0,0,0,0,0,0,0,0,0.12552,0.23999,0.5829,0.24805,0.23013,0.39113,0.32662,0.63611,0.8008,0.82927,0.2432,0.51941,0.61597,0.72636,0.64296,1,1,1,1,1,1,1,1,1,1,1,1,0,0.14723,0.29452,0.68311,0.19707,0.84414,1,0,0.72745,1,0.16733,0.3225,0.64282,0.22966,0.7528,1,0,0,0,0,0,0,0,0,0,0,0.15875,0.30014,0.87548,1,1,1,1,0,0,1,1,1,1,1,1,1,1,1,1,1,1,1,1,1,1,1,1,1,1,0.74574,0.79325,0.68438,0.68636,0.19413,0,1,1,0.17294,0,0,0,0,1,1,1,1,0.82239,1,1,1,1,0.20558,1,0.1326,0,0,0,0.56265,1,1,0.85103,0.46999,0,1,0.1957,0,0,0,0,1,1,0.6804,0.16583,0,0,0,0,1,1,0.73703,0.30976,0,0,0,1,0.31762,0,0,1,0.87811,0.31561,0,0,0,0.83755,0.2861,0,0,0.80161,0,0,0,1,0.20824,0,0,0.57912,0.22685,0,0,0,0,0,0,0.20465,0,0,0,0,0,0,0,0,0,0,0,0,0,0,0,0,0,0,0,0,0,0,0,0,0,0,0,0,0,0,0,0,0,0,0,0,0,0,0,0,0,0,0,0,0,0,0,0,0,0,0,0,0,0,0,0,0,0,0,0,0,0,0,0,0,0,0,0,0,0,0,0,0,0,0,0,0,0,0,0,0,0,0,0,0,0,0,0,0,0,0,0,0,0,0,0,0,0,0,0,0,0,0,0,0,0,0,0,0,0,0,0,0,0,0,0,0,0,0,0,0,0,0,0,0,0,0,0,0,0,0,0,0,0,0,0,0,0,0,0,0,0,0,0,0,0,0,0,0,0,0,0,0,0,0,0,0,0,0,0,0,0,0,0,0,0,0,0,0,0,0,0,0,0,0,0,0,0,0,0,0,0,0,0,0,0,0,0,0,0
0,0,0,0,0,0,0,0,0,0,0,0,0,0,0,0,0,0.21304,0,0,0,0,0,0,0,0,0,0,0,0,0,0,0,0,0,0,0,0,0,0,0,0,0,0,0,0,0,0,0,0,0,0,0,0,0,0,0,0,0,0,0,0,0,0,0,0,0,0,0,0.22315,0.1612,0,0,0,0,0,0.54775,0.15438,0,0,0,0.61233,0,0,0,0,0,0,0,0,0,0,0,0,0,0,0,0,0,0,0,0,0,0,0,0,0,0,0,0,0,0,0,0,0,0,0,0,0,0,0,0,0,0,0,0,0,0,0,0,0,0,0,0,0,0,0,0,0,0,0,0,0,0.16155,0.52207,0.12524,0,0.20749,0.21543,0.49292,0.75172,0.89039,0,0.21145,0.27709,0.44154,0.43067,0.97698,1,0.76279,1,1,1,1,0.93746,1,1,1,1,0,0,0,0.23366,0,0.34792,1,0,0.24134,0.56605,0,0,0.21096,0,0.24678,0.77271,0,0,0,0,0,0,0,0,0,0,0,0,0.42023,1,0.98814,1,1,0,0,1,1,1,1,1,1,1,1,1,1,1,1,1,1,1,1,1,1,1,1,0.98875,0.99175,0.84742,0.79388,0.3211,0,1,1,0.45238,0.28424,0.19228,0,0,1,1,1,1,1,1,1,1,1,0.29549,1,0.28766,0,0,0,0.89616,1,1,1,0.84852,0,1,0.51413,0.17948,0,0,0,1,1,1,0.45629,0.21708,0,0,0,1,1,1,0.77724,0,0,0,1,0.80522,0.25115,0,1,1,0.81601,0,0,0,1,0.79425,0.24892,0,1,0.23556,0,0,1,0.63714,0.37045,0,1,0.68992,0.19046,0,0.16507,0,0.24187,0.15992,0.59291,0,0,0,0,0,0,0,0,0,0,0,0,0,0,0,0,0,0,0,0,0,0,0,0,0,0,0,0,0,0,0,0,0,0,0,0,0,0,0,0,0,0,0,0,0,0,0,0,0,0,0,0,0,0,0,0,0,0,0,0,0,0,0,0,0,0,0,0,0,0,0,0,0,0,0,0,0,0,0,0,0,0,0,0,0,0,0,0,0,0,0,0,0,0,0,0,0,0,0,0,0,0,0,0,0,0,0,0,0,0,0,0,0,0,0,0,0,0,0,0,0,0,0,0,0,0,0,0,0,0,0,0,0,0,0,0,0,0,0,0,0,0,0,0,0,0,0,0,0,0,0,0,0,0,0,0,0,0,0,0,0,0,0,0,0,0,0,0,0,0,0,0,0,0,0,0,0,0,0,0,0,0,0,0,0,0,0,0,0,0
0,0,0,0,0,0,0,0,0,0,0,0,0,0,0,0,0,0.17731,0,0,0,0,0,0,0,0,0,0,0,0,0,0,0,0,0,0,0,0,0,0,0,0,0,0,0,0,0,0,0,0,0,0,0,0,0,0,0,0,0,0,0,0,0,0,0,0,0,0,0,0.22067,0.17295,0,0,0,0,0,0.61477,0.21044,0.16752,0,0,0.77436,0,0,0,0,0,0,0,0,0,0,0,0,0,0,0,0,0,0,0,0,0,0,0,0,0,0,0,0,0,0,0,0,0,0,0,0,0,0,0,0,0,0,0,0,0,0,0,0,0,0,0,0,0,0,0,0,0,0,0,0,0,0,0.34749,0,0,0,0,0.24732,0.58,0.82361,0,0,0,0.18969,0.20662,0.71664,0.87426,0.36184,0.76727,1,1,1,0.53791,0.89542,1,1,1,0,0,0,0,0,0,0.47875,0,0,0.17594,0,0,0,0,0,0.24351,0,0,0,0,0,0,0,0,0,0,0,0,0.13877,0.84802,0.49659,0.61124,0.96465,0,0,1,1,1,1,1,1,1,1,1,1,1,1,1,1,1,1,1,1,1,1,1,1,0.91946,0.80563,0.50286,0,1,1,0.88441,0.71495,0.50244,0.2455,0,1,1,1,1,1,1,1,1,0.97413,0.40713,1,0.66255,0.22527,0,0,1,1,1,1,1,0.15112,1,0.91929,0.46988,0.19015,0,0,1,1,1,0.91,0.62103,0,0,0,1,1,1,1,0.24531,0,0,1,1,0.75236,0,1,1,1,0.20996,0.12593,0,1,1,0.77819,0.12625,1,0.74454,0.31327,0,1,1,0.91256,0,1,1,0.61356,0.23469,0.53574,0.22917,0.74301,0.49228,1,0.29212,0,0,0,0,0,0,0,0,0,0,0,0,0,0,0,0,0,0,0,0,0,0,0,0,0,0,0,0,0,0,0,0,0,0,0,0,0,0,0,0,0,0,0,0,0,0,0,0,0,0,0,0,0,0,0,0,0,0,0,0,0,0,0,0,0,0,0,0,0,0,0,0,0,0,0,0,0,0,0,0,0,0,0,0,0,0,0,0,0,0,0,0,0,0,0,0,0,0,0,0,0,0,0,0,0,0,0,0,0,0,0,0,0,0,0,0,0,0,0,0,0,0,0,0,0,0,0,0,0,0,0,0,0,0,0,0,0,0,0,0,0,0,0,0,0,0,0,0,0,0,0,0,0,0,0,0,0,0,0,0,0,0,0,0,0,0,0,0,0,0,0,0,0,0,0,0,0,0,0,0,0,0,0,0,0,0,0,0,0
0,0,0,0,0,0,0,0,0,0,0,0,0,0,0,0,0,0.14616,0,0,0,0,0,0,0,0,0,0,0,0,0,0,0,0,0,0,0,0,0,0,0,0,0,0,0,0,0,0,0,0,0,0,0,0,0,0,0,0,0,0,0,0,0,0,0,0,0,0,0,0.21391,0.17822,0,0,0,0,0,0.6415,0.25129,0.23541,0,0,0.87347,0,0,0,0.15011,0,0,0,0,0,0,0,0,0,0,0,0,0,0,0,0,0,0,0,0,0,0,0,0,0,0,0,0,0,0,0,0,0,0,0,0,0,0,0,0,0,0,0,0,0,0,0,0,0,0,0,0,0,0,0,0,0,0,0.23275,0,0,0,0,0.17998,0.42758,0.74085,0,0,0,0,0.12577,0.49872,0.69277,0.18448,0.50927,0.98956,1,1,0.24282,0.58831,1,1,1,0,0,0,0,0,0,0.18919,0,0,0,0,0,0,0,0,0,0,0,0,0,0,0,0,0,0,0,0,0,0,0.44682,0.20799,0.25829,0.61537,0,0,1,1,1,1,1,1,1,1,1,1,1,1,1,1,1,1,1,1,1,0.87624,1,1,0.84,0.68482,0.5249,0,1,0.71775,1,0.97488,0.7601,0.49038,0.17995,1,1,1,1,1,1,1,1,0.78059,0.37366,1,0.86247,0.37316,0.174,0,1,1,1,1,1,0.29183,1,1,0.80857,0.42677,0.19311,0,1,1,1,1,0.99153,0.22084,0,0,1,1,1,1,0.62387,0.24401,0,1,1,1,0,1,1,1,0.54207,0.29062,0.13326,1,1,1,0.29604,1,1,0.73295,0.28846,1,1,1,0,1,1,1,0.6226,0.94505,0.59646,1,0.85589,1,0.57459,0,0,0,0,0,0,0,0,0,0,0,0,0,0,0,0,0,0,0,0,0,0,0,0,0,0,0,0,0,0,0,0,0,0,0,0,0,0,0,0,0,0,0,0,0,0,0,0,0,0,0,0,0,0,0,0,0,0,0,0,0,0,0,0,0,0,0,0,0,0,0,0,0,0,0,0,0,0,0,0,0,0,0,0,0,0,0,0,0,0,0,0,0,0,0,0,0,0,0,0,0,0,0,0,0,0,0,0,0,0,0,0,0,0,0,0,0,0,0,0,0,0,0,0,0,0,0,0,0,0,0,0,0,0,0,0,0,0,0,0,0,0,0,0,0,0,0,0,0,0,0,0,0,0,0,0,0,0,0,0,0,0,0,0,0,0,0,0,0,0,0,0,0,0,0,0,0,0,0,0,0,0,0,0,0,0,0,0,0
0,0,0,0,0,0,0,0,0,0,0,0,0,0,0,0,0,0.14491,0,0,0,0,0,0,0,0,0,0,0,0,0,0,0,0,0,0,0,0,0,0,0,0,0,0,0,0,0,0,0,0,0,0,0,0,0,0,0,0,0,0,0,0,0,0,0,0,0,0,0,0.13134,0,0,0,0,0,0,0.24021,0,0,0,0,0.2452,0,0,0,0,0,0,0,0,0,0,0,0,0,0,0,0,0,0,0,0,0,0,0,0,0,0,0,0,0,0,0,0,0,0,0,0,0,0,0,0,0,0,0,0,0,0,0,0,0,0,0,0,0,0,0,0,0,0,0,0,0,0.15995,0.3632,0.17087,0.15118,0.2169,0.19661,0.40366,0.58404,0.63877,0.16883,0.29084,0.37951,0.48613,0.40412,0.88151,0.92271,0.8357,1,1,1,1,1,1,1,1,1,0,0,0.20181,0.49943,0.13957,0.67593,1,0,0.57181,0.91734,0,0.22637,0.50524,0.18606,0.64213,1,0,0,0,0,0,0,0,0,0,0,0,0.19614,0.6716,1,1,1,1,0,0,1,1,1,1,1,1,1,1,1,1,1,1,1,1,1,1,1,1,1,1,0.9841,1,0.92463,0.92384,0.32164,0,1,1,0.2385,0.18387,0,0,0,1,1,1,1,1,1,1,1,1,0.35711,1,0.20402,0,0,0,0.47607,0.98711,1,0.76441,0.40897,0,1,0.18636,0,0,0,0,1,1,0.65753,0.16566,0,0,0,0,1,1,0.73586,0.318,0,0,0,1,0.34985,0,0,1,0.93051,0.36847,0,0,0,0.91268,0.35752,0,0,0.89482,0,0,0,1,0.24313,0.15294,0,0.7178,0.30193,0,0,0,0,0.1284,0,0.28075,0,0,0,0,0,0,0,0,0,0,0,0,0,0,0,0,0,0,0,0,0,0,0,0,0,0,0,0,0,0,0,0,0,0,0,0,0,0,0,0,0,0,0,0,0,0,0,0,0,0,0,0,0,0,0,0,0,0,0,0,0,0,0,0,0,0,0,0,0,0,0,0,0,0,0,0,0,0,0,0,0,0,0,0,0,0,0,0,0,0,0,0,0,0,0,0,0,0,0,0,0,0,0,0,0,0,0,0,0,0,0,0,0,0,0,0,0,0,0,0,0,0,0,0,0,0,0,0,0,0,0,0,0,0,0,0,0,0,0,0,0,0,0,0,0,0,0,0,0,0,0,0,0,0,0,0,0,0,0,0,0,0,0,0,0,0,0,0,0,0,0,0,0,0,0,0,0,0,0,0,0,0,0,0,0,0,0,0,0,0
0,0,0,0,0,0,0,0,0,0,0,0,0,0,0,0,0,0,0,0,0,0,0,0,0,0,0,0,0,0,0,0,0,0,0,0,0,0,0,0,0,0,0,0,0,0,0,0,0,0,0,0,0,0,0,0,0,0,0,0,0,0,0,0,0,0,0,0,0,0,0,0,0,0,0,0,0.26127,0,0,0,0,0.47367,0,0,0,0,0,0,0,0,0,0,0,0,0,0,0,0,0,0,0,0,0,0,0,0,0,0,0,0,0,0,0,0,0,0,0,0,0,0,0,0,0,0,0,0,0,0,0,0,0,0,0,0,0,0,0,0,0,0,0,0,0,0,0.13539,0,0,0,0,0,0.21272,0.40956,0,0,0,0,0,0.25972,0.42487,0.13583,0.30712,0.77066,0.78533,1,0.19452,0.43993,1,1,1,0,0,0,0,0,0,0.20842,0,0,0,0,0,0,0,0,0.13663,0,0,0,0,0,0,0,0,0,0,0,0,0,0.46557,0.1921,0.22503,0.52494,0,0,1,1,1,1,1,1,1,1,1,1,1,1,1,1,1,1,1,1,1,1,1,1,1,1,0.90229,0.20781,1,0.87187,1,1,0.95882,0.69394,0.2499,1,1,1,1,1,1,1,1,1,0.76972,1,1,0.63515,0.24965,0.19464,0.91888,1,1,1,0.99579,0.14211,1,0.84092,0.44074,0.19191,0,0,1,1,1,0.90455,0.65175,0,0,0,1,1,1,1,0.31127,0.14378,0,1,1,0.84585,0,1,1,1,0.29056,0.18124,0,1,1,0.96565,0.19135,1,0.96696,0.53596,0.19746,1,1,1,0,1,1,0.89649,0.47054,0.84891,0.50528,1,0.8906,1,0.74288,0,0,0,0,0,0,0,0,0,0,0,0,0,0,0,0,0,0,0,0,0,0,0,0,0,0,0,0,0,0,0,0,0,0,0,0,0,0,0,0,0,0,0,0,0,0,0,0,0,0,0,0,0,0,0,0,0,0,0,0,0,0,0,0,0,0,0,0,0,0,0,0,0,0,0,0,0,0,0,0,0,0,0,0,0,0,0,0,0,0,0,0,0,0,0,0,0,0,0,0,0,0,0,0,0,0,0,0,0,0,0,0,0,0,0,0,0,0,0,0,0,0,0,0,0,0,0,0,0,0,0,0,0,0,0,0,0,0,0,0,0,0,0,0,0,0,0,0,0,0,0,0,0,0,0,0,0,0,0,0,0,0,0,0,0,0,0,0,0,0,0,0,0,0,0,0,0,0,0,0,0,0,0,0,0,0,0,0,0
0,0,0,0,0,0,0,0,0,0,0,0,0,0,0,0,0,0,0,0,0,0,0,0,0,0,0,0,0,0,0,0,0,0,0,0,0,0,0,0,0,0,0,0,0,0,0,0,0,0,0,0,0,0,0,0,0,0,0,0,0,0,0,0,0,0,0,0,0,0.16105,0.12907,0,0,0,0,0,0.49487,0.21357,0.21158,0,0,0.75071,0,0,0,0,0,0,0,0,0,0,0,0,0,0,0,0,0,0,0,0,0,0,0,0,0,0,0,0,0,0,0,0,0,0,0,0,0,0,0,0,0,0,0,0,0,0,0,0,0,0,0,0,0,0,0,0,0,0,0,0,0,0,0.1702,0,0,0,0,0,0.24634,0.56456,0,0,0,0,0,0.30195,0.49964,0,0.31003,0.79086,0.90714,1,0.17652,0.38939,1,1,1,0,0,0,0,0,0,0.13337,0,0,0,0,0,0,0,0,0,0,0,0,0,0,0,0,0,0,0,0,0,0,0.27065,0.14494,0.18815,0.42107,0,0,1,1,1,1,1,1,1,1,1,1,1,1,1,1,1,1,1,1,1,0.87862,1,1,0.93018,0.75795,0.65816,0.14464,1,0.58161,1,1,0.95573,0.68581,0.245,1,1,1,1,1,1,1,1,0.81767,0.48656,1,1,0.55892,0.23829,0.15368,1,1,1,1,1,0.3078,1,1,0.82163,0.45804,0.20774,0,1,1,1,1,1,0.24046,0,0,1,1,1,1,0.68848,0.30506,0.1302,1,1,1,0,1,1,1,0.64642,0.39715,0.16937,1,1,1,0.4155,1,1,0.86495,0.41998,1,1,1,0.15025,1,1,1,0.77254,1,0.76593,1,1,1,0.773,0,0,0,0,0,0,0,0,0,0,0,0,0,0,0,0,0,0,0,0,0,0,0,0,0,0,0,0,0,0,0,0,0,0,0,0,0,0,0,0,0,0,0,0,0,0,0,0,0,0,0,0,0,0,0,0,0,0,0,0,0,0,0,0,0,0,0,0,0,0,0,0,0,0,0,0,0,0,0,0,0,0,0,0,0,0,0,0,0,0,0,0,0,0,0,0,0,0,0,0,0,0,0,0,0,0,0,0,0,0,0,0,0,0,0,0,0,0,0,0,0,0,0,0,0,0,0,0,0,0,0,0,0,0,0,0,0,0,0,0,0,0,0,0,0,0,0,0,0,0,0,0,0,0,0,0,0,0,0,0,0,0,0,0,0,0,0,0,0,0,0,0,0,0,0,0,0,0,0,0,0,0,0,0,0,0,0,0,0
0,0,0,0,0,0,0,0,0,0,0,0,0,0,0,0,0,0,0,0,0,0,0,0,0,0,0,0,0,0,0,0,0,0,0,0,0,0,0,0,0,0,0,0,0,0,0,0,0,0,0,0,0,0,0,0,0,0,0,0,0,0,0,0,0,0,0,0,0,0,0,0,0,0,0,0,0.13847,0,0,0,0,0.18369,0,0,0,0,0,0,0,0,0,0,0,0,0,0,0,0,0,0,0,0,0,0,0,0,0,0,0,0,0,0,0,0,0,0,0,0,0,0,0,0,0,0,0,0,0,0,0,0,0,0,0,0,0,0,0,0,0,0,0,0,0,0,0,0,0,0,0,0,0.17171,0.22936,0,0,0,0,0,0.24355,0.33496,0.18424,0.34282,0.7557,0.60233,1,0.24165,0.56193,1,1,1,0,0,0,0,0,0,0.56388,0,0,0.20577,0,0,0,0,0.13401,0.40135,0,0,0,0,0,0,0,0,0,0,0,0,0,0.84175,0.36999,0.41178,0.73656,0,0,1,1,1,1,1,1,1,1,1,1,1,1,1,1,1,1,1,1,1,1,1,1,1,1,1,0.23457,1,1,1,0.87791,0.68219,0.43672,0.17283,1,1,1,1,1,1,1,1,1,1,1,0.94631,0.4876,0.18262,0.17941,0.42832,0.73733,0.98294,0.69845,0.456,0,1,0.24642,0,0,0,0,1,1,0.82277,0.27421,0.17029,0,0,0,1,1,0.97071,0.61035,0,0,0,1,0.72157,0.23203,0,1,1,0.80776,0,0,0,1,0.85765,0.32106,0,1,0.33137,0.13426,0,1,0.83753,0.56334,0,1,0.95696,0.2891,0,0.26328,0.14249,0.63034,0.40895,1,0.42854,0,0,0,0,0,0,0,0,0,0,0,0,0,0,0,0,0,0,0,0,0,0,0,0,0,0,0,0,0,0,0,0,0,0,0,0,0,0,0,0,0,0,0,0,0,0,0,0,0,0,0,0,0,0,0,0,0,0,0,0,0,0,0,0,0,0,0,0,0,0,0,0,0,0,0,0,0,0,0,0,0,0,0,0,0,0,0,0,0,0,0,0,0,0,0,0,0,0,0,0,0,0,0,0,0,0,0,0,0,0,0,0,0,0,0,0,0,0,0,0,0,0,0,0,0,0,0,0,0,0,0,0,0,0,0,0,0,0,0,0,0,0,0,0,0,0,0,0,0,0,0,0,0,0,0,0,0,0,0,0,0,0,0,0,0,0,0,0,0,0,0,0,0,0,0,0,0,0,0,0,0,0,0,0,0,0,0,0,0
0,0,0,0,0,0,0,0,0,0,0,0,0,0,0,0,0,0,0,0,0,0,0,0,0,0,0,0,0,0,0,0,0,0,0,0,0,0,0,0,0,0,0,0,0,0,0,0,0,0,0,0,0,0,0,0,0,0,0,0,0,0,0,0,0,0,0,0,0,0,0,0,0,0,0,0,0,0,0,0,0,0,0,0,0,0,0,0,0,0,0,0,0,0,0,0,0,0,0,0,0,0,0,0,0,0,0,0,0,0,0,0,0,0,0,0,0,0,0,0,0,0,0,0,0,0,0,0,0,0,0,0,0,0,0,0,0,0,0,0,0,0,0,0,0,0,0,0,0,0,0,0.15341,0,0,0,0,0,0.16359,0.19896,0,0.20107,0.51582,0.37138,0.79973,0.16364,0.32579,0.95617,1,1,0,0,0,0,0,0,0.3868,0,0,0.14832,0,0,0,0,0,0.24884,0,0,0,0,0,0,0,0,0,0,0,0,0,0.6436,0.21861,0.22933,0.50826,0,0,0.82423,0.85314,1,1,1,1,1,1,1,1,1,1,1,1,1,1,1,1,1,1,1,1,1,1,1,0.44247,1,1,1,1,0.86493,0.62645,0.23897,1,1,1,1,1,1,1,1,1,1,1,1,0.70015,0.25253,0.26752,0.25877,0.53036,0.77672,0.52229,0.30611,0,1,0.20811,0,0,0,0,1,1,0.69583,0.22863,0.14601,0,0,0,1,1,0.85952,0.52193,0,0,0,1,0.65628,0.2158,0,1,1,0.76431,0,0,0,1,0.83628,0.31222,0,1,0.33913,0.13874,0,1,0.86301,0.59097,0,1,1,0.32922,0.13144,0.3214,0.16449,0.73398,0.52447,1,0.60331,0,0,0,0,0,0,0,0,0,0,0,0,0,0,0,0,0,0,0,0,0,0,0,0,0,0,0,0,0,0,0,0,0,0,0,0,0,0,0,0,0,0,0,0,0,0,0,0,0,0,0,0,0,0,0,0,0,0,0,0,0,0,0,0,0,0,0,0,0,0,0,0,0,0,0,0,0,0,0,0,0,0,0,0,0,0,0,0,0,0,0,0,0,0,0,0,0,0,0,0,0,0,0,0,0,0,0,0,0,0,0,0,0,0,0,0,0,0,0,0,0,0,0,0,0,0,0,0,0,0,0,0,0,0,0,0,0,0,0,0,0,0,0,0,0,0,0,0,0,0,0,0,0,0,0,0,0,0,0,0,0,0,0,0,0,0,0,0,0,0,0,0,0,0,0,0,0,0,0,0,0,0,0,0,0,0,0,0,0
0,0,0,0,0,0,0,0,0,0,0,0,0,0,0,0,0,0,0,0,0,0,0,0,0,0,0,0,0,0,0,0,0,0,0,0,0,0,0,0,0,0,0,0,0,0,0,0,0,0,0,0,0,0,0,0,0,0,0,0,0,0,0,0,0,0,0,0,0,0,0,0,0,0,0,0,0,0,0,0,0,0.13633,0,0,0,0,0,0,0,0,0,0,0,0,0,0,0,0,0,0,0,0,0,0,0,0,0,0,0,0,0,0,0,0,0,0,0,0,0,0,0,0,0,0,0,0,0,0,0,0,0,0,0,0,0,0,0,0,0,0,0,0,0,0,0,0,0,0,0,0,0,0.14527,0,0,0,0,0,0.13495,0.17675,0,0.16617,0.4287,0.3358,0.72624,0,0.23253,0.85393,1,1,0,0,0,0,0,0,0.2262,0,0,0,0,0,0,0,0,0.17576,0,0,0,0,0,0,0,0,0,0,0,0,0,0.45094,0.16019,0.17587,0.35663,0,0,0.78397,0.84045,1,1,1,1,1,1,1,1,1,1,1,1,1,1,1,1,1,1,1,1,1,1,1,0.54325,1,1,1,1,1,0.82731,0.40958,1,1,1,1,1,1,1,1,1,1,1,1,0.87526,0.43827,0.40997,0.3369,0.55066,0.79686,0.59039,0.40731,0,1,0.26113,0.12537,0,0,0,1,1,0.81857,0.34461,0.20299,0,0,0,1,1,0.9958,0.67916,0,0,0,1,0.8298,0.33354,0,1,1,0.95142,0,0,0,1,1,0.51916,0,1,0.55311,0.21101,0,1,1,0.81167,0,1,1,0.55396,0.20622,0.55024,0.24127,0.96652,0.75616,1,0.81521,0,0,0,0,0,0,0,0,0,0,0,0,0,0,0,0,0,0,0,0,0,0,0,0,0,0,0,0,0,0,0,0,0,0,0,0,0,0,0,0,0,0,0,0,0,0,0,0,0,0,0,0,0,0,0,0,0,0,0,0,0,0,0,0,0,0,0,0,0,0,0,0,0,0,0,0,0,0,0,0,0,0,0,0,0,0,0,0,0,0,0,0,0,0,0,0,0,0,0,0,0,0,0,0,0,0,0,0,0,0,0,0,0,0,0,0,0,0,0,0,0,0,0,0,0,0,0,0,0,0,0,0,0,0,0,0,0,0,0,0,0,0,0,0,0,0,0,0,0,0,0,0,0,0,0,0,0,0,0,0,0,0,0,0,0,0,0,0,0,0,0,0,0,0,0,0,0,0,0,0,0,0,0,0,0,0,0,0,0
0,0,0,0,0,0,0,0,0,0,0,0,0,0,0,0,0,0,0,0,0,0,0,0,0,0,0,0,0,0,0,0,0,0,0,0,0,0,0,0,0,0,0,0,0,0,0,0,0,0,0,0,0,0,0,0,0,0,0,0,0,0,0,0,0,0,0,0,0,0,0,0,0,0,0,0,0,0,0,0,0,0,0,0,0,0,0,0,0,0,0,0,0,0,0,0,0,0,0,0,0,0,0,0,0,0,0,0,0,0,0,0,0,0,0,0,0,0,0,0,0,0,0,0,0,0,0,0,0,0,0,0,0,0,0,0,0,0,0,0,0,0,0,0,0,0,0,0,0,0,0,0,0,0,0,0,0,0,0,0,0,0.15856,0,0.24287,0,0.12871,0.43764,0.87997,1,0,0,0,0,0,0,0.27755,0,0,0,0,0,0,0,0,0.24314,0,0,0,0,0,0,0,0,0,0,0,0,0,0.43329,0.12659,0,0.21152,0,0,0.23363,0.23202,0.48942,0.71202,1,1,1,1,1,1,1,1,1,1,1,1,1,1,1,1,1,1,1,1,1,0.79828,1,1,1,0.91554,0.76474,0.57063,0.24042,1,1,1,1,1,1,1,1,1,1,1,1,0.7703,0.291,0.48892,0,0,0.19686,0,0,0,0.32657,0,0,0,0,0,0.56026,0.31966,0.16275,0,0,0,0,0,0.74403,0.52006,0.21964,0,0,0,0,0.66229,0.16418,0,0,0.99751,0.59523,0.20775,0,0,0,0.70826,0.24069,0,0,0.80238,0,0,0,1,0.32091,0.18627,0,0.96947,0.49754,0,0,0,0,0.36662,0.23242,0.8283,0.48001,0,0,0,0,0,0,0,0,0,0,0,0,0,0,0,0,0,0,0,0,0,0,0,0,0,0,0,0,0,0,0,0,0,0,0,0,0,0,0,0,0,0,0,0,0,0,0,0,0,0,0,0,0,0,0,0,0,0,0,0,0,0,0,0,0,0,0,0,0,0,0,0,0,0,0,0,0,0,0,0,0,0,0,0,0,0,0,0,0,0,0,0,0,0,0,0,0,0,0,0,0,0,0,0,0,0,0,0,0,0,0,0,0,0,0,0,0,0,0,0,0,0,0,0,0,0,0,0,0,0,0,0,0,0,0,0,0,0,0,0,0,0,0,0,0,0,0,0,0,0,0,0,0,0,0,0,0,0,0,0,0,0,0,0,0,0,0,0,0,0,0,0,0,0,0,0,0,0,0,0,0,0,0,0,0,0,0,0,0
0,0,0,0,0,0,0,0,0,0,0,0,0,0,0,0,0,0,0,0,0,0,0,0,0,0,0,0,0,0,0,0,0,0,0,0,0,0,0,0,0,0,0,0,0,0,0,0,0,0,0,0,0,0,0,0,0,0,0,0,0,0,0,0,0,0,0,0,0,0,0,0,0,0,0,0,0,0,0,0,0,0,0,0,0,0,0,0,0,0,0,0,0,0,0,0,0,0,0,0,0,0,0,0,0,0,0,0,0,0,0,0,0,0,0,0,0,0,0,0,0,0,0,0,0,0,0,0,0,0,0,0,0,0,0,0,0,0,0,0,0,0,0,0,0,0,0,0,0,0,0,0,0,0,0,0,0,0,0,0,0,0,0,0.14695,0,0,0.23275,0.70883,1,0,0,0,0,0,0,0.419,0,0,0.18518,0,0,0,0,0.19861,0.45145,0,0,0,0,0,0,0,0,0,0,0,0,0,0.47911,0.13033,0,0.18224,0,0,0,0,0.18994,0.38346,0.69561,0.56242,1,0.81826,1,1,1,0.87624,1,1,0.87862,1,1,1,1,1,1,1,1,1,1,0.60095,1,1,0.50367,0.38816,0.25807,0.19681,0,1,1,1,1,1,1,1,1,1,1,1,0.66227,0.35332,0,0.22939,0,0,0,0,0,0,0,0,0,0,0,0,0.19462,0,0,0,0,0,0,0,0.24971,0.16161,0,0,0,0,0,0.19662,0,0,0,0.43037,0.16705,0,0,0,0,0.20113,0,0,0,0.23025,0,0,0,0.72888,0,0,0,0.3522,0.1269,0,0,0,0,0,0,0.24535,0.15663,0,0,0,0,0,0,0,0,0,0,0,0,0,0,0,0,0,0,0,0,0,0,0,0,0,0,0,0,0,0,0,0,0,0,0,0,0,0,0,0,0,0,0,0,0,0,0,0,0,0,0,0,0,0,0,0,0,0,0,0,0,0,0,0,0,0,0,0,0,0,0,0,0,0,0,0,0,0,0,0,0,0,0,0,0,0,0,0,0,0,0,0,0,0,0,0,0,0,0,0,0,0,0,0,0,0,0,0,0,0,0,0,0,0,0,0,0,0,0,0,0,0,0,0,0,0,0,0,0,0,0,0,0,0,0,0,0,0,0,0,0,0,0,0,0,0,0,0,0,0,0,0,0,0,0,0,0,0,0,0,0,0,0,0,0,0,0,0,0,0,0,0,0,0,0,0,0,0,0,0,0,0,0,0,0,0,0,0,0
0,0,0,0,0,0,0,0,0,0,0,0,0,0,0,0,0,0,0,0,0,0,0,0,0,0,0,0,0,0,0,0,0,0,0,0,0,0,0,0,0,0,0,0,0,0,0,0,0,0,0,0,0,0,0,0,0,0,0,0,0,0,0,0,0,0,0,0,0,0,0,0,0,0,0,0,0,0,0,0,0,0,0,0,0,0,0,0,0,0,0,0,0,0,0,0,0,0,0,0,0,0,0,0,0,0,0,0,0,0,0,0,0,0,0,0,0,0,0,0,0,0,0,0,0,0,0,0,0,0,0,0,0,0,0,0,0,0,0,0,0,0,0,0,0,0,0,0,0,0,0,0,0,0,0,0,0,0,0,0,0,0,0,0,0,0,0,0.18509,0.31593,0,0,0,0,0,0,0,0,0,0,0,0,0,0,0,0,0,0,0,0,0,0,0,0,0,0,0,0,0,0,0,0,0,0,0,0,0,0.15154,0.17932,0.29096,0.47779,0.55108,0.78521,0.74574,0.98875,1,1,0.9841,1,1,1,1,1,1,1,1,1,1,1,1,1,1,0.30016,1,1,1,1,1,1,1,1,1,1,0.87239,1,1,1,1,1,1,1,1,1,0,0,0,0,0,0,0,0,0,0,0,0,0.20932,0.17053,0,0,0,0,0,0,0.34052,0.24576,0.17138,0,0,0,0,0.49971,0.16911,0,0,0.78545,0.54399,0.23206,0,0,0,0.72211,0.35509,0.14786,0,0.87258,0.18236,0,0,1,0.59353,0.36847,0,1,0.81736,0.23331,0,0.28773,0.17852,0.90274,0.79571,1,1,0,0,0,0,0,0,0,0,0,0,0,0,0,0,0,0,0,0,0,0,0,0,0,0,0,0,0,0,0,0,0,0,0,0,0,0,0,0,0,0,0,0,0,0,0,0,0,0,0,0,0,0,0,0,0,0,0,0,0,0,0,0,0,0,0,0,0,0,0,0,0,0,0,0,0,0,0,0,0,0,0,0,0,0,0,0,0,0,0,0,0,0,0,0,0,0,0,0,0,0,0,0,0,0,0,0,0,0,0,0,0,0,0,0,0,0,0,0,0,0,0,0,0,0,0,0,0,0,0,0,0,0,0,0,0,0,0,0,0,0,0,0,0,0,0,0,0,0,0,0,0,0,0,0,0,0,0,0,0,0,0,0,0,0,0,0,0,0,0,0,0,0,0,0,0,0,0,0,0,0,0,0,0,0,0,0,0,0,0
0,0,0,0,0,0,0,0,0,0,0,0,0,0,0,0,0,0,0,0,0,0,0,0,0,0,0,0,0,0,0,0,0,0,0,0,0,0,0,0,0,0,0,0,0,0,0,0,0,0,0,0,0,0,0,0,0,0,0,0,0,0,0,0,0,0,0,0,0,0,0,0,0,0,0,0,0,0,0,0,0,0,0,0,0,0,0,0,0,0,0,0,0,0,0,0,0,0,0,0,0,0,0,0,0,0,0,0,0,0,0,0,0,0,0,0,0,0,0,0,0,0,0,0,0,0,0,0,0,0,0,0,0,0,0,0,0,0,0,0,0,0,0,0,0,0,0,0,0,0,0,0,0,0,0,0,0,0,0,0,0,0,0,0,0,0,0,0.19956,0.37772,0,0,0,0,0,0,0,0,0,0,0,0,0,0,0,0,0,0,0,0,0,0,0,0,0,0,0,0,0,0,0,0,0,0,0,0,0,0.1345,0.17571,0.29389,0.42885,0.56655,0.73326,0.79325,0.99175,1,1,1,1,1,1,1,1,1,1,1,1,1,1,1,1,1,0.428,1,1,1,1,0.90565,1,1,1,1,1,0.95881,1,1,1,1,1,1,1,0.99718,1,0,0,0,0,0,0,0,0,0,0,0,0,0.1841,0.13559,0,0,0,0,0,0,0.25981,0.20958,0.12537,0,0,0,0,0.36901,0,0,0,0.66775,0.39283,0.17382,0,0,0,0.56122,0.22405,0,0,0.70374,0,0,0,1,0.39281,0.22072,0,1,0.61218,0.16203,0,0.1896,0,0.6778,0.56759,1,1,0,0,0,0,0,0,0,0,0,0,0,0,0,0,0,0,0,0,0,0,0,0,0,0,0,0,0,0,0,0,0,0,0,0,0,0,0,0,0,0,0,0,0,0,0,0,0,0,0,0,0,0,0,0,0,0,0,0,0,0,0,0,0,0,0,0,0,0,0,0,0,0,0,0,0,0,0,0,0,0,0,0,0,0,0,0,0,0,0,0,0,0,0,0,0,0,0,0,0,0,0,0,0,0,0,0,0,0,0,0,0,0,0,0,0,0,0,0,0,0,0,0,0,0,0,0,0,0,0,0,0,0,0,0,0,0,0,0,0,0,0,0,0,0,0,0,0,0,0,0,0,0,0,0,0,0,0,0,0,0,0,0,0,0,0,0,0,0,0,0,0,0,0,0,0,0,0,0,0,0,0,0,0,0,0,0,0,0,0
0,0,0,0,0,0,0,0,0,0,0,0,0,0,0,0,0,0,0,0,0,0,0,0,0,0,0,0,0,0,0,0,0,0,0,0,0,0,0,0,0,0,0,0,0,0,0,0,0,0,0,0,0,0,0,0,0,0,0,0,0,0,0,0,0,0,0,0,0,0,0,0,0,0,0,0,0,0,0,0,0,0,0,0,0,0,0,0,0,0,0,0,0,0,0,0,0,0,0,0,0,0,0,0,0,0,0,0,0,0,0,0,0,0,0,0,0,0,0,0,0,0,0,0,0,0,0,0,0,0,0,0,0,0,0,0,0,0,0,0,0,0,0,0,0,0,0,0,0,0,0,0,0,0,0,0,0,0,0,0,0,0,0,0,0,0,0,0.16326,0.28354,0,0,0,0,0,0,0,0,0,0,0,0,0,0,0,0,0,0,0,0,0,0,0,0,0,0,0,0,0,0,0,0,0,0,0,0,0,0,0.12576,0.21761,0.25396,0.43352,0.55571,0.68438,0.84742,0.91946,0.84,0.92463,1,0.93018,1,1,1,1,1,1,1,1,1,1,1,1,0.4008,1,1,1,1,0.79952,1,1,1,1,1,0.88396,1,1,1,1,1,1,1,0.90092,1,0,0,0,0,0,0,0,0,0,0,0,0,0,0,0,0,0,0,0,0,0.18954,0.14186,0,0,0,0,0,0.2193,0,0,0,0.46051,0.22551,0,0,0,0,0.34317,0.15091,0,0,0.48474,0,0,0,0.97412,0.22531,0.14906,0,0.83169,0.39682,0,0,0,0,0.47932,0.37811,0.92599,0.8944,0,0,0,0,0,0,0,0,0,0,0,0,0,0,0,0,0,0,0,0,0,0,0,0,0,0,0,0,0,0,0,0,0,0,0,0,0,0,0,0,0,0,0,0,0,0,0,0,0,0,0,0,0,0,0,0,0,0,0,0,0,0,0,0,0,0,0,0,0,0,0,0,0,0,0,0,0,0,0,0,0,0,0,0,0,0,0,0,0,0,0,0,0,0,0,0,0,0,0,0,0,0,0,0,0,0,0,0,0,0,0,0,0,0,0,0,0,0,0,0,0,0,0,0,0,0,0,0,0,0,0,0,0,0,0,0,0,0,0,0,0,0,0,0,0,0,0,0,0,0,0,0,0,0,0,0,0,0,0,0,0,0,0,0,0,0,0,0,0,0,0,0,0,0,0,0,0,0,0,0,0,0,0,0,0,0,0,0,0
0,0,0,0,0,0,0,0,0,0,0,0,0,0,0,0,0,0,0,0,0,0,0,0,0,0,0,0,0,0,0,0,0,0,0,0,0,0,0,0,0,0,0,0,0,0,0,0,0,0,0,0,0,0,0,0,0,0,0,0,0,0,0,0,0,0,0,0,0,0,0,0,0,0,0,0,0,0,0,0,0,0,0,0,0,0,0,0,0,0,0,0,0,0,0,0,0,0,0,0,0,0,0,0,0,0,0,0,0,0,0,0,0,0,0,0,0,0,0,0,0,0,0,0,0,0,0,0,0,0,0,0,0,0,0,0,0,0,0,0,0,0,0,0,0,0,0,0,0,0,0,0,0,0,0,0,0,0,0,0,0,0,0,0,0,0,0,0.16577,0.30994,0,0,0,0,0,0,0,0,0,0,0,0,0,0,0,0,0,0,0,0,0,0,0,0,0,0,0,0,0,0,0,0,0,0,0,0,0,0,0,0.20342,0.21743,0.40162,0.44713,0.68636,0.79388,0.80563,0.68482,0.92384,1,0.75795,1,1,1,1,1,1,1,1,1,1,1,1,0.51304,1,0.98274,0.89925,0.78224,0.53885,1,1,1,1,1,0.9309,1,1,1,1,1,1,1,0.64523,1,0,0,0,0,0,0,0,0,0,0,0,0,0,0,0,0,0,0,0,0,0.14498,0,0,0,0,0,0,0.1575,0,0,0,0.28591,0.15695,0,0,0,0,0.20912,0,0,0,0.2608,0,0,0,0.76442,0.14086,0,0,0.58162,0.21301,0,0,0,0,0.23423,0.19939,0.6519,0.61602,0,0,0,0,0,0,0,0,0,0,0,0,0,0,0,0,0,0,0,0,0,0,0,0,0,0,0,0,0,0,0,0,0,0,0,0,0,0,0,0,0,0,0,0,0,0,0,0,0,0,0,0,0,0,0,0,0,0,0,0,0,0,0,0,0,0,0,0,0,0,0,0,0,0,0,0,0,0,0,0,0,0,0,0,0,0,0,0,0,0,0,0,0,0,0,0,0,0,0,0,0,0,0,0,0,0,0,0,0,0,0,0,0,0,0,0,0,0,0,0,0,0,0,0,0,0,0,0,0,0,0,0,0,0,0,0,0,0,0,0,0,0,0,0,0,0,0,0,0,0,0,0,0,0,0,0,0,0,0,0,0,0,0,0,0,0,0,0,0,0,0,0,0,0,0,0,0,0,0,0,0,0,0,0,0,0,0,0,0
0,0,0,0,0,0,0,0,0,0,0,0,0,0,0,0,0,0,0,0,0,0,0,0,0,0,0,0,0,0,0,0,0,0,0,0,0,0,0,0,0,0,0,0,0,0,0,0,0,0,0,0,0,0,0,0,0,0,0,0,0,0,0,0,0,0,0,0,0,0,0,0,0,0,0,0,0,0,0,0,0,0,0,0,0,0,0,0,0,0,0,0,0,0,0,0,0,0,0,0,0,0,0,0,0,0,0,0,0,0,0,0,0,0,0,0,0,0,0,0,0,0,0,0,0,0,0,0,0,0,0,0,0,0,0,0,0,0,0,0,0,0,0,0,0,0,0,0,0,0,0,0,0,0,0,0,0,0,0,0,0,0,0,0,0,0,0,0,0,0,0,0,0,0,0,0,0,0,0,0,0,0,0,0,0,0,0,0,0,0,0,0,0,0,0,0,0,0,0,0,0,0,0,0,0,0,0,0,0,0,0.12758,0.21345,0.19413,0.3211,0.50286,0.5249,0.32164,0.90229,0.65816,1,1,1,1,1,1,1,1,1,1,1,1,0,1,1,1,1,1,0.63126,1,1,1,1,0.24331,1,1,1,1,1,1,1,1,1,0,0,0,0,0,0,0,0,0,0,0,0,0,0,0,0,0,0,0,0,0,0,0,0,0,0,0,0.15208,0,0,0,0.2384,0.18138,0,0,0,0,0.248,0.1513,0,0,0.41369,0,0,0,0.82287,0.26424,0.19181,0,0.87353,0.50574,0.15352,0,0.19622,0.13016,0.75402,0.71428,1,1,0,0,0,0,0,0,0,0,0,0,0,0,0,0,0,0,0,0,0,0,0,0,0,0,0,0,0,0,0,0,0,0,0,0,0,0,0,0,0,0,0,0,0,0,0,0,0,0,0,0,0,0,0,0,0,0,0,0,0,0,0,0,0,0,0,0,0,0,0,0,0,0,0,0,0,0,0,0,0,0,0,0,0,0,0,0,0,0,0,0,0,0,0,0,0,0,0,0,0,0,0,0,0,0,0,0,0,0,0,0,0,0,0,0,0,0,0,0,0,0,0,0,0,0,0,0,0,0,0,0,0,0,0,0,0,0,0,0,0,0,0,0,0,0,0,0,0,0,0,0,0,0,0,0,0,0,0,0,0,0,0,0,0,0,0,0,0,0,0,0,0,0,0,0,0,0,0,0,0,0,0,0,0,0,0,0,0,0,0
0,0,0,0,0,0,0,0,0,0,0,0,0,0,0,0,0,0,0,0,0,0,0,0,0,0,0,0,0,0,0,0,0,0,0,0,0,0,0,0,0,0,0,0,0,0,0,0,0,0,0,0,0,0,0,0,0,0,0,0,0,0,0,0,0,0,0,0,0,0,0,0,0,0,0,0,0,0,0,0,0,0,0,0,0,0,0,0,0,0,0,0,0,0,0,0,0,0,0,0,0,0,0,0,0,0,0,0,0,0,0,0,0,0,0,0,0,0,0,0,0,0,0,0,0,0,0,0,0,0,0,0,0,0,0,0,0,0,0,0,0,0,0,0,0,0,0,0,0,0,0,0,0,0,0,0,0,0,0,0,0,0,0,0,0,0,0,0,0,0,0,0,0,0,0,0,0,0,0,0,0,0,0,0,0,0,0,0,0,0,0,0,0,0,0,0,0,0,0,0,0,0,0,0,0,0,0,0,0,0,0,0,0,0,0,0,0,0.20781,0.14464,0.23457,0.44247,0.54325,0.79828,0.60095,1,1,1,1,1,1,0.47623,0,1,1,1,1,1,0,0.27862,0.82862,1,1,0,0.30142,0.75107,1,1,1,1,1,1,1,0,0,0,0,0,0,0,0,0,0,0,0,0,0,0,0,0,0,0,0,0,0,0,0,0,0,0,0,0,0,0,0,0,0,0,0,0,0,0,0,0,0,0,0,0,0.22576,0,0,0,0.39176,0.2075,0,0,0,0,0.54854,0.59794,0.83471,1,0,0,0,0,0,0,0,0,0,0,0,0,0,0,0,0,0,0,0,0,0,0,0,0,0,0,0,0,0,0,0,0,0,0,0,0,0,0,0,0,0,0,0,0,0,0,0,0,0,0,0,0,0,0,0,0,0,0,0,0,0,0,0,0,0,0,0,0,0,0,0,0,0,0,0,0,0,0,0,0,0,0,0,0,0,0,0,0,0,0,0,0,0,0,0,0,0,0,0,0,0,0,0,0,0,0,0,0,0,0,0,0,0,0,0,0,0,0,0,0,0,0,0,0,0,0,0,0,0,0,0,0,0,0,0,0,0,0,0,0,0,0,0,0,0,0,0,0,0,0,0,0,0,0,0,0,0,0,0,0,0,0,0,0,0,0,0,0,0,0,0,0,0,0,0,0,0,0,0,0,0,0,0,0,0,0,0,0,0
0,0,0,0,0,0,0,0,0,0,0,0,0,0,0,0,0,0,0,0,0,0,0,0,0,0,0,0,0,0,0,0,0,0,0,0,0,0,0,0,0,0,0,0,0,0,0,0,0,0,0,0,0,0,0,0,0,0,0,0,0,0,0,0,0,0,0,0,0,0,0,0,0,0,0,0,0.14249,0,0,0,0,0.22025,0,0,0,0,0,0,0,0,0,0,0,0,0,0,0,0,0,0,0,0,0,0,0,0,0,0,0,0,0,0,0,0,0,0,0,0,0,0,0,0,0,0,0,0,0,0,0,0,0,0,0,0,0,0,0,0,0,0,0,0,0,0,0,0,0,0,0,0,0,0.18553,0,0,0,0,0,0.13566,0.18966,0,0.15366,0.42027,0.42951,0.73878,0,0.20259,0.80594,1,1,0,0,0,0,0,0,0.13157,0,0,0,0,0,0,0,0,0,0,0,0,0,0,0,0,0,0,0,0,0,0,0.23594,0,0,0.23772,0,0,0.85956,0.96664,1,1,1,1,1,1,1,1,1,1,1,1,1,1,1,1,1,1,1,1,1,1,1,0.47623,1,0.70247,1,1,1,1,0.58124,1,1,1,1,1,1,1,1,1,1,1,1,0.98352,0.5871,0.43979,0.63114,0.74329,0.98423,0.86489,0.73687,0,1,0.64235,0.28066,0.14816,0,0,1,1,1,0.75202,0.52969,0,0,0,1,1,1,1,0.24272,0,0,1,1,0.76653,0,1,1,1,0.27644,0.17922,0,1,1,0.96101,0.19768,1,0.99398,0.57246,0.21217,1,1,1,0,1,1,0.9843,0.54987,0.96963,0.63685,1,1,1,1,0,0,0,0,0,0,0,0,0,0,0,0,0,0,0,0,0,0,0,0,0,0,0,0,0,0,0,0,0,0,0,0,0,0,0,0,0,0,0,0,0,0,0,0,0,0,0,0,0,0,0,0,0,0,0,0,0,0,0,0,0,0,0,0,0,0,0,0,0,0,0,0,0,0,0,0,0,0,0,0,0,0,0,0,0,0,0,0,0,0,0,0,0,0,0,0,0,0,0,0,0,0,0,0,0,0,0,0,0,0,0,0,0,0,0,0,0,0,0,0,0,0,0,0,0,0,0,0,0,0,0,0,0,0,0,0,0,0,0,0,0,0,0,0,0,0,0,0,0,0,0,0,0,0,0,0,0,0,0,0,0,0,0,0,0,0,0,0,0,0,0,0,0,0,0,0,0,0,0,0,0,0,0,0,0,0,0,0,0
0,0,0,0,0,0,0,0,0,0,0,0,0,0,0,0,0,0,0,0,0,0,0,0,0,0,0,0,0,0,0,0,0,0,0,0,0,0,0,0,0,0,0,0,0,0,0,0,0,0,0,0,0,0,0,0,0,0,0,0,0,0,0,0,0,0,0,0,0,0,0,0,0,0,0,0,0,0,0,0,0,0,0,0,0,0,0,0,0,0,0,0,0,0,0,0,0,0,0,0,0,0,0,0,0,0,0,0,0,0,0,0,0,0,0,0,0,0,0,0,0,0,0,0,0,0,0,0,0,0,0,0,0,0,0,0,0,0,0,0,0.19821,0.13208,0.1518,0.1907,0.18309,0.46274,0.29921,0.3096,0.18171,0.24974,0.24267,0.19619,0.57263,0.76694,0.70382,0.64942,0.40055,0.65321,0.55856,1,0.91764,1,0.49454,1,1,1,1,1,1,0.33345,0.5874,0.94107,1,0.84813,1,1,0.66023,1,1,0.89268,1,1,1,1,1,0,0,0,0,0,0,0.16123,0,0,0,0.35013,0.76339,1,1,1,1,1,0,0,0.84096,0.64569,0.75382,1,1,1,1,1,1,1,1,0.71775,1,0.87187,0.58161,1,1,1,1,1,0.30016,0.428,0.4008,0.51304,0,0,0.70247,1,0,0,0,0,0,1,1,1,0.50434,0.18704,1,1,1,0.96482,0,0.9189,0,0,0,0,0,0.22422,0.35275,0,0,0,0.44507,0,0,0,0,0,0.5335,0.19687,0,0,0,0,0,0,0.5769,0.2244,0,0,0,0,0,0.17806,0,0,0,0.33583,0,0,0,0,0,0,0,0,0,0,0,0,0,0.23436,0,0,0,0,0,0,0,0,0,0,0,0,0,0,0,0,0,0,0,0,0,0,0,0,0,0,0,0,0,0,0,0,0,0,0,0,0,0,0,0,0,0,0,0,0,0,0,0,0,0,0,0,0,0,0,0,0,0,0,0,0,0,0,0,0,0,0,0,0,0,0,0,0,0,0,0,0,0,0,0,0,0,0,0,0,0,0,0,0,0,0,0,0,0,0,0,0,0,0,0,0,0,0,0,0,0,0,0,0,0,0,0,0,0,0,0,0,0,0,0,0,0,0,0,0,0,0,0,0,0,0,0,0,0,0,0,0,0,0,0,0,0,0,0,0,0,0,0,0,0,0,0,0,0,0,0,0,0,0,0,0,0,0,0,0,0,0,0,0,0,0,0,0,0,0,0,0,0,0,0,0,0,0,0,0,0,0,0,0,0,0,0,0,0,0,0,0,0,0,0,0,0
0,0,0,0,0,0,0,0,0,0,0,0,0,0,0,0,0,0,0,0,0,0,0,0,0,0,0,0,0,0,0,0,0,0,0,0,0,0,0,0,0,0,0,0,0,0,0,0,0,0,0,0,0,0,0,0,0,0,0,0,0,0,0,0,0,0,0,0,0,0,0,0,0,0,0,0,0,0,0,0,0,0,0,0,0,0,0,0,0,0,0,0,0,0,0,0,0,0,0,0,0,0,0,0,0,0,0,0,0,0,0,0,0,0,0,0,0,0,0,0,0,0,0,0,0,0,0,0,0,0,0,0,0,0,0,0,0,0,0,0,0,0,0,0,0,0,0,0,0,0,0,0,0,0,0,0,0,0,0,0,0,0,0,0,0,0,0,0,0,0,0,0,0,0,0,0,0,0,0,0,0,0,0,0,0,0,0,0,0,0,0,0,0,0,0,0,0,0,0,0,0,0,0,0,0,0,0.13067,0,0,0.33018,0.17197,0.60261,0.17294,0.45238,0.88441,1,0.2385,1,1,1,1,1,1,0.50367,1,1,1,1,1,1,1,0,1,1,1,1,1,0.34675,0.85628,1,1,1,0.14867,0.46077,0.81375,0.75749,1,1,1,1,1,1,0,0,0,0,0,0,0.15048,0.1736,0.12531,0,0,0,0.23602,0.31634,0.33982,0.29984,0.24843,0,0,0,0.42493,0.53871,0.57952,0.54096,0.2208,0.14555,0,0.93187,0.82197,0.611,0,1,1,1,0.50357,0.3413,0.18499,1,1,1,0.49979,1,1,0.96399,0.64936,1,1,1,0.32457,1,1,1,1,1,1,1,1,1,1,0,0,0,0,0,0,0,0,0,0,0,0,0,0,0,0,0,0,0,0,0,0,0,0,0,0,0,0,0,0,0,0,0,0,0,0,0,0,0,0,0,0,0,0,0,0,0,0,0,0,0,0,0,0,0,0,0,0,0,0,0,0,0,0,0,0,0,0,0,0,0,0,0,0,0,0,0,0,0,0,0,0,0,0,0,0,0,0,0,0,0,0,0,0,0,0,0,0,0,0,0,0,0,0,0,0,0,0,0,0,0,0,0,0,0,0,0,0,0,0,0,0,0,0,0,0,0,0,0,0,0,0,0,0,0,0,0,0,0,0,0,0,0,0,0,0,0,0,0,0,0,0,0,0,0,0,0,0,0,0,0,0,0,0,0,0,0,0,0,0,0,0,0,0,0,0,0,0,0,0,0,0,0,0,0,0,0,0,0
0,0,0,0,0,0,0,0,0,0,0,0,0,0,0,0,0,0,0,0,0,0,0,0,0,0,0,0,0,0,0,0,0,0,0,0,0,0,0,0,0,0,0,0,0,0,0,0,0,0,0,0,0,0,0,0,0,0,0,0,0,0,0,0,0,0,0,0,0,0,0,0,0,0,0,0,0,0,0,0,0,0,0,0,0,0,0,0,0,0,0,0,0,0,0,0,0,0,0,0,0,0,0,0,0,0,0,0,0,0,0,0,0,0,0,0,0,0,0,0,0,0,0,0,0,0,0,0,0,0,0,0,0,0,0,0,0,0,0,0,0,0,0,0,0,0,0,0,0,0,0,0,0,0,0,0,0,0,0,0,0,0,0,0,0,0,0,0,0,0,0,0,0,0,0,0,0,0,0,0,0,0,0,0,0,0,0,0,0,0,0,0,0,0,0,0,0,0,0,0,0,0,0,0,0,0,0,0,0,0.22079,0,0.43382,0,0.28424,0.71495,0.97488,0.18387,1,1,0.87791,1,1,0.91554,0.38816,1,1,1,0.98274,1,1,1,0,1,1,1,1,1,0.22981,0.70431,1,1,1,0,0.32785,0.69218,0.65862,1,1,1,1,1,1,0,0,0,0,0,0,0,0.13364,0,0,0,0,0.18209,0.22124,0.234,0.22991,0.21663,0,0,0,0.26234,0.38445,0.44182,0.42054,0.1961,0.1264,0,0.78147,0.70518,0.52109,0,0.89695,1,0.95337,0.45417,0.30333,0.17731,1,1,0.99175,0.47113,1,1,0.92341,0.63091,1,1,1,0.32795,1,1,1,1,1,1,1,1,1,1,0,0,0,0,0,0,0,0,0,0,0,0,0,0,0,0,0,0,0,0,0,0,0,0,0,0,0,0,0,0,0,0,0,0,0,0,0,0,0,0,0,0,0,0,0,0,0,0,0,0,0,0,0,0,0,0,0,0,0,0,0,0,0,0,0,0,0,0,0,0,0,0,0,0,0,0,0,0,0,0,0,0,0,0,0,0,0,0,0,0,0,0,0,0,0,0,0,0,0,0,0,0,0,0,0,0,0,0,0,0,0,0,0,0,0,0,0,0,0,0,0,0,0,0,0,0,0,0,0,0,0,0,0,0,0,0,0,0,0,0,0,0,0,0,0,0,0,0,0,0,0,0,0,0,0,0,0,0,0,0,0,0,0,0,0,0,0,0,0,0,0,0,0,0,0,0,0,0,0,0,0,0,0,0,0,0,0,0,0
0,0,0,0,0,0,0,0,0,0,0,0,0,0,0,0,0,0,0,0,0,0,0,0,0,0,0,0,0,0,0,0,0,0,0,0,0,0,0,0,0,0,0,0,0,0,0,0,0,0,0,0,0,0,0,0,0,0,0,0,0,0,0,0,0,0,0,0,0,0,0,0,0,0,0,0,0,0,0,0,0,0,0,0,0,0,0,0,0,0,0,0,0,0,0,0,0,0,0,0,0,0,0,0,0,0,0,0,0,0,0,0,0,0,0,0,0,0,0,0,0,0,0,0,0,0,0,0,0,0,0,0,0,0,0,0,0,0,0,0,0,0,0,0,0,0,0,0,0,0,0,0,0,0,0,0,0,0,0,0,0,0,0,0,0,0,0,0,0,0,0,0,0,0,0,0,0,0,0,0,0,0,0,0,0,0,0,0,0,0,0,0,0,0,0,0,0,0,0,0,0,0,0,0,0,0,0,0,0,0.1492,0,0.23981,0,0.19228,0.50244,0.7601,0,0.95882,0.95573,0.68219,0.86493,1,0.76474,0.25807,1,1,1,0.89925,1,1,1,0,1,1,1,1,1,0.16714,0.52366,1,1,1,0,0.22486,0.55311,0.54924,1,0.92756,1,1,1,1,0,0,0,0,0,0,0,0,0,0,0,0,0,0.15238,0.16919,0.17378,0.16549,0,0,0,0.18305,0.22552,0.24909,0.24725,0.15253,0,0,0.57623,0.52928,0.37238,0,0.68525,0.80214,0.77987,0.3495,0.23743,0.15313,1,1,0.85647,0.39016,1,1,0.82634,0.56116,1,1,1,0.28616,1,1,1,1,1,1,1,1,1,1,0,0,0,0,0,0,0,0,0,0,0,0,0,0,0,0,0,0,0,0,0,0,0,0,0,0,0,0,0,0,0,0,0,0,0,0,0,0,0,0,0,0,0,0,0,0,0,0,0,0,0,0,0,0,0,0,0,0,0,0,0,0,0,0,0,0,0,0,0,0,0,0,0,0,0,0,0,0,0,0,0,0,0,0,0,0,0,0,0,0,0,0,0,0,0,0,0,0,0,0,0,0,0,0,0,0,0,0,0,0,0,0,0,0,0,0,0,0,0,0,0,0,0,0,0,0,0,0,0,0,0,0,0,0,0,0,0,0,0,0,0,0,0,0,0,0,0,0,0,0,0,0,0,0,0,0,0,0,0,0,0,0,0,0,0,0,0,0,0,0,0,0,0,0,0,0,0,0,0,0,0,0,0,0,0,0,0,0,0
0,0,0,0,0,0,0,0,0,0,0,0,0,0,0,0,0,0,0,0,0,0,0,0,0,0,0,0,0,0,0,0,0,0,0,0,0,0,0,0,0,0,0,0,0,0,0,0,0,0,0,0,0,0,0,0,0,0,0,0,0,0,0,0,0,0,0,0,0,0,0,0,0,0,0,0,0,0,0,0,0,0,0,0,0,0,0,0,0,0,0,0,0,0,0,0,0,0,0,0,0,0,0,0,0,0,0,0,0,0,0,0,0,0,0,0,0,0,0,0,0,0,0,0,0,0,0,0,0,0,0,0,0,0,0,0,0,0,0,0,0,0,0,0,0,0,0,0,0,0,0,0,0,0,0,0,0,0,0,0,0,0,0,0,0,0,0,0,0,0,0,0,0,0,0,0,0,0,0,0,0,0,0,0,0,0,0,0,0,0,0,0,0,0,0,0,0,0,0,0,0,0,0,0,0,0,0,0,0,0,0,0.15023,0,0,0.2455,0.49038,0,0.69394,0.68581,0.43672,0.62645,0.82731,0.57063,0.19681,1,1,1,0.78224,1,1,1,0,1,1,1,1,1,0,0.29604,0.80503,1,1,0,0.15998,0.3736,0.40446,1,0.75935,1,1,1,1,0,0,0,0,0,0,0,0,0,0,0,0,0,0,0,0,0,0,0,0,0,0.13713,0.16487,0.16829,0,0,0,0.31328,0.29476,0.22216,0,0.41682,0.54519,0.54712,0.23057,0.19019,0,0.77839,0.778,0.66268,0.25894,0.97097,0.84653,0.67402,0.44167,1,1,1,0.23379,1,1,1,0.91919,1,1,1,1,1,1,0,0,0,0,0,0,0,0,0,0,0,0,0,0,0,0,0,0,0,0,0,0,0,0,0,0,0,0,0,0,0,0,0,0,0,0,0,0,0,0,0,0,0,0,0,0,0,0,0,0,0,0,0,0,0,0,0,0,0,0,0,0,0,0,0,0,0,0,0,0,0,0,0,0,0,0,0,0,0,0,0,0,0,0,0,0,0,0,0,0,0,0,0,0,0,0,0,0,0,0,0,0,0,0,0,0,0,0,0,0,0,0,0,0,0,0,0,0,0,0,0,0,0,0,0,0,0,0,0,0,0,0,0,0,0,0,0,0,0,0,0,0,0,0,0,0,0,0,0,0,0,0,0,0,0,0,0,0,0,0,0,0,0,0,0,0,0,0,0,0,0,0,0,0,0,0,0,0,0,0,0,0,0,0,0,0,0,0,0
0,0,0,0,0,0,0,0,0,0,0,0,0,0,0,0,0,0,0,0,0,0,0,0,0,0,0,0,0,0,0,0,0,0,0,0,0,0,0,0,0,0,0,0,0,0,0,0,0,0,0,0,0,0,0,0,0,0,0,0,0,0,0,0,0,0,0,0,0,0,0,0,0,0,0,0,0,0,0,0,0,0,0,0,0,0,0,0,0,0,0,0,0,0,0,0,0,0,0,0,0,0,0,0,0,0,0,0,0,0,0,0,0,0,0,0,0,0,0,0,0,0,0,0,0,0,0,0,0,0,0,0,0,0,0,0,0,0,0,0,0,0,0,0,0,0,0,0,0,0,0,0,0,0,0,0,0,0,0,0,0,0,0,0,0,0,0,0,0,0,0,0,0,0,0,0,0,0,0,0,0,0,0,0,0,0,0,0,0,0,0,0,0,0,0,0,0,0,0,0,0,0,0,0,0,0,0,0,0,0,0,0,0,0,0,0.17995,0,0.2499,0.245,0.17283,0.23897,0.40958,0.24042,0,1,0.90565,0.79952,0.53885,1,1,0.58124,0,1,1,1,1,1,0,0.13416,0.4284,1,1,0,0,0.1821,0.20882,1,0.44374,1,1,1,1,0,0,0,0,0,0,0,0,0,0,0,0,0,0,0,0,0,0,0,0,0,0,0,0,0,0,0,0,0.13017,0,0,0.15592,0.20358,0.21475,0.13167,0,0,0.34351,0.3773,0.31115,0.16671,0.53499,0.50323,0.37962,0.23257,0.61935,0.83435,0.80091,0.17092,1,1,0.86489,0.65337,1,1,1,1,1,1,0,0,0,0,0,0,0,0,0,0,0,0,0,0,0,0,0,0,0,0,0,0,0,0,0,0,0,0,0,0,0,0,0,0,0,0,0,0,0,0,0,0,0,0,0,0,0,0,0,0,0,0,0,0,0,0,0,0,0,0,0,0,0,0,0,0,0,0,0,0,0,0,0,0,0,0,0,0,0,0,0,0,0,0,0,0,0,0,0,0,0,0,0,0,0,0,0,0,0,0,0,0,0,0,0,0,0,0,0,0,0,0,0,0,0,0,0,0,0,0,0,0,0,0,0,0,0,0,0,0,0,0,0,0,0,0,0,0,0,0,0,0,0,0,0,0,0,0,0,0,0,0,0,0,0,0,0,0,0,0,0,0,0,0,0,0,0,0,0,0,0,0,0,0,0,0,0,0,0,0,0,0,0,0,0,0,0,0,0
0,0,0,0,0,0,0,0,0,0,0,0,0,0,0,0,0,0,0,0,0,0,0,0,0,0,0,0,0,0,0,0,0,0,0,0,0,0,0,0,0,0,0,0,0,0,0,0,0,0,0,0,0,0,0,0,0,0,0,0,0,0,0,0,0,0,0,0,0,0,0,0,0,0,0,0,0,0,0,0,0,0,0,0,0,0,0,0,0,0,0,0,0,0,0,0,0,0,0,0,0,0,0,0,0,0,0,0,0,0,0,0,0,0,0,0,0,0,0,0,0,0,0,0,0,0,0,0,0,0,0,0,0,0,0,0,0,0,0,0,0,0,0,0,0.15522,0,0,0,0,0.17253,0.22844,0.24643,0,0.16999,0.18854,0.21441,0.17834,0.49228,0.5248,0.50209,0.66745,0.99904,0.67167,1,0.6638,0.96462,1,1,1,0,0,0.14406,0.33422,0,0.5413,1,0,0.46431,0.80769,0,0.20037,0.43413,0.16867,0.61904,1,0,0,0,0,0,0,0,0,0,0,0,0,0.45766,1,0.94686,0.93547,1,0,0,1,1,1,1,1,1,1,1,1,1,1,1,1,1,1,1,1,1,1,1,1,1,1,1,0.63126,0,1,1,0.34675,0.22981,0.16714,0,0,1,1,1,1,1,1,1,1,1,0.69945,1,0.29941,0,0,0,0.21391,0.61306,0.84234,0.42815,0.19999,0,1,0,0,0,0,0,1,0.83327,0.38843,0,0,0,0,0,1,0.97658,0.49226,0.19715,0,0,0,0.94775,0.21867,0,0,1,0.75763,0.23499,0,0,0,0.77565,0.24114,0,0,0.78851,0,0,0,1,0.21808,0.12671,0,0.70127,0.25722,0,0,0,0,0.13685,0,0.33345,0,0,0,0,0,0,0,0,0,0,0,0,0,0,0,0,0,0,0,0,0,0,0,0,0,0,0,0,0,0,0,0,0,0,0,0,0,0,0,0,0,0,0,0,0,0,0,0,0,0,0,0,0,0,0,0,0,0,0,0,0,0,0,0,0,0,0,0,0,0,0,0,0,0,0,0,0,0,0,0,0,0,0,0,0,0,0,0,0,0,0,0,0,0,0,0,0,0,0,0,0,0,0,0,0,0,0,0,0,0,0,0,0,0,0,0,0,0,0,0,0,0,0,0,0,0,0,0,0,0,0,0,0,0,0,0,0,0,0,0,0,0,0,0,0,0,0,0,0,0,0,0,0,0,0,0,0,0,0,0,0,0,0,0,0,0,0,0,0,0,0,0,0,0,0,0,0,0,0,0,0,0,0,0,0,0,0,0,0,0
0,0,0,0,0,0,0,0,0,0,0,0,0,0,0,0,0,0,0,0,0,0,0,0,0,0,0,0,0,0,0,0,0,0,0,0,0,0,0,0,0,0,0,0,0,0,0,0,0,0,0,0,0,0,0,0,0,0,0,0,0,0,0,0,0,0,0,0,0,0,0,0,0,0,0,0,0,0,0,0,0,0,0,0,0,0,0,0,0,0,0,0,0,0,0,0,0,0,0,0,0,0,0,0,0,0,0,0,0,0,0,0,0,0,0,0,0,0,0,0,0,0,0,0,0,0,0,0,0,0,0,0,0,0,0,0,0,0,0,0,0,0,0,0,0,0,0,0,0,0,0,0.1383,0,0,0,0,0,0.18474,0.20794,0.16138,0.23358,0.5744,0.33988,0.82796,0.21676,0.46658,1,1,1,0,0,0,0,0,0.16625,0.70373,0,0.14338,0.27114,0,0,0.13807,0,0.20714,0.59305,0,0,0,0,0,0,0,0,0,0,0,0,0.13475,0.92047,0.39712,0.39668,0.69483,0,0,0.79287,0.77457,1,1,1,1,1,1,1,1,1,1,1,1,1,1,1,1,1,1,1,1,1,1,1,0.27862,1,1,0.85628,0.70431,0.52366,0.29604,0.13416,1,1,1,1,1,1,1,1,1,1,1,0.83878,0.4121,0.14992,0.17896,0.18263,0.40417,0.64675,0.32321,0.18721,0,0.86973,0,0,0,0,0,1,0.79971,0.41809,0,0,0,0,0,1,0.98149,0.56248,0.23363,0,0,0,1,0.31457,0,0,1,0.92765,0.40639,0,0,0,0.99547,0.46489,0.14462,0,1,0.15122,0,0,1,0.47216,0.2331,0,1,0.60841,0.14485,0,0.14145,0,0.34038,0.21155,0.78233,0.25386,0,0,0,0,0,0,0,0,0,0,0,0,0,0,0,0,0,0,0,0,0,0,0,0,0,0,0,0,0,0,0,0,0,0,0,0,0,0,0,0,0,0,0,0,0,0,0,0,0,0,0,0,0,0,0,0,0,0,0,0,0,0,0,0,0,0,0,0,0,0,0,0,0,0,0,0,0,0,0,0,0,0,0,0,0,0,0,0,0,0,0,0,0,0,0,0,0,0,0,0,0,0,0,0,0,0,0,0,0,0,0,0,0,0,0,0,0,0,0,0,0,0,0,0,0,0,0,0,0,0,0,0,0,0,0,0,0,0,0,0,0,0,0,0,0,0,0,0,0,0,0,0,0,0,0,0,0,0,0,0,0,0,0,0,0,0,0,0,0,0,0,0,0,0,0,0,0,0,0,0,0,0,0,0,0,0,0,0,0
0,0,0,0,0,0,0,0,0,0,0,0,0,0,0,0,0,0,0,0,0,0,0,0,0,0,0,0,0,0,0,0,0,0,0,0,0,0,0,0,0,0,0,0,0,0,0,0,0,0,0,0,0,0,0,0,0,0,0,0,0,0,0,0,0,0,0,0,0,0,0,0,0,0,0,0,0,0,0,0,0,0,0,0,0,0,0,0,0,0,0,0,0,0,0,0,0,0,0,0,0,0,0,0,0,0,0,0,0,0,0,0,0,0,0,0,0,0,0,0,0,0,0,0,0,0,0,0,0,0,0,0,0,0,0,0,0,0,0,0,0,0,0,0,0,0,0,0,0,0,0,0,0,0,0,0,0,0,0,0,0,0.19625,0.14074,0.36379,0,0.14526,0.53809,0.92661,1,0,0,0,0,0,0,0.21961,0,0,0,0,0,0,0,0,0.18969,0,0,0,0,0,0,0,0,0,0,0,0,0,0.36376,0,0,0.21591,0,0,0.37569,0.40063,0.70871,0.86522,1,1,1,1,1,1,1,1,1,1,1,1,1,1,1,1,1,1,1,1,1,0.82862,1,1,1,1,1,0.80503,0.4284,1,1,1,1,1,1,1,1,1,1,1,1,0.95307,0.48392,0.59442,0,0.19337,0.32657,0.19642,0.13188,0,0.5741,0,0,0,0,0,0.81849,0.61227,0.30578,0,0,0,0,0,1,0.82062,0.48474,0.2255,0,0,0,0.98875,0.33848,0,0,1,0.93712,0.47431,0,0,0,1,0.57648,0.19314,0,1,0.21077,0,0,1,0.67597,0.41301,0,1,0.85016,0.22577,0,0.23406,0.13131,0.69636,0.51685,1,0.73905,0,0,0,0,0,0,0,0,0,0,0,0,0,0,0,0,0,0,0,0,0,0,0,0,0,0,0,0,0,0,0,0,0,0,0,0,0,0,0,0,0,0,0,0,0,0,0,0,0,0,0,0,0,0,0,0,0,0,0,0,0,0,0,0,0,0,0,0,0,0,0,0,0,0,0,0,0,0,0,0,0,0,0,0,0,0,0,0,0,0,0,0,0,0,0,0,0,0,0,0,0,0,0,0,0,0,0,0,0,0,0,0,0,0,0,0,0,0,0,0,0,0,0,0,0,0,0,0,0,0,0,0,0,0,0,0,0,0,0,0,0,0,0,0,0,0,0,0,0,0,0,0,0,0,0,0,0,0,0,0,0,0,0,0,0,0,0,0,0,0,0,0,0,0,0,0,0,0,0,0,0,0,0,0,0,0,0,0,0
0,0,0,0,0,0,0,0,0,0,0,0,0,0,0,0,0,0,0,0,0,0,0,0,0,0,0,0,0,0,0,0,0,0,0,0,0,0,0,0,0,0,0,0,0,0,0,0,0,0,0,0,0,0,0,0,0,0,0,0,0,0,0,0,0,0,0,0,0,0,0,0,0,0,0,0,0,0,0,0,0,0,0,0,0,0,0,0,0,0,0,0,0,0,0,0,0,0,0,0,0,0,0,0,0,0,0,0,0,0,0,0,0,0,0,0,0,0,0,0,0,0,0,0,0,0,0,0,0,0,0,0,0,0,0,0,0,0,0,0,0,0,0,0,0,0,0,0,0,0,0,0,0,0,0,0,0,0,0,0,0,0,0,0,0,0,0.17193,0.36532,0.60672,0,0,0,0,0,0,0,0,0,0,0,0,0,0,0,0,0,0,0,0,0,0,0,0,0,0,0,0,0,0,0,0,0,0,0,0.14313,0.16453,0.31774,0.38639,0.63095,0.84003,0.88164,1,1,1,1,1,1,1,1,1,1,1,1,1,1,1,1,1,1,1,1,0.50434,1,1,1,1,1,1,1,1,1,1,1,1,1,1,1,1,1,1,1,1,0,0,0.15704,0,0,0,0.24485,0,0,0,0,0,0.49358,0.37308,0.21747,0,0,0,0,0,0.70605,0.59771,0.35938,0.20612,0,0,0,0.84998,0.32544,0.13526,0,1,0.87857,0.50314,0,0,0,1,0.64894,0.23664,0,1,0.29862,0.14064,0,1,0.84962,0.60982,0,1,1,0.41661,0.16484,0.48219,0.23533,1,0.91559,1,1,0,0,0,0,0,0,0,0,0,0,0,0,0,0,0,0,0,0,0,0,0,0,0,0,0,0,0,0,0,0,0,0,0,0,0,0,0,0,0,0,0,0,0,0,0,0,0,0,0,0,0,0,0,0,0,0,0,0,0,0,0,0,0,0,0,0,0,0,0,0,0,0,0,0,0,0,0,0,0,0,0,0,0,0,0,0,0,0,0,0,0,0,0,0,0,0,0,0,0,0,0,0,0,0,0,0,0,0,0,0,0,0,0,0,0,0,0,0,0,0,0,0,0,0,0,0,0,0,0,0,0,0,0,0,0,0,0,0,0,0,0,0,0,0,0,0,0,0,0,0,0,0,0,0,0,0,0,0,0,0,0,0,0,0,0,0,0,0,0,0,0,0,0,0,0,0,0,0,0,0,0,0,0,0,0,0,0,0,0
0,0,0,0,0,0,0,0,0,0,0,0,0,0,0,0,0,0,0,0,0,0,0,0,0,0,0,0,0,0,0,0,0,0,0,0,0,0,0,0,0,0,0,0,0,0,0,0,0,0,0,0,0,0,0,0,0,0,0,0,0,0,0,0,0,0,0,0,0,0,0,0,0,0,0,0,0,0,0,0,0,0,0,0,0,0,0,0,0,0,0,0,0,0,0,0,0,0,0,0,0,0,0,0,0,0,0,0,0,0,0,0,0,0,0,0,0,0,0,0,0,0,0,0,0,0,0,0,0,0,0,0,0,0,0,0,0,0,0,0,0,0,0,0,0,0,0,0,0,0,0,0,0,0,0,0,0,0,0,0,0,0,0,0.13238,0,0,0.1548,0.23315,0.3657,0,0,0,0,0,0,0,0,0,0,0,0,0,0,0,0,0,0,0,0,0,0,0,0,0,0,0,0,0,0,0,0,0,0,0,0.1767,0.21871,0.48991,0.40848,0.59001,0.9763,0.77913,1,0.82239,1,1,1,1,1,1,1,1,1,1,1,1,1,1,1,1,1,1,0.18704,1,1,1,1,1,1,1,1,1,1,0.77267,1,1,1,1,1,1,1,1,1,0.16165,0.15956,0.23704,0.22787,0.21627,0,0.48493,0.22814,0.14051,0,0,0,0.74993,0.74433,0.62807,0.38542,0.24711,0,0,0,0.97192,0.97564,0.85504,0.68481,0.18074,0,0,1,0.92305,0.5566,0,1,1,1,0.24859,0.17946,0,1,1,0.90243,0.2167,1,1,0.64229,0.25133,1,1,1,0,1,1,1,0.72525,1,0.93726,1,1,1,1,0,0,0,0,0,0,0,0,0,0,0,0,0,0,0,0,0,0,0,0,0,0,0,0,0,0,0,0,0,0,0,0,0,0,0,0,0,0,0,0,0,0,0,0,0,0,0,0,0,0,0,0,0,0,0,0,0,0,0,0,0,0,0,0,0,0,0,0,0,0,0,0,0,0,0,0,0,0,0,0,0,0,0,0,0,0,0,0,0,0,0,0,0,0,0,0,0,0,0,0,0,0,0,0,0,0,0,0,0,0,0,0,0,0,0,0,0,0,0,0,0,0,0,0,0,0,0,0,0,0,0,0,0,0,0,0,0,0,0,0,0,0,0,0,0,0,0,0,0,0,0,0,0,0,0,0,0,0,0,0,0,0,0,0,0,0,0,0,0,0,0,0,0,0,0,0,0,0,0,0,0,0,0,0,0,0,0,0,0
0,0,0,0,0,0,0,0,0,0,0,0,0,0,0,0,0,0,0,0,0,0,0,0,0,0,0,0,0,0,0,0,0,0,0,0,0,0,0,0,0,0,0,0,0,0,0,0,0,0,0,0,0,0,0,0,0,0,0,0,0,0,0,0,0,0,0,0,0,0,0,0,0,0,0,0,0.14498,0,0,0,0,0.13711,0,0,0,0,0,0,0,0,0,0,0,0,0,0,0,0,0,0,0,0,0,0,0,0,0,0,0,0,0,0,0,0,0,0,0,0,0,0,0,0,0,0,0,0,0,0,0,0,0,0,0,0,0,0,0,0,0,0,0,0,0,0.15314,0.23594,0.20565,0.17357,0.21866,0.17451,0.30432,0.41758,0.40596,0.21709,0.40854,0.44623,0.4991,0.35736,0.76601,0.75995,0.86489,0.96964,1,0.8363,1,1,1,1,1,1,0,0.16309,0.34698,0.74863,0.2312,0.95189,1,0.15279,0.86879,1,0.22486,0.49591,0.82716,0.39073,0.99197,1,0,0,0,0,0,0,0,0,0,0,0.13554,0.27246,0.87189,1,1,1,1,0,0,1,1,1,1,1,1,1,1,1,1,1,1,1,1,1,1,1,1,1,1,0.87239,0.95881,0.88396,0.9309,0.24331,0,1,1,0.14867,0,0,0,0,1,1,1,1,0.77267,1,1,1,1,0.31668,1,0.12896,0,0,0,0.20558,0.66949,0.88071,0.40533,0.17797,0,1,0,0,0,0,0,1,0.74521,0.26718,0,0,0,0,0,1,0.85613,0.34064,0.14044,0,0,0,0.75997,0.15084,0,0,1,0.53495,0.15781,0,0,0,0.52243,0.15566,0,0,0.51146,0,0,0,0.96901,0,0,0,0.36503,0.14558,0,0,0,0,0,0,0.1537,0,0,0,0,0,0,0,0,0,0,0,0,0,0,0,0,0,0,0,0,0,0,0,0,0,0,0,0,0,0,0,0,0,0,0,0,0,0,0,0,0,0,0,0,0,0,0,0,0,0,0,0,0,0,0,0,0,0,0,0,0,0,0,0,0,0,0,0,0,0,0,0,0,0,0,0,0,0,0,0,0,0,0,0,0,0,0,0,0,0,0,0,0,0,0,0,0,0,0,0,0,0,0,0,0,0,0,0,0,0,0,0,0,0,0,0,0,0,0,0,0,0,0,0,0,0,0,0,0,0,0,0,0,0,0,0,0,0,0,0,0,0,0,0,0,0,0,0,0,0,0,0,0,0,0,0,0,0,0,0,0,0,0,0,0,0,0,0,0,0,0,0,0,0,0,0,0,0,0,0,0,0,0,0,0,0,0,0,0,0
0,0,0,0,0,0,0,0,0,0,0,0,0,0,0,0,0,0,0,0,0,0,0,0,0,0,0,0,0,0,0,0,0,0,0,0,0,0,0,0,0,0,0,0,0,0,0,0,0,0,0,0,0,0,0,0,0,0,0,0,0,0,0,0,0,0,0,0,0,0,0,0,0,0,0,0,0,0,0,0,0,0,0,0,0,0,0,0,0,0,0,0,0,0,0,0,0,0,0,0,0,0,0,0,0,0,0,0,0,0,0,0,0,0,0,0,0,0,0,0,0,0,0,0,0,0,0,0,0,0,0,0,0,0,0,0,0,0,0,0,0,0,0,0,0,0,0,0,0,0,0,0,0,0,0,0,0,0,0,0,0,0.21986,0,0.36788,0.13272,0.22447,0.62924,1,1,0,0,0,0,0,0.1986,0.77708,0,0.18994,0.39058,0,0,0.20229,0,0.37081,0.76933,0,0,0,0,0,0,0,0,0,0,0,0,0.12802,0.8736,0.29314,0.24198,0.47032,0,0,0.26995,0.2362,0.46372,0.80228,1,0.94219,1,1,1,1,1,1,1,1,1,1,1,1,1,1,1,1,1,1,1,0.30142,1,1,0.46077,0.32785,0.22486,0.15998,0,1,1,1,1,1,1,1,1,1,1,1,0.54896,0.22936,0,0.14749,0,0,0.18077,0,0,0,0.24914,0,0,0,0,0,0.45072,0.21201,0,0,0,0,0,0,0.60325,0.31091,0.12797,0,0,0,0,0.37519,0,0,0,0.71846,0.25332,0,0,0,0,0.33039,0,0,0,0.39549,0,0,0,0.93077,0,0,0,0.47939,0.16926,0,0,0,0,0,0,0.27583,0.13012,0,0,0,0,0,0,0,0,0,0,0,0,0,0,0,0,0,0,0,0,0,0,0,0,0,0,0,0,0,0,0,0,0,0,0,0,0,0,0,0,0,0,0,0,0,0,0,0,0,0,0,0,0,0,0,0,0,0,0,0,0,0,0,0,0,0,0,0,0,0,0,0,0,0,0,0,0,0,0,0,0,0,0,0,0,0,0,0,0,0,0,0,0,0,0,0,0,0,0,0,0,0,0,0,0,0,0,0,0,0,0,0,0,0,0,0,0,0,0,0,0,0,0,0,0,0,0,0,0,0,0,0,0,0,0,0,0,0,0,0,0,0,0,0,0,0,0,0,0,0,0,0,0,0,0,0,0,0,0,0,0,0,0,0,0,0,0,0,0,0,0,0,0,0,0,0,0,0,0,0,0,0,0,0,0,0,0,0,0
0,0,0,0,0,0,0,0,0,0,0,0,0,0,0,0,0,0,0,0,0,0,0,0,0,0,0,0,0,0,0,0,0,0,0,0,0,0,0,0,0,0,0,0,0,0,0,0,0,0,0,0,0,0,0,0,0,0,0,0,0,0,0,0,0,0,0,0,0,0,0,0,0,0,0,0,0,0,0,0,0,0,0,0,0,0,0,0,0,0,0,0,0,0,0,0,0,0,0,0,0,0,0,0,0,0,0,0,0,0,0,0,0,0,0,0,0,0,0,0,0,0,0,0,0,0,0,0,0,0,0,0,0,0,0,0,0,0,0,0,0,0,0,0,0,0,0,0,0,0,0,0,0,0,0,0,0,0,0,0,0,0,0,0.19419,0,0,0.3149,0.79173,1,0,0,0,0,0,0,0.33074,0,0,0.14706,0,0,0,0,0.142,0.31962,0,0,0,0,0,0,0,0,0,0,0,0,0,0.44311,0,0,0.19358,0,0,0.17572,0.16731,0.28371,0.54912,0.85183,0.79066,1,1,1,1,1,1,1,1,1,1,1,1,1,1,1,1,1,1,1,0.75107,1,1,0.81375,0.69218,0.55311,0.3736,0.1821,1,1,1,1,1,1,1,1,1,1,1,0.94559,0.60871,0.20869,0.38761,0,0,0.12529,0,0,0,0.20109,0,0,0,0,0,0.32906,0.1893,0,0,0,0,0,0,0.50498,0.26296,0.12917,0,0,0,0,0.3899,0,0,0,0.72758,0.31457,0,0,0,0,0.42408,0.14525,0,0,0.51645,0,0,0,1,0.17873,0,0,0.68652,0.23838,0,0,0,0,0.20067,0.1468,0.56476,0.26588,0,0,0,0,0,0,0,0,0,0,0,0,0,0,0,0,0,0,0,0,0,0,0,0,0,0,0,0,0,0,0,0,0,0,0,0,0,0,0,0,0,0,0,0,0,0,0,0,0,0,0,0,0,0,0,0,0,0,0,0,0,0,0,0,0,0,0,0,0,0,0,0,0,0,0,0,0,0,0,0,0,0,0,0,0,0,0,0,0,0,0,0,0,0,0,0,0,0,0,0,0,0,0,0,0,0,0,0,0,0,0,0,0,0,0,0,0,0,0,0,0,0,0,0,0,0,0,0,0,0,0,0,0,0,0,0,0,0,0,0,0,0,0,0,0,0,0,0,0,0,0,0,0,0,0,0,0,0,0,0,0,0,0,0,0,0,0,0,0,0,0,0,0,0,0,0,0,0,0,0,0,0,0,0,0,0,0,0,0
0,0,0,0,0,0,0,0,0,0,0,0,0,0,0,0,0,0,0,0,0,0,0,0,0,0,0,0,0,0,0,0,0,0,0,0,0,0,0,0,0,0,0,0,0,0,0,0,0,0,0,0,0,0,0,0,0,0,0,0,0,0,0,0,0,0,0,0,0,0,0,0,0,0,0,0,0,0,0,0,0,0,0,0,0,0,0,0,0,0,0,0,0,0,0,0,0,0,0,0,0,0,0,0,0,0,0,0,0,0,0,0,0,0,0,0,0,0,0,0,0,0,0,0,0,0,0,0,0,0,0,0,0,0,0,0,0,0,0,0,0,0,0,0,0,0,0,0,0,0,0,0,0,0,0,0,0,0,0,0,0,0,0,0,0,0,0,0.3567,0.68765,0,0,0,0,0,0,0.16454,0,0,0,0,0,0,0,0,0.17437,0,0,0,0,0,0,0,0,0,0,0,0,0,0.18874,0,0,0,0,0,0,0,0,0.20048,0.40414,0.35542,0.706,0.63325,1,1,0.97413,0.78059,1,1,0.81767,1,1,1,1,1,1,1,1,1,1,1,1,0.96482,0.75749,0.65862,0.54924,0.40446,0.20882,1,1,1,1,1,1,1,1,1,1,1,0.97058,0.70365,0.24127,0.58721,0,0,0,0,0,0,0,0,0,0,0,0,0.13453,0,0,0,0,0,0,0,0.19531,0,0,0,0,0,0,0.17345,0,0,0,0.35142,0.15755,0,0,0,0,0.20064,0,0,0,0.23742,0,0,0,0.74113,0,0,0,0.45144,0.16289,0,0,0,0,0.15372,0,0.42169,0.26158,0,0,0,0,0,0,0,0,0,0,0,0,0,0,0,0,0,0,0,0,0,0,0,0,0,0,0,0,0,0,0,0,0,0,0,0,0,0,0,0,0,0,0,0,0,0,0,0,0,0,0,0,0,0,0,0,0,0,0,0,0,0,0,0,0,0,0,0,0,0,0,0,0,0,0,0,0,0,0,0,0,0,0,0,0,0,0,0,0,0,0,0,0,0,0,0,0,0,0,0,0,0,0,0,0,0,0,0,0,0,0,0,0,0,0,0,0,0,0,0,0,0,0,0,0,0,0,0,0,0,0,0,0,0,0,0,0,0,0,0,0,0,0,0,0,0,0,0,0,0,0,0,0,0,0,0,0,0,0,0,0,0,0,0,0,0,0,0,0,0,0,0,0,0,0,0,0,0,0,0,0,0,0,0,0,0,0,0,0
0,0,0,0,0,0,0,0,0,0,0,0,0,0,0,0,0,0,0,0,0,0,0,0,0,0,0,0,0,0,0,0,0,0,0,0,0,0,0,0,0,0,0,0,0,0,0,0,0,0,0,0,0,0,0,0,0,0,0,0,0,0,0,0,0,0,0,0,0,0,0,0,0,0,0,0,0,0,0,0,0,0,0,0,0,0,0,0,0,0,0,0,0,0,0,0,0,0,0,0,0,0,0,0,0,0,0,0,0,0,0,0,0,0,0,0,0,0,0,0,0,0,0,0,0,0,0,0,0,0,0,0,0,0,0,0,0,0,0,0,0,0,0,0,0,0,0,0,0,0,0,0,0,0,0,0,0,0,0,0,0,0,0,0,0,0,0,0,0,0,0,0,0,0,0,0,0,0,0,0,0,0,0,0,0,0,0,0,0,0,0,0,0,0,0,0,0,0,0,0,0,0,0,0,0,0,0,0,0,0,0,0.18061,0.20558,0.29549,0.40713,0.37366,0.35711,0.76972,0.48656,1,1,1,1,1,1,1,1,1,1,1,1,0,1,1,1,1,1,0.69945,1,1,1,1,0.31668,1,1,1,1,1,1,1,1,1,0,0,0,0,0,0,0,0,0,0,0,0,0,0,0,0,0,0,0,0,0,0,0,0,0,0,0,0,0,0,0,0.17575,0,0,0,0,0,0.16422,0,0,0,0.21753,0,0,0,0.59807,0.1489,0,0,0.57573,0.22782,0,0,0,0,0.39052,0.33893,0.80059,0.99381,0,0,0,0,0,0,0,0,0,0,0,0,0,0,0,0,0,0,0,0,0,0,0,0,0,0,0,0,0,0,0,0,0,0,0,0,0,0,0,0,0,0,0,0,0,0,0,0,0,0,0,0,0,0,0,0,0,0,0,0,0,0,0,0,0,0,0,0,0,0,0,0,0,0,0,0,0,0,0,0,0,0,0,0,0,0,0,0,0,0,0,0,0,0,0,0,0,0,0,0,0,0,0,0,0,0,0,0,0,0,0,0,0,0,0,0,0,0,0,0,0,0,0,0,0,0,0,0,0,0,0,0,0,0,0,0,0,0,0,0,0,0,0,0,0,0,0,0,0,0,0,0,0,0,0,0,0,0,0,0,0,0,0,0,0,0,0,0,0,0,0,0,0,0,0,0,0,0,0,0,0,0,0,0,0,0,0,0,0
0,0,0,0,0,0,0,0,0,0,0,0,0,0,0,0,0,0,0,0,0,0,0,0,0,0,0,0,0,0,0,0,0,0,0,0,0,0,0,0,0,0,0,0,0,0,0,0,0,0,0,0,0,0,0,0,0,0,0,0,0,0,0,0,0,0,0,0,0,0,0,0,0,0,0,0,0,0,0,0,0,0,0,0,0,0,0,0,0,0,0,0,0,0,0,0,0,0,0,0,0,0,0,0,0,0,0,0,0,0,0,0,0,0,0,0,0,0,0,0,0,0,0,0,0,0,0,0,0,0,0,0,0,0,0,0,0,0,0,0,0,0,0,0,0,0,0,0,0,0,0,0,0,0,0,0,0,0,0,0,0,0,0,0,0,0,0.1912,0.51248,0.81249,0,0,0,0,0,0,0.14936,0,0,0,0,0,0,0,0,0.14096,0,0,0,0,0,0,0,0,0,0,0,0,0,0.19469,0,0,0,0,0,0,0,0.22137,0.35964,0.64602,0.6855,0.93496,0.97737,1,1,1,1,1,1,1,1,1,1,1,1,1,1,1,1,1,1,1,0.9189,1,1,0.92756,0.75935,0.44374,1,1,1,1,1,1,1,1,1,1,1,1,1,0.52674,0.7915,0,0,0,0,0,0,0.17297,0,0,0,0,0,0.2608,0.18416,0,0,0,0,0,0,0.45395,0.26217,0.14658,0,0,0,0,0.44311,0,0,0,0.76758,0.41158,0.1588,0,0,0,0.54846,0.19921,0,0,0.66385,0,0,0,1,0.24978,0.16616,0,0.90982,0.44644,0,0,0,0,0.40221,0.25881,0.86442,0.63932,0,0,0,0,0,0,0,0,0,0,0,0,0,0,0,0,0,0,0,0,0,0,0,0,0,0,0,0,0,0,0,0,0,0,0,0,0,0,0,0,0,0,0,0,0,0,0,0,0,0,0,0,0,0,0,0,0,0,0,0,0,0,0,0,0,0,0,0,0,0,0,0,0,0,0,0,0,0,0,0,0,0,0,0,0,0,0,0,0,0,0,0,0,0,0,0,0,0,0,0,0,0,0,0,0,0,0,0,0,0,0,0,0,0,0,0,0,0,0,0,0,0,0,0,0,0,0,0,0,0,0,0,0,0,0,0,0,0,0,0,0,0,0,0,0,0,0,0,0,0,0,0,0,0,0,0,0,0,0,0,0,0,0,0,0,0,0,0,0,0,0,0,0,0,0,0,0,0,0,0,0,0,0,0,0,0,0,0,0
0,0,0,0,0,0,0,0,0,0,0,0,0,0,0,0,0,0,0,0,0,0,0,0,0,0,0,0,0,0,0,0,0,0,0,0,0,0,0,0,0,0,0,0,0,0,0,0,0,0,0,0,0,0,0,0,0,0,0,0,0,0,0,0,0,0,0,0,0,0,0,0,0,0,0,0,0,0,0,0,0,0,0,0,0,0,0,0,0,0,0,0,0,0,0,0,0,0,0,0,0,0,0,0,0,0,0,0,0,0,0,0,0,0,0,0,0,0,0,0,0,0,0,0,0,0,0,0,0,0,0,0,0,0,0,0,0,0,0,0,0,0,0,0,0,0,0,0,0,0,0,0,0,0,0,0,0,0,0,0,0,0,0,0,0,0,0,0,0,0,0,0,0,0,0,0,0,0,0,0,0,0,0,0,0,0,0,0,0,0,0,0,0,0,0,0,0,0,0,0,0,0,0,0,0,0,0,0,0,0.18654,0,0.34868,0.1326,0.28766,0.66255,0.86247,0.20402,1,1,0.94631,1,1,1,0.66227,1,1,1,1,1,1,1,0,1,1,1,1,1,0.29941,0.83878,1,1,1,0.12896,0.54896,0.94559,0.97058,1,1,1,1,1,1,0,0,0,0,0,0,0,0,0,0,0,0,0.12727,0.14855,0.14269,0,0,0,0,0,0.20086,0.22435,0.2222,0.20026,0,0,0,0.54974,0.37703,0.21627,0,0.7116,0.7346,0.61829,0.18098,0.12857,0,0.96339,0.83503,0.60206,0.18325,1,0.76207,0.50739,0.23558,1,1,1,0.13405,1,1,1,0.69943,1,1,1,1,1,1,0,0,0,0,0,0,0,0,0,0,0,0,0,0,0,0,0,0,0,0,0,0,0,0,0,0,0,0,0,0,0,0,0,0,0,0,0,0,0,0,0,0,0,0,0,0,0,0,0,0,0,0,0,0,0,0,0,0,0,0,0,0,0,0,0,0,0,0,0,0,0,0,0,0,0,0,0,0,0,0,0,0,0,0,0,0,0,0,0,0,0,0,0,0,0,0,0,0,0,0,0,0,0,0,0,0,0,0,0,0,0,0,0,0,0,0,0,0,0,0,0,0,0,0,0,0,0,0,0,0,0,0,0,0,0,0,0,0,0,0,0,0,0,0,0,0,0,0,0,0,0,0,0,0,0,0,0,0,0,0,0,0,0,0,0,0,0,0,0,0,0,0,0,0,0,0,0,0,0,0,0,0,0,0,0,0,0,0,0
0,0,0,0,0,0,0,0,0,0,0,0,0,0,0,0,0,0,0,0,0,0,0,0,0,0,0,0,0,0,0,0,0,0,0,0,0,0,0,0,0,0,0,0,0,0,0,0,0,0,0,0,0,0,0,0,0,0,0,0,0,0,0,0,0,0,0,0,0,0,0,0,0,0,0,0,0,0,0,0,0,0,0,0,0,0,0,0,0,0,0,0,0,0,0,0,0,0,0,0,0,0,0,0,0,0,0,0,0,0,0,0,0,0,0,0,0,0,0,0,0,0,0,0,0,0,0,0,0,0,0,0,0,0,0,0,0,0,0,0,0,0,0,0,0,0,0,0,0,0,0,0,0,0,0,0,0,0,0,0,0,0,0,0,0,0,0,0,0,0,0,0,0,0,0,0,0,0,0,0,0,0,0,0,0,0,0,0,0,0,0,0,0,0,0,0,0,0,0,0,0,0,0,0,0,0,0,0,0,0,0,0,0,0,0.22527,0.37316,0,0.63515,0.55892,0.4876,0.70015,0.87526,0.7703,0.35332,1,1,1,1,1,1,0.98352,0,1,1,1,1,1,0,0.4121,0.95307,1,1,0,0.22936,0.60871,0.70365,1,1,1,1,1,1,0,0,0,0,0,0,0,0,0,0,0,0,0,0,0,0,0,0,0,0,0,0,0,0,0,0,0,0.19383,0.15431,0,0,0.24358,0.28104,0.23679,0,0,0,0.5125,0.43494,0.2619,0,0.70578,0.43694,0.24455,0.16055,0.89868,0.85792,0.76112,0,1,1,0.75377,0.4646,0.93746,0.83918,1,1,1,1,0,0,0,0,0,0,0,0,0,0,0,0,0,0,0,0,0,0,0,0,0,0,0,0,0,0,0,0,0,0,0,0,0,0,0,0,0,0,0,0,0,0,0,0,0,0,0,0,0,0,0,0,0,0,0,0,0,0,0,0,0,0,0,0,0,0,0,0,0,0,0,0,0,0,0,0,0,0,0,0,0,0,0,0,0,0,0,0,0,0,0,0,0,0,0,0,0,0,0,0,0,0,0,0,0,0,0,0,0,0,0,0,0,0,0,0,0,0,0,0,0,0,0,0,0,0,0,0,0,0,0,0,0,0,0,0,0,0,0,0,0,0,0,0,0,0,0,0,0,0,0,0,0,0,0,0,0,0,0,0,0,0,0,0,0,0,0,0,0,0,0,0,0,0,0,0,0,0,0,0,0,0,0,0,0,0,0,0,0
0,0,0,0,0,0,0,0,0,0,0,0,0,0,0,0,0,0,0,0,0,0,0,0,0,0,0,0,0,0,0,0,0,0,0,0,0,0,0,0,0,0,0,0,0,0,0,0,0,0,0,0,0,0,0,0,0,0,0,0,0,0,0,0,0,0,0,0,0,0,0,0,0,0,0,0,0,0,0,0,0,0,0,0,0,0,0,0,0,0,0,0,0,0,0,0,0,0,0,0,0,0,0,0,0,0,0,0,0,0,0,0,0,0,0,0,0,0,0,0,0,0,0,0,0,0,0,0,0,0,0,0,0,0,0,0,0,0,0,0,0,0,0,0,0,0,0,0,0,0,0,0,0,0,0,0,0,0,0,0,0,0,0,0,0,0,0,0,0,0,0,0,0,0,0,0,0,0,0,0,0,0,0,0,0,0,0,0,0,0,0,0,0,0,0,0,0,0,0,0,0,0,0,0,0,0,0,0,0,0,0,0,0,0,0,0.174,0,0.24965,0.23829,0.18262,0.25253,0.43827,0.291,0,1,0.99718,0.90092,0.64523,1,1,0.5871,0,1,1,1,1,1,0,0.14992,0.48392,1,1,0,0,0.20869,0.24127,1,0.52674,1,1,1,1,0,0,0,0,0,0,0,0,0,0,0,0,0,0,0,0,0,0,0,0,0,0,0,0,0,0,0,0,0,0,0,0.14314,0.18294,0.18616,0,0,0,0.28204,0.29044,0.23421,0,0.47469,0.39216,0.25457,0.18733,0.58774,0.74216,0.69591,0,1,0.96889,0.74713,0.52245,0.95365,0.92586,1,1,1,1,0,0,0,0,0,0,0,0,0,0,0,0,0,0,0,0,0,0,0,0,0,0,0,0,0,0,0,0,0,0,0,0,0,0,0,0,0,0,0,0,0,0,0,0,0,0,0,0,0,0,0,0,0,0,0,0,0,0,0,0,0,0,0,0,0,0,0,0,0,0,0,0,0,0,0,0,0,0,0,0,0,0,0,0,0,0,0,0,0,0,0,0,0,0,0,0,0,0,0,0,0,0,0,0,0,0,0,0,0,0,0,0,0,0,0,0,0,0,0,0,0,0,0,0,0,0,0,0,0,0,0,0,0,0,0,0,0,0,0,0,0,0,0,0,0,0,0,0,0,0,0,0,0,0,0,0,0,0,0,0,0,0,0,0,0,0,0,0,0,0,0,0,0,0,0,0,0,0,0,0,0,0,0,0,0,0,0,0,0
0,0,0,0,0,0,0,0,0,0,0,0,0,0,0,0,0,0,0,0,0,0,0,0,0,0,0,0,0,0,0,0,0,0,0,0,0,0,0,0,0,0,0,0,0,0,0,0,0,0,0,0,0,0,0,0,0,0,0,0,0,0,0,0,0,0,0,0,0,0,0,0,0,0,0,0,0,0,0,0,0,0,0,0,0,0,0,0,0,0,0,0,0,0,0,0,0,0,0,0,0,0,0,0,0,0,0,0,0,0,0,0,0,0,0,0,0,0,0,0,0,0,0,0,0,0,0,0,0,0,0,0,0,0,0,0,0,0,0,0,0,0,0,0,0,0,0,0,0,0,0,0,0,0,0,0,0,0,0,0,0,0,0,0,0,0,0,0,0,0,0,0,0,0,0,0,0,0,0,0,0,0,0,0,0,0,0,0,0,0,0,0,0,0,0,0,0,0,0,0,0,0,0,0,0,0,0,0,0,0,0,0,0,0,0,0,0,0.19464,0.15368,0.17941,0.26752,0.40997,0.48892,0.22939,1,1,1,1,1,1,0.43979,0,1,1,1,1,1,0,0.17896,0.59442,1,1,0,0.14749,0.38761,0.58721,1,0.7915,1,1,1,1,0,0,0,0,0,0,0,0,0,0,0,0,0,0,0,0,0,0,0,0,0,0,0,0,0,0,0,0,0,0,0,0,0,0,0,0,0,0,0,0,0,0.17955,0,0,0,0.26959,0.2246,0.19369,0,0.604,0.41578,0.19534,0,0.27741,0.23577,0.93158,1,1,1,0,0,0,0,0,0,0,0,0,0,0,0,0,0,0,0,0,0,0,0,0,0,0,0,0,0,0,0,0,0,0,0,0,0,0,0,0,0,0,0,0,0,0,0,0,0,0,0,0,0,0,0,0,0,0,0,0,0,0,0,0,0,0,0,0,0,0,0,0,0,0,0,0,0,0,0,0,0,0,0,0,0,0,0,0,0,0,0,0,0,0,0,0,0,0,0,0,0,0,0,0,0,0,0,0,0,0,0,0,0,0,0,0,0,0,0,0,0,0,0,0,0,0,0,0,0,0,0,0,0,0,0,0,0,0,0,0,0,0,0,0,0,0,0,0,0,0,0,0,0,0,0,0,0,0,0,0,0,0,0,0,0,0,0,0,0,0,0,0,0,0,0,0,0,0,0,0,0,0,0,0,0,0,0,0,0,0,0,0
0,0,0,0,0,0,0,0,0.31115,0.18093,0.19565,0.15327,0,0,0,0,0,1,0.48651,0.53893,0.80801,0.60625,0.44526,0.24681,0.2077,0,0,0,0.4447,1,1,0.99999,1,0.95502,0.51805,0.21275,0,0,0,0,0,0,0,0,0,0,0,0,0,0,0,0,0,0,0,0,0,0,0,0,0.17805,0,0,0,0,0,0,0,0,1,1,1,1,1,0.76125,0.20022,1,1,1,1,0.94314,1,1,0.37773,1,1,0.30243,0.76212,0.9662,0,0,0,0,0,0,0,0,0,0.14669,0,0,0,0,0,0,0,0,0,0,0,0,0,0,0,0,0.14422,0,0,0,0,0,0,0,0,0,0,0,0,0,0,0,0,0,0,0,0,0,0,0,0,0,0,0,0.1804,1,0,0,0.15965,0.40172,0.76972,1,1,0,0,0,0.20469,0.43134,1,1,0.22983,0.8174,1,1,1,0.31826,0.59594,1,0.70153,0.4474,0,0,0,0,0,0,0,0,0,0,0,0,0,0,0,0,0,0,0,0,0,0,0,0,0,0,0,0,0,0,0,0.18408,0.34961,0,0,1,1,1,1,1,1,0.97334,1,0.56265,0.89616,1,1,0.47607,0.91888,1,0.42832,0.25877,0.3369,0,0,0,0,0,0,0,0,0.63114,0,0,0,0,0,0,0.21391,0.18263,0,0,0.16165,0.20558,0,0,0,0,0,0,0,0,0,1,1,1,1,1,1,1,1,1,1,1,0.24513,1,1,1,1,1,1,0.61526,0.24671,1,1,1,1,1,0.94897,0.54697,1,1,1,0.20334,1,1,1,0.84445,0.63796,0.31318,1,1,1,0.49715,1,0.93856,0.67104,0.35048,1,0.91894,0.81484,0.14559,0.73089,0.74774,0.56973,0.377,0.36418,0.19754,0.19252,0,0.20999,0,0.17988,0,0,0,0,0,0,0,0,0,0,0,0,0,0,0,0,0,0,0,0,0,0,0,0,0,0,0,0,0,0,0,0,0,0,0,0,0,0,0,0,0,0,0,0,0,0,0,0,0,0,0,0,0,0,0,0,0,0,0,0,0,0,0,0,0,0,0,0,0,0,0,0,0,0,0,0,0,0,0,0,0,0,0,0,0,0,0,0,0,0,0,0,0,0,0,0,0,0,0,0,0,0,0,0,0,0,0,0,0,0,0,0,0,0,0,0,0,0,0,0,0,0,0,0,0,0,0,0,0,0,0,0,0,0,0,0,0,0,0,0,0,0,0,0,0,0,0,0,0,0,0,0,0,0,0,0,0,0,0,0,0,0,0,0,0,0,0,0,0,0,0,0,0,0,0,0,0,0,0,0,0,0,0,0,0,0,0,0
0,0,0.13499,0,0,0,0,0,0.6229,0.27874,0.24455,0.15341,0,0,0,0,0,1,0.9992,0.94774,1,0.68865,0.4398,0.21697,0.1499,0,0,0,1,1,1,1,1,0.85103,0.26309,0,0,0,0,0,0,0,0,0,0,0,0,0,0,0,0,0,0,0,0,0.13999,0,0,0,0,0.60604,0.21168,0,0.14327,0.31811,0,0,0,0,1,1,1,1,0.71535,0.23845,0,1,1,1,0.85665,0.28325,1,0.88988,0.155,0.34917,1,0,0.17217,0.2414,0,0,0,0,0,0,0,0,0,0,0,0,0,0,0,0,0,0,0,0,0,0,0,0,0,0,0,0,0,0,0,0,0,0,0,0,0,0,0,0,0,0,0,0,0,0,0,0,0,0,0,0,0,0.18404,0.71475,1,0.18062,0.23486,0.68269,1,1,1,1,0,0.2211,0.49203,0.84498,1,1,1,0.94148,1,1,1,1,1,1,1,1,1,0,0,0,0,0,0,0.18276,0,0,0,0,0,0,0,0,0,0,0,0,0,0,0,0,0,0,0,0,0,0.16464,0.5067,0.5474,0.81047,1,0,0,1,1,1,1,1,1,1,1,1,1,1,1,0.98711,1,1,0.73733,0.53036,0.55066,0,0,0,0,0,0,0,0,0.74329,0.22422,0,0,0,0,0,0.61306,0.40417,0.19337,0,0.15956,0.66949,0,0,0,0,0,0,0,0,0,1,1,1,1,1,0.78678,1,1,1,0.75286,0.3664,0,1,1,1,1,1,0.29781,0,0,1,1,1,1,0.60479,0.2416,0,1,1,0.90203,0,1,1,1,0.22919,0.15463,0,1,0.94612,0.56849,0,1,0.41412,0.19557,0,0.9925,0.52492,0.36248,0,0.51331,0.4048,0.19463,0,0.13366,0,0,0,0.1306,0,0,0,0,0,0,0,0,0,0,0,0,0,0,0,0,0,0,0,0,0,0,0,0,0,0,0,0,0,0,0,0,0,0,0,0,0,0,0,0,0,0,0,0,0,0,0,0,0,0,0,0,0,0,0,0,0,0,0,0,0,0,0,0,0,0,0,0,0,0,0,0,0,0,0,0,0,0,0,0,0,0,0,0,0,0,0,0,0,0,0,0,0,0,0,0,0,0,0,0,0,0,0,0,0,0,0,0,0,0,0,0,0,0,0,0,0,0,0,0,0,0,0,0,0,0,0,0,0,0,0,0,0,0,0,0,0,0,0,0,0,0,0,0,0,0,0,0,0,0,0,0,0,0,0,0,0,0,0,0,0,0,0,0,0,0,0,0,0,0,0,0,0,0,0,0,0,0,0,0,0,0,0,0,0,0,0,0,0,0
0,0,0,0,0,0,0,0,0.40375,0.18337,0.16522,0,0,0,0,0,0,1,0.82514,0.74526,0.76625,0.44515,0.23122,0.13485,0,0,0,0,0.85433,1,1,0.81627,1,0.60549,0.1748,0,0,0,0,0,0,0,0,0,0,0,0,0,0,0,0,0,0,0,0,0,0,0,0,0,0.45827,0.16128,0,0,0.23213,0,0,0,0,1,1,1,0.89908,0.49893,0.17386,0,1,1,1,0.67188,0.20912,1,0.74051,0,0.23969,1,0,0.13982,0.20749,0,0,0,0,0,0,0,0,0,0,0,0,0,0,0,0,0,0,0,0,0,0,0,0,0,0,0,0,0,0,0,0,0,0,0,0,0,0,0,0,0,0,0,0,0,0,0,0,0,0,0,0,0,0.16017,0.62152,1,0.17166,0.21866,0.61425,0.94101,1,1,1,0,0.21927,0.46879,0.80488,1,1,1,0.93828,1,1,1,1,1,1,1,1,1,0,0,0,0,0,0,0.22242,0,0,0,0,0,0,0,0,0,0,0,0,0,0,0,0,0,0,0,0,0,0.18165,0.62499,0.61464,0.86392,1,0,0,1,1,1,1,1,1,1,1,1,1,1,1,1,1,1,0.98294,0.77672,0.79686,0.19686,0,0,0,0,0,0,0,0.98423,0.35275,0,0,0,0,0,0.84234,0.64675,0.32657,0.15704,0.23704,0.88071,0.18077,0.12529,0,0,0,0,0,0,0,1,1,1,1,1,0.73073,1,1,1,0.72235,0.33193,0,1,1,1,1,1,0.28432,0,0,1,1,1,1,0.62175,0.24346,0,1,1,0.96171,0,1,1,1,0.24696,0.1696,0,1,1,0.66765,0.13525,1,0.52469,0.22555,0,1,0.67661,0.49842,0,0.70852,0.57184,0.2372,0.14271,0.17927,0,0.13911,0,0.19585,0,0,0,0,0,0,0,0,0,0,0,0,0,0,0,0,0,0,0,0,0,0,0,0,0,0,0,0,0,0,0,0,0,0,0,0,0,0,0,0,0,0,0,0,0,0,0,0,0,0,0,0,0,0,0,0,0,0,0,0,0,0,0,0,0,0,0,0,0,0,0,0,0,0,0,0,0,0,0,0,0,0,0,0,0,0,0,0,0,0,0,0,0,0,0,0,0,0,0,0,0,0,0,0,0,0,0,0,0,0,0,0,0,0,0,0,0,0,0,0,0,0,0,0,0,0,0,0,0,0,0,0,0,0,0,0,0,0,0,0,0,0,0,0,0,0,0,0,0,0,0,0,0,0,0,0,0,0,0,0,0,0,0,0,0,0,0,0,0,0,0,0,0,0,0,0,0,0,0,0,0,0,0,0,0,0,0,0,0,0
0,0,0,0,0,0,0,0,0.2575,0.15293,0.15721,0,0,0,0,0,0,1,0.5189,0.52598,0.71573,0.47345,0.28306,0.18391,0.13687,0,0,0,0.502,0.99564,1,0.86467,1,0.76801,0.28697,0.12867,0,0,0,0,0,0,0,0,0,0,0,0,0,0,0,0,0,0,0,0,0,0,0,0,0.1978,0,0,0,0,0,0,0,0,1,1,1,1,0.87585,0.47711,0,1,1,1,1,0.65553,1,1,0.20401,0.77744,1,0.17747,0.50109,0.70159,0,0,0,0,0,0,0,0,0,0,0,0,0,0,0,0,0,0,0,0,0,0,0,0,0,0,0,0,0,0,0,0,0,0,0,0,0,0,0,0,0,0,0,0,0,0,0,0,0,0,0,0,0,0,0.21996,1,0,0,0.20656,0.50671,0.88731,1,1,0,0,0.14252,0.27921,0.56981,1,1,0.38194,1,1,1,1,0.51912,0.813,1,0.97563,0.72958,0,0,0,0,0,0,0,0,0,0,0,0,0,0,0,0,0,0,0,0,0,0,0,0,0,0,0,0,0,0.1809,0.1759,0.28003,0.58846,0,0,1,1,1,1,1,1,1,1,0.85103,1,1,1,0.76441,1,1,0.69845,0.52229,0.59039,0,0,0,0,0,0,0,0,0.86489,0,0,0,0,0,0,0.42815,0.32321,0.19642,0,0.22787,0.40533,0,0,0,0,0,0,0,0,0,1,1,1,1,1,1,1,1,1,1,0.91473,0.1734,1,1,1,1,1,0.85689,0.42346,0.18066,1,1,1,1,1,0.78925,0.37381,1,1,1,0.14929,1,1,1,0.74736,0.52665,0.22768,1,1,1,0.40423,1,0.9304,0.625,0.27466,1,0.97943,0.84547,0,0.865,0.83041,0.58124,0.34904,0.38668,0.19849,0.21983,0.1367,0.25178,0,0.13192,0,0,0,0,0,0,0,0,0,0,0,0,0,0,0,0,0,0,0,0,0,0,0,0,0,0,0,0,0,0,0,0,0,0,0,0,0,0,0,0,0,0,0,0,0,0,0,0,0,0,0,0,0,0,0,0,0,0,0,0,0,0,0,0,0,0,0,0,0,0,0,0,0,0,0,0,0,0,0,0,0,0,0,0,0,0,0,0,0,0,0,0,0,0,0,0,0,0,0,0,0,0,0,0,0,0,0,0,0,0,0,0,0,0,0,0,0,0,0,0,0,0,0,0,0,0,0,0,0,0,0,0,0,0,0,0,0,0,0,0,0,0,0,0,0,0,0,0,0,0,0,0,0,0,0,0,0,0,0,0,0,0,0,0,0,0,0,0,0,0,0,0,0,0,0,0,0,0,0,0,0,0,0,0,0,0,0,0
0,0,0,0,0,0,0,0,0.16929,0,0,0,0,0,0,0,0,0.8789,0.22238,0.24151,0.51905,0.34169,0.23476,0.17542,0.14609,0,0,0,0.20852,0.69055,0.86245,0.7348,0.98994,0.73402,0.35787,0.17338,0,0,0,0,0,0,0,0,0,0,0,0,0,0,0,0,0,0,0,0,0,0,0,0,0,0,0,0,0,0,0,0,0,1,1,1,1,1,0.7446,0.19228,1,1,1,1,1,1,1,0.29089,1,1,0.46361,0.94506,1,0,0,0,0,0,0,0,0,0,0.1633,0,0,0,0,0,0,0,0,0,0,0.17904,0,0,0,0.12558,0,0.19468,0,0,0,0,0,0,0,0,0,0,0,0,0,0,0,0,0,0,0,0,0,0,0,0,0,0,0,0,0.83164,0,0,0,0.1964,0.46084,0.98557,1,0,0,0,0,0.20967,0.72891,1,0.13852,0.5398,0.95092,1,1,0.18356,0.34228,0.90696,0.53416,0.3085,0,0,0,0,0,0,0,0,0,0,0,0,0,0,0,0,0,0,0,0,0,0,0,0,0,0,0,0,0,0,0,0,0.20654,0,0,1,1,1,1,1,1,0.86646,1,0.46999,0.84852,1,1,0.40897,0.99579,1,0.456,0.30611,0.40731,0,0,0,0,0,0,0,0,0.73687,0,0,0,0,0,0,0.19999,0.18721,0.13188,0,0.21627,0.17797,0,0,0,0,0,0,0,0,0,1,1,1,1,1,1,1,1,1,1,1,0.49088,1,1,1,1,1,1,0.89268,0.51211,1,1,1,1,1,1,0.83765,1,1,1,0.40676,1,1,1,1,0.95357,0.62362,1,1,1,0.81553,1,1,0.989,0.66996,1,1,1,0.25471,0.95838,1,0.87396,0.69244,0.66484,0.4008,0.34877,0.20424,0.3722,0,0.34489,0,0,0,0,0,0,0,0,0,0,0,0,0,0,0,0,0,0,0,0,0,0,0,0,0,0,0,0,0,0,0,0,0,0,0,0,0,0,0,0,0,0,0,0,0,0,0,0,0,0,0,0,0,0,0,0,0,0,0,0,0,0,0,0,0,0,0,0,0,0,0,0,0,0,0,0,0,0,0,0,0,0,0,0,0,0,0,0,0,0,0,0,0,0,0,0,0,0,0,0,0,0,0,0,0,0,0,0,0,0,0,0,0,0,0,0,0,0,0,0,0,0,0,0,0,0,0,0,0,0,0,0,0,0,0,0,0,0,0,0,0,0,0,0,0,0,0,0,0,0,0,0,0,0,0,0,0,0,0,0,0,0,0,0,0,0,0,0,0,0,0,0,0,0,0,0,0,0,0,0,0,0,0,0,0,0,0,0
0,0,0,0,0,0,0,0,0,0,0,0,0,0,0,0,0,0,0,0,0,0,0,0,0,0,0,0,0,0,0.17042,0.19056,0.29401,0.31544,0.30504,0.23995,0.17918,0,0,0,0,0,0,0,0,0,0,0,0,0,0,0,0,0,0,0,0,0,0,0,0,0,0,0,0,0,0,0,0,0.30544,0.48825,0.52895,1,1,1,0.70775,0.77602,1,1,1,1,1,1,0.60071,1,1,1,1,1,0,0,0,0,0.50564,0.2255,0,0,0,0.94975,0.44167,0.169,0,0.58696,0.20697,0.79575,0.36044,0.21394,0.91996,0.28655,1,0.99166,0.65391,0.40639,1,0.80334,1,0,0,0,0,0,0,0,0,0,0,0,0,0,0,0,0,0,0,0,0,0,0,0,0,0,0,0,0,0,0,0,0,0,0,0,0.23013,0,0,0,0,0,0,0,0,0,0,0.20533,0,0,0,0,0,0,0,0,0,0,0,0,0,0,0,0,0,0,0,0,0,0,0,0,0,0,0,0,0,0,0,0,0,0,0,0,0,0,0,0,0,0.19856,0.38223,0.42752,0,0,0.24725,0,0.21475,0,0,0.15112,0.29183,0,0.14211,0.3078,0,0,0,0,0,0,0,0,0,0,0,0,0,0,0,0,0,0,0,0,0,0,0,0,0,0,0,0,0,0,0,0,0,1,0.78678,0.73073,1,1,1,0.75003,1,1,1,1,1,0.71728,1,1,1,1,1,1,1,0.68153,1,1,1,1,1,1,1,1,1,1,0.74308,1,1,1,1,1,1,1,1,1,0.89968,1,1,1,0.39814,1,1,1,0.47234,0.78089,1,1,0.84382,0.74289,0.26148,0.20192,0.18806,0,1,0,0,0,0,0,0,0,0,0,0,0,0,0,0,0,0,0,0,0,0,0,0,0,0,0,0,0,0,0,0,0,0,0,0,0,0,0,0,0,0,0,0,0,0,0,0,0,0,0,0,0,0,0,0,0,0,0,0,0,0,0,0,0,0,0,0,0,0,0,0,0,0,0,0,0,0,0,0,0,0,0,0,0,0,0,0,0,0,0,0,0,0,0,0,0,0,0,0,0,0,0,0,0,0,0,0,0,0,0,0,0,0,0,0,0,0,0,0,0,0,0,0,0,0,0,0,0,0,0,0,0,0,0,0,0,0,0,0,0,0,0,0,0,0,0,0,0,0,0,0,0,0,0,0,0,0,0,0,0,0,0,0,0,0,0,0,0,0,0,0,0,0,0,0,0,0,0,0,0,0,0,0,0,0,0,0,0,0
0,0,0,0,0,0,0,0,0.20998,0,0,0,0,0,0,0,0,1,0.56579,0.47494,0.49419,0.2263,0.14486,0,0,0,0,0,0.60459,0.92879,0.83405,0.55333,0.78946,0.36042,0,0,0,0,0,0,0,0,0,0,0,0,0,0,0,0,0,0,0,0,0,0,0,0,0,0,0.23788,0,0,0,0.15631,0,0,0,0,1,1,1,0.69876,0.31656,0.12518,0,1,1,1,0.53497,0.17742,1,0.64919,0,0.21863,1,0,0.13273,0.19809,0,0,0,0,0,0,0,0,0,0,0,0,0,0,0,0,0,0,0,0,0,0,0,0,0,0,0,0,0,0,0,0,0,0,0,0,0,0,0,0,0,0,0,0,0,0,0,0,0,0,0,0,0,0,0.41253,1,0,0.16164,0.42429,0.71724,1,1,1,0,0.17524,0.31823,0.63699,0.85628,1,1,0.80225,1,1,1,1,0.95666,1,1,1,1,0,0,0,0,0,0,0.22447,0,0,0,0,0,0,0,0,0,0,0,0,0,0,0,0,0,0,0,0,0,0.15709,0.62645,0.55453,0.78596,1,0,0,1,1,1,1,1,1,1,1,1,1,1,1,1,1,1,1,1,1,0.32657,0,0,0,0,0,0,0,1,0.44507,0.15048,0,0,0,0,1,0.86973,0.5741,0.24485,0.48493,1,0.24914,0.20109,0,0,0.17297,0,0,0,0,1,1,1,1,1,0.75003,1,1,1,0.7703,0.37922,0,1,1,1,1,1,0.35503,0.13786,0,1,1,1,1,0.72222,0.322,0.13091,1,1,1,0,1,1,1,0.38202,0.21427,0,1,1,0.85101,0.18496,1,0.71965,0.35408,0.1529,1,0.90703,0.71627,0,0.9704,0.81477,0.42346,0.20687,0.25806,0.14497,0.22238,0.13567,0.35049,0,0,0,0,0,0,0,0,0,0,0,0,0,0,0,0,0,0,0,0,0,0,0,0,0,0,0,0,0,0,0,0,0,0,0,0,0,0,0,0,0,0,0,0,0,0,0,0,0,0,0,0,0,0,0,0,0,0,0,0,0,0,0,0,0,0,0,0,0,0,0,0,0,0,0,0,0,0,0,0,0,0,0,0,0,0,0,0,0,0,0,0,0,0,0,0,0,0,0,0,0,0,0,0,0,0,0,0,0,0,0,0,0,0,0,0,0,0,0,0,0,0,0,0,0,0,0,0,0,0,0,0,0,0,0,0,0,0,0,0,0,0,0,0,0,0,0,0,0,0,0,0,0,0,0,0,0,0,0,0,0,0,0,0,0,0,0,0,0,0,0,0,0,0,0,0,0,0,0,0,0,0,0,0,0,0,0,0,0,0
0,0,0,0,0,0,0,0,0,0,0,0,0,0,0,0,0,0.36021,0,0,0.19729,0.15641,0.12701,0,0,0,0,0,0,0.22974,0.42465,0.35518,0.60601,0.43853,0.22724,0.14232,0,0,0,0,0,0,0,0,0,0,0,0,0,0,0,0,0,0,0,0,0,0,0,0,0,0,0,0,0,0,0,0,0,0.86245,0.95837,0.88456,1,0.95419,0.80761,0.216,1,1,1,1,1,1,1,0.2488,1,1,0.84001,1,1,0,0,0,0,0,0,0,0,0,0.22996,0,0,0,0,0,0,0,0,0.15101,0,0.45226,0.16817,0,0,0.32948,0,0.45136,0,0,0,0,0,0,0,0,0,0,0,0,0,0,0,0,0,0,0,0,0,0,0,0,0,0,0,0,0.28424,0,0,0,0,0.13585,0.43303,0.95731,0,0,0,0,0,0.22472,0.47794,0,0.16311,0.40979,0.97525,0.66364,0,0,0.39759,0.18929,0,0,0,0,0,0,0,0,0,0,0,0,0,0,0,0,0,0,0,0,0,0,0,0,0,0,0,0,0,0,0,0,0,0,0,0,1,1,1,0.8169,0.62822,1,0.45959,1,0.1957,0.51413,0.91929,1,0.18636,0.84092,1,0.24642,0.20811,0.26113,0,0,0,0,0,0,0,0,0.64235,0,0.1736,0.13364,0,0,0,0,0,0,0,0.22814,0,0,0,0,0,0,0,0,0,0,1,1,1,1,1,1,1,1,1,1,1,1,1,1,1,1,1,1,1,1,1,1,1,1,1,1,1,1,1,1,0.96099,1,1,1,1,1,1,1,1,1,1,1,1,1,1,1,1,1,0.79141,1,1,1,1,1,0.8302,0.6443,0.42967,0.58498,0,0.90013,0,0,0,0,0,0,0,0,0,0,0,0,0,0,0,0,0,0,0,0,0,0,0,0,0,0,0,0,0,0,0,0,0,0,0,0,0,0,0,0,0,0,0,0,0,0,0,0,0,0,0,0,0,0,0,0,0,0,0,0,0,0,0,0,0,0,0,0,0,0,0,0,0,0,0,0,0,0,0,0,0,0,0,0,0,0,0,0,0,0,0,0,0,0,0,0,0,0,0,0,0,0,0,0,0,0,0,0,0,0,0,0,0,0,0,0,0,0,0,0,0,0,0,0,0,0,0,0,0,0,0,0,0,0,0,0,0,0,0,0,0,0,0,0,0,0,0,0,0,0,0,0,0,0,0,0,0,0,0,0,0,0,0,0,0,0,0,0,0,0,0,0,0,0,0,0,0,0,0,0,0,0,0,0,0,0,0,0
0,0,0,0,0,0,0,0,0,0,0,0,0,0,0,0,0,0.15938,0,0,0,0,0,0,0,0,0,0,0,0,0.21303,0.21055,0.37192,0.29537,0.2196,0.16254,0,0,0,0,0,0,0,0,0,0,0,0,0,0,0,0,0,0,0,0,0,0,0,0,0,0,0,0,0,0,0,0,0,0.5138,0.65256,0.63346,1,0.98168,0.9815,0.35124,1,1,1,1,1,1,1,0.34284,1,1,1,1,1,0,0,0,0,0.20191,0,0,0,0,0.50379,0.15882,0,0,0.19837,0,0.288,0,0,0.40311,0,0.925,0.47666,0.21375,0.13162,0.82283,0.30577,0.89274,0,0,0,0,0,0,0,0,0,0,0,0,0,0,0,0,0,0,0,0,0,0,0,0,0,0,0,0,0,0,0,0,0,0,0.16205,0.51497,0,0,0,0,0,0,0.16883,0,0,0.13796,0.49627,0.22022,0,0,0.13009,0,0,0,0,0,0,0,0,0,0,0,0,0,0,0,0,0,0,0,0,0,0,0,0,0,0,0,0,0,0,0,0,0,0,0,0,0,0.52547,0.81652,0.89359,0.3085,0.20783,0.74136,0.15413,0.65514,0,0.17948,0.46988,0.80857,0,0.44074,0.82163,0,0,0.12537,0,0,0,0,0,0,0,0,0.28066,0,0.12531,0,0,0,0,0,0,0,0,0.14051,0,0,0,0,0,0,0,0,0,0,1,1,1,1,1,1,1,1,1,1,1,1,1,1,1,1,1,1,1,1,1,1,1,1,1,1,1,1,1,1,1,1,1,1,1,1,1,1,1,1,1,1,1,1,1,0.89575,1,1,1,0.91967,1,1,1,1,0.9625,0.60791,0.42493,0.46373,0,1,0,0,0,0,0,0,0,0,0,0,0,0,0,0,0,0,0,0,0,0,0,0,0,0,0,0,0,0,0,0,0,0,0,0,0,0,0,0,0,0,0,0,0,0,0,0,0,0,0,0,0,0,0,0,0,0,0,0,0,0,0,0,0,0,0,0,0,0,0,0,0,0,0,0,0,0,0,0,0,0,0,0,0,0,0,0,0,0,0,0,0,0,0,0,0,0,0,0,0,0,0,0,0,0,0,0,0,0,0,0,0,0,0,0,0,0,0,0,0,0,0,0,0,0,0,0,0,0,0,0,0,0,0,0,0,0,0,0,0,0,0,0,0,0,0,0,0,0,0,0,0,0,0,0,0,0,0,0,0,0,0,0,0,0,0,0,0,0,0,0,0,0,0,0,0,0,0,0,0,0,0,0,0,0,0,0,0,0
0,0,0,0,0,0,0,0,0,0,0,0,0,0,0,0,0,0,0,0,0,0,0,0,0,0,0,0,0,0,0,0,0.2002,0.19752,0.18489,0.15284,0,0,0,0,0,0,0,0,0,0,0,0,0,0,0,0,0,0,0,0,0,0,0,0,0,0,0,0,0,0,0,0,0,0.2209,0.32756,0.34568,0.88509,0.89652,1,0.44638,0.65902,1,1,1,1,1,1,0.33791,1,0.9623,1,1,1,0,0,0,0,0.25143,0.14526,0,0,0,0.70892,0.23739,0,0,0.37809,0.14097,0.6087,0.23019,0.16007,0.76629,0.21558,1,0.86722,0.54099,0.29814,1,0.72827,1,0,0,0,0,0,0,0,0,0,0,0,0,0,0,0,0,0,0,0,0,0,0,0,0,0,0,0,0,0,0,0,0,0,0,0,0.20204,0,0,0,0,0,0,0,0,0,0,0.1889,0,0,0,0,0,0,0,0,0,0,0,0,0,0,0,0,0,0,0,0,0,0,0,0,0,0,0,0,0,0,0,0,0,0,0,0,0,0,0,0,0,0.1947,0.37468,0.45045,0,0,0.3096,0,0.2456,0,0,0.19015,0.42677,0,0.19191,0.45804,0,0,0,0,0,0,0,0,0,0,0,0.14816,0,0,0,0,0,0,0,0,0,0,0,0,0,0,0,0,0,0,0,0,0,1,0.75286,0.72235,1,1,1,0.7703,1,1,1,1,1,0.76525,1,1,1,1,1,1,1,0.75202,1,1,1,1,1,1,1,1,1,1,0.8764,1,1,1,1,1,1,1,1,1,1,1,1,1,0.57922,1,1,1,0.69314,1,1,1,1,1,0.51578,0.36452,0.30601,0,1,0,0,0,0,0,0,0,0,0,0,0,0,0,0,0,0,0,0,0,0,0,0,0,0,0,0,0,0,0,0,0,0,0,0,0,0,0,0,0,0,0,0,0,0,0,0,0,0,0,0,0,0,0,0,0,0,0,0,0,0,0,0,0,0,0,0,0,0,0,0,0,0,0,0,0,0,0,0,0,0,0,0,0,0,0,0,0,0,0,0,0,0,0,0,0,0,0,0,0,0,0,0,0,0,0,0,0,0,0,0,0,0,0,0,0,0,0,0,0,0,0,0,0,0,0,0,0,0,0,0,0,0,0,0,0,0,0,0,0,0,0,0,0,0,0,0,0,0,0,0,0,0,0,0,0,0,0,0,0,0,0,0,0,0,0,0,0,0,0,0,0,0,0,0,0,0,0,0,0,0,0,0,0,0,0,0,0,0
0,0,0,0,0,0,0,0,0,0,0,0,0,0,0,0,0,0,0,0,0,0,0,0,0,0,0,0,0,0,0,0,0,0,0.13674,0.12596,0,0,0,0,0,0,0,0,0,0,0,0,0,0,0,0,0,0,0,0,0,0,0,0,0,0,0,0,0,0,0,0,0,0,0.17119,0.1859,0.67495,0.75156,0.99149,0.46711,0.3085,0.80831,1,1,1,0.77554,1,0.27173,1,0.69554,1,1,1,0,0,0,0,0.32317,0.18852,0,0,0,0.82981,0.37293,0.16758,0,0.58541,0.21842,0.85355,0.46565,0.26792,1,0.45922,1,1,0.87723,0.63979,1,1,1,0,0,0,0,0,0,0,0,0,0,0,0,0,0,0,0,0,0,0,0,0,0,0,0,0,0,0,0,0,0,0,0,0,0,0,0,0,0,0,0,0,0,0,0,0,0,0,0,0,0,0,0,0,0,0,0,0,0,0,0,0,0,0,0,0,0,0,0,0,0,0,0,0,0,0,0,0,0,0,0,0,0,0,0,0,0,0,0,0,0.16135,0.18654,0,0,0.14244,0,0,0,0,0,0.19311,0,0,0.20774,0,0,0,0,0,0,0,0,0,0,0,0,0,0,0,0,0,0,0,0,0,0,0,0,0,0,0,0,0,0,0,0,0,1,0.3664,0.33193,0.91473,1,1,0.37922,1,1,1,1,1,0.37741,0.84033,1,1,1,1,1,1,0.3698,0.77819,1,1,1,1,1,0.86344,1,1,1,0.52559,1,1,1,1,1,0.91307,1,1,1,0.80479,1,1,1,0.27678,1,1,1,0.45474,0.82297,1,1,1,0.98035,0.3855,0.26334,0.20884,0,1,0,0,0,0,0,0,0,0,0,0,0,0,0,0,0,0,0,0,0,0,0,0,0,0,0,0,0,0,0,0,0,0,0,0,0,0,0,0,0,0,0,0,0,0,0,0,0,0,0,0,0,0,0,0,0,0,0,0,0,0,0,0,0,0,0,0,0,0,0,0,0,0,0,0,0,0,0,0,0,0,0,0,0,0,0,0,0,0,0,0,0,0,0,0,0,0,0,0,0,0,0,0,0,0,0,0,0,0,0,0,0,0,0,0,0,0,0,0,0,0,0,0,0,0,0,0,0,0,0,0,0,0,0,0,0,0,0,0,0,0,0,0,0,0,0,0,0,0,0,0,0,0,0,0,0,0,0,0,0,0,0,0,0,0,0,0,0,0,0,0,0,0,0,0,0,0,0,0,0,0,0,0,0,0,0,0,0,0
0,0,0,0,0,0,0,0,0,0,0,0,0,0,0,0,0,0,0,0,0,0,0,0,0,0,0,0,0,0,0,0,0,0,0,0,0,0,0,0,0,0,0,0,0,0,0,0,0,0,0,0,0,0,0,0,0,0,0,0,0,0,0,0,0,0,0,0,0,0,0,0,0.19291,0.26851,0.69683,0.33824,0,0.1866,0.73015,0.83289,1,0.14448,1,0.15664,1,0.1672,1,1,1,0,0,0,0,0.32047,0.23971,0.16878,0,0,0.90392,0.58584,0.36016,0.16042,0.90737,0.5741,1,0.99168,0.84199,1,1,1,1,1,1,1,1,1,0,0,0,0,0,0,0,0,0,0,0,0,0,0,0,0,0,0,0,0,0,0,0,0,0,0,0,0,0,0,0,0,0,0,0,0,0,0,0,0,0,0,0,0,0,0,0,0,0,0,0,0,0,0,0,0,0,0,0,0,0,0,0,0,0,0,0,0,0,0,0,0,0,0,0,0,0,0,0,0,0,0,0,0,0,0,0,0,0,0,0,0,0,0,0,0,0,0,0,0,0,0,0,0,0,0,0,0,0,0,0,0,0,0,0,0,0,0,0,0,0,0,0,0,0,0,0,0,0,0,0,0,0,0,0,0,0.24513,0,0,0.1734,0.49088,1,0,1,1,1,1,1,0,0.14825,0.45651,1,1,1,1,1,0,0.13066,0.42623,0.85258,1,1,1,0.16945,0.79978,1,1,0,0.22988,0.71338,1,1,1,0.2077,0.62206,1,1,0.1809,0.97582,1,1,0,0.43507,0.64515,1,0,0.23493,0.74508,1,0.5805,0.65817,0.13471,0,0,0,1,0,0,0,0,0,0,0,0,0,0,0,0,0,0,0,0,0,0,0,0,0,0,0,0,0,0,0,0,0,0,0,0,0,0,0,0,0,0,0,0,0,0,0,0,0,0,0,0,0,0,0,0,0,0,0,0,0,0,0,0,0,0,0,0,0,0,0,0,0,0,0,0,0,0,0,0,0,0,0,0,0,0,0,0,0,0,0,0,0,0,0,0,0,0,0,0,0,0,0,0,0,0,0,0,0,0,0,0,0,0,0,0,0,0,0,0,0,0,0,0,0,0,0,0,0,0,0,0,0,0,0,0,0,0,0,0,0,0,0,0,0,0,0,0,0,0,0,0,0,0,0,0,0,0,0,0,0,0,0,0,0,0,0,0,0,0,0,0,0,0,0,0,0,0,0,0,0,0,0,0,0,0,0,0,0,0,0,0
0,0,0,0,0,0,0,0,0,0,0,0,0,0,0,0,0,0.92926,0.31978,0.23903,0.24305,0.13874,0,0,0,0,0,0,0.36798,0.6683,0.56934,0.29229,0.53022,0.20351,0,0,0,0,0,0,0,0,0,0,0,0,0,0,0,0,0,0,0,0,0,0,0,0,0,0,0.1609,0,0,0,0,0,0,0,0,1,1,0.80161,0.47964,0.20413,0,0,1,1,1,0.3659,0.13372,1,0.51731,0,0.18403,0.90459,0,0,0.17419,0,0,0,0,0,0,0,0,0,0,0,0,0,0,0,0,0,0,0,0,0,0,0,0,0,0,0,0,0,0,0,0,0,0,0,0,0,0,0,0,0,0,0,0,0,0,0,0,0,0,0,0,0,0,0.23823,1,0,0,0.24799,0.50463,0.89877,1,1,0,0.13371,0.22494,0.47573,0.66544,1,1,0.66875,1,1,1,1,0.8305,1,1,1,1,0,0,0,0,0,0,0.22641,0,0,0,0,0,0,0,0,0,0,0,0,0,0,0,0,0,0,0,0,0,0.134,0.62372,0.49371,0.7061,1,0,0,1,1,1,1,1,1,1,1,1,1,1,1,1,1,1,1,1,1,0.56026,0.19462,0.20932,0.1841,0,0,0,0,1,0.5335,0.23602,0.18209,0,0,0,1,1,0.81849,0.49358,0.74993,1,0.45072,0.32906,0.13453,0,0.2608,0.12727,0,0,0,1,1,1,1,1,0.71728,1,1,1,0.76525,0.37741,0,1,1,1,1,1,0.37687,0.14471,0,1,1,1,1,0.77132,0.36555,0.14402,1,1,1,0,1,1,1,0.47782,0.24417,0,1,1,0.99097,0.22051,1,0.87444,0.49075,0.19363,1,1,0.89902,0,1,1,0.60033,0.27589,0.4459,0.20507,0.3928,0.21052,0.5941,0,0,0,0,0,0,0,0,0,0,0,0,0,0,0,0,0,0,0,0,0,0,0,0,0,0,0,0,0,0,0,0,0,0,0,0,0,0,0,0,0,0,0,0,0,0,0,0,0,0,0,0,0,0,0,0,0,0,0,0,0,0,0,0,0,0,0,0,0,0,0,0,0,0,0,0,0,0,0,0,0,0,0,0,0,0,0,0,0,0,0,0,0,0,0,0,0,0,0,0,0,0,0,0,0,0,0,0,0,0,0,0,0,0,0,0,0,0,0,0,0,0,0,0,0,0,0,0,0,0,0,0,0,0,0,0,0,0,0,0,0,0,0,0,0,0,0,0,0,0,0,0,0,0,0,0,0,0,0,0,0,0,0,0,0,0,0,0,0,0,0,0,0,0,0,0,0,0,0,0,0,0,0,0,0,0,0,0,0,0
0,0,0,0,0,0,0,0,0,0,0,0,0,0,0,0,0,0.76678,0.20175,0.18716,0.2286,0.14139,0,0,0,0,0,0,0.20706,0.52736,0.53416,0.3134,0.56326,0.2357,0,0,0,0,0,0,0,0,0,0,0,0,0,0,0,0,0,0,0,0,0,0,0,0,0,0,0,0,0,0,0,0,0,0,0,1,1,0.848,0.68174,0.35805,0.17142,0,1,1,1,0.67895,0.27483,1,0.88456,0,0.4555,1,0,0.2714,0.45386,0,0,0,0,0,0,0,0,0,0,0,0,0,0,0,0,0,0,0,0,0,0,0,0,0,0,0,0,0,0,0,0,0,0,0,0,0,0,0,0,0,0,0,0,0,0,0,0,0,0,0,0,0,0,0.12736,0.87861,0,0,0.12814,0.23282,0.59131,1,1,0,0,0,0.19732,0.32058,0.96074,1,0.25742,0.84516,1,1,1,0.41319,0.74415,1,1,0.95867,0,0,0,0,0,0,0,0,0,0,0,0,0,0,0,0,0,0,0,0,0,0,0,0,0,0,0,0,0,0.21941,0.17968,0.25955,0.59792,0,0,1,1,1,1,1,1,1,1,1,1,1,1,1,1,1,1,1,1,0.31966,0,0.17053,0.13559,0,0,0,0,1,0.19687,0.31634,0.22124,0.15238,0,0,0.83327,0.79971,0.61227,0.37308,0.74433,0.74521,0.21201,0.1893,0,0,0.18416,0.14855,0,0,0,1,1,1,1,1,1,1,1,1,1,0.84033,0.14825,1,1,1,1,1,0.84242,0.39968,0.17042,1,1,1,1,1,0.82953,0.39646,1,1,1,0.16875,1,1,1,0.92154,0.6797,0.30648,1,1,1,0.59758,1,1,0.8997,0.5042,1,1,1,0.18162,1,1,0.95389,0.66257,0.78027,0.46419,0.63621,0.38001,0.76982,0,0.16535,0,0,0,0,0,0,0,0,0,0,0,0,0,0,0,0,0,0,0,0,0,0,0,0,0,0,0,0,0,0,0,0,0,0,0,0,0,0,0,0,0,0,0,0,0,0,0,0,0,0,0,0,0,0,0,0,0,0,0,0,0,0,0,0,0,0,0,0,0,0,0,0,0,0,0,0,0,0,0,0,0,0,0,0,0,0,0,0,0,0,0,0,0,0,0,0,0,0,0,0,0,0,0,0,0,0,0,0,0,0,0,0,0,0,0,0,0,0,0,0,0,0,0,0,0,0,0,0,0,0,0,0,0,0,0,0,0,0,0,0,0,0,0,0,0,0,0,0,0,0,0,0,0,0,0,0,0,0,0,0,0,0,0,0,0,0,0,0,0,0,0,0,0,0,0,0,0,0,0,0,0,0,0,0,0,0,0,0
0,0,0,0,0,0,0,0,0,0,0,0,0,0,0,0,0,0.51669,0,0,0.1904,0,0,0,0,0,0,0,0,0.30485,0.4183,0.2644,0.51956,0.24851,0,0,0,0,0,0,0,0,0,0,0,0,0,0,0,0,0,0,0,0,0,0,0,0,0,0,0,0,0,0,0,0,0,0,0,0.93816,0.95844,0.80819,0.83164,0.57253,0.3216,0,1,1,1,0.97404,0.66102,1,1,0,0.88132,1,0.24689,0.74673,0.91973,0,0,0,0,0,0,0,0,0,0,0,0,0,0,0,0,0,0,0,0,0,0,0,0,0,0,0,0,0,0,0,0,0,0,0,0,0,0,0,0,0,0,0,0,0,0,0,0,0,0,0,0,0,0,0,0.54418,0,0,0,0,0.23788,0.72465,1,0,0,0,0,0.1379,0.54248,0.83358,0,0.39725,0.85028,1,1,0.14769,0.2639,0.90406,0.62301,0.45067,0,0,0,0,0,0,0,0,0,0,0,0,0,0,0,0,0,0,0,0,0,0,0,0,0,0,0,0,0,0,0,0,0.19936,0,0,1,1,1,1,1,1,1,1,0.6804,1,1,1,0.65753,1,1,0.82277,0.69583,0.81857,0.16275,0,0,0,0,0,0,0,1,0,0.33982,0.234,0.16919,0,0,0.38843,0.41809,0.30578,0.21747,0.62807,0.26718,0,0,0,0,0,0.14269,0,0,0,1,1,1,1,1,1,1,1,1,1,1,0.45651,1,1,1,1,1,1,0.91252,0.52412,1,1,1,1,1,1,0.90625,1,1,1,0.50971,1,1,1,1,1,0.79398,1,1,1,1,1,1,1,0.9446,1,1,1,0.49829,1,1,1,1,1,0.79306,0.81564,0.5734,0.85849,0.14448,0.48957,0,0,0,0,0,0,0,0,0,0,0,0,0,0,0,0,0,0,0,0,0,0,0,0,0,0,0,0,0,0,0,0,0,0,0,0,0,0,0,0,0,0,0,0,0,0,0,0,0,0,0,0,0,0,0,0,0,0,0,0,0,0,0,0,0,0,0,0,0,0,0,0,0,0,0,0,0,0,0,0,0,0,0,0,0,0,0,0,0,0,0,0,0,0,0,0,0,0,0,0,0,0,0,0,0,0,0,0,0,0,0,0,0,0,0,0,0,0,0,0,0,0,0,0,0,0,0,0,0,0,0,0,0,0,0,0,0,0,0,0,0,0,0,0,0,0,0,0,0,0,0,0,0,0,0,0,0,0,0,0,0,0,0,0,0,0,0,0,0,0,0,0,0,0,0,0,0,0,0,0,0,0,0,0,0,0,0,0
0,0,0,0,0,0,0,0,0,0,0,0,0,0,0,0,0,0.16684,0,0,0,0,0,0,0,0,0,0,0,0,0.18301,0.16034,0.24377,0.19188,0,0,0,0,0,0,0,0,0,0,0,0,0,0,0,0,0,0,0,0,0,0,0,0,0,0,0,0,0,0,0,0,0,0,0,0.49301,0.58345,0.50914,0.78543,0.6441,0.56566,0.14014,1,1,1,1,1,1,1,0.15417,1,1,0.81826,1,1,0,0,0,0,0,0,0,0,0,0.17959,0,0,0,0,0,0,0,0,0.14801,0,0.47866,0.17714,0,0,0.40166,0.13044,0.42898,0,0,0,0,0,0,0,0,0,0,0,0,0,0,0,0,0,0,0,0,0,0,0,0,0,0,0,0,0.14922,0,0,0,0,0,0.20219,0.62473,0,0,0,0,0,0.12512,0.22498,0,0,0.21603,0.67877,0.42207,0,0,0.22727,0.1342,0,0,0,0,0,0,0,0,0,0,0,0,0,0,0,0,0,0,0,0,0,0,0,0,0,0,0,0,0,0,0,0,0,0,0,0,0.77959,1,1,0.63237,0.47844,1,0.34382,1,0.16583,0.45629,0.91,1,0.16566,0.90455,1,0.27421,0.22863,0.34461,0,0,0,0,0,0,0,0,0.75202,0,0.29984,0.22991,0.17378,0,0,0,0,0,0,0.38542,0,0,0,0,0,0,0,0,0,0,1,1,1,1,1,1,1,1,1,1,1,1,1,1,1,1,1,1,1,1,1,1,1,1,1,1,1,1,1,1,1,1,1,1,1,1,1,1,1,1,1,1,1,1,1,1,1,1,1,1,1,1,1,1,1,0.976,0.77168,0.87855,0.17017,1,0,0,0,0,0,0,0,0,0,0,0,0,0,0,0,0,0,0,0,0,0,0,0,0,0,0,0,0,0,0,0,0,0,0,0,0,0,0,0,0,0,0,0,0,0,0,0,0,0,0,0,0,0,0,0,0,0,0,0,0,0,0,0,0,0,0,0,0,0,0,0,0,0,0,0,0,0,0,0,0,0,0,0,0,0,0,0,0,0,0,0,0,0,0,0,0,0,0,0,0,0,0,0,0,0,0,0,0,0,0,0,0,0,0,0,0,0,0,0,0,0,0,0,0,0,0,0,0,0,0,0,0,0,0,0,0,0,0,0,0,0,0,0,0,0,0,0,0,0,0,0,0,0,0,0,0,0,0,0,0,0,0,0,0,0,0,0,0,0,0,0,0,0,0,0,0,0,0,0,0,0,0,0,0,0,0,0,0
0,0,0,0,0,0,0,0,0,0,0,0,0,0,0,0,0,0,0,0,0,0,0,0,0,0,0,0,0,0,0,0,0.17748,0.14174,0,0,0,0,0,0,0,0,0,0,0,0,0,0,0,0,0,0,0,0,0,0,0,0,0,0,0,0,0,0,0,0,0,0,0,0.24517,0.3484,0.30214,0.67221,0.5868,0.59454,0.15758,0.78096,1,1,1,1,1,1,0.14948,1,0.85045,1,1,1,0,0,0,0,0,0,0,0,0,0.22158,0,0,0,0,0,0.17435,0,0,0.22686,0,0.73335,0.28978,0.15659,0,0.68295,0.22662,0.65243,0,0,0,0,0,0,0,0,0,0,0,0,0,0,0,0,0,0,0,0,0,0,0,0,0,0,0,0,0,0,0,0,0,0,0,0.32025,0,0,0,0,0,0,0,0,0,0,0.35642,0.1962,0,0,0,0,0,0,0,0,0,0,0,0,0,0,0,0,0,0,0,0,0,0,0,0,0,0,0,0,0,0,0,0,0,0,0,0,0,0,0,0,0.44692,0.73908,0.86762,0.29911,0.21654,0.7992,0.17404,0.75952,0,0.21708,0.62103,0.99153,0,0.65175,1,0.17029,0.14601,0.20299,0,0,0,0,0,0,0,0,0.52969,0,0.24843,0.21663,0.16549,0,0,0,0,0,0,0.24711,0,0,0,0,0,0,0,0,0,0,1,1,1,1,1,1,1,1,1,1,1,1,1,1,1,1,1,1,1,1,1,1,1,1,1,1,1,1,1,1,1,1,1,1,1,1,1,1,1,1,1,1,1,1,1,1,1,1,1,1,1,1,1,1,1,0.99834,0.81912,0.837,0.17181,1,0,0,0,0,0,0,0,0,0,0,0,0,0,0,0,0,0,0,0,0,0,0,0,0,0,0,0,0,0,0,0,0,0,0,0,0,0,0,0,0,0,0,0,0,0,0,0,0,0,0,0,0,0,0,0,0,0,0,0,0,0,0,0,0,0,0,0,0,0,0,0,0,0,0,0,0,0,0,0,0,0,0,0,0,0,0,0,0,0,0,0,0,0,0,0,0,0,0,0,0,0,0,0,0,0,0,0,0,0,0,0,0,0,0,0,0,0,0,0,0,0,0,0,0,0,0,0,0,0,0,0,0,0,0,0,0,0,0,0,0,0,0,0,0,0,0,0,0,0,0,0,0,0,0,0,0,0,0,0,0,0,0,0,0,0,0,0,0,0,0,0,0,0,0,0,0,0,0,0,0,0,0,0,0,0,0,0,0
0,0,0,0,0,0,0,0,0,0,0,0,0,0,0,0,0,0,0,0,0,0,0,0,0,0,0,0,0,0,0,0,0,0,0,0,0,0,0,0,0,0,0,0,0,0,0,0,0,0,0,0,0,0,0,0,0,0,0,0,0,0,0,0,0,0,0,0,0,0,0,0,0.45263,0.51038,0.73546,0.23679,0.22484,0.62938,1,1,1,0.6495,1,0.17244,1,0.49802,1,1,1,0,0,0,0,0.19022,0,0,0,0,0.58433,0.21286,0,0,0.36656,0.14976,0.65073,0.28272,0.19823,0.88194,0.3051,1,1,0.74441,0.51503,1,0.99433,1,0,0,0,0,0,0,0,0,0,0,0,0,0,0,0,0,0,0,0,0,0,0,0,0,0,0,0,0,0,0,0,0,0,0,0,0,0,0,0,0,0,0,0,0,0,0,0,0,0,0,0,0,0,0,0,0,0,0,0,0,0,0,0,0,0,0,0,0,0,0,0,0,0,0,0,0,0,0,0,0,0,0,0,0,0,0,0,0,0,0.14648,0.18011,0,0,0.14953,0,0.13624,0,0,0,0.22084,0,0,0.24046,0,0,0,0,0,0,0,0,0,0,0,0,0,0,0,0,0,0,0,0,0,0,0,0,0,0,0,0,0,0,0,0,0,1,0.29781,0.28432,0.85689,1,1,0.35503,1,1,1,1,1,0.37687,0.84242,1,1,1,1,1,1,0.38914,0.8041,1,1,1,1,1,0.93178,1,1,1,0.60154,1,1,1,1,1,1,1,1,1,0.94088,1,1,1,0.40589,1,1,1,0.62887,1,1,1,1,1,0.61027,0.49775,0.33301,0,1,0,0,0,0,0,0,0,0,0,0,0,0,0,0,0,0,0,0,0,0,0,0,0,0,0,0,0,0,0,0,0,0,0,0,0,0,0,0,0,0,0,0,0,0,0,0,0,0,0,0,0,0,0,0,0,0,0,0,0,0,0,0,0,0,0,0,0,0,0,0,0,0,0,0,0,0,0,0,0,0,0,0,0,0,0,0,0,0,0,0,0,0,0,0,0,0,0,0,0,0,0,0,0,0,0,0,0,0,0,0,0,0,0,0,0,0,0,0,0,0,0,0,0,0,0,0,0,0,0,0,0,0,0,0,0,0,0,0,0,0,0,0,0,0,0,0,0,0,0,0,0,0,0,0,0,0,0,0,0,0,0,0,0,0,0,0,0,0,0,0,0,0,0,0,0,0,0,0,0,0,0,0,0,0,0,0,0,0
0,0,0,0,0,0,0,0,0,0,0,0,0,0,0,0,0,0,0,0,0,0,0,0,0,0,0,0,0,0,0,0,0,0,0,0,0,0,0,0,0,0,0,0,0,0,0,0,0,0,0,0,0,0,0,0,0,0,0,0,0,0,0,0,0,0,0,0,0,0,0,0,0.23153,0.31175,0.63363,0.22645,0,0.28981,0.93522,0.90114,1,0.25341,1,0.13401,1,0.22925,1,1,1,0,0,0,0,0.19882,0.13949,0,0,0,0.65052,0.26208,0.15714,0,0.53966,0.22088,0.86264,0.54399,0.37659,1,0.61718,1,1,1,0.8662,1,1,1,0,0,0,0,0,0,0,0,0,0,0,0,0,0,0,0,0,0,0,0,0,0,0,0,0,0,0,0,0,0,0,0,0,0,0,0,0,0,0,0,0,0,0,0,0,0,0,0,0,0,0,0,0,0,0,0,0,0,0,0,0,0,0,0,0,0,0,0,0,0,0,0,0,0,0,0,0,0,0,0,0,0,0,0,0,0,0,0,0,0,0,0,0,0,0,0,0,0,0,0,0,0,0,0,0,0,0,0,0,0,0,0,0,0,0,0,0,0,0,0,0,0,0,0,0,0,0,0,0,0,0,0,0,0,0,0,0.61526,0,0,0.42346,0.89268,1,0.13786,1,1,1,1,1,0.14471,0.39968,0.91252,1,1,1,1,1,0.14927,0.3634,0.9025,1,1,1,1,0.5027,1,1,1,0.22562,0.69484,1,1,1,1,0.63459,1,1,1,0.55683,1,1,1,0.1729,0.94388,1,1,0.29324,0.71074,1,1,1,1,0.3806,0.30187,0.18635,0,1,0,0,0,0,0,0,0,0,0,0,0,0,0,0,0,0,0,0,0,0,0,0,0,0,0,0,0,0,0,0,0,0,0,0,0,0,0,0,0,0,0,0,0,0,0,0,0,0,0,0,0,0,0,0,0,0,0,0,0,0,0,0,0,0,0,0,0,0,0,0,0,0,0,0,0,0,0,0,0,0,0,0,0,0,0,0,0,0,0,0,0,0,0,0,0,0,0,0,0,0,0,0,0,0,0,0,0,0,0,0,0,0,0,0,0,0,0,0,0,0,0,0,0,0,0,0,0,0,0,0,0,0,0,0,0,0,0,0,0,0,0,0,0,0,0,0,0,0,0,0,0,0,0,0,0,0,0,0,0,0,0,0,0,0,0,0,0,0,0,0,0,0,0,0,0,0,0,0,0,0,0,0,0,0,0,0,0,0
0,0,0,0,0,0,0,0,0,0,0,0,0,0,0,0,0,0,0,0,0,0,0,0,0,0,0,0,0,0,0,0,0,0,0,0,0,0,0,0,0,0,0,0,0,0,0,0,0,0,0,0,0,0,0,0,0,0,0,0,0,0,0,0,0,0,0,0,0,0,0,0,0.14649,0.20011,0.49284,0.20185,0,0.1581,0.63456,0.67705,1,0.13272,1,0,1,0.13136,1,1,1,0,0,0,0,0.19101,0.15314,0,0,0,0.65218,0.32412,0.19887,0,0.64348,0.3121,0.9975,0.73554,0.59187,1,0.86083,1,1,1,1,1,1,1,0,0,0,0,0,0,0,0,0,0,0,0,0,0,0,0,0,0,0,0,0,0,0,0,0,0,0,0,0,0,0,0,0,0,0,0,0,0,0,0,0,0,0,0,0,0,0,0,0,0,0,0,0,0,0,0,0,0,0,0,0,0,0,0,0,0,0,0,0,0,0,0,0,0,0,0,0,0,0,0,0,0,0,0,0,0,0,0,0,0,0,0,0,0,0,0,0,0,0,0,0,0,0,0,0,0,0,0,0,0,0,0,0,0,0,0,0,0,0,0,0,0,0,0,0,0,0,0,0,0,0,0,0,0,0,0,0.24671,0,0,0.18066,0.51211,1,0,1,1,1,1,1,0,0.17042,0.52412,1,1,1,1,1,0,0.15866,0.51558,0.9488,1,1,1,0.20739,0.92545,1,1,0,0.32271,0.86163,1,1,1,0.27284,0.78885,1,1,0.23492,1,1,1,0,0.63341,0.85441,1,0.15834,0.40907,0.97172,1,0.81542,0.90715,0.21241,0.1949,0,0,1,0,0,0,0,0,0,0,0,0,0,0,0,0,0,0,0,0,0,0,0,0,0,0,0,0,0,0,0,0,0,0,0,0,0,0,0,0,0,0,0,0,0,0,0,0,0,0,0,0,0,0,0,0,0,0,0,0,0,0,0,0,0,0,0,0,0,0,0,0,0,0,0,0,0,0,0,0,0,0,0,0,0,0,0,0,0,0,0,0,0,0,0,0,0,0,0,0,0,0,0,0,0,0,0,0,0,0,0,0,0,0,0,0,0,0,0,0,0,0,0,0,0,0,0,0,0,0,0,0,0,0,0,0,0,0,0,0,0,0,0,0,0,0,0,0,0,0,0,0,0,0,0,0,0,0,0,0,0,0,0,0,0,0,0,0,0,0,0,0,0,0,0,0,0,0,0,0,0,0,0,0,0,0,0,0,0,0,0
0,0,0,0,0,0,0,0,0,0,0,0,0,0,0,0,0,0.70988,0.20248,0.16598,0.16928,0,0,0,0,0,0,0,0.22048,0.44775,0.34859,0.19184,0.31501,0.13454,0,0,0,0,0,0,0,0,0,0,0,0,0,0,0,0,0,0,0,0,0,0,0,0,0,0,0,0,0,0,0,0,0,0,0,0.94117,0.83674,0.58848,0.29709,0.1475,0,0,1,1,0.88325,0.241,0,1,0.40309,0,0.1542,0.71488,0,0,0.1531,0,0,0,0,0,0,0,0,0,0,0,0,0,0,0,0,0,0,0,0,0,0,0,0,0,0,0,0,0,0,0,0,0,0,0,0,0,0,0,0,0,0,0,0,0,0,0,0,0,0,0,0,0,0,0.17802,0.92234,0,0,0.19181,0.31344,0.70656,1,1,0,0,0.17766,0.31993,0.48844,1,1,0.53203,1,1,1,1,0.69818,1,1,1,1,0,0,0,0,0,0,0.21796,0,0,0,0,0,0,0,0,0,0,0,0,0,0,0,0,0,0,0,0,0,0,0.5884,0.41277,0.60906,0.95982,0,0,1,1,1,1,1,1,1,1,1,1,1,1,1,1,1,1,1,1,0.74403,0.24971,0.34052,0.25981,0.18954,0.14498,0,0,1,0.5769,0.42493,0.26234,0.18305,0,0,1,1,1,0.70605,0.97192,1,0.60325,0.50498,0.19531,0,0.45395,0.20086,0,0,0,1,1,1,1,1,0.68153,1,1,1,0.75202,0.3698,0,1,1,1,1,1,0.38914,0.14927,0,1,1,1,1,0.8038,0.39629,0.15387,1,1,1,0,1,1,1,0.55286,0.30367,0.13997,1,1,1,0.24926,1,0.99924,0.60164,0.22702,1,1,1,0,1,1,0.74657,0.40428,0.60257,0.26627,0.58328,0.32152,0.79998,0.13189,0,0,0,0,0,0,0,0,0,0,0,0,0,0,0,0,0,0,0,0,0,0,0,0,0,0,0,0,0,0,0,0,0,0,0,0,0,0,0,0,0,0,0,0,0,0,0,0,0,0,0,0,0,0,0,0,0,0,0,0,0,0,0,0,0,0,0,0,0,0,0,0,0,0,0,0,0,0,0,0,0,0,0,0,0,0,0,0,0,0,0,0,0,0,0,0,0,0,0,0,0,0,0,0,0,0,0,0,0,0,0,0,0,0,0,0,0,0,0,0,0,0,0,0,0,0,0,0,0,0,0,0,0,0,0,0,0,0,0,0,0,0,0,0,0,0,0,0,0,0,0,0,0,0,0,0,0,0,0,0,0,0,0,0,0,0,0,0,0,0,0,0,0,0,0,0,0,0,0,0,0,0,0,0,0,0,0,0,0
0,0,0,0,0,0,0,0,0,0,0,0,0,0,0,0,0,0.56749,0.13963,0,0.15427,0,0,0,0,0,0,0,0.14854,0.32226,0.31065,0.19476,0.33361,0.15862,0,0,0,0,0,0,0,0,0,0,0,0,0,0,0,0,0,0,0,0,0,0,0,0,0,0,0,0,0,0,0,0,0,0,0,0.88332,0.82943,0.61787,0.45752,0.21399,0,0,1,1,1,0.48053,0.20188,1,0.70906,0,0.30581,0.84645,0,0.21886,0.33083,0,0,0,0,0,0,0,0,0,0,0,0,0,0,0,0,0,0,0,0,0,0,0,0,0,0,0,0,0,0,0,0,0,0,0,0,0,0,0,0,0,0,0,0,0,0,0,0,0,0,0,0,0,0,0,0.70676,0,0,0,0.1824,0.44149,0.91528,1,0,0,0,0.16164,0.22974,0.83273,1,0.22419,0.74108,1,1,1,0.33393,0.67525,1,1,1,0,0,0,0,0,0,0,0,0,0,0,0,0,0,0,0,0,0,0,0,0,0,0,0,0,0,0,0,0,0.22391,0.16996,0.23848,0.56211,0,0,1,1,1,1,1,1,1,1,1,1,1,1,1,1,1,1,1,1,0.52006,0.16161,0.24576,0.20958,0.14186,0,0,0,1,0.2244,0.53871,0.38445,0.22552,0.13713,0,0.97658,0.98149,0.82062,0.59771,0.97564,0.85613,0.31091,0.26296,0,0,0.26217,0.22435,0,0,0,1,1,1,1,1,1,1,1,1,1,0.77819,0.13066,1,1,1,1,1,0.8041,0.3634,0.15866,1,1,1,1,1,0.81391,0.37922,1,1,1,0.16925,1,1,1,0.96239,0.71463,0.33283,1,1,1,0.65147,1,1,0.98721,0.57549,1,1,1,0.20279,1,1,1,0.77131,0.9269,0.6011,0.8256,0.56698,0.97996,0.18469,0.17179,0,0,0,0,0,0,0,0,0,0,0,0,0,0,0,0,0,0,0,0,0,0,0,0,0,0,0,0,0,0,0,0,0,0,0,0,0,0,0,0,0,0,0,0,0,0,0,0,0,0,0,0,0,0,0,0,0,0,0,0,0,0,0,0,0,0,0,0,0,0,0,0,0,0,0,0,0,0,0,0,0,0,0,0,0,0,0,0,0,0,0,0,0,0,0,0,0,0,0,0,0,0,0,0,0,0,0,0,0,0,0,0,0,0,0,0,0,0,0,0,0,0,0,0,0,0,0,0,0,0,0,0,0,0,0,0,0,0,0,0,0,0,0,0,0,0,0,0,0,0,0,0,0,0,0,0,0,0,0,0,0,0,0,0,0,0,0,0,0,0,0,0,0,0,0,0,0,0,0,0,0,0,0,0,0,0,0,0
0,0,0,0,0,0,0,0,0,0,0,0,0,0,0,0,0,0.31621,0,0,0,0,0,0,0,0,0,0,0,0.19892,0.23011,0.17623,0.28374,0.16859,0,0,0,0,0,0,0,0,0,0,0,0,0,0,0,0,0,0,0,0,0,0,0,0,0,0,0,0,0,0,0,0,0,0,0,0.71947,0.72926,0.57248,0.59555,0.34494,0.20538,0,1,1,1,0.76221,0.48509,1,1,0,0.72705,0.92911,0.20815,0.63692,0.79832,0,0,0,0,0,0,0,0,0,0,0,0,0,0,0,0,0,0,0,0,0,0,0,0,0,0,0,0,0,0,0,0,0,0,0,0,0,0,0,0,0,0,0,0,0,0,0,0,0,0,0,0,0,0,0,0.37128,0,0,0,0,0.18622,0.56066,1,0,0,0,0,0,0.40998,0.69288,0,0.28465,0.751,1,1,0,0.22696,0.84839,0.61606,0.47316,0,0,0,0,0,0,0,0,0,0,0,0,0,0,0,0,0,0,0,0,0,0,0,0,0,0,0,0,0,0,0,0,0.18091,0,0,1,1,1,1,1,1,1,1,0.73703,1,1,1,0.73586,1,1,0.97071,0.85952,0.9958,0.21964,0,0.17138,0.12537,0,0,0,0,1,0,0.57952,0.44182,0.24909,0.16487,0,0.49226,0.56248,0.48474,0.35938,0.85504,0.34064,0.12797,0.12917,0,0,0.14658,0.2222,0,0,0,1,1,1,1,1,1,1,1,1,1,1,0.42623,1,1,1,1,1,1,0.9025,0.51558,1,1,1,1,1,1,0.92057,1,1,1,0.5467,1,1,1,1,1,0.86226,1,1,1,1,1,1,1,1,1,1,1,0.60859,1,1,1,1,1,0.98249,1,0.80065,1,0.22384,0.54811,0,0,0,0,0,0,0,0,0,0,0,0,0,0,0,0,0,0,0,0,0,0,0,0,0,0,0,0,0,0,0,0,0,0,0,0,0,0,0,0,0,0,0,0,0,0,0,0,0,0,0,0,0,0,0,0,0,0,0,0,0,0,0,0,0,0,0,0,0,0,0,0,0,0,0,0,0,0,0,0,0,0,0,0,0,0,0,0,0,0,0,0,0,0,0,0,0,0,0,0,0,0,0,0,0,0,0,0,0,0,0,0,0,0,0,0,0,0,0,0,0,0,0,0,0,0,0,0,0,0,0,0,0,0,0,0,0,0,0,0,0,0,0,0,0,0,0,0,0,0,0,0,0,0,0,0,0,0,0,0,0,0,0,0,0,0,0,0,0,0,0,0,0,0,0,0,0,0,0,0,0,0,0,0,0,0,0,0
0,0,0,0,0,0,0,0,0,0,0,0,0,0,0,0,0,0.18495,0,0,0,0,0,0,0,0,0,0,0,0,0.17426,0.13751,0.22222,0.15227,0,0,0,0,0,0,0,0,0,0,0,0,0,0,0,0,0,0,0,0,0,0,0,0,0,0,0,0,0,0,0,0,0,0,0,0.5091,0.56357,0.45164,0.62171,0.43466,0.29852,0,1,1,1,0.91385,0.74044,1,1,0,1,0.89743,0.48266,0.99898,1,0,0,0,0,0,0,0,0,0,0,0,0,0,0,0,0,0,0,0,0,0.21432,0,0,0,0.19029,0,0.19774,0,0,0,0,0,0,0,0,0,0,0,0,0,0,0,0,0,0,0,0,0,0,0,0,0,0,0,0,0.18481,0,0,0,0,0,0.24317,0.73217,0,0,0,0,0,0.17981,0.33126,0,0.13171,0.35123,0.83806,0.64155,0,0,0.42442,0.22679,0.17939,0,0,0,0,0,0,0,0,0,0,0,0,0,0,0,0,0,0,0,0,0,0,0,0,0,0,0,0,0,0,0,0,0,0,0,0.98937,1,1,0.89342,0.76153,1,0.64433,1,0.30976,0.77724,1,1,0.318,1,1,0.61035,0.52193,0.67916,0,0,0,0,0,0,0,0,1,0,0.54096,0.42054,0.24725,0.16829,0,0.19715,0.23363,0.2255,0.20612,0.68481,0.14044,0,0,0,0,0,0.20026,0,0,0,1,1,1,1,1,1,1,1,1,1,1,0.85258,1,1,1,1,1,1,1,0.9488,1,1,1,1,1,1,1,1,1,1,0.98094,1,1,1,1,1,1,1,1,1,1,1,1,1,1,1,1,1,1,1,1,1,1,1,1,1,0.92117,1,0.23556,0.97606,0,0,0,0,0,0,0,0,0,0,0,0,0,0,0,0,0,0,0,0,0,0,0,0,0,0,0,0,0,0,0,0,0,0,0,0,0,0,0,0,0,0,0,0,0,0,0,0,0,0,0,0,0,0,0,0,0,0,0,0,0,0,0,0,0,0,0,0,0,0,0,0,0,0,0,0,0,0,0,0,0,0,0,0,0,0,0,0,0,0,0,0,0,0,0,0,0,0,0,0,0,0,0,0,0,0,0,0,0,0,0,0,0,0,0,0,0,0,0,0,0,0,0,0,0,0,0,0,0,0,0,0,0,0,0,0,0,0,0,0,0,0,0,0,0,0,0,0,0,0,0,0,0,0,0,0,0,0,0,0,0,0,0,0,0,0,0,0,0,0,0,0,0,0,0,0,0,0,0,0,0,0,0,0,0,0,0,0
0,0,0,0,0,0,0,0,0,0,0,0,0,0,0,0,0,0,0,0,0,0,0,0,0,0,0,0,0,0,0,0,0,0,0,0,0,0,0,0,0,0,0,0,0,0,0,0,0,0,0,0,0,0,0,0,0,0,0,0,0,0,0,0,0,0,0,0,0,0,0.15754,0.15153,0.41998,0.40122,0.51785,0.14671,0.37024,0.71753,1,0.98117,1,0.85182,1,0,1,0.54064,1,1,1,0,0,0,0,0,0,0,0,0,0.24477,0,0,0,0.15178,0,0.23956,0,0,0.42764,0,1,0.57435,0.27408,0.18116,1,0.52251,0.86889,0,0,0,0,0,0,0,0,0,0,0,0,0,0,0,0,0,0,0,0,0,0,0,0,0,0,0,0,0,0,0,0,0,0,0,0.12752,0,0,0,0,0,0,0,0,0,0,0.13534,0,0,0,0,0,0,0,0,0,0,0,0,0,0,0,0,0,0,0,0,0,0,0,0,0,0,0,0,0,0,0,0,0,0,0,0,0,0,0,0,0,0.16415,0.28458,0.41645,0,0,0.36781,0,0.34737,0,0,0.24531,0.62387,0,0.31127,0.68848,0,0,0,0,0,0,0,0,0,0,0,0.24272,0,0.2208,0.1961,0.15253,0,0,0,0,0,0,0.18074,0,0,0,0,0,0,0,0,0,0,1,0.60479,0.62175,1,1,1,0.72222,1,1,1,1,1,0.77132,1,1,1,1,1,1,1,0.8038,1,1,1,1,1,1,1,1,1,1,1,1,1,1,1,1,1,1,1,1,1,1,1,1,0.87815,1,1,1,1,1,1,1,1,1,0.99892,0.86014,0.75732,0.17214,1,0,0,0,0,0,0,0,0,0,0,0,0,0,0,0,0,0,0,0,0,0,0,0,0,0,0,0,0,0,0,0,0,0,0,0,0,0,0,0,0,0,0,0,0,0,0,0,0,0,0,0,0,0,0,0,0,0,0,0,0,0,0,0,0,0,0,0,0,0,0,0,0,0,0,0,0,0,0,0,0,0,0,0,0,0,0,0,0,0,0,0,0,0,0,0,0,0,0,0,0,0,0,0,0,0,0,0,0,0,0,0,0,0,0,0,0,0,0,0,0,0,0,0,0,0,0,0,0,0,0,0,0,0,0,0,0,0,0,0,0,0,0,0,0,0,0,0,0,0,0,0,0,0,0,0,0,0,0,0,0,0,0,0,0,0,0,0,0,0,0,0,0,0,0,0,0,0,0,0,0,0,0,0,0,0,0,0,0
0,0,0,0,0,0,0,0,0,0,0,0,0,0,0,0,0,0,0,0,0,0,0,0,0,0,0,0,0,0,0,0,0,0,0,0,0,0,0,0,0,0,0,0,0,0,0,0,0,0,0,0,0,0,0,0,0,0,0,0,0,0,0,0,0,0,0,0,0,0,0,0,0.24831,0.2863,0.49756,0.15686,0.18137,0.45811,1,0.87894,1,0.52348,1,0,1,0.3114,1,1,1,0,0,0,0,0,0,0,0,0,0.35121,0.13786,0,0,0.21757,0,0.44828,0.19886,0.13893,0.69945,0.21396,1,0.87677,0.59631,0.37483,1,0.87364,1,0,0,0,0,0,0,0,0,0,0,0,0,0,0,0,0,0,0,0,0,0,0,0,0,0,0,0,0,0,0,0,0,0,0,0,0,0,0,0,0,0,0,0,0,0,0,0,0,0,0,0,0,0,0,0,0,0,0,0,0,0,0,0,0,0,0,0,0,0,0,0,0,0,0,0,0,0,0,0,0,0,0,0,0,0,0,0,0,0,0.13007,0.17127,0,0,0.15345,0,0.14753,0,0,0,0.24401,0,0.14378,0.30506,0,0,0,0,0,0,0,0,0,0,0,0,0,0.14555,0.1264,0,0,0,0,0,0,0,0,0,0,0,0,0,0,0,0,0,0,0.94897,0.2416,0.24346,0.78925,1,1,0.322,1,1,1,1,1,0.36555,0.82953,1,1,1,1,1,1,0.39629,0.81391,1,1,1,1,1,0.98088,1,1,1,0.66106,1,1,1,1,1,1,1,1,1,1,1,1,1,0.51893,1,1,1,0.78596,1,1,1,1,1,0.81929,0.71673,0.52412,0,1,0,0,0,0,0,0,0,0,0,0,0,0,0,0,0,0,0,0,0,0,0,0,0,0,0,0,0,0,0,0,0,0,0,0,0,0,0,0,0,0,0,0,0,0,0,0,0,0,0,0,0,0,0,0,0,0,0,0,0,0,0,0,0,0,0,0,0,0,0,0,0,0,0,0,0,0,0,0,0,0,0,0,0,0,0,0,0,0,0,0,0,0,0,0,0,0,0,0,0,0,0,0,0,0,0,0,0,0,0,0,0,0,0,0,0,0,0,0,0,0,0,0,0,0,0,0,0,0,0,0,0,0,0,0,0,0,0,0,0,0,0,0,0,0,0,0,0,0,0,0,0,0,0,0,0,0,0,0,0,0,0,0,0,0,0,0,0,0,0,0,0,0,0,0,0,0,0,0,0,0,0,0,0,0,0,0,0,0
0,0,0,0,0,0,0,0,0,0,0,0,0,0,0,0,0,0,0,0,0,0,0,0,0,0,0,0,0,0,0,0,0,0,0,0,0,0,0,0,0,0,0,0,0,0,0,0,0,0,0,0,0,0,0,0,0,0,0,0,0,0,0,0,0,0,0,0,0,0,0,0,0.16984,0.20238,0.40817,0.14823,0,0.21476,0.77464,0.69923,1,0.21703,1,0,1,0.17527,1,1,1,0,0,0,0,0,0,0,0,0,0.41321,0.1762,0,0,0.31243,0.14816,0.6422,0.33851,0.22641,0.94243,0.43204,1,1,0.90845,0.70183,1,1,1,0,0,0,0,0,0,0,0,0,0,0,0,0,0,0,0,0,0,0,0,0,0,0,0,0,0,0,0,0,0,0,0,0,0,0,0,0,0,0,0,0,0,0,0,0,0,0,0,0,0,0,0,0,0,0,0,0,0,0,0,0,0,0,0,0,0,0,0,0,0,0,0,0,0,0,0,0,0,0,0,0,0,0,0,0,0,0,0,0,0,0,0,0,0,0,0,0,0,0,0,0,0,0.1302,0,0,0,0,0,0,0,0,0,0,0,0,0,0,0,0,0,0,0,0,0,0,0,0,0,0,0,0,0,0,0,0,0,0.54697,0,0,0.37381,0.83765,1,0.13091,1,1,1,1,1,0.14402,0.39646,0.90625,1,1,1,1,1,0.15387,0.37922,0.92057,1,1,1,1,0.55108,1,1,1,0.245,0.76478,1,1,1,1,0.72455,1,1,1,0.66179,1,1,1,0.20792,1,1,1,0.43643,0.86822,1,1,1,1,0.57423,0.50704,0.24542,0,1,0,0,0,0,0,0,0,0,0,0,0,0,0,0,0,0,0,0,0,0,0,0,0,0,0,0,0,0,0,0,0,0,0,0,0,0,0,0,0,0,0,0,0,0,0,0,0,0,0,0,0,0,0,0,0,0,0,0,0,0,0,0,0,0,0,0,0,0,0,0,0,0,0,0,0,0,0,0,0,0,0,0,0,0,0,0,0,0,0,0,0,0,0,0,0,0,0,0,0,0,0,0,0,0,0,0,0,0,0,0,0,0,0,0,0,0,0,0,0,0,0,0,0,0,0,0,0,0,0,0,0,0,0,0,0,0,0,0,0,0,0,0,0,0,0,0,0,0,0,0,0,0,0,0,0,0,0,0,0,0,0,0,0,0,0,0,0,0,0,0,0,0,0,0,0,0,0,0,0,0,0,0,0,0,0,0,0,0
0,0,0,0,0,0,0,0,0,0,0,0,0,0,0,0,0,0.21724,0,0,0,0,0,0,0,0,0,0,0,0.13621,0.13875,0,0.15322,0,0,0,0,0,0,0,0,0,0,0,0,0,0,0,0,0,0,0,0,0,0,0,0,0,0,0,0,0,0,0,0,0,0,0,0,0.48087,0.44227,0.24886,0.22147,0.12817,0,0,1,0.82253,0.89722,0.27642,0.16049,1,0.56168,0,0.2414,0.52794,0,0.21701,0.30601,0,0,0,0,0,0,0,0,0,0,0,0,0,0,0,0,0,0,0,0,0,0,0,0,0,0,0,0,0,0,0,0,0,0,0,0,0,0,0,0,0,0,0,0,0,0,0,0,0,0,0,0,0,0,0,0.29096,0,0,0,0,0.17782,0.50121,0.92771,0,0,0,0,0,0.43543,0.69099,0,0.36044,0.84583,1,1,0.15871,0.32513,1,0.90263,0.81386,0,0,0,0,0,0,0,0,0,0,0,0,0,0,0,0,0,0,0,0,0,0,0,0,0,0,0,0,0,0.14093,0,0.13134,0.24911,0,0,1,1,1,1,1,1,1,1,1,1,1,1,1,1,1,1,1,1,0.66229,0.19662,0.49971,0.36901,0.2193,0.1575,0.15208,0,1,0.17806,0.93187,0.78147,0.57623,0.31328,0,0.94775,1,0.98875,0.84998,1,0.75997,0.37519,0.3899,0.17345,0,0.44311,0.54974,0.19383,0,0,1,1,1,1,1,1,1,1,1,1,0.86344,0.16945,1,1,1,1,1,0.93178,0.5027,0.20739,1,1,1,1,1,0.98088,0.55108,1,1,1,0.23844,1,1,1,1,0.96581,0.57602,1,1,1,0.93213,1,1,1,0.88193,1,1,1,0.4084,1,1,1,1,1,0.98602,1,0.98385,1,0.46296,0.25115,0,0,0,0,0,0,0,0,0,0,0,0,0,0,0,0,0,0,0,0,0,0,0,0,0,0,0,0,0,0,0,0,0,0,0,0,0,0,0,0,0,0,0,0,0,0,0,0,0,0,0,0,0,0,0,0,0,0,0,0,0,0,0,0,0,0,0,0,0,0,0,0,0,0,0,0,0,0,0,0,0,0,0,0,0,0,0,0,0,0,0,0,0,0,0,0,0,0,0,0,0,0,0,0,0,0,0,0,0,0,0,0,0,0,0,0,0,0,0,0,0,0,0,0,0,0,0,0,0,0,0,0,0,0,0,0,0,0,0,0,0,0,0,0,0,0,0,0,0,0,0,0,0,0,0,0,0,0,0,0,0,0,0,0,0,0,0,0,0,0,0,0,0,0,0,0,0,0,0,0,0,0,0,0,0,0,0,0
0,0,0,0,0,0,0,0,0,0,0,0,0,0,0,0,0,0,0,0,0,0,0,0,0,0,0,0,0,0,0,0,0.12671,0,0,0,0,0,0,0,0,0,0,0,0,0,0,0,0,0,0,0,0,0,0,0,0,0,0,0,0,0,0,0,0,0,0,0,0,0.2479,0.28659,0.22201,0.32903,0.21624,0.17818,0,0.81728,0.8645,1,0.6387,0.50357,1,1,0,0.80517,0.60417,0.32058,0.83628,0.96354,0,0,0,0,0,0,0,0,0,0,0,0,0,0,0,0,0,0,0,0,0.1708,0,0,0,0.15682,0,0.14469,0,0,0,0,0,0,0,0,0,0,0,0,0,0,0,0,0,0,0,0,0,0,0,0,0,0,0,0,0,0,0,0,0,0,0.17275,0.50828,0,0,0,0,0,0,0.21421,0,0,0.23403,0.64773,0.50625,0,0,0.31681,0.20756,0.17076,0,0,0,0,0,0,0,0,0,0,0,0,0,0,0,0,0,0,0,0,0,0,0,0,0,0,0,0,0,0,0,0,0,0,0,0.84063,1,1,0.80475,0.70739,1,0.62324,1,0.31762,0.80522,1,1,0.34985,1,1,0.72157,0.65628,0.8298,0.16418,0,0.16911,0,0,0,0,0,1,0,0.82197,0.70518,0.52928,0.29476,0.13017,0.21867,0.31457,0.33848,0.32544,0.92305,0.15084,0,0,0,0,0,0.37703,0.15431,0,0,1,1,1,1,1,1,1,1,1,1,1,0.79978,1,1,1,1,1,1,1,0.92545,1,1,1,1,1,1,1,1,1,1,1,1,1,1,1,1,1,1,1,1,1,1,1,1,1,1,1,1,1,1,1,1,1,1,1,1,1,1,0.49872,1,0,0,0,0,0,0,0,0,0,0,0,0,0,0,0,0,0,0,0,0,0,0,0,0,0,0,0,0,0,0,0,0,0,0,0,0,0,0,0,0,0,0,0,0,0,0,0,0,0,0,0,0,0,0,0,0,0,0,0,0,0,0,0,0,0,0,0,0,0,0,0,0,0,0,0,0,0,0,0,0,0,0,0,0,0,0,0,0,0,0,0,0,0,0,0,0,0,0,0,0,0,0,0,0,0,0,0,0,0,0,0,0,0,0,0,0,0,0,0,0,0,0,0,0,0,0,0,0,0,0,0,0,0,0,0,0,0,0,0,0,0,0,0,0,0,0,0,0,0,0,0,0,0,0,0,0,0,0,0,0,0,0,0,0,0,0,0,0,0,0,0,0,0,0,0,0,0,0,0,0,0,0,0,0,0,0,0,0
0,0,0,0,0,0,0,0,0,0,0,0,0,0,0,0,0,0,0,0,0,0,0,0,0,0,0,0,0,0,0,0,0,0,0,0,0,0,0,0,0,0,0,0,0,0,0,0,0,0,0,0,0,0,0,0,0,0,0,0,0,0,0,0,0,0,0,0,0,0.1552,0.1849,0.16151,0.30556,0.23539,0.23714,0,0.52612,0.72881,1,0.75215,0.76116,0.99868,1,0,1,0.50597,0.73872,1,1,0,0,0,0,0,0,0,0,0,0,0,0,0,0,0,0,0,0,0.13579,0,0.47778,0.18108,0,0,0.46874,0.16138,0.36165,0,0,0,0,0,0,0,0,0,0,0,0,0,0,0,0,0,0,0,0,0,0,0,0,0,0,0,0,0,0,0,0,0,0,0,0.20803,0,0,0,0,0,0,0,0,0,0,0.23649,0.16954,0,0,0,0,0,0,0,0,0,0,0,0,0,0,0,0,0,0,0,0,0,0,0,0,0,0,0,0,0,0,0,0,0,0,0,0,0,0,0,0,0.35514,0.64254,0.81632,0.27566,0.22105,0.83127,0.19024,0.83958,0,0.25115,0.75236,1,0,0.84585,1,0.23203,0.2158,0.33354,0,0,0,0,0,0,0,0,0.76653,0,0.611,0.52109,0.37238,0.22216,0,0,0,0,0.13526,0.5566,0,0,0,0,0,0,0.21627,0,0,0,1,0.90203,0.96171,1,1,1,1,1,1,1,1,1,1,1,1,1,1,1,1,1,1,1,1,1,1,1,1,1,1,1,1,1,1,1,1,1,1,1,1,1,1,1,1,1,1,1,1,1,1,1,1,1,1,1,1,1,1,1,0.3974,1,0,0,0,0,0,0,0,0,0,0,0,0,0,0,0,0,0,0,0,0,0,0,0,0,0,0,0,0,0,0,0,0,0,0,0,0,0,0,0,0,0,0,0,0,0,0,0,0,0,0,0,0,0,0,0,0,0,0,0,0,0,0,0,0,0,0,0,0,0,0,0,0,0,0,0,0,0,0,0,0,0,0,0,0,0,0,0,0,0,0,0,0,0,0,0,0,0,0,0,0,0,0,0,0,0,0,0,0,0,0,0,0,0,0,0,0,0,0,0,0,0,0,0,0,0,0,0,0,0,0,0,0,0,0,0,0,0,0,0,0,0,0,0,0,0,0,0,0,0,0,0,0,0,0,0,0,0,0,0,0,0,0,0,0,0,0,0,0,0,0,0,0,0,0,0,0,0,0,0,0,0,0,0,0,0,0,0,0
0,0,0,0,0,0,0,0,0,0,0,0,0,0,0,0,0,0,0,0,0,0,0,0,0,0,0,0,0,0,0,0,0,0,0,0,0,0,0,0,0,0,0,0,0,0,0,0,0,0,0,0,0,0,0,0,0,0,0,0,0,0,0,0,0,0,0,0,0,0,0,0,0,0,0.1769,0,0,0,0.32472,0.27723,0.71295,0,0.75071,0,1,0,1,1,1,0,0,0,0,0,0,0,0,0,0.21275,0,0,0,0.20949,0,0.48757,0.24909,0.2059,0.8373,0.40421,1,1,0.90189,0.72536,1,1,1,0,0,0,0,0,0,0,0,0,0,0,0,0,0,0,0,0,0,0,0,0,0,0,0,0,0,0,0,0,0,0,0,0,0,0,0,0,0,0,0,0,0,0,0,0,0,0,0,0,0,0,0,0,0,0,0,0,0,0,0,0,0,0,0,0,0,0,0,0,0,0,0,0,0,0,0,0,0,0,0,0,0,0,0,0,0,0,0,0,0,0,0,0,0,0,0,0,0,0,0,0,0,0,0,0,0,0,0,0,0,0,0,0,0,0,0,0,0,0,0,0,0,0,0,0,0,0,0,0,0,0,0,0,0,0,0,0.20334,0,0,0.14929,0.40676,1,0,0.96099,1,1,1,1,0,0.16875,0.50971,1,1,1,1,1,0,0.16925,0.5467,0.98094,1,1,1,0.23844,1,1,1,0.13829,0.45498,1,1,1,1,0.44498,0.99006,1,1,0.40778,1,1,1,0.12561,0.92073,1,1,0.25998,0.71673,1,1,1,1,0.53067,0.50646,0.21582,0,1,0,0,0,0,0,0,0,0,0,0,0,0,0,0,0,0,0,0,0,0,0,0,0,0,0,0,0,0,0,0,0,0,0,0,0,0,0,0,0,0,0,0,0,0,0,0,0,0,0,0,0,0,0,0,0,0,0,0,0,0,0,0,0,0,0,0,0,0,0,0,0,0,0,0,0,0,0,0,0,0,0,0,0,0,0,0,0,0,0,0,0,0,0,0,0,0,0,0,0,0,0,0,0,0,0,0,0,0,0,0,0,0,0,0,0,0,0,0,0,0,0,0,0,0,0,0,0,0,0,0,0,0,0,0,0,0,0,0,0,0,0,0,0,0,0,0,0,0,0,0,0,0,0,0,0,0,0,0,0,0,0,0,0,0,0,0,0,0,0,0,0,0,0,0,0,0,0,0,0,0,0,0,0,0,0,0,0,0
0,0,0,0,0,0,0,0,0,0,0,0,0,0,0,0,0,0.19368,0,0,0,0,0,0,0,0,0,0,0,0,0,0,0,0,0,0,0,0,0,0,0,0,0,0,0,0,0,0,0,0,0,0,0,0,0,0,0,0,0,0,0,0,0,0,0,0,0,0,0,0.35505,0.2843,0.1881,0.13556,0,0,0,0.88988,0.5889,0.60519,0.15716,0,1,0.24614,0,0.12891,0.28986,0,0,0.15442,0,0,0,0,0,0,0,0,0,0,0,0,0,0,0,0,0,0,0,0,0,0,0,0,0,0,0,0,0,0,0,0,0,0,0,0,0,0,0,0,0,0,0,0,0,0,0,0,0,0,0,0,0,0,0,0.27528,0,0,0,0,0.18641,0.49595,0.87644,0,0,0,0,0,0.48933,0.72101,0.14514,0.45015,0.93897,1,1,0.20204,0.46235,1,1,1,0,0,0,0,0,0,0,0,0,0,0,0,0,0,0,0,0,0,0,0,0,0,0,0,0,0,0,0,0,0.22082,0.1343,0.18984,0.42677,0,0,1,1,1,1,1,1,1,1,1,1,1,1,1,1,1,1,1,1,0.99751,0.43037,0.78545,0.66775,0.46051,0.28591,0.2384,0,1,0.33583,1,0.89695,0.68525,0.41682,0.15592,1,1,1,1,1,1,0.71846,0.72758,0.35142,0.17575,0.76758,0.7116,0.24358,0.14314,0,1,1,1,1,1,0.74308,1,1,1,0.8764,0.52559,0,1,1,1,1,1,0.60154,0.22562,0,1,1,1,1,1,0.66106,0.245,1,1,1,0.13829,1,1,1,0.936,0.68309,0.29168,1,1,1,0.66877,1,1,1,0.6394,1,1,1,0.2215,1,1,1,0.92853,1,0.84307,1,0.96249,1,0.54025,0.15486,0,0,0,0,0,0,0,0,0,0,0,0,0,0,0,0,0,0,0,0,0,0,0,0,0,0,0,0,0,0,0,0,0,0,0,0,0,0,0,0,0,0,0,0,0,0,0,0,0,0,0,0,0,0,0,0,0,0,0,0,0,0,0,0,0,0,0,0,0,0,0,0,0,0,0,0,0,0,0,0,0,0,0,0,0,0,0,0,0,0,0,0,0,0,0,0,0,0,0,0,0,0,0,0,0,0,0,0,0,0,0,0,0,0,0,0,0,0,0,0,0,0,0,0,0,0,0,0,0,0,0,0,0,0,0,0,0,0,0,0,0,0,0,0,0,0,0,0,0,0,0,0,0,0,0,0,0,0,0,0,0,0,0,0,0,0,0,0,0,0,0,0,0,0,0,0,0,0,0,0,0,0,0,0,0,0,0,0
0,0,0,0,0,0,0,0,0,0,0,0,0,0,0,0,0,0,0,0,0,0,0,0,0,0,0,0,0,0,0,0,0,0,0,0,0,0,0,0,0,0,0,0,0,0,0,0,0,0,0,0,0,0,0,0,0,0,0,0,0,0,0,0,0,0,0,0,0,0.24175,0.23581,0.17707,0.1754,0,0,0,0.79093,0.65001,0.80309,0.23766,0.16184,1,0.53986,0,0.25844,0.36322,0,0.24787,0.38226,0,0,0,0,0,0,0,0,0,0,0,0,0,0,0,0,0,0,0,0,0,0,0,0,0,0,0,0,0,0,0,0,0,0,0,0,0,0,0,0,0,0,0,0,0,0,0,0,0,0,0,0,0,0,0,0.16304,0,0,0,0,0,0.23202,0.63498,0,0,0,0,0,0.2065,0.37807,0,0.18066,0.52725,0.86351,0.85192,0,0.16943,0.71993,0.60864,0.54026,0,0,0,0,0,0,0,0,0,0,0,0,0,0,0,0,0,0,0,0,0,0,0,0,0,0,0,0,0,0,0,0,0.14577,0,0,1,1,1,1,1,1,1,1,0.87811,1,1,1,0.93051,1,1,1,1,1,0.59523,0.16705,0.54399,0.39283,0.22551,0.15695,0.18138,0,1,0,1,1,0.80214,0.54519,0.20358,0.75763,0.92765,0.93712,0.87857,1,0.53495,0.25332,0.31457,0.15755,0,0.41158,0.7346,0.28104,0.18294,0,1,1,1,1,1,1,1,1,1,1,1,0.22988,1,1,1,1,1,1,0.69484,0.32271,1,1,1,1,1,1,0.76478,1,1,1,0.45498,1,1,1,1,1,0.83503,1,1,1,1,1,1,1,1,1,1,1,0.69971,1,1,1,1,1,1,1,1,1,0.71085,0.50782,0,0,0,0,0,0,0,0,0,0,0,0,0,0,0,0,0,0,0,0,0,0,0,0,0,0,0,0,0,0,0,0,0,0,0,0,0,0,0,0,0,0,0,0,0,0,0,0,0,0,0,0,0,0,0,0,0,0,0,0,0,0,0,0,0,0,0,0,0,0,0,0,0,0,0,0,0,0,0,0,0,0,0,0,0,0,0,0,0,0,0,0,0,0,0,0,0,0,0,0,0,0,0,0,0,0,0,0,0,0,0,0,0,0,0,0,0,0,0,0,0,0,0,0,0,0,0,0,0,0,0,0,0,0,0,0,0,0,0,0,0,0,0,0,0,0,0,0,0,0,0,0,0,0,0,0,0,0,0,0,0,0,0,0,0,0,0,0,0,0,0,0,0,0,0,0,0,0,0,0,0,0,0,0,0,0,0,0
0,0,0,0,0,0,0,0,0,0,0,0,0,0,0,0,0,0,0,0,0,0,0,0,0,0,0,0,0,0,0,0,0,0,0,0,0,0,0,0,0,0,0,0,0,0,0,0,0,0,0,0,0,0,0,0,0,0,0,0,0,0,0,0,0,0,0,0,0,0.17208,0.18311,0.14044,0.19168,0.13256,0,0,0.59054,0.61373,0.90982,0.39358,0.28299,1,0.78194,0,0.59699,0.35149,0.21782,0.66579,0.77968,0,0,0,0,0,0,0,0,0,0,0,0,0,0,0,0,0,0,0,0,0,0,0,0,0,0,0,0,0,0,0,0,0,0,0,0,0,0,0,0,0,0,0,0,0,0,0,0,0,0,0,0,0,0,0,0,0,0,0,0,0,0,0.31363,0,0,0,0,0,0,0.15925,0,0,0.18969,0.47904,0.38261,0,0,0.23906,0.18869,0.16114,0,0,0,0,0,0,0,0,0,0,0,0,0,0,0,0,0,0,0,0,0,0,0,0,0,0,0,0,0,0,0,0,0,0,0,0.70362,0.97438,1,0.71664,0.64894,1,0.59358,1,0.31561,0.81601,1,1,0.36847,1,1,0.80776,0.76431,0.95142,0.20775,0,0.23206,0.17382,0,0,0,0,1,0,1,0.95337,0.77987,0.54712,0.21475,0.23499,0.40639,0.47431,0.50314,1,0.15781,0,0,0,0,0.1588,0.61829,0.23679,0.18616,0,1,1,1,1,1,1,1,1,1,1,1,0.71338,1,1,1,1,1,1,1,0.86163,1,1,1,1,1,1,1,1,1,1,1,1,1,1,1,1,1,1,1,1,1,1,1,1,1,1,1,1,1,1,1,1,1,1,1,1,1,1,0.75238,1,0,0,0,0,0,0,0,0,0,0,0,0,0,0,0,0,0,0,0,0,0,0,0,0,0,0,0,0,0,0,0,0,0,0,0,0,0,0,0,0,0,0,0,0,0,0,0,0,0,0,0,0,0,0,0,0,0,0,0,0,0,0,0,0,0,0,0,0,0,0,0,0,0,0,0,0,0,0,0,0,0,0,0,0,0,0,0,0,0,0,0,0,0,0,0,0,0,0,0,0,0,0,0,0,0,0,0,0,0,0,0,0,0,0,0,0,0,0,0,0,0,0,0,0,0,0,0,0,0,0,0,0,0,0,0,0,0,0,0,0,0,0,0,0,0,0,0,0,0,0,0,0,0,0,0,0,0,0,0,0,0,0,0,0,0,0,0,0,0,0,0,0,0,0,0,0,0,0,0,0,0,0,0,0,0,0,0,0
0,0,0,0,0,0,0,0,0,0,0,0,0,0,0,0,0,0,0,0,0,0,0,0,0,0,0,0,0,0,0,0,0,0,0,0,0,0,0,0,0,0,0,0,0,0,0,0,0,0,0,0,0,0,0,0,0,0,0,0,0,0,0,0,0,0,0,0,0,0,0,0,0,0,0.15575,0,0,0.21922,0.68517,0.40661,0.59834,0.34252,0.88368,0,0.98418,0.15664,0.85742,1,1,0,0,0,0,0,0,0,0,0,0,0,0,0,0,0,0,0,0,0.20964,0,0.72005,0.32356,0.18734,0,0.80174,0.37131,0.52074,0,0,0,0,0,0,0,0,0,0,0,0,0,0,0,0,0,0,0,0,0,0,0,0,0,0,0,0,0,0,0,0,0,0,0,0,0,0,0,0,0,0,0,0,0,0,0,0,0,0,0,0,0,0,0,0,0,0,0,0,0,0,0,0,0,0,0,0,0,0,0,0,0,0,0,0,0,0,0,0,0,0,0,0,0,0,0,0,0,0.14025,0.19931,0,0,0.21305,0,0.22496,0,0,0.20996,0.54207,0,0.29056,0.64642,0,0,0,0,0,0,0,0,0,0,0,0.27644,0,0.50357,0.45417,0.3495,0.23057,0.13167,0,0,0,0,0.24859,0,0,0,0,0,0,0.18098,0,0,0,0.84445,0.22919,0.24696,0.74736,1,1,0.38202,1,1,1,1,1,0.47782,0.92154,1,1,1,1,1,1,0.55286,0.96239,1,1,1,1,1,1,1,1,1,0.936,1,1,1,1,1,1,1,1,1,1,1,1,1,0.92265,1,1,1,1,1,1,1,1,1,1,1,1,0.44568,1,0,0,0,0,0,0,0,0,0,0,0,0,0,0,0,0,0,0,0,0,0,0,0,0,0,0,0,0,0,0,0,0,0,0,0,0,0,0,0,0,0,0,0,0,0,0,0,0,0,0,0,0,0,0,0,0,0,0,0,0,0,0,0,0,0,0,0,0,0,0,0,0,0,0,0,0,0,0,0,0,0,0,0,0,0,0,0,0,0,0,0,0,0,0,0,0,0,0,0,0,0,0,0,0,0,0,0,0,0,0,0,0,0,0,0,0,0,0,0,0,0,0,0,0,0,0,0,0,0,0,0,0,0,0,0,0,0,0,0,0,0,0,0,0,0,0,0,0,0,0,0,0,0,0,0,0,0,0,0,0,0,0,0,0,0,0,0,0,0,0,0,0,0,0,0,0,0,0,0,0,0,0,0,0,0,0,0,0
0,0,0,0,0,0,0,0,0,0,0,0,0,0,0,0,0,0,0,0,0,0,0,0,0,0,0,0,0,0,0,0,0,0,0,0,0,0,0,0,0,0,0,0,0,0,0,0,0,0,0,0,0,0,0,0,0,0,0,0,0,0,0,0,0,0,0,0,0,0,0,0,0,0,0.14661,0,0,0.16886,0.56388,0.33751,0.59078,0.21781,0.82046,0,0.9828,0,0.94368,1,1,0,0,0,0,0,0,0,0,0,0,0,0,0,0,0,0.15742,0,0,0.26096,0,0.85182,0.47316,0.24268,0.17539,0.96327,0.55512,0.62682,0,0,0,0,0,0,0,0,0,0,0,0,0,0,0,0,0,0,0,0,0,0,0,0,0,0,0,0,0,0,0,0,0,0,0,0,0,0,0,0,0,0,0,0,0,0,0,0,0,0,0,0,0,0,0,0,0,0,0,0,0,0,0,0,0,0,0,0,0,0,0,0,0,0,0,0,0,0,0,0,0,0,0,0,0,0,0,0,0,0,0,0,0,0.12935,0,0.14065,0,0,0.12593,0.29062,0,0.18124,0.39715,0,0,0,0,0,0,0,0,0,0,0,0.17922,0,0.3413,0.30333,0.23743,0.19019,0,0,0,0,0,0.17946,0,0,0,0,0,0,0.12857,0,0,0,0.63796,0.15463,0.1696,0.52665,0.95357,1,0.21427,1,1,1,1,1,0.24417,0.6797,1,1,1,1,1,1,0.30367,0.71463,1,1,1,1,1,0.96581,1,1,1,0.68309,1,1,1,1,1,1,1,1,1,1,1,1,1,0.68105,1,1,1,1,1,1,1,1,1,1,1,0.90911,0.32856,1,0,0,0,0,0,0,0,0,0,0,0,0,0,0,0,0,0,0,0,0,0,0,0,0,0,0,0,0,0,0,0,0,0,0,0,0,0,0,0,0,0,0,0,0,0,0,0,0,0,0,0,0,0,0,0,0,0,0,0,0,0,0,0,0,0,0,0,0,0,0,0,0,0,0,0,0,0,0,0,0,0,0,0,0,0,0,0,0,0,0,0,0,0,0,0,0,0,0,0,0,0,0,0,0,0,0,0,0,0,0,0,0,0,0,0,0,0,0,0,0,0,0,0,0,0,0,0,0,0,0,0,0,0,0,0,0,0,0,0,0,0,0,0,0,0,0,0,0,0,0,0,0,0,0,0,0,0,0,0,0,0,0,0,0,0,0,0,0,0,0,0,0,0,0,0,0,0,0,0,0,0,0,0,0,0,0,0,0
0,0,0,0,0,0,0,0,0,0,0,0,0,0,0,0,0,0,0,0,0,0,0,0,0,0,0,0,0,0,0,0,0,0,0,0,0,0,0,0,0,0,0,0,0,0,0,0,0,0,0,0,0,0,0,0,0,0,0,0,0,0,0,0,0,0,0,0,0,0,0,0,0,0,0.1259,0,0,0,0.35689,0.23614,0.54974,0,0.69246,0,0.94315,0,1,1,1,0,0,0,0,0,0,0,0,0,0,0,0,0,0,0,0.20817,0,0,0.44877,0.16048,1,0.68828,0.47371,0.28775,1,0.82864,0.76619,0,0,0,0,0,0,0,0,0,0,0,0,0,0,0,0,0,0,0,0,0,0,0,0,0,0,0,0,0,0,0,0,0,0,0,0,0,0,0,0,0,0,0,0,0,0,0,0,0,0,0,0,0,0,0,0,0,0,0,0,0,0,0,0,0,0,0,0,0,0,0,0,0,0,0,0,0,0,0,0,0,0,0,0,0,0,0,0,0,0,0,0,0,0,0,0,0,0,0,0.13326,0,0,0.16937,0,0,0,0,0,0,0,0,0,0,0,0,0,0.18499,0.17731,0.15313,0,0,0,0,0,0,0,0,0,0,0,0,0,0,0,0,0,0.31318,0,0,0.22768,0.62362,1,0,1,1,1,1,1,0,0.30648,0.79398,1,1,1,1,1,0.13997,0.33283,0.86226,1,1,1,1,0.57602,1,1,1,0.29168,0.83503,1,1,1,1,0.84613,1,1,1,0.82375,1,1,1,0.29941,1,1,1,0.70571,1,1,1,1,1,0.98445,0.95293,0.60361,0.20046,1,0,0,0,0,0,0,0,0,0,0,0,0,0,0,0,0,0,0,0,0,0,0,0,0,0,0,0,0,0,0,0,0,0,0,0,0,0,0,0,0,0,0,0,0,0,0,0,0,0,0,0,0,0,0,0,0,0,0,0,0,0,0,0,0,0,0,0,0,0,0,0,0,0,0,0,0,0,0,0,0,0,0,0,0,0,0,0,0,0,0,0,0,0,0,0,0,0,0,0,0,0,0,0,0,0,0,0,0,0,0,0,0,0,0,0,0,0,0,0,0,0,0,0,0,0,0,0,0,0,0,0,0,0,0,0,0,0,0,0,0,0,0,0,0,0,0,0,0,0,0,0,0,0,0,0,0,0,0,0,0,0,0,0,0,0,0,0,0,0,0,0,0,0,0,0,0,0,0,0,0,0,0,0,0,0,0,0,0
0,0,0,0,0,0,0,0,0,0,0,0,0,0,0,0,0,0,0,0,0,0,0,0,0,0,0,0,0,0,0,0,0,0,0,0,0,0,0,0,0,0,0,0,0,0,0,0,0,0,0,0,0,0,0,0,0,0,0,0,0,0,0,0,0,0,0,0,0,0.16556,0.15849,0,0,0,0,0,0.56083,0.41856,0.58604,0.16888,0,0.93387,0.34781,0,0.19768,0.21095,0,0.20377,0.24644,0,0,0,0,0,0,0,0,0,0,0,0,0,0,0,0,0,0,0,0,0,0,0,0,0,0,0,0,0,0,0,0,0,0,0,0,0,0,0,0,0,0,0,0,0,0,0,0,0,0,0,0,0,0,0,0,0,0,0,0,0,0.16459,0.42173,0,0,0,0,0,0.14557,0.22917,0,0,0.36091,0.66549,0.68986,0,0,0.58109,0.51288,0.47382,0,0,0,0,0,0,0,0,0,0,0,0,0,0,0,0,0,0,0,0,0,0,0,0,0,0,0,0,0,0,0,0,0,0,0,0.96913,1,1,1,1,1,1,1,0.83755,1,1,1,0.91268,1,1,1,1,1,0.70826,0.20113,0.72211,0.56122,0.34317,0.20912,0.248,0,1,0,1,1,1,0.77839,0.34351,0.77565,0.99547,1,1,1,0.52243,0.33039,0.42408,0.20064,0.16422,0.54846,0.96339,0.5125,0.28204,0,1,1,1,1,1,1,1,1,1,1,0.91307,0.2077,1,1,1,1,1,1,0.63459,0.27284,1,1,1,1,1,1,0.72455,1,1,1,0.44498,1,1,1,1,1,0.84613,1,1,1,1,1,1,1,1,1,1,1,0.76171,1,1,1,1,1,1,1,1,1,0.94287,0.51822,0,0,0,0,0,0,0,0,0,0,0,0,0,0,0,0,0,0,0,0,0,0,0,0,0,0,0,0,0,0,0,0,0,0,0,0,0,0,0,0,0,0,0,0,0,0,0,0,0,0,0,0,0,0,0,0,0,0,0,0,0,0,0,0,0,0,0,0,0,0,0,0,0,0,0,0,0,0,0,0,0,0,0,0,0,0,0,0,0,0,0,0,0,0,0,0,0,0,0,0,0,0,0,0,0,0,0,0,0,0,0,0,0,0,0,0,0,0,0,0,0,0,0,0,0,0,0,0,0,0,0,0,0,0,0,0,0,0,0,0,0,0,0,0,0,0,0,0,0,0,0,0,0,0,0,0,0,0,0,0,0,0,0,0,0,0,0,0,0,0,0,0,0,0,0,0,0,0,0,0,0,0,0,0,0,0,0,0
0,0,0,0,0,0,0,0,0,0,0,0,0,0,0,0,0,0,0,0,0,0,0,0,0,0,0,0,0,0,0,0,0,0,0,0,0,0,0,0,0,0,0,0,0,0,0,0,0,0,0,0,0,0,0,0,0,0,0,0,0,0,0,0,0,0,0,0,0,0,0,0,0,0,0,0,0.37445,0.38121,0.6776,0.22287,0.19308,0.80217,0.56479,0,0.40306,0.20598,0.16517,0.50306,0.60534,0,0,0,0,0,0,0,0,0,0,0,0,0,0,0,0,0,0,0,0,0,0,0,0,0,0,0,0,0,0,0,0,0,0,0,0,0,0,0,0,0,0,0,0,0,0,0,0,0,0,0,0,0,0,0,0,0,0,0,0,0,0,0.20734,0,0,0,0,0,0,0,0,0,0.14248,0.30718,0.24914,0,0,0.20092,0.16311,0.14389,0,0,0,0,0,0,0,0,0,0,0,0,0,0,0,0,0,0,0,0,0,0,0,0,0,0,0,0,0,0,0,0,0,0,0,0.55593,0.81808,1,0.60901,0.56704,1,0.5373,1,0.2861,0.79425,1,1,0.35752,1,1,0.85765,0.83628,1,0.24069,0,0.35509,0.22405,0.15091,0,0.1513,0,1,0,1,1,1,0.778,0.3773,0.24114,0.46489,0.57648,0.64894,1,0.15566,0,0.14525,0,0,0.19921,0.83503,0.43494,0.29044,0,1,0.94612,1,1,1,1,1,1,1,1,1,0.62206,1,1,1,1,1,1,1,0.78885,1,1,1,1,1,1,1,1,1,1,0.99006,1,1,1,1,1,1,1,1,1,1,1,1,1,1,1,1,1,1,1,1,1,1,1,1,1,1,1,0.98523,1,0,0,0,0,0,0,0,0,0,0,0,0,0,0,0,0,0,0,0,0,0,0,0,0,0,0,0,0,0,0,0,0,0,0,0,0,0,0,0,0,0,0,0,0,0,0,0,0,0,0,0,0,0,0,0,0,0,0,0,0,0,0,0,0,0,0,0,0,0,0,0,0,0,0,0,0,0,0,0,0,0,0,0,0,0,0,0,0,0,0,0,0,0,0,0,0,0,0,0,0,0,0,0,0,0,0,0,0,0,0,0,0,0,0,0,0,0,0,0,0,0,0,0,0,0,0,0,0,0,0,0,0,0,0,0,0,0,0,0,0,0,0,0,0,0,0,0,0,0,0,0,0,0,0,0,0,0,0,0,0,0,0,0,0,0,0,0,0,0,0,0,0,0,0,0,0,0,0,0,0,0,0,0,0,0,0,0,0
0,0,0,0,0,0,0,0,0,0,0,0,0,0,0,0,0,0,0,0,0,0,0,0,0,0,0,0,0,0,0,0,0,0,0,0,0,0,0,0,0,0,0,0,0,0,0,0,0,0,0,0,0,0,0,0,0,0,0,0,0,0,0,0,0,0,0,0,0,0,0,0,0,0,0,0,0.19987,0.24588,0.64711,0.24343,0.26569,0.55921,0.67239,0,0.62379,0.1679,0.33569,0.82214,0.88856,0,0,0,0,0,0,0,0,0,0,0,0,0,0,0,0,0,0,0,0,0.21025,0,0,0,0.22417,0,0.15768,0,0,0,0,0,0,0,0,0,0,0,0,0,0,0,0,0,0,0,0,0,0,0,0,0,0,0,0,0,0,0,0,0,0,0,0,0,0,0,0,0,0,0,0,0,0,0.1323,0,0,0,0,0,0,0,0,0,0,0,0,0,0,0,0,0,0,0,0,0,0,0,0,0,0,0,0,0,0,0,0,0,0,0,0,0,0,0,0,0,0.20061,0.37709,0.59807,0.20205,0.18112,0.71595,0.16649,0.78849,0,0.24892,0.77819,1,0,0.96565,1,0.32106,0.31222,0.51916,0,0,0.14786,0,0,0,0,0,0.96101,0,1,0.99175,0.85647,0.66268,0.31115,0,0.14462,0.19314,0.23664,0.90243,0,0,0,0,0,0,0.60206,0.2619,0.23421,0,1,0.56849,0.66765,1,1,1,0.85101,1,1,1,1,1,0.99097,1,1,1,1,1,1,1,1,1,1,1,1,1,1,1,1,1,1,1,1,1,1,1,1,1,1,1,1,1,1,1,1,1,1,1,1,1,1,1,1,1,1,1,1,1,0.90026,1,0,0,0,0,0,0,0,0,0,0,0,0,0,0,0,0,0,0,0,0,0,0,0,0,0,0,0,0,0,0,0,0,0,0,0,0,0,0,0,0,0,0,0,0,0,0,0,0,0,0,0,0,0,0,0,0,0,0,0,0,0,0,0,0,0,0,0,0,0,0,0,0,0,0,0,0,0,0,0,0,0,0,0,0,0,0,0,0,0,0,0,0,0,0,0,0,0,0,0,0,0,0,0,0,0,0,0,0,0,0,0,0,0,0,0,0,0,0,0,0,0,0,0,0,0,0,0,0,0,0,0,0,0,0,0,0,0,0,0,0,0,0,0,0,0,0,0,0,0,0,0,0,0,0,0,0,0,0,0,0,0,0,0,0,0,0,0,0,0,0,0,0,0,0,0,0,0,0,0,0,0,0,0,0,0,0,0,0
0,0,0,0,0,0,0,0,0,0,0,0,0,0,0,0,0,0,0,0,0,0,0,0,0,0,0,0,0,0,0,0,0,0,0,0,0,0,0,0,0,0,0,0,0,0,0,0,0,0,0,0,0,0,0,0,0,0,0,0,0,0,0,0,0,0,0,0,0,0,0,0,0,0,0,0,0,0,0.36142,0.20578,0.3628,0.16493,0.59934,0,0.75473,0,0.72753,1,1,0,0,0,0,0,0,0,0,0,0,0,0,0,0,0,0,0,0,0.18836,0,0.65431,0.28711,0.18473,0,0.78369,0.39547,0.41817,0,0,0,0,0,0,0,0,0,0,0,0,0,0,0,0,0,0,0,0,0,0,0,0,0,0,0,0,0,0,0,0,0,0,0,0,0,0,0,0,0,0,0,0,0,0,0,0,0,0,0,0,0,0,0,0,0,0,0,0,0,0,0,0,0,0,0,0,0,0,0,0,0,0,0,0,0,0,0,0,0,0,0,0,0,0,0,0,0,0,0,0,0,0,0,0.13274,0,0,0.12625,0.29604,0,0.19135,0.4155,0,0,0,0,0,0,0,0,0,0,0,0.19768,0,0.49979,0.47113,0.39016,0.25894,0.16671,0,0,0,0,0.2167,0,0,0,0,0,0,0.18325,0,0,0,0.49715,0,0.13525,0.40423,0.81553,1,0.18496,1,1,1,1,1,0.22051,0.59758,1,1,1,1,1,1,0.24926,0.65147,1,1,1,1,1,0.93213,1,1,1,0.66877,1,1,1,1,1,1,1,1,1,1,1,1,1,0.72611,1,1,1,1,1,1,1,1,1,1,1,1,0.51861,1,0,0,0,0,0,0,0,0,0,0,0,0,0,0,0,0,0,0,0,0,0,0,0,0,0,0,0,0,0,0,0,0,0,0,0,0,0,0,0,0,0,0,0,0,0,0,0,0,0,0,0,0,0,0,0,0,0,0,0,0,0,0,0,0,0,0,0,0,0,0,0,0,0,0,0,0,0,0,0,0,0,0,0,0,0,0,0,0,0,0,0,0,0,0,0,0,0,0,0,0,0,0,0,0,0,0,0,0,0,0,0,0,0,0,0,0,0,0,0,0,0,0,0,0,0,0,0,0,0,0,0,0,0,0,0,0,0,0,0,0,0,0,0,0,0,0,0,0,0,0,0,0,0,0,0,0,0,0,0,0,0,0,0,0,0,0,0,0,0,0,0,0,0,0,0,0,0,0,0,0,0,0,0,0,0,0,0,0
0,0,0,0,0,0,0,0,0,0,0,0,0,0,0,0,0,0,0,0,0,0,0,0,0,0,0,0,0,0,0,0,0,0,0,0,0,0,0,0,0,0,0,0,0,0,0,0,0,0,0,0,0,0,0,0,0,0,0,0,0,0,0,0,0,0,0,0,0,0,0,0,0,0,0,0,0.3721,0.24172,0.39966,0,0,0.74136,0.22566,0,0.1468,0.1466,0,0.16065,0.20069,0,0,0,0,0,0,0,0,0,0,0,0,0,0,0,0,0,0,0,0,0,0,0,0,0,0,0,0,0,0,0,0,0,0,0,0,0,0,0,0,0,0,0,0,0,0,0,0,0,0,0,0,0,0,0,0,0,0,0,0,0,0,0.24943,0,0,0,0,0,0,0.17774,0,0,0.24199,0.50432,0.55741,0,0,0.4675,0.43407,0.41892,0,0,0,0,0,0,0,0,0,0,0,0,0,0,0,0,0,0,0,0,0,0,0,0,0,0,0,0,0,0,0,0,0,0,0,0.82349,1,1,0.97914,0.9929,1,1,1,0.80161,1,1,1,0.89482,1,1,1,1,1,0.80238,0.23025,0.87258,0.70374,0.48474,0.2608,0.41369,0,1,0,1,1,1,0.97097,0.53499,0.78851,1,1,1,1,0.51146,0.39549,0.51645,0.23742,0.21753,0.66385,1,0.70578,0.47469,0.17955,1,1,1,1,1,0.89968,1,1,1,1,0.80479,0.1809,1,1,1,1,1,0.94088,0.55683,0.23492,1,1,1,1,1,1,0.66179,1,1,1,0.40778,1,1,1,1,1,0.82375,1,1,1,1,1,1,1,1,1,1,1,0.78301,1,1,1,1,1,1,1,1,1,1,0.49729,0,0,0,0,0,0,0,0,0,0,0,0,0,0,0,0,0,0,0,0,0,0,0,0,0,0,0,0,0,0,0,0,0,0,0,0,0,0,0,0,0,0,0,0,0,0,0,0,0,0,0,0,0,0,0,0,0,0,0,0,0,0,0,0,0,0,0,0,0,0,0,0,0,0,0,0,0,0,0,0,0,0,0,0,0,0,0,0,0,0,0,0,0,0,0,0,0,0,0,0,0,0,0,0,0,0,0,0,0,0,0,0,0,0,0,0,0,0,0,0,0,0,0,0,0,0,0,0,0,0,0,0,0,0,0,0,0,0,0,0,0,0,0,0,0,0,0,0,0,0,0,0,0,0,0,0,0,0,0,0,0,0,0,0,0,0,0,0,0,0,0,0,0,0,0,0,0,0,0,0,0,0,0,0,0,0,0,0
0,0,0,0,0,0,0,0,0,0,0,0,0,0,0,0,0,0,0,0,0,0,0,0,0,0,0,0,0,0,0,0,0,0,0,0,0,0,0,0,0,0,0,0,0,0,0,0,0,0,0,0,0,0,0,0,0,0,0,0,0,0,0,0,0,0,0,0,0,0,0,0,0,0,0,0,0.1399,0.18016,0.44436,0.17626,0.19175,0.37483,0.47303,0,0.43755,0,0.22593,0.65598,0.71324,0,0,0,0,0,0,0,0,0,0,0,0,0,0,0,0,0,0,0,0,0.16441,0,0,0,0.18427,0,0,0,0,0,0,0,0,0,0,0,0,0,0,0,0,0,0,0,0,0,0,0,0,0,0,0,0,0,0,0,0,0,0,0,0,0,0,0,0,0,0,0,0,0,0,0,0,0,0,0,0,0,0,0,0,0,0,0,0,0,0,0,0,0,0,0,0,0,0,0,0,0,0,0,0,0,0,0,0,0,0,0,0,0,0,0,0,0,0,0.15832,0.24828,0.4796,0.16913,0.15413,0.63122,0.14543,0.7259,0,0.23556,0.74454,1,0,0.96696,1,0.33137,0.33913,0.55311,0,0,0.18236,0,0,0,0,0,0.99398,0,1,1,1,0.84653,0.50323,0,0.15122,0.21077,0.29862,1,0,0,0,0,0,0,0.76207,0.43694,0.39216,0,0.93856,0.41412,0.52469,0.9304,1,1,0.71965,1,1,1,1,0.97582,0.87444,1,1,1,1,1,1,1,0.99924,1,1,1,1,1,1,1,1,1,1,1,1,1,1,1,1,1,1,1,1,1,1,1,1,1,1,1,1,1,1,1,1,1,1,1,1,1,1,1,0,0,0,0,0,0,0,0,0,0,0,0,0,0,0,0,0,0,0,0,0,0,0,0,0,0,0,0,0,0,0,0,0,0,0,0,0,0,0,0,0,0,0,0,0,0,0,0,0,0,0,0,0,0,0,0,0,0,0,0,0,0,0,0,0,0,0,0,0,0,0,0,0,0,0,0,0,0,0,0,0,0,0,0,0,0,0,0,0,0,0,0,0,0,0,0,0,0,0,0,0,0,0,0,0,0,0,0,0,0,0,0,0,0,0,0,0,0,0,0,0,0,0,0,0,0,0,0,0,0,0,0,0,0,0,0,0,0,0,0,0,0,0,0,0,0,0,0,0,0,0,0,0,0,0,0,0,0,0,0,0,0,0,0,0,0,0,0,0,0,0,0,0,0,0,0,0,0,0,0,0,0,0,0,0,0,0,0
0,0,0,0,0,0,0,0,0,0,0,0,0,0,0,0,0,0,0,0,0,0,0,0,0,0,0,0,0,0,0,0,0,0,0,0,0,0,0,0,0,0,0,0,0,0,0,0,0,0,0,0,0,0,0,0,0,0,0,0,0,0,0,0,0,0,0,0,0,0,0,0,0,0,0,0,0,0,0.33596,0.16555,0.2131,0.20967,0.46413,0,0.52011,0,0.37287,0.81801,0.84057,0,0,0,0,0,0,0,0,0,0,0,0,0,0,0,0,0,0,0,0,0.24835,0,0,0,0.34317,0.14406,0.17941,0,0,0,0,0,0,0,0,0,0,0,0,0,0,0,0,0,0,0,0,0,0,0,0,0,0,0,0,0,0,0,0,0,0,0,0,0,0,0,0,0,0,0,0,0,0,0,0,0,0,0,0,0,0,0,0,0,0,0,0,0,0,0,0,0,0,0,0,0,0,0,0,0,0,0,0,0,0,0,0,0,0,0,0,0,0,0,0,0,0.12697,0.19939,0,0,0.24,0,0.30278,0,0,0.31327,0.73295,0,0.53596,0.86495,0.13426,0.13874,0.21101,0,0,0,0,0,0,0,0,0.57246,0,0.96399,0.92341,0.82634,0.67402,0.37962,0,0,0,0.14064,0.64229,0,0,0,0,0,0,0.50739,0.24455,0.25457,0,0.67104,0.19557,0.22555,0.625,0.989,1,0.35408,1,1,1,1,1,0.49075,0.8997,1,1,1,1,1,1,0.60164,0.98721,1,1,1,1,1,1,1,1,1,1,1,1,1,1,1,1,1,1,1,1,1,1,1,1,1,1,1,1,1,1,1,1,1,1,1,1,0.92896,1,0,0,0,0,0,0,0,0,0,0,0,0,0,0,0,0,0,0,0,0,0,0,0,0,0,0,0,0,0,0,0,0,0,0,0,0,0,0,0,0,0,0,0,0,0,0,0,0,0,0,0,0,0,0,0,0,0,0,0,0,0,0,0,0,0,0,0,0,0,0,0,0,0,0,0,0,0,0,0,0,0,0,0,0,0,0,0,0,0,0,0,0,0,0,0,0,0,0,0,0,0,0,0,0,0,0,0,0,0,0,0,0,0,0,0,0,0,0,0,0,0,0,0,0,0,0,0,0,0,0,0,0,0,0,0,0,0,0,0,0,0,0,0,0,0,0,0,0,0,0,0,0,0,0,0,0,0,0,0,0,0,0,0,0,0,0,0,0,0,0,0,0,0,0,0,0,0,0,0,0,0,0,0,0,0,0,0,0
0,0,0,0,0,0,0,0,0,0,0,0,0,0,0,0,0,0,0,0,0,0,0,0,0,0,0,0,0,0,0,0,0,0,0,0,0,0,0,0,0,0,0,0,0,0,0,0,0,0,0,0,0,0,0,0,0,0,0,0,0,0,0,0,0,0,0,0,0,0,0,0,0,0,0,0,0,0,0.21999,0.13338,0.21267,0,0.38108,0,0.52979,0,0.51119,0.90675,0.88953,0,0,0,0,0,0,0,0,0,0,0,0,0,0,0,0,0,0,0,0,0.45297,0.19863,0,0,0.59682,0.24218,0.23601,0,0,0,0,0,0,0,0,0,0,0,0,0,0,0,0,0,0,0,0,0,0,0,0,0,0,0,0,0,0,0,0,0,0,0,0,0,0,0,0,0,0,0,0,0,0,0,0,0,0,0,0,0,0,0,0,0,0,0,0,0,0,0,0,0,0,0,0,0,0,0,0,0,0,0,0,0,0,0,0,0,0,0,0,0,0,0,0,0,0,0,0,0,0,0,0,0,0,0,0.28846,0,0.19746,0.41998,0,0,0,0,0,0,0,0,0,0,0,0.21217,0,0.64936,0.63091,0.56116,0.44167,0.23257,0,0,0,0,0.25133,0,0,0,0,0,0,0.23558,0.16055,0.18733,0,0.35048,0,0,0.27466,0.66996,1,0.1529,1,1,1,1,1,0.19363,0.5042,0.9446,1,1,1,1,1,0.22702,0.57549,1,1,1,1,1,0.88193,1,1,1,0.6394,1,1,1,1,1,1,1,1,1,1,1,1,1,0.75519,1,1,1,1,1,1,1,1,1,1,1,1,0.70263,1,0,0,0,0,0,0,0,0,0,0,0,0,0,0,0,0,0,0,0,0,0,0,0,0,0,0,0,0,0,0,0,0,0,0,0,0,0,0,0,0,0,0,0,0,0,0,0,0,0,0,0,0,0,0,0,0,0,0,0,0,0,0,0,0,0,0,0,0,0,0,0,0,0,0,0,0,0,0,0,0,0,0,0,0,0,0,0,0,0,0,0,0,0,0,0,0,0,0,0,0,0,0,0,0,0,0,0,0,0,0,0,0,0,0,0,0,0,0,0,0,0,0,0,0,0,0,0,0,0,0,0,0,0,0,0,0,0,0,0,0,0,0,0,0,0,0,0,0,0,0,0,0,0,0,0,0,0,0,0,0,0,0,0,0,0,0,0,0,0,0,0,0,0,0,0,0,0,0,0,0,0,0,0,0,0,0,0,0
0,0,0,0,0,0,0,0,0,0,0,0,0,0,0,0,0,0,0,0,0,0,0,0,0,0,0,0,0,0,0,0,0,0,0,0,0,0,0,0,0,0,0,0,0,0,0,0,0,0,0,0,0,0,0,0,0,0,0,0,0,0,0,0,0,0,0,0,0,0,0,0,0,0,0,0,0.24093,0.15161,0.17871,0,0,0.52966,0,0,0,0,0,0,0,0,0,0,0,0,0,0,0,0,0,0,0,0,0,0,0,0,0,0,0,0,0,0,0,0,0,0,0,0,0,0,0,0,0,0,0,0,0,0,0,0,0,0,0,0,0,0,0,0,0,0,0,0,0,0,0,0,0,0,0,0,0,0.23997,0,0,0,0,0,0.1321,0.20238,0,0.13028,0.37503,0.53658,0.70838,0,0.15273,0.68499,0.75187,0.79397,0,0,0,0,0,0,0,0,0,0,0,0,0,0,0,0,0,0,0,0,0,0,0,0,0,0,0,0,0,0,0,0,0.16181,0,0,0.91616,1,1,1,1,1,1,1,1,1,1,1,1,1,1,1,1,1,1,0.72888,1,1,0.97412,0.76442,0.82287,0.22576,1,0.23436,1,1,1,1,0.61935,1,1,1,1,1,0.96901,0.93077,1,0.74113,0.59807,1,1,0.89868,0.58774,0.26959,1,0.9925,1,1,1,0.39814,1,1,0.89575,0.57922,0.27678,0,1,1,1,1,1,0.40589,0.1729,0,1,1,1,1,0.87815,0.51893,0.20792,1,1,1,0.12561,1,1,1,0.92265,0.68105,0.29941,1,1,1,0.72611,1,1,1,0.75519,1,1,1,0.295,1,1,1,1,1,1,1,1,1,1,0.15823,0,0,0,0,0,0,0,0,0,0,0,0,0,0,0,0,0,0,0,0,0,0,0,0,0,0,0,0,0,0,0,0,0,0,0,0,0,0,0,0,0,0,0,0,0,0,0,0,0,0,0,0,0,0,0,0,0,0,0,0,0,0,0,0,0,0,0,0,0,0,0,0,0,0,0,0,0,0,0,0,0,0,0,0,0,0,0,0,0,0,0,0,0,0,0,0,0,0,0,0,0,0,0,0,0,0,0,0,0,0,0,0,0,0,0,0,0,0,0,0,0,0,0,0,0,0,0,0,0,0,0,0,0,0,0,0,0,0,0,0,0,0,0,0,0,0,0,0,0,0,0,0,0,0,0,0,0,0,0,0,0,0,0,0,0,0,0,0,0,0,0,0,0,0,0,0,0,0,0,0,0,0,0,0,0,0,0,0
0,0,0,0,0,0,0,0,0,0,0,0,0,0,0,0,0,0,0,0,0,0,0,0,0,0,0,0,0,0,0,0,0,0,0,0,0,0,0,0,0,0,0,0,0,0,0,0,0,0,0,0,0,0,0,0,0,0,0,0,0,0,0,0,0,0,0,0,0,0,0,0,0,0,0,0,0.13994,0.13749,0.23975,0,0,0.33991,0.21366,0,0.17526,0,0,0.22801,0.26352,0,0,0,0,0,0,0,0,0,0,0,0,0,0,0,0,0,0,0,0,0,0,0,0,0,0,0,0,0,0,0,0,0,0,0,0,0,0,0,0,0,0,0,0,0,0,0,0,0,0,0,0,0,0,0,0,0,0,0,0,0,0,0,0,0,0,0,0,0,0,0,0,0,0.13707,0.13566,0,0,0,0,0,0,0,0,0,0,0,0,0,0,0,0,0,0,0,0,0,0,0,0,0,0,0,0,0,0,0,0,0,0,0,0,0,0,0,0,0.23123,0.44077,0.71482,0.30831,0.30918,0.95698,0.32376,1,0.20824,0.63714,1,1,0.24313,1,1,0.83753,0.86301,1,0.32091,0,0.59353,0.39281,0.22531,0.14086,0.26424,0,1,0,1,1,1,1,0.83435,0.21808,0.47216,0.67597,0.84962,1,0,0,0.17873,0,0.1489,0.24978,1,0.85792,0.74216,0.2246,0.91894,0.52492,0.67661,0.97943,1,1,0.90703,1,1,1,1,0.43507,1,1,1,1,1,1,0.94388,0.63341,1,1,1,1,1,1,1,1,1,1,0.92073,1,1,1,1,1,1,1,1,1,1,1,1,1,1,1,1,1,1,1,1,1,1,1,1,1,1,1,1,1,0,0,0,0,0,0,0,0,0,0,0,0,0,0,0,0,0,0,0,0,0,0,0,0,0,0,0,0,0,0,0,0,0,0,0,0,0,0,0,0,0,0,0,0,0,0,0,0,0,0,0,0,0,0,0,0,0,0,0,0,0,0,0,0,0,0,0,0,0,0,0,0,0,0,0,0,0,0,0,0,0,0,0,0,0,0,0,0,0,0,0,0,0,0,0,0,0,0,0,0,0,0,0,0,0,0,0,0,0,0,0,0,0,0,0,0,0,0,0,0,0,0,0,0,0,0,0,0,0,0,0,0,0,0,0,0,0,0,0,0,0,0,0,0,0,0,0,0,0,0,0,0,0,0,0,0,0,0,0,0,0,0,0,0,0,0,0,0,0,0,0,0,0,0,0,0,0,0,0,0,0,0,0,0,0,0,0,0
0,0,0,0,0,0,0,0,0,0,0,0,0,0,0,0,0,0,0,0,0,0,0,0,0,0,0,0,0,0,0,0,0,0,0,0,0,0,0,0,0,0,0,0,0,0,0,0,0,0,0,0,0,0,0,0,0,0,0,0,0,0,0,0,0,0,0,0,0,0,0,0,0,0,0,0,0,0,0.23704,0,0,0.24649,0.23056,0,0.20853,0,0,0.32682,0.38983,0,0,0,0,0,0,0,0,0,0,0,0,0,0,0,0,0,0,0,0,0,0,0,0,0,0,0,0,0,0,0,0,0,0,0,0,0,0,0,0,0,0,0,0,0,0,0,0,0,0,0,0,0,0,0,0,0,0,0,0,0,0,0,0,0,0,0,0,0,0,0,0,0,0,0,0,0,0,0,0,0,0,0,0,0,0,0,0,0,0,0,0,0,0,0,0,0,0,0,0,0,0,0,0,0,0,0,0,0,0,0,0,0,0,0,0.16281,0.24823,0.50543,0.19178,0.18746,0.71813,0.18872,0.84906,0,0.37045,0.91256,1,0.15294,1,1,0.56334,0.59097,0.81167,0.18627,0,0.36847,0.22072,0.14906,0,0.19181,0,1,0,1,1,1,1,0.80091,0.12671,0.2331,0.41301,0.60982,1,0,0,0,0,0,0.16616,1,0.76112,0.69591,0.19369,0.81484,0.36248,0.49842,0.84547,1,1,0.71627,1,1,1,1,0.64515,0.89902,1,1,1,1,1,1,0.85441,1,1,1,1,1,1,1,1,1,1,1,1,1,1,1,1,1,1,1,1,1,1,1,1,1,1,1,1,1,1,1,1,1,1,1,1,1,1,1,1,0,0,0,0,0,0,0,0,0,0,0,0,0,0,0,0,0,0,0,0,0,0,0,0,0,0,0,0,0,0,0,0,0,0,0,0,0,0,0,0,0,0,0,0,0,0,0,0,0,0,0,0,0,0,0,0,0,0,0,0,0,0,0,0,0,0,0,0,0,0,0,0,0,0,0,0,0,0,0,0,0,0,0,0,0,0,0,0,0,0,0,0,0,0,0,0,0,0,0,0,0,0,0,0,0,0,0,0,0,0,0,0,0,0,0,0,0,0,0,0,0,0,0,0,0,0,0,0,0,0,0,0,0,0,0,0,0,0,0,0,0,0,0,0,0,0,0,0,0,0,0,0,0,0,0,0,0,0,0,0,0,0,0,0,0,0,0,0,0,0,0,0,0,0,0,0,0,0,0,0,0,0,0,0,0,0,0,0
0,0,0,0,0,0,0,0,0,0,0,0,0,0,0,0,0,0,0,0,0,0,0,0,0,0,0,0,0,0,0,0,0,0,0,0,0,0,0,0,0,0,0,0,0,0,0,0,0,0,0,0,0,0,0,0,0,0,0,0,0,0,0,0,0,0,0,0,0,0,0,0,0,0,0,0,0,0,0,0,0.16499,0,0.21842,0,0.38859,0,0.50811,0.83551,0.77697,0,0,0,0,0,0,0,0,0,0,0,0,0,0,0,0,0,0,0.15522,0,0.53483,0.24171,0.18137,0.1265,0.73388,0.42753,0.2498,0,0,0,0,0,0,0,0,0,0,0,0,0,0,0,0,0,0,0,0,0,0,0,0,0,0,0,0,0,0,0,0,0,0,0,0,0,0,0,0,0,0,0,0,0,0,0,0,0,0,0,0,0,0,0,0,0,0,0,0,0,0,0,0,0,0,0,0,0,0,0,0,0,0,0,0,0,0,0,0,0,0,0,0,0,0,0,0,0,0,0,0,0,0,0,0,0,0,0,0,0,0,0.15025,0,0,0,0,0,0,0,0,0,0,0,0,0,0.32457,0.32795,0.28616,0.23379,0.17092,0,0,0,0,0,0,0,0,0,0,0,0.13405,0,0,0,0.14559,0,0,0,0.25471,1,0,0.79141,1,1,1,1,0,0.18162,0.49829,1,1,1,1,1,0,0.20279,0.60859,1,1,1,1,0.4084,1,1,1,0.2215,0.69971,1,1,1,1,0.76171,1,1,1,0.78301,1,1,1,0.295,1,1,1,0.79368,1,1,1,1,1,1,1,0.82305,0.46258,1,0,0,0,0,0,0,0,0,0,0,0,0,0,0,0,0,0,0,0,0,0,0,0,0,0,0,0,0,0,0,0,0,0,0,0,0,0,0,0,0,0,0,0,0,0,0,0,0,0,0,0,0,0,0,0,0,0,0,0,0,0,0,0,0,0,0,0,0,0,0,0,0,0,0,0,0,0,0,0,0,0,0,0,0,0,0,0,0,0,0,0,0,0,0,0,0,0,0,0,0,0,0,0,0,0,0,0,0,0,0,0,0,0,0,0,0,0,0,0,0,0,0,0,0,0,0,0,0,0,0,0,0,0,0,0,0,0,0,0,0,0,0,0,0,0,0,0,0,0,0,0,0,0,0,0,0,0,0,0,0,0,0,0,0,0,0,0,0,0,0,0,0,0,0,0,0,0,0,0,0,0,0,0,0,0,0,0,0
0,0,0,0,0,0,0,0,0,0,0,0,0,0,0,0,0,0,0,0,0,0,0,0,0,0,0,0,0,0,0,0,0,0,0,0,0,0,0,0,0,0,0,0,0,0,0,0,0,0,0,0,0,0,0,0,0,0,0,0,0,0,0,0,0,0,0,0,0,0,0,0,0,0,0,0,0,0,0,0,0,0.22185,0,0,0,0,0,0,0,0,0,0,0,0,0,0,0,0,0,0,0,0,0,0,0,0,0,0,0,0,0,0,0,0,0,0,0,0,0,0,0,0,0,0,0,0,0,0,0,0,0,0,0,0,0,0,0,0,0,0,0,0,0,0,0,0,0,0,0,0,0,0,0,0,0,0,0,0,0,0,0,0,0.16256,0.20111,0,0,0.18604,0.2033,0.21873,0,0,0,0,0,0,0,0,0,0,0,0,0,0,0,0,0,0,0,0,0,0,0,0,0,0,0,0,0,0,0,0,0,0,0,0.3376,0.54307,0.85576,0.56243,0.63096,1,0.70751,1,0.57912,1,1,1,0.7178,1,1,1,1,1,0.96947,0.3522,1,1,0.83169,0.58162,0.87353,0.39176,1,0,1,1,1,1,1,0.70127,1,1,1,1,0.36503,0.47939,0.68652,0.45144,0.57573,0.90982,1,1,1,0.604,0.73089,0.51331,0.70852,0.865,0.95838,0.47234,0.9704,1,0.91967,0.69314,0.45474,0,1,1,1,1,1,0.62887,0.29324,0.15834,1,1,1,1,1,0.78596,0.43643,1,1,1,0.25998,1,1,1,1,1,0.70571,1,1,1,1,1,1,1,1,1,1,1,0.79368,1,1,1,1,1,1,1,1,1,1,0.39349,0,0,0,0,0,0,0,0,0,0,0,0,0,0,0,0,0,0,0,0,0,0,0,0,0,0,0,0,0,0,0,0,0,0,0,0,0,0,0,0,0,0,0,0,0,0,0,0,0,0,0,0,0,0,0,0,0,0,0,0,0,0,0,0,0,0,0,0,0,0,0,0,0,0,0,0,0,0,0,0,0,0,0,0,0,0,0,0,0,0,0,0,0,0,0,0,0,0,0,0,0,0,0,0,0,0,0,0,0,0,0,0,0,0,0,0,0,0,0,0,0,0,0,0,0,0,0,0,0,0,0,0,0,0,0,0,0,0,0,0,0,0,0,0,0,0,0,0,0,0,0,0,0,0,0,0,0,0,0,0,0,0,0,0,0,0,0,0,0,0,0,0,0,0,0,0,0,0,0,0,0,0,0,0,0,0,0,0
0,0,0,0,0,0,0,0,0,0,0,0,0,0,0,0,0,0,0,0,0,0,0,0,0,0,0,0,0,0,0,0,0,0,0,0,0,0,0,0,0,0,0,0,0,0,0,0,0,0,0,0,0,0,0,0,0,0,0,0,0,0,0,0,0,0,0,0,0,0,0,0,0,0,0,0,0,0,0.16636,0,0,0.2231,0.13407,0,0,0,0,0.14564,0.17193,0,0,0,0,0,0,0,0,0,0,0,0,0,0,0,0,0,0,0,0,0,0,0,0,0,0,0,0,0,0,0,0,0,0,0,0,0,0,0,0,0,0,0,0,0,0,0,0,0,0,0,0,0,0,0,0,0,0,0,0,0,0,0,0,0,0,0,0,0,0,0,0,0,0,0,0,0,0,0,0,0,0,0,0,0,0,0,0,0,0,0,0,0,0,0,0,0,0,0,0,0,0,0,0,0,0,0,0,0,0,0,0,0,0,0,0.20815,0.35832,0.64795,0.2806,0.30822,0.93557,0.34875,1,0.22685,0.68992,1,1,0.30193,1,1,0.95696,1,1,0.49754,0.1269,0.81736,0.61218,0.39682,0.21301,0.50574,0.2075,1,0,1,1,1,1,1,0.25722,0.60841,0.85016,1,1,0.14558,0.16926,0.23838,0.16289,0.22782,0.44644,1,1,0.96889,0.41578,0.74774,0.4048,0.57184,0.83041,1,0.78089,0.81477,1,1,1,0.82297,0.23493,1,1,1,1,1,1,0.71074,0.40907,1,1,1,1,1,1,0.86822,1,1,1,0.71673,1,1,1,1,1,1,1,1,1,1,1,1,1,1,1,1,1,1,1,1,1,1,1,1,1,1,1,1,0.85832,0,0,0,0,0,0,0,0,0,0,0,0,0,0,0,0,0,0,0,0,0,0,0,0,0,0,0,0,0,0,0,0,0,0,0,0,0,0,0,0,0,0,0,0,0,0,0,0,0,0,0,0,0,0,0,0,0,0,0,0,0,0,0,0,0,0,0,0,0,0,0,0,0,0,0,0,0,0,0,0,0,0,0,0,0,0,0,0,0,0,0,0,0,0,0,0,0,0,0,0,0,0,0,0,0,0,0,0,0,0,0,0,0,0,0,0,0,0,0,0,0,0,0,0,0,0,0,0,0,0,0,0,0,0,0,0,0,0,0,0,0,0,0,0,0,0,0,0,0,0,0,0,0,0,0,0,0,0,0,0,0,0,0,0,0,0,0,0,0,0,0,0,0,0,0,0,0,0,0,0,0,0,0,0,0,0,0,0
0,0,0,0,0,0,0,0,0,0,0,0,0,0,0,0,0,0,0,0,0,0,0,0,0,0,0,0,0,0,0,0,0,0,0,0,0,0,0,0,0,0,0,0,0,0,0,0,0,0,0,0,0,0,0,0,0,0,0,0,0,0,0,0,0,0,0,0,0,0,0,0,0,0,0,0,0,0,0.18226,0,0,0.16666,0.19513,0,0.19162,0,0,0.3284,0.36928,0,0,0,0,0,0,0,0,0,0,0,0,0,0,0,0,0,0,0,0,0,0,0,0,0,0,0,0,0,0,0,0,0,0,0,0,0,0,0,0,0,0,0,0,0,0,0,0,0,0,0,0,0,0,0,0,0,0,0,0,0,0,0,0,0,0,0,0,0,0,0,0,0,0,0,0,0,0,0,0,0,0,0,0,0,0,0,0,0,0,0,0,0,0,0,0,0,0,0,0,0,0,0,0,0,0,0,0,0,0,0,0,0,0,0,0,0.15014,0.23533,0,0,0.41228,0,0.54382,0,0.19046,0.61356,1,0,0.89649,1,0.2891,0.32922,0.55396,0,0,0.23331,0.16203,0,0,0.15352,0,0.9843,0,1,1,1,1,0.86489,0,0.14485,0.22577,0.41661,1,0,0,0,0,0,0,1,0.75377,0.74713,0.19534,0.56973,0.19463,0.2372,0.58124,0.87396,1,0.42346,1,1,1,1,0.74508,0.60033,0.95389,1,1,1,1,1,0.97172,0.74657,1,1,1,1,1,1,1,1,1,1,1,1,1,1,1,1,1,1,1,1,1,1,1,1,1,1,1,1,1,1,1,1,1,1,1,1,1,1,1,0,0,0,0,0,0,0,0,0,0,0,0,0,0,0,0,0,0,0,0,0,0,0,0,0,0,0,0,0,0,0,0,0,0,0,0,0,0,0,0,0,0,0,0,0,0,0,0,0,0,0,0,0,0,0,0,0,0,0,0,0,0,0,0,0,0,0,0,0,0,0,0,0,0,0,0,0,0,0,0,0,0,0,0,0,0,0,0,0,0,0,0,0,0,0,0,0,0,0,0,0,0,0,0,0,0,0,0,0,0,0,0,0,0,0,0,0,0,0,0,0,0,0,0,0,0,0,0,0,0,0,0,0,0,0,0,0,0,0,0,0,0,0,0,0,0,0,0,0,0,0,0,0,0,0,0,0,0,0,0,0,0,0,0,0,0,0,0,0,0,0,0,0,0,0,0,0,0,0,0,0,0,0,0,0,0,0,0
0,0,0,0,0,0,0,0,0,0,0,0,0,0,0,0,0,0,0,0,0,0,0,0,0,0,0,0,0,0,0,0,0,0,0,0,0,0,0,0,0,0,0,0,0,0,0,0,0,0,0,0,0,0,0,0,0,0,0,0,0,0,0,0,0,0,0,0,0,0,0,0,0,0,0,0,0,0,0.16804,0,0,0,0.21076,0,0.23404,0,0.19807,0.52255,0.53314,0,0,0,0,0,0,0,0,0,0,0,0,0,0,0,0,0,0,0,0,0.16617,0,0,0,0.20779,0,0,0,0,0,0,0,0,0,0,0,0,0,0,0,0,0,0,0,0,0,0,0,0,0,0,0,0,0,0,0,0,0,0,0,0,0,0,0,0,0,0,0,0,0,0,0,0,0,0,0,0,0,0,0,0,0,0,0,0,0,0,0,0,0,0,0,0,0,0,0,0,0,0,0,0,0,0,0,0,0,0,0,0,0,0,0,0,0,0,0,0,0.12697,0,0,0.18185,0,0.21875,0,0,0.23469,0.6226,0,0.47054,0.77254,0,0.13144,0.20622,0,0,0,0,0,0,0,0,0.54987,0,1,1,1,0.91919,0.65337,0,0,0,0.16484,0.72525,0,0,0,0,0,0,0.69943,0.4646,0.52245,0,0.377,0,0.14271,0.34904,0.69244,1,0.20687,1,1,1,1,1,0.27589,0.66257,1,1,1,1,1,1,0.40428,0.77131,1,1,1,1,1,1,1,1,1,0.92853,1,1,1,1,1,1,1,1,1,1,1,1,1,1,1,1,1,1,1,1,1,1,1,1,1,1,1,1,0,0,0,0,0,0,0,0,0,0,0,0,0,0,0,0,0,0,0,0,0,0,0,0,0,0,0,0,0,0,0,0,0,0,0,0,0,0,0,0,0,0,0,0,0,0,0,0,0,0,0,0,0,0,0,0,0,0,0,0,0,0,0,0,0,0,0,0,0,0,0,0,0,0,0,0,0,0,0,0,0,0,0,0,0,0,0,0,0,0,0,0,0,0,0,0,0,0,0,0,0,0,0,0,0,0,0,0,0,0,0,0,0,0,0,0,0,0,0,0,0,0,0,0,0,0,0,0,0,0,0,0,0,0,0,0,0,0,0,0,0,0,0,0,0,0,0,0,0,0,0,0,0,0,0,0,0,0,0,0,0,0,0,0,0,0,0,0,0,0,0,0,0,0,0,0,0,0,0,0,0,0,0,0,0,0,0,0
0,0,0,0,0,0,0,0,0,0,0,0,0,0,0,0,0,0,0,0,0,0,0,0,0,0,0,0,0,0,0,0,0,0,0,0,0,0,0,0,0,0,0,0,0,0,0,0,0,0,0,0,0,0,0,0,0,0,0,0,0,0,0,0,0,0,0,0,0,0,0,0,0,0,0,0,0,0,0,0,0,0,0,0,0,0,0,0.20811,0.21959,0,0,0,0,0,0,0,0,0,0,0,0,0,0,0,0,0,0,0,0,0,0,0,0,0,0,0,0,0,0,0,0,0,0,0,0,0,0,0,0,0,0,0,0,0,0,0,0,0,0,0,0,0,0,0,0,0,0,0,0,0,0,0,0,0,0,0,0,0,0,0,0,0,0,0,0,0,0,0,0,0,0,0,0,0,0,0,0,0,0,0,0,0,0,0,0,0,0,0,0,0,0,0,0,0,0,0,0,0,0,0,0,0,0,0,0,0,0.18456,0,0,0.28839,0,0.43887,0,0.16507,0.53574,0.94505,0,0.84891,1,0.26328,0.3214,0.55024,0,0,0.28773,0.1896,0,0,0.19622,0,0.96963,0,1,1,1,1,1,0,0.14145,0.23406,0.48219,1,0,0,0,0,0,0,1,0.93746,0.95365,0.27741,0.36418,0.13366,0.17927,0.38668,0.66484,0.84382,0.25806,1,1,1,1,0.5805,0.4459,0.78027,1,1,1,1,1,0.81542,0.60257,0.9269,1,1,1,1,1,1,1,1,1,1,1,1,1,1,1,1,1,1,1,1,1,1,1,1,1,1,1,1,1,1,1,1,1,1,1,1,1,1,0,0,0,0,0,0,0,0,0,0,0,0,0,0,0,0,0,0,0,0,0,0,0,0,0,0,0,0,0,0,0,0,0,0,0,0,0,0,0,0,0,0,0,0,0,0,0,0,0,0,0,0,0,0,0,0,0,0,0,0,0,0,0,0,0,0,0,0,0,0,0,0,0,0,0,0,0,0,0,0,0,0,0,0,0,0,0,0,0,0,0,0,0,0,0,0,0,0,0,0,0,0,0,0,0,0,0,0,0,0,0,0,0,0,0,0,0,0,0,0,0,0,0,0,0,0,0,0,0,0,0,0,0,0,0,0,0,0,0,0,0,0,0,0,0,0,0,0,0,0,0,0,0,0,0,0,0,0,0,0,0,0,0,0,0,0,0,0,0,0,0,0,0,0,0,0,0,0,0,0,0,0,0,0,0,0,0,0
0,0,0,0,0,0,0,0,0,0,0,0,0,0,0,0,0,0,0,0,0,0,0,0,0,0,0,0,0,0,0,0,0,0,0,0,0,0,0,0,0,0,0,0,0,0,0,0,0,0,0,0,0,0,0,0,0,0,0,0,0,0,0,0,0,0,0,0,0,0,0,0,0,0,0,0,0,0,0,0,0,0,0,0,0,0,0,0.20094,0.20447,0,0,0,0,0,0,0,0,0,0,0,0,0,0,0,0,0,0,0,0,0,0,0,0,0,0,0,0,0,0,0,0,0,0,0,0,0,0,0,0,0,0,0,0,0,0,0,0,0,0,0,0,0,0,0,0,0,0,0,0,0,0,0,0,0,0,0,0,0,0,0,0,0,0,0,0,0,0,0,0,0,0,0,0,0,0,0,0,0,0,0,0,0,0,0,0,0,0,0,0,0,0,0,0,0,0,0,0,0,0,0,0,0,0,0,0,0,0,0,0,0.14813,0,0.19707,0,0,0.22917,0.59646,0,0.50528,0.76593,0.14249,0.16449,0.24127,0,0,0.17852,0,0,0,0.13016,0,0.63685,0,1,1,1,1,1,0,0,0.13131,0.23533,0.93726,0,0,0,0,0,0,1,0.83918,0.92586,0.23577,0.19754,0,0,0.19849,0.4008,0.74289,0.14497,0.8302,0.9625,1,0.98035,0.65817,0.20507,0.46419,0.79306,1,1,1,1,0.90715,0.26627,0.6011,0.98249,1,1,1,1,0.98602,1,1,1,0.84307,1,1,1,1,1,1,1,1,1,1,1,1,1,1,1,1,1,1,1,1,1,1,1,1,1,1,1,1,0,0,0,0,0,0,0,0,0,0,0,0,0,0,0,0,0,0,0,0,0,0,0,0,0,0,0,0,0,0,0,0,0,0,0,0,0,0,0,0,0,0,0,0,0,0,0,0,0,0,0,0,0,0,0,0,0,0,0,0,0,0,0,0,0,0,0,0,0,0,0,0,0,0,0,0,0,0,0,0,0,0,0,0,0,0,0,0,0,0,0,0,0,0,0,0,0,0,0,0,0,0,0,0,0,0,0,0,0,0,0,0,0,0,0,0,0,0,0,0,0,0,0,0,0,0,0,0,0,0,0,0,0,0,0,0,0,0,0,0,0,0,0,0,0,0,0,0,0,0,0,0,0,0,0,0,0,0,0,0,0,0,0,0,0,0,0,0,0,0,0,0,0,0,0,0,0,0,0,0,0,0,0,0,0,0,0,0
0,0,0,0,0,0,0,0,0,0,0,0,0,0,0,0,0,0,0,0,0,0,0,0,0,0,0,0,0,0,0,0,0,0,0,0,0,0,0,0,0,0,0,0,0,0,0,0,0,0,0,0,0,0,0,0,0,0,0,0,0,0,0,0,0,0,0,0,0,0,0,0,0,0,0,0,0,0,0,0,0,0,0,0,0,0,0,0,0,0,0,0,0,0,0,0,0,0,0,0,0,0,0,0,0,0,0,0,0,0,0,0,0,0,0,0,0,0,0,0,0,0,0,0,0,0,0,0,0,0,0,0,0,0,0,0,0,0,0,0,0,0,0,0,0,0,0,0,0,0,0,0,0,0,0,0,0,0,0,0,0,0,0,0,0,0,0,0,0,0,0,0,0,0,0,0,0,0,0,0,0,0,0,0,0,0,0,0,0,0,0,0,0,0,0,0,0,0,0,0,0,0,0,0,0,0,0.17376,0,0,0.3536,0,0.56314,0,0.24187,0.74301,1,0.1284,1,1,0.63034,0.73398,0.96652,0.36662,0,0.90274,0.6778,0.47932,0.23423,0.75402,0.54854,1,0,1,1,1,1,1,0.13685,0.34038,0.69636,1,1,0,0,0.20067,0.15372,0.39052,0.40221,1,1,1,0.93158,0.19252,0,0.13911,0.21983,0.34877,0.26148,0.22238,0.6443,0.60791,0.51578,0.3855,0.13471,0.3928,0.63621,0.81564,0.976,0.99834,0.61027,0.3806,0.21241,0.58328,0.8256,1,1,0.99892,0.81929,0.57423,1,1,1,0.53067,1,1,1,1,1,0.98445,1,1,1,1,1,1,1,1,1,1,1,1,1,1,1,1,1,1,1,1,1,1,0.72007,0,0,0,0,0,0,0,0,0,0,0,0,0,0,0,0,0,0,0,0,0,0,0,0,0,0,0,0,0,0,0,0,0,0,0,0,0,0,0,0,0,0,0,0,0,0,0,0,0,0,0,0,0,0,0,0,0,0,0,0,0,0,0,0,0,0,0,0,0,0,0,0,0,0,0,0,0,0,0,0,0,0,0,0,0,0,0,0,0,0,0,0,0,0,0,0,0,0,0,0,0,0,0,0,0,0,0,0,0,0,0,0,0,0,0,0,0,0,0,0,0,0,0,0,0,0,0,0,0,0,0,0,0,0,0,0,0,0,0,0,0,0,0,0,0,0,0,0,0,0,0,0,0,0,0,0,0,0,0,0,0,0,0,0,0,0,0,0,0,0,0,0,0,0,0,0,0,0,0,0,0,0,0,0,0,0,0,0
0,0,0,0,0,0,0,0,0,0,0,0,0,0,0,0,0,0,0,0,0,0,0,0,0,0,0,0,0,0,0,0,0,0,0,0,0,0,0,0,0,0,0,0,0,0,0,0,0,0,0,0,0,0,0,0,0,0,0,0,0,0,0,0,0,0,0,0,0,0,0,0,0,0,0,0,0,0,0,0,0,0,0,0,0,0,0,0,0,0,0,0,0,0,0,0,0,0,0,0,0,0,0,0,0,0,0,0,0,0,0,0,0,0,0,0,0,0,0,0,0,0,0,0,0,0,0,0,0,0,0,0,0,0,0,0,0,0,0,0,0,0,0,0,0,0,0,0,0,0,0,0,0,0,0,0,0,0,0,0,0,0,0,0,0,0,0,0,0,0,0,0,0,0,0,0,0,0,0,0,0,0,0,0,0,0,0,0,0,0,0,0,0,0,0,0,0,0,0,0,0,0,0,0,0,0,0,0,0,0.19767,0,0.30534,0,0.15992,0.49228,0.85589,0,0.8906,1,0.40895,0.52447,0.75616,0.23242,0,0.79571,0.56759,0.37811,0.19939,0.71428,0.59794,1,0,1,1,1,1,1,0,0.21155,0.51685,0.91559,1,0,0,0.1468,0,0.33893,0.25881,1,1,1,1,0,0,0,0.1367,0.20424,0.20192,0.13567,0.42967,0.42493,0.36452,0.26334,0,0.21052,0.38001,0.5734,0.77168,0.81912,0.49775,0.30187,0.1949,0.32152,0.56698,0.80065,0.92117,0.86014,0.71673,0.50704,0.98385,1,1,0.50646,0.96249,1,1,1,1,0.95293,1,1,1,1,1,1,1,1,1,1,1,1,1,1,1,1,1,1,1,1,1,1,0.71116,0,0,0,0,0,0,0,0,0,0,0,0,0,0,0,0,0,0,0,0,0,0,0,0,0,0,0,0,0,0,0,0,0,0,0,0,0,0,0,0,0,0,0,0,0,0,0,0,0,0,0,0,0,0,0,0,0,0,0,0,0,0,0,0,0,0,0,0,0,0,0,0,0,0,0,0,0,0,0,0,0,0,0,0,0,0,0,0,0,0,0,0,0,0,0,0,0,0,0,0,0,0,0,0,0,0,0,0,0,0,0,0,0,0,0,0,0,0,0,0,0,0,0,0,0,0,0,0,0,0,0,0,0,0,0,0,0,0,0,0,0,0,0,0,0,0,0,0,0,0,0,0,0,0,0,0,0,0,0,0,0,0,0,0,0,0,0,0,0,0,0,0,0,0,0,0,0,0,0,0,0,0,0,0,0,0,0,0
0,0,0,0,0,0,0,0,0,0,0,0,0,0,0,0,0,0,0,0,0,0,0,0,0,0,0,0,0,0,0,0,0,0,0,0,0,0,0,0,0,0,0,0,0,0,0,0,0,0,0,0,0,0,0,0,0,0,0,0,0,0,0,0,0,0,0,0,0,0,0,0,0,0,0,0,0,0,0,0,0,0,0,0,0,0,0,0,0,0,0,0,0,0,0,0,0,0,0,0,0,0,0,0,0,0,0,0,0,0,0,0,0,0,0,0,0,0,0,0,0,0,0,0,0,0,0,0,0,0,0,0,0,0,0,0,0,0,0,0,0,0,0,0,0,0,0,0,0,0,0,0,0,0,0,0,0,0,0,0,0,0,0,0,0,0,0,0,0,0,0,0,0,0,0,0,0,0,0,0,0,0,0,0,0,0,0,0,0,0,0,0,0,0,0,0,0,0,0,0,0,0,0,0,0,0.14279,0.24837,0.16113,0.19298,0.62853,0.22933,0.86698,0.20465,0.59291,1,1,0.28075,1,1,1,1,1,0.8283,0.24535,1,1,0.92599,0.6519,1,0.83471,1,0,1,1,1,1,1,0.33345,0.78233,1,1,1,0.1537,0.27583,0.56476,0.42169,0.80059,0.86442,1,1,1,1,0.20999,0.1306,0.19585,0.25178,0.3722,0.18806,0.35049,0.58498,0.46373,0.30601,0.20884,0,0.5941,0.76982,0.85849,0.87855,0.837,0.33301,0.18635,0,0.79998,0.97996,1,1,0.75732,0.52412,0.24542,1,1,1,0.21582,1,1,1,1,0.90911,0.60361,1,1,1,1,1,1,1,1,1,1,1,0.82305,1,1,1,1,1,1,1,1,1,1,0.3217,0,0,0,0,0,0,0,0,0,0,0,0,0,0,0,0,0,0,0,0,0,0,0,0,0,0,0,0,0,0,0,0,0,0,0,0,0,0,0,0,0,0,0,0,0,0,0,0,0,0,0,0,0,0,0,0,0,0,0,0,0,0,0,0,0,0,0,0,0,0,0,0,0,0,0,0,0,0,0,0,0,0,0,0,0,0,0,0,0,0,0,0,0,0,0,0,0,0,0,0,0,0,0,0,0,0,0,0,0,0,0,0,0,0,0,0,0,0,0,0,0,0,0,0,0,0,0,0,0,0,0,0,0,0,0,0,0,0,0,0,0,0,0,0,0,0,0,0,0,0,0,0,0,0,0,0,0,0,0,0,0,0,0,0,0,0,0,0,0,0,0,0,0,0,0,0,0,0,0,0,0,0,0,0,0,0,0,0
0,0,0,0,0,0,0,0,0,0,0,0,0,0,0,0,0,0,0,0,0,0,0,0,0,0,0,0,0,0,0,0,0,0,0,0,0,0,0,0,0,0,0,0,0,0,0,0,0,0,0,0,0,0,0,0,0,0,0,0,0,0,0,0,0,0,0,0,0,0,0,0,0,0,0,0,0,0,0,0,0,0,0,0,0,0,0,0,0,0,0,0,0,0,0,0,0,0,0,0,0,0,0,0,0,0,0,0,0,0,0,0,0,0,0,0,0,0,0,0,0,0,0,0,0,0,0,0,0,0,0,0,0,0,0,0,0,0,0,0,0,0,0,0,0,0,0,0,0,0,0,0,0,0,0,0,0,0,0,0,0,0,0,0,0,0,0,0,0,0,0,0,0,0,0,0,0,0,0,0,0,0,0,0,0,0,0,0,0,0,0,0,0,0,0,0,0,0,0,0,0,0,0,0,0,0,0,0,0,0,0,0.17523,0,0,0.29212,0.57459,0,0.74288,0.773,0.42854,0.60331,0.81521,0.48001,0.15663,1,1,0.8944,0.61602,1,1,1,0,1,1,1,1,1,0,0.25386,0.73905,1,1,0,0.13012,0.26588,0.26158,0.99381,0.63932,1,1,1,1,0,0,0,0,0,0,0,0,0,0,0,0,0,0,0.14448,0.17017,0.17181,0,0,0,0.13189,0.18469,0.22384,0.23556,0.17214,0,0,0.46296,0.49872,0.3974,0,0.54025,0.71085,0.75238,0.44568,0.32856,0.20046,0.94287,0.98523,0.90026,0.51861,1,1,0.92896,0.70263,1,1,1,0.46258,1,1,1,1,1,1,1,1,1,1,0,0,0,0,0,0,0,0,0,0,0,0,0,0,0,0,0,0,0,0,0,0,0,0,0,0,0,0,0,0,0,0,0,0,0,0,0,0,0,0,0,0,0,0,0,0,0,0,0,0,0,0,0,0,0,0,0,0,0,0,0,0,0,0,0,0,0,0,0,0,0,0,0,0,0,0,0,0,0,0,0,0,0,0,0,0,0,0,0,0,0,0,0,0,0,0,0,0,0,0,0,0,0,0,0,0,0,0,0,0,0,0,0,0,0,0,0,0,0,0,0,0,0,0,0,0,0,0,0,0,0,0,0,0,0,0,0,0,0,0,0,0,0,0,0,0,0,0,0,0,0,0,0,0,0,0,0,0,0,0,0,0,0,0,0,0,0,0,0,0,0,0,0,0,0,0,0,0,0,0,0,0,0,0,0,0,0,0,0
0,0,0,0,0,0,0,0,0,0,0,0,0,0,0,0,0,0,0,0,0,0,0,0,0,0,0,0,0,0,0,0,0,0,0,0,0,0,0,0,0,0,0,0,0,0,0,0,0,0,0,0,0,0,0,0,0,0,0,0,0,0,0,0,0,0,0,0,0,0,0,0,0,0,0,0,0,0,0.22379,0.19493,0.49216,0,0.56347,0,0.87955,0,1,1,1,0,0,0,0,0,0,0,0,0,0.131,0,0,0,0.12609,0,0.246,0.16762,0.12581,0.59055,0.22294,1,0.85218,0.66874,0.49931,1,1,0.8593,0,0,0,0,0,0,0,0,0,0,0,0,0,0,0,0,0,0,0,0,0,0,0,0,0,0,0,0,0,0,0,0,0,0,0,0,0,0,0,0,0,0,0,0,0,0,0,0,0,0,0,0,0,0,0,0,0,0,0,0,0,0,0,0,0,0,0,0,0,0,0,0,0,0,0,0,0,0,0,0,0,0,0,0,0,0,0,0,0,0,0,0,0,0,0,0,0,0,0,0,0,0,0,0,0,0,0,0,0,0,0,0,0,0,0,0,0,0,0,0,0,0,0,0,0,0,0,0,0,0,0,0,0,0,0,0,0.17988,0,0,0.13192,0.34489,1,0,0.90013,1,1,1,1,0,0.16535,0.48957,1,1,1,1,1,0,0.17179,0.54811,0.97606,1,1,1,0.25115,1,1,1,0.15486,0.50782,1,1,1,1,0.51822,1,1,1,0.49729,1,1,1,0.15823,1,1,1,0.39349,0.85832,1,1,1,1,0.72007,0.71116,0.3217,0,1,0,0,0,0,0,0,0,0,0,0,0,0,0,0,0,0,0,0,0,0,0,0,0,0,0,0,0,0,0,0,0,0,0,0,0,0,0,0,0,0,0,0,0,0,0,0,0,0,0,0,0,0,0,0,0,0,0,0,0,0,0,0,0,0,0,0,0,0,0,0,0,0,0,0,0,0,0,0,0,0,0,0,0,0,0,0,0,0,0,0,0,0,0,0,0,0,0,0,0,0,0,0,0,0,0,0,0,0,0,0,0,0,0,0,0,0,0,0,0,0,0,0,0,0,0,0,0,0,0,0,0,0,0,0,0,0,0,0,0,0,0,0,0,0,0,0,0,0,0,0,0,0,0,0,0,0,0,0,0,0,0,0,0,0,0,0,0,0,0,0,0,0,0,0,0,0,0,0,0,0,0,0,0,0,0,0,0,0
0,0,0,0,0,0,0,0,0,0,0,0,0,0,0,0,0,0,0,0,0,0,0,0,0,0,0,0,0,0,0,0,0,0,0,0,0,0,0,0,0,0,0,0,0,0,0,0,0,0,0,0,0,0,0,0,0,0,0,0,0,0,0,0,0,0,0,0,0,0,0,0,0,0,0,0,0,0,0,0,0,0,0,0,0,0,0,0,0,0,0,0,0,0,0,0,0,0,0,0,0,0,0,0,0,0,0,0,0,0,0,0,0,0,0,0,0,0,0,0,0,0,0,0,0,0,0,0,0,0,0,0,0,0,0,0,0,0,0,0,0,0,0,0,0,0,0,0,0,0,0,0,0,0,0,0,0,0,0,0,0,0,0,0,0,0,0,0,0,0,0,0,0,0,0,0,0,0,0,0,0,0,0,0,0,0,0,0,0,0,0,0,0,0,0,0,0,0,0,0,0,0,0,0,0,0,0,0,0,0,0,0,0,0,0,0,0,0,0,0,0,0,0,0,0,0,0,0,0,0,0,0,0,0,0,0,0,0,0,0,0,0,0,0,0,0,0,0,0,0,0,0,0,0,0,0,0,0,0,0,0,0,0,0,0,0,0,0,0,0,0,0,0,0,0,0,0,0,0,0,0,0,0,0,0,0,0,0,0,0,0,0,0,0,0,0,0,0,0,0,0,0,0,0,0,0,0,0,0,0,0,0,1,1,1,1,1,1,0.3325,1,1,1,1,1,0.94389,0.38747,0,0,1,1,1,1,0.43486,0.45901,0.25461,0,0,0,0,0,1,0.73915,0.12746,0.65885,1,1,0.89839,0.65991,0.98553,1,1,1,0.39512,0.78449,1,1,1,0.85553,0.38452,0.63217,0.29452,0.18161,1,1,0.23508,0.20199,0.34114,1,1,1,1,1,1,1,1,1,1,0.24119,1,1,1,0,0,0,0,0,0,0,0,0,0,0,0,0,0,0,0,0,0,0,0,0,0,0,0,0,0,0,0,0,0,0,0,0,0,0,0,0.17765,0,0,0,0,0,0,0,0,0,0,0,0,0,0,0,0,0,0,0,0,0,0,0,0,0,0,0,0,0,0,0,0,0,0,0,0,0,0,0,0,0,0,0,0,0,0,0,0.20403,0,0,0,0,0,0,0,0,0,0,0,0,0,0,0,0,0,0,0,0,0,0,0,0,0,0,0,0,0,0,0,0,0,0
0,0,0,0,0,0,0,0,0,0,0,0,0,0,0,0,0,0,0,0,0,0,0,0,0,0,0,0,0,0,0,0,0,0,0,0,0,0,0,0,0,0,0,0,0,0,0,0,0,0,0,0,0,0,0,0,0,0,0,0,0,0,0,0,0,0,0,0,0,0,0,0,0,0,0,0,0,0,0,0,0,0,0,0,0,0,0,0,0,0,0,0,0,0,0,0,0,0,0,0,0,0,0,0,0,0,0,0,0,0,0,0,0,0,0,0,0,0,0,0,0,0,0,0,0,0,0,0,0,0,0,0,0,0,0,0,0,0,0,0,0,0,0,0,0,0,0,0,0,0,0,0,0,0,0,0,0,0,0,0,0,0,0,0,0,0,0,0,0,0,0,0,0,0,0,0,0,0,0,0,0,0,0,0,0,0,0,0,0,0,0,0,0,0,0,0,0,0,0,0,0,0,0,0,0,0,0,0,0,0,0,0,0,0,0,0,0,0,0,0,0,0,0,0,0,0,0,0,0,0,0,0,0,0,0,0,0,0,0,0,0,0,0,0,0,0,0,0,0,0,0,0,0,0,0,0,0,0,0,0,0,0,0,0,0,0,0,0,0,0,0,0,0,0,0,0,0,0,0,0,0,0,0,0,0,0,0,0,0,0,0,0,0,0,0,0,0,0,0,0,0,0,0,0,0,0,0,0,0,0,0,0,1,1,1,1,1,1,0.1677,0.825,1,1,1,1,1,0.50398,0,0,1,1,1,1,0.45399,0.51311,0.32318,0,0,0,0,0,1,0.70696,0,0.33426,1,1,0.83085,0.36293,0.70772,0.97168,1,1,0.22448,0.56095,0.87341,1,1,0.72922,0.30926,0.4915,0.21372,0.14107,1,0.65562,0,0,0.16424,0.77444,1,1,1,1,0.93691,1,1,1,1,0.12591,1,1,1,0,0,0,0,0,0,0,0,0,0,0,0,0,0,0,0,0,0,0,0,0,0,0,0,0,0,0,0,0,0,0,0,0,0,0,0,0,0,0,0,0,0,0,0,0,0,0,0,0,0,0,0,0,0,0,0,0,0,0,0,0,0,0,0,0,0,0,0,0,0,0,0,0,0,0,0,0,0,0,0,0,0,0,0,0,0,0,0,0,0,0,0,0,0,0,0,0,0,0,0,0,0,0,0,0,0,0,0,0,0,0,0,0,0,0,0,0,0,0
0,0,0,0,0,0,0,0,0,0,0,0,0,0,0,0,0,0,0,0,0,0,0,0,0,0,0,0,0,0,0,0,0,0,0,0,0,0,0,0,0,0,0,0,0,0,0,0,0,0,0,0,0,0,0,0,0,0,0,0,0,0,0,0,0,0,0,0,0,0,0,0,0,0,0,0,0,0,0,0,0,0,0,0,0,0,0,0,0,0,0,0,0,0,0,0,0,0,0,0,0,0,0,0,0,0,0,0,0,0,0,0,0,0,0,0,0,0,0,0,0,0,0,0,0,0,0,0,0,0,0,0,0,0,0,0,0,0,0,0,0,0,0,0,0,0,0,0,0,0,0,0,0,0,0,0,0,0,0,0,0,0,0,0,0,0,0,0,0,0,0,0,0,0,0,0,0,0,0,0,0,0,0,0,0,0,0,0,0,0,0,0,0,0,0,0,0,0,0,0,0,0,0,0,0,0,0,0,0,0,0,0,0,0,0,0,0,0,0,0,0,0,0,0,0,0,0,0,0,0,0,0,0,0,0,0,0,0,0,0,0,0,0,0,0,0,0,0,0,0,0,0,0,0,0,0,0,0,0,0,0,0,0,0,0,0,0,0,0,0,0,0,0,0,0,0,0,0,0,0,0,0,0,0,0,0,0,0,0,0,0,0,0,0,0,0,0,0,0,0,0,0,0,0,0,0,0,0,0,0,0,0,1,1,1,1,1,1,1,1,1,1,0.8949,0.45508,0.19416,0,0,0,1,1,0.88977,0.50961,0.21819,0.18048,0,0,0,0,0,0,1,0.60817,0.17333,1,1,1,0.87734,1,1,1,1,1,1,1,1,1,1,1,0.50201,1,0.78919,0.42529,1,1,1,1,1,1,1,1,1,1,1,1,1,1,1,1,1,1,1,0.47159,0.61649,0.20196,0.24019,0,0,0,0,0,0,0,0,0,0,0,0,0,0,0,0,0,0,0,0,0,0,0,0,1,0.23714,0,0,0,0,0,0.81047,1,1,0.69693,0,0,0.57011,0,0,0,0,0,0,0,0,0,0,0,0,0,0,0,0,0,0,0,0,0,0,0,0,0,0,0,0,0,0,0,0,0,0,0,0,0.65103,0.13029,0.76151,0.15663,0.86698,0.1357,1,0,0,0,0,0,0,0,0,0,0,0,0,0,0,0,0,0,0,0,0,0,0,0,0,0,0,0,0,0,0,0,0,0,0
0,0,0,0,0,0,0,0,0,0,0,0,0,0,0,0,0,0,0,0,0,0,0,0,0,0,0,0,0,0,0,0,0,0,0,0,0,0,0,0,0,0,0,0,0,0,0,0,0,0,0,0,0,0,0,0,0,0,0,0,0,0,0,0,0,0,0,0,0,0,0,0,0,0,0,0,0,0,0,0,0,0,0,0,0,0,0,0,0,0,0,0,0,0,0,0,0,0,0,0,0,0,0,0,0,0,0,0,0,0,0,0,0,0,0,0,0,0,0,0,0,0,0,0,0,0,0,0,0,0,0,0,0,0,0,0,0,0,0,0,0,0,0,0,0,0,0,0,0,0,0,0,0,0,0,0,0,0,0,0,0,0,0,0,0,0,0,0,0,0,0,0,0,0,0,0,0,0,0,0,0,0,0,0,0,0,0,0,0,0,0,0,0,0,0,0,0,0,0,0,0,0,0,0,0,0,0,0,0,0,0,0,0,0,0,0,0,0,0,0,0,0,0,0,0,0,0,0,0,0,0,0,0,0,0,0,0,0,0,0,0,0,0,0,0,0,0,0,0,0,0,0,0,0,0,0,0,0,0,0,0,0,0,0,0,0,0,0,0,0,0,0,0,0,0,0,0,0,0,0,0,0,0,0,0,0,0,0,0,0,0,0,0,0,0,0,0,0,0,0,0,0,0,0,0,0,0,0,0,0,0,0,1,1,1,1,1,1,1,1,1,1,1,1,0.76987,0.36899,0,0,1,1,1,1,0.65429,0.5911,0.36375,0.20147,0,0,0,0,1,1,0.32592,1,1,1,1,1,1,1,1,1,1,1,1,1,1,1,0.8332,1,0.92296,0.61365,1,1,0.97216,0.83395,1,1,1,1,1,1,1,1,1,1,1,0.84354,1,1,1,0,0.19874,0,0,0,0,0,0,0,0,0,0,0,0,0,0,0,0,0,0,0,0,0,0,0,0,0,0,0.42249,0,0,0,0,0,0,0.20531,0.8766,0.64088,0.15252,0,0,0.21814,0,0,0,0,0,0,0,0,0,0,0,0,0,0,0,0,0,0,0,0,0,0,0,0,0,0,0,0,0,0,0,0,0,0,0.14195,0,0.58337,0,0.60565,0,0.54547,0,0.96654,0,0,0,0,0,0,0,0,0,0,0,0,0,0,0,0,0,0,0,0,0,0,0,0,0,0,0,0,0,0,0,0,0,0
0,0,0,0,0,0,0,0,0,0,0,0,0,0,0,0,0,0,0,0,0,0,0,0,0,0,0,0,0,0,0,0,0,0,0,0,0,0,0,0,0,0,0,0,0,0,0,0,0,0,0,0,0,0,0,0,0,0,0,0,0,0,0,0,0,0,0,0,0,0,0,0,0,0,0,0,0,0,0,0,0,0,0,0,0,0,0,0,0,0,0,0,0,0,0,0,0,0,0,0,0,0,0,0,0,0,0,0,0,0,0,0,0,0,0,0,0,0,0,0,0,0,0,0,0,0,0,0,0,0,0,0,0,0,0,0,0,0,0,0,0,0,0,0,0,0,0,0,0,0,0,0,0,0,0,0,0,0,0,0,0,0,0,0,0,0,0,0,0,0,0,0,0,0,0,0,0,0,0,0,0,0,0,0,0,0,0,0,0,0,0,0,0,0,0,0,0,0,0,0,0,0,0,0,0,0,0,0,0,0,0,0,0,0,0,0,0,0,0,0,0,0,0,0,0,0,0,0,0,0,0,0,0,0,0,0,0,0,0,0,0,0,0,0,0,0,0,0,0,0,0,0,0,0,0,0,0,0,0,0,0,0,0,0,0,0,0,0,0,0,0,0,0,0,0,0,0,0,0,0,0,0,0,0,0,0,0,0,0,0,0,0,0,0,0,0,0,0,0,0,0,0,0,0,0,0,0,0,0,0,0,0,1,1,1,1,1,1,0.4878,1,1,1,1,1,1,1,0.39978,0,1,1,1,1,1,1,1,0.52234,0.21143,0.21351,0,0.20124,1,1,0.65705,0.83585,1,1,1,0.98287,1,1,1,1,0.96404,1,1,1,1,1,1,1,0.9889,0.77735,1,0.85761,0.23233,0.17839,0.24128,0.86753,1,1,1,1,0.89609,1,1,1,0.94917,0.17122,1,1,0.57253,0,0,0,0,0,0,0,0,0,0,0,0,0,0,0,0,0,0,0,0,0,0,0,0,0,0,0,0,0,0,0,0,0,0,0,0,0.24295,0.14133,0,0,0,0,0.17322,0.14888,0,0,0,0,0,0,0,0,0,0,0,0,0,0,0,0,0,0,0,0,0,0,0,0,0,0,0,0,0,0,0,0,0.16632,0,0.46035,0,0.38855,0,0.22277,0,0.41585,0,0,0,0,0,0,0,0,0,0,0,0,0,0,0,0,0,0,0,0,0,0,0,0,0,0,0,0,0,0,0,0,0,0
0,0,0,0,0,0,0,0,0,0,0,0,0,0,0,0,0,0,0,0,0,0,0,0,0,0,0,0,0,0,0,0,0,0,0,0,0,0,0,0,0,0,0,0,0,0,0,0,0,0,0,0,0,0,0,0,0,0,0,0,0,0,0,0,0,0,0,0,0,0,0,0,0,0,0,0,0,0,0,0,0,0,0,0,0,0,0,0,0,0,0,0,0,0,0,0,0,0,0,0,0,0,0,0,0,0,0,0,0,0,0,0,0,0,0,0,0,0,0,0,0,0,0,0,0,0,0,0,0,0,0,0,0,0,0,0,0,0,0,0,0,0,0,0,0,0,0,0,0,0,0,0,0,0,0,0,0,0,0,0,0,0,0,0,0,0,0,0,0,0,0,0,0,0,0,0,0,0,0,0,0,0,0,0,0,0,0,0,0,0,0,0,0,0,0,0,0,0,0,0,0,0,0,0,0,0,0,0,0,0,0,0,0,0,0,0,0,0,0,0,0,0,0,0,0,0,0,0,0,0,0,0,0,0,0,0,0,0,0,0,0,0,0,0,0,0,0,0,0,0,0,0,0,0,0,0,0,0,0,0,0,0,0,0,0,0,0,0,0,0,0,0,0,0,0,0,0,0,0,0,0,0,0,0,0,0,0,0,0,0,0,0,0,0,0,0,0,0,0,0,0,0,0,0,0,0,0,0,0,0,0,0,1,1,1,1,1,1,0.46796,1,1,1,1,1,1,0.7035,0.16158,0,1,1,1,1,0.79028,0.80376,0.59462,0.20033,0,0,0,0,1,1,0.24874,0.80721,1,1,1,0.86999,1,1,1,1,0.69756,1,1,1,1,1,0.74774,0.98151,0.63844,0.39943,1,1,0.26546,0.21201,0.3509,1,1,1,1,1,1,1,1,1,1,0.22906,1,1,0.99085,0,0,0,0,0,0,0,0,0,0,0,0,0,0,0,0,0,0,0,0,0,0,0,0,0,0,0,0,0,0,0,0,0,0,0,0,0.22791,0.14431,0,0,0,0,0,0,0,0,0,0,0,0,0,0,0,0,0,0,0,0,0,0,0,0,0,0,0,0,0,0,0,0,0,0,0,0,0,0,0,0,0.22086,0,0.20816,0,0.15661,0,0.3094,0,0,0,0,0,0,0,0,0,0,0,0,0,0,0,0,0,0,0,0,0,0,0,0,0,0,0,0,0,0,0,0,0,0
0,0,0,0,0,0,0,0,0,0,0,0,0,0,0,0,0,0,0,0,0,0,0,0,0,0,0,0,0,0,0,0,0,0,0,0,0,0,0,0,0,0,0,0,0,0,0,0,0,0,0,0,0,0,0,0,0,0,0,0,0,0,0,0,0,0,0,0,0,0,0,0,0,0,0,0,0,0,0,0,0,0,0,0,0,0,0,0,0,0,0,0,0,0,0,0,0,0,0,0,0,0,0,0,0,0,0,0,0,0,0,0,0,0,0,0,0,0,0,0,0,0,0,0,0,0,0,0,0,0,0,0,0,0,0,0,0,0,0,0,0,0,0,0,0,0,0,0,0,0,0,0,0,0,0,0,0,0,0,0,0,0,0,0,0,0,0,0,0,0,0,0,0,0,0,0,0,0,0,0,0,0,0,0,0,0,0,0,0,0,0,0,0,0,0,0,0,0,0,0,0,0,0,0,0,0,0,0,0,0,0,0,0,0,0,0,0,0,0,0,0,0,0,0,0,0,0,0,0,0,0,0,0,0,0,0,0,0,0,0,0,0,0,0,0,0,0,0,0,0,0,0,0,0,0,0,0,0,0,0,0,0,0,0,0,0,0,0,0,0,0,0,0,0,0,0,0,0,0,0,0,0,0,0,0,0,0,0,0,0,0,0,0,0,0,0,0,0,0,0,0,0,0,0,0,0,0,0,0,0,0,0,0.3325,0.1677,1,1,0.4878,0.46796,1,1,1,0.72771,0,0,0,0,0,0,0.17127,0.21431,0.17424,0,0,0,0,0,0,0,0,0,0.24935,0.22492,0.1577,1,1,0.57548,0.46032,1,1,1,1,0.79649,1,1,1,1,1,0.85501,0.32309,0.91536,0.91837,0.53649,1,1,1,1,1,1,1,0.92379,0.61622,1,1,0.92654,0.45679,0.23573,0.58156,1,0.21922,0.2447,0,1,1,1,1,1,1,0.68621,0.9737,0.86124,0.8237,0,0.30866,0.40586,0,0.44756,0.31906,0,0,0,0,0.19379,0.12974,0,0,0,0,0,0,1,1,1,0,0.94157,0.91076,0.1849,1,1,1,1,0,0.3968,1,0.14051,0,0,0,0,0,0,0,0,0.39503,0.27621,0.20518,0,0,0,0,0,0,0,0.13777,0,0,0,0,0,0,0,0,0,0,0,0,0,0.19465,0.30753,0.54581,1,0.72496,1,1,1,1,1,0,0,0,0,0,0,0,0,0,0,0,0,0,0,0,0,0,0,0,0,0,0,0,0,0,0,0,0,0,0,0,0,0,0
0,0,0,0,0,0,0,0,0,0,0,0,0,0,0,0,0,0,0,0,0,0,0,0,0,0,0,0,0,0,0,0,0,0,0,0,0,0,0,0,0,0,0,0,0,0,0,0,0,0,0,0,0,0,0,0,0,0,0,0,0,0,0,0,0,0,0,0,0,0,0,0,0,0,0,0,0,0,0,0,0,0,0,0,0,0,0,0,0,0,0,0,0,0,0,0,0,0,0,0,0,0,0,0,0,0,0,0,0,0,0,0,0,0,0,0,0,0,0,0,0,0,0,0,0,0,0,0,0,0,0,0,0,0,0,0,0,0,0,0,0,0,0,0,0,0,0,0,0,0,0,0,0,0,0,0,0,0,0,0,0,0,0,0,0,0,0,0,0,0,0,0,0,0,0,0,0,0,0,0,0,0,0,0,0,0,0,0,0,0,0,0,0,0,0,0,0,0,0,0,0,0,0,0,0,0,0,0,0,0,0,0,0,0,0,0,0,0,0,0,0,0,0,0,0,0,0,0,0,0,0,0,0,0,0,0,0,0,0,0,0,0,0,0,0,0,0,0,0,0,0,0,0,0,0,0,0,0,0,0,0,0,0,0,0,0,0,0,0,0,0,0,0,0,0,0,0,0,0,0,0,0,0,0,0,0,0,0,0,0,0,0,0,0,0,0,0,0,0,0,0,0,0,0,0,0,0,0,0,0,0,0,1,0.825,1,1,1,1,1,1,1,1,0.40661,0.17273,0,0,0,0,0.73481,0.78479,0.56014,0.23796,0.16583,0,0,0,0,0,0,0,0.76733,0.47422,0.17995,1,1,1,0.76024,1,1,1,1,1,1,1,1,1,1,1,0.47875,1,0.91084,0.52443,1,1,1,1,1,1,1,1,1,1,1,1,1,1,1,1,0.99337,1,0.58754,1,1,0.71118,0.79824,0.33999,0.40525,0,0.21017,0.1822,0.18204,0,0,0,0,0,0,0,0,0,0,0,0,0,0,0,0,0,0,1,0.79746,0.35917,0,0.20517,0.2228,0,1,1,1,1,0,0,1,0,0,0,0,0,0,0,0,0,0,0,0,0,0,0,0,0,0,0,0,0,0,0,0,0,0,0,0,0,0,0,0,0,0,0.19328,0.21702,0.94068,0.26106,1,0.42278,1,0.39663,1,0,0,0,0,0,0,0,0,0,0,0,0,0,0,0,0,0,0,0,0,0,0,0,0,0,0,0,0,0,0,0,0,0,0
0,0,0,0,0,0,0,0,0,0,0,0,0,0,0,0,0,0,0,0,0,0,0,0,0,0,0,0,0,0,0,0,0,0,0,0,0,0,0,0,0,0,0,0,0,0,0,0,0,0,0,0,0,0,0,0,0,0,0,0,0,0,0,0,0,0,0,0,0,0,0,0,0,0,0,0,0,0,0,0,0,0,0,0,0,0,0,0,0,0,0,0,0,0,0,0,0,0,0,0,0,0,0,0,0,0,0,0,0,0,0,0,0,0,0,0,0,0,0,0,0,0,0,0,0,0,0,0,0,0,0,0,0,0,0,0,0,0,0,0,0,0,0,0,0,0,0,0,0,0,0,0,0,0,0,0,0,0,0,0,0,0,0,0,0,0,0,0,0,0,0,0,0,0,0,0,0,0,0,0,0,0,0,0,0,0,0,0,0,0,0,0,0,0,0,0,0,0,0,0,0,0,0,0,0,0,0,0,0,0,0,0,0,0,0,0,0,0,0,0,0,0,0,0,0,0,0,0,0,0,0,0,0,0,0,0,0,0,0,0,0,0,0,0,0,0,0,0,0,0,0,0,0,0,0,0,0,0,0,0,0,0,0,0,0,0,0,0,0,0,0,0,0,0,0,0,0,0,0,0,0,0,0,0,0,0,0,0,0,0,0,0,0,0,0,0,0,0,0,0,0,0,0,0,0,0,0,0,0,0,0,0,1,1,1,1,1,1,1,1,1,1,1,1,0.76628,0.42616,0,0,1,1,1,1,0.78425,0.69354,0.46305,0.28959,0,0,0,0.13763,1,1,0.53187,1,1,1,1,1,1,1,1,1,1,1,1,1,1,1,1,1,1,0.85307,1,1,1,0.95917,1,1,1,1,1,1,1,1,1,1,1,0.90438,1,1,0.7957,0.18066,0.34988,0,0.16036,0,0,0,0,0,0,0,0,0,0,0,0,0,0,0,0,0,0,0,0,0,0,0,0,0.64716,0,0,0,0,0,0,0.30164,1,0.83388,0.1987,0,0,0.42599,0.18653,0.14539,0,0,0,0,0,0,0,0,0,0,0,0,0,0,0,0,0,0,0,0,0,0,0,0,0,0,0,0,0,0,0,0,0.22858,0.17646,0.86146,0.17852,0.88844,0.16389,0.82503,0,1,0,0,0,0,0,0,0,0,0,0,0,0,0,0,0,0,0,0,0,0,0,0,0,0,0,0,0,0,0,0,0,0,0,0
0,0,0,0,0,0,0,0,0,0,0,0,0,0,0,0,0,0,0,0,0,0,0,0,0,0,0,0,0,0,0,0,0,0,0,0,0,0,0,0,0,0,0,0,0,0,0,0,0,0,0,0,0,0,0,0,0,0,0,0,0,0,0,0,0,0,0,0,0,0,0,0,0,0,0,0,0,0,0,0,0,0,0,0,0,0,0,0,0,0,0,0,0,0,0,0,0,0,0,0,0,0,0,0,0,0,0,0,0,0,0,0,0,0,0,0,0,0,0,0,0,0,0,0,0,0,0,0,0,0,0,0,0,0,0,0,0,0,0,0,0,0,0,0,0,0,0,0,0,0,0,0,0,0,0,0,0,0,0,0,0,0,0,0,0,0,0,0,0,0,0,0,0,0,0,0,0,0,0,0,0,0,0,0,0,0,0,0,0,0,0,0,0,0,0,0,0,0,0,0,0,0,0,0,0,0,0,0,0,0,0,0,0,0,0,0,0,0,0,0,0,0,0,0,0,0,0,0,0,0,0,0,0,0,0,0,0,0,0,0,0,0,0,0,0,0,0,0,0,0,0,0,0,0,0,0,0,0,0,0,0,0,0,0,0,0,0,0,0,0,0,0,0,0,0,0,0,0,0,0,0,0,0,0,0,0,0,0,0,0,0,0,0,0,0,0,0,0,0,0,0,0,0,0,0,0,0,0,0,0,0,0,1,1,1,1,1,1,0.72771,1,1,1,1,1,1,1,0.42305,0,1,1,1,1,1,1,1,0.64485,0.2432,0.23864,0,0.24467,1,1,0.80955,1,1,1,1,1,1,1,1,1,1,1,1,1,1,1,1,1,1,0.97602,1,1,0.40958,0.24521,0.41173,1,1,1,1,1,0.99919,1,1,1,0.9524,0.22667,1,1,0.5071,0,0,0,0,0,0,0,0,0,0,0,0,0,0,0,0,0,0,0,0,0,0,0,0,0,0,0,0,0.17427,0,0,0,0,0,0,0,0.47588,0.21927,0,0,0,0.15684,0.23478,0.20664,0,0,0,0,0,0,0,0,0,0,0,0,0,0,0,0,0,0,0,0,0,0,0,0,0,0,0,0,0,0,0,0,0.23722,0.13921,0.70636,0,0.6437,0,0.43123,0,0.67373,0,0,0,0,0,0,0,0,0,0,0,0,0,0,0,0,0,0,0,0,0,0,0,0,0,0,0,0,0,0,0,0,0,0
0,0,0,0,0,0,0,0,0,0,0,0,0,0,0,0,0,0,0,0,0,0,0,0,0,0,0,0,0,0,0,0,0,0,0,0,0,0,0,0,0,0,0,0,0,0,0,0,0,0,0,0,0,0,0,0,0,0,0,0,0,0,0,0,0,0,0,0,0,0,0,0,0,0,0,0,0,0,0,0,0,0,0,0,0,0,0,0,0,0,0,0,0,0,0,0,0,0,0,0,0,0,0,0,0,0,0,0,0,0,0,0,0,0,0,0,0,0,0,0,0,0,0,0,0,0,0,0,0,0,0,0,0,0,0,0,0,0,0,0,0,0,0,0,0,0,0,0,0,0,0,0,0,0,0,0,0,0,0,0,0,0,0,0,0,0,0,0,0,0,0,0,0,0,0,0,0,0,0,0,0,0,0,0,0,0,0,0,0,0,0,0,0,0,0,0,0,0,0,0,0,0,0,0,0,0,0,0,0,0,0,0,0,0,0,0,0,0,0,0,0,0,0,0,0,0,0,0,0,0,0,0,0,0,0,0,0,0,0,0,0,0,0,0,0,0,0,0,0,0,0,0,0,0,0,0,0,0,0,0,0,0,0,0,0,0,0,0,0,0,0,0,0,0,0,0,0,0,0,0,0,0,0,0,0,0,0,0,0,0,0,0,0,0,0,0,0,0,0,0,0,0,0,0,0,0,0,0,0,0,0,0,1,1,0.8949,1,1,1,0,0.40661,1,1,1,1,1,1,0.64712,0,1,1,1,1,1,1,1,0.45311,0.22396,0.24697,0,0.17613,1,1,0.48097,0.1825,0.75132,1,1,0.2428,0.6341,0.93529,1,1,0.35789,0.70912,1,1,1,1,0.91768,0.91019,0.5478,0.43249,1,0.19144,0,0,0,0.20283,0.73944,1,1,0.65388,0.22662,0.45752,1,0.77427,0.39083,0,1,1,0.22778,0,0,0,0,0,0,0,0,0,0,0,0,0,0,0,0,0,0,0,0,0,0,0,0,0,0,0,0,0,0,0,0,0,0,0,0,0,0,0,0,0,0,0,0,0,0,0,0,0,0,0,0,0,0,0,0,0,0,0,0,0,0,0,0,0,0,0,0,0,0,0,0,0,0,0,0,0,0,0.14068,0,0,0,0,0,0,0,0,0,0,0,0,0,0,0,0,0,0,0,0,0,0,0,0,0,0,0,0,0,0,0,0,0,0,0,0,0,0,0,0
0,0,0,0,0,0,0,0,0,0,0,0,0,0,0,0,0,0,0,0,0,0,0,0,0,0,0,0,0,0,0,0,0,0,0,0,0,0,0,0,0,0,0,0,0,0,0,0,0,0,0,0,0,0,0,0,0,0,0,0,0,0,0,0,0,0,0,0,0,0,0,0,0,0,0,0,0,0,0,0,0,0,0,0,0,0,0,0,0,0,0,0,0,0,0,0,0,0,0,0,0,0,0,0,0,0,0,0,0,0,0,0,0,0,0,0,0,0,0,0,0,0,0,0,0,0,0,0,0,0,0,0,0,0,0,0,0,0,0,0,0,0,0,0,0,0,0,0,0,0,0,0,0,0,0,0,0,0,0,0,0,0,0,0,0,0,0,0,0,0,0,0,0,0,0,0,0,0,0,0,0,0,0,0,0,0,0,0,0,0,0,0,0,0,0,0,0,0,0,0,0,0,0,0,0,0,0,0,0,0,0,0,0,0,0,0,0,0,0,0,0,0,0,0,0,0,0,0,0,0,0,0,0,0,0,0,0,0,0,0,0,0,0,0,0,0,0,0,0,0,0,0,0,0,0,0,0,0,0,0,0,0,0,0,0,0,0,0,0,0,0,0,0,0,0,0,0,0,0,0,0,0,0,0,0,0,0,0,0,0,0,0,0,0,0,0,0,0,0,0,0,0,0,0,0,0,0,0,0,0,0,0,1,1,0.45508,1,1,1,0,0.17273,1,1,1,1,1,1,1,0.14756,1,1,1,1,1,1,1,0.74718,0.53909,0.6406,0.27726,0.33381,1,1,0.70527,0,0.39833,1,1,0.15652,0.3866,0.6884,1,1,0.26149,0.57319,0.84627,1,1,1,1,0.92874,0.58037,0.54232,0.77212,0,0,0,0,0,0.24572,0.85437,0.83359,0.21058,0,0.14128,0.52499,0.23979,0,0,1,1,0,0,0,0,0,0,0,0,0,0,0,0,0,0,0,0,0,0,0,0,0,0,0,0,0,0,0,0,0,0,0,0,0,0,0,0,0,0,0,0,0,0,0,0.14958,0.15024,0,0,0,0,0,0,0,0,0,0,0,0,0,0,0,0,0,0,0,0,0,0,0,0,0,0,0,0,0,0,0,0,0,0,0.13339,0,0,0,0,0,0,0,0,0,0,0,0,0,0,0,0,0,0,0,0,0,0,0,0,0,0,0,0,0,0,0,0,0,0,0,0,0,0,0,0
0,0,0,0,0,0,0,0,0,0,0,0,0,0,0,0,0,0,0,0,0,0,0,0,0,0,0,0,0,0,0,0,0,0,0,0,0,0,0,0,0,0,0,0,0,0,0,0,0,0,0,0,0,0,0,0,0,0,0,0,0,0,0,0,0,0,0,0,0,0,0,0,0,0,0,0,0,0,0,0,0,0,0,0,0,0,0,0,0,0,0,0,0,0,0,0,0,0,0,0,0,0,0,0,0,0,0,0,0,0,0,0,0,0,0,0,0,0,0,0,0,0,0,0,0,0,0,0,0,0,0,0,0,0,0,0,0,0,0,0,0,0,0,0,0,0,0,0,0,0,0,0,0,0,0,0,0,0,0,0,0,0,0,0,0,0,0,0,0,0,0,0,0,0,0,0,0,0,0,0,0,0,0,0,0,0,0,0,0,0,0,0,0,0,0,0,0,0,0,0,0,0,0,0,0,0,0,0,0,0,0,0,0,0,0,0,0,0,0,0,0,0,0,0,0,0,0,0,0,0,0,0,0,0,0,0,0,0,0,0,0,0,0,0,0,0,0,0,0,0,0,0,0,0,0,0,0,0,0,0,0,0,0,0,0,0,0,0,0,0,0,0,0,0,0,0,0,0,0,0,0,0,0,0,0,0,0,0,0,0,0,0,0,0,0,0,0,0,0,0,0,0,0,0,0,0,0,0,0,0,0,0,0.94389,1,0.19416,0.76987,1,1,0,0,0.76628,1,1,1,1,1,1,0.56112,1,1,1,1,1,1,1,1,1,1,0.87501,0.82771,1,1,1,0,0.21245,1,1,0,0.25216,0.54051,1,1,0.30861,0.55963,0.78566,1,1,1,1,1,0.76098,0.81378,0.32671,0,0,0,0,0,0,0.34996,0.28507,0,0,0,0.15264,0,0,0,0.91732,0.73899,0,0,0,0,0,0,0,0,0,0,0,0,0,0,0,0,0,0,0,0,0,0,0,0,0,0,0,0,0,0,0,0,0,0,0,0,0,0,0,0,0,0,0,0.33355,0.36819,0.31551,0,0.15657,0.13744,0,0,0.18139,0,0,0,0,0,0,0,0,0,0,0,0,0,0,0,0,0,0,0,0,0,0,0,0,0,0.18486,0,0.18236,0,0,0,0,0,0,0,0,0,0,0,0,0,0,0,0,0,0,0,0,0,0,0,0,0,0,0,0,0,0,0,0,0,0,0,0,0,0,0,0
0,0,0,0,0,0,0,0,0,0,0,0,0,0,0,0,0,0,0,0,0,0,0,0,0,0,0,0,0,0,0,0,0,0,0,0,0,0,0,0,0,0,0,0,0,0,0,0,0,0,0,0,0,0,0,0,0,0,0,0,0,0,0,0,0,0,0,0,0,0,0,0,0,0,0,0,0,0,0,0,0,0,0,0,0,0,0,0,0,0,0,0,0,0,0,0,0,0,0,0,0,0,0,0,0,0,0,0,0,0,0,0,0,0,0,0,0,0,0,0,0,0,0,0,0,0,0,0,0,0,0,0,0,0,0,0,0,0,0,0,0,0,0,0,0,0,0,0,0,0,0,0,0,0,0,0,0,0,0,0,0,0,0,0,0,0,0,0,0,0,0,0,0,0,0,0,0,0,0,0,0,0,0,0,0,0,0,0,0,0,0,0,0,0,0,0,0,0,0,0,0,0,0,0,0,0,0,0,0,0,0,0,0,0,0,0,0,0,0,0,0,0,0,0,0,0,0,0,0,0,0,0,0,0,0,0,0,0,0,0,0,0,0,0,0,0,0,0,0,0,0,0,0,0,0,0,0,0,0,0,0,0,0,0,0,0,0,0,0,0,0,0,0,0,0,0,0,0,0,0,0,0,0,0,0,0,0,0,0,0,0,0,0,0,0,0,0,0,0,0,0,0,0,0,0,0,0,0,0,0,0,0,0.38747,0.50398,0,0.36899,1,0.7035,0,0,0.42616,1,1,1,1,1,1,1,1,1,1,1,1,1,1,1,1,1,1,1,1,1,1,0,0.13923,1,1,0,0.21917,0.41672,0.87933,1,0.40339,0.5748,0.73589,0.98699,1,1,1,1,0.97623,1,0.13782,0,0,0,0,0,0,0.12513,0,0,0,0,0,0,0,0,0.33496,0.22214,0,0,0,0,0,0,0,0,0,0,0,0,0,0,0,0,0,0,0,0,0,0,0,0,0,0,0,0,0,0,0,0,0,0,0,0,0,0,0,0,0,0,0,0.80399,0.87404,0.93861,0.26254,0.54753,0.53458,0.37889,0.45504,0.71641,0,0,0,0,0,0,0.13781,0.17919,0,0,0,0,0,0,0,0,0,0,0,0,0,0,0,0,0,0.45037,0,0.26316,0,0.16754,0,0,0,0,0,0,0,0,0,0,0,0,0,0,0,0,0,0,0,0,0,0,0,0,0,0,0,0,0,0,0,0,0,0,0,0,0,0
0,0,0,0,0,0,0,0,0,0,0,0,0,0,0,0,0,0,0,0,0,0,0,0,0,0,0,0,0,0,0,0,0,0,0,0,0,0,0.58812,0.57738,0.28384,0.33405,0.16906,0.16097,0,0,0.17487,0,0,0,0,0,0,0,0,0,0,0,0,0,0,0,0,0,0,0,0,0.50505,0,0,0,0,0,0,0,0,0,0,0,0,0,0,0,0,0,0,0,0,0,0,0,0,0,0,0,0,0,0,0,0,0,0,0,0,0,0,0,0,0,0,0,0,0,0,0,0,0,0,0,0,0,0,0,0,0,0,0,0,0,0,0,0,0,0,0,0,0,0,0,0,0,0,0,0,0,0,0,0,0,0,0,0,0,0,0,0,0,0,0,0,0,0,0,0,0,0,0,0,0,0,0,0,0,0,0,0,0,0,0,0,0,0,0,0,0,0,0,0,0,0,0,0,0,0,0,0,0,0,0,0,0,0,0,0,0,0,0,0,0,0,0,0,0,0,0,0,0,0,0,0,0,0,0,0,0,0,0,0,0,0,0,0,0,0,0,0,0,0,0,0,0,0,0,0,0,0,0,0,0,0,0,0,0,0,0,0,0,0,0,0,0,0,0,0,0,0,0,0,0,0,0,0,0,0,0,0,0,0,0,0,0,0,0,0,0,0,0,0,0,0,0,0,0,0,0,0,0,0,0,0,0,0,0,0,0,0,0,0,0,0,0,0,0,0,0,0,0.39978,0.16158,0,0,0,0.42305,0.64712,1,1,1,1,1,0.5166,0.89532,1,1,1,1,1,1,1,1,1,1,1,1,1,0,0,1,1,0,0,0.18947,0.39283,1,0.30304,0.367,0.44284,0.61996,0.91221,1,1,1,0.97602,1,0,0,0,0,0,0,0,0,0,0,0,0,0,0,0,0,0,0,0,0,0,0,0,0,0,0,0,0,0,0,0,0,0,0,0,0,0,0,0,0,0,0,0,0,0,0,0,0,0,0,0,0,0,0,0,0,0,0,0,0,0,1,1,1,0.81208,1,1,1,1,1,0,0,0,0,0.13587,0.23185,0.49713,0.71957,0.24284,0.46578,0,0,0,0,0,0,0,0,0.19499,0,0,0,0,0,0,0.76274,0.20887,0.32842,0,0.17632,0,0,0,0,0,0,0,0,0,0,0,0,0,0,0,0,0,0,0,0,0,0,0,0,0,0,0,0,0,0,0,0,0,0,0,0,0,0
0,0,0,0,0,0,0,0,0,0,0,0,0,0,0,0,0,0,0,0,0,0,0,0,0,0,0,0,0,0,0,0,0,0,0,0,0,0,1,1,1,1,1,1,0.58088,0.7428,1,0.14738,0.5801,0.79771,0.14168,0.19065,0.38014,0.15695,0,0,0,0,0,0,0,0,0,0,0,0.51283,0,1,0,0,0,0,0,0,0,0,0,0,0,0,0,0,0,0,0,0,0,0,0,0,0,0,0,0,0,0,0,0,0,0,0,0,0,0,0,0,0,0,0,0,0,0,0,0,0,0,0,0,0,0,0,0,0,0,0,0,0,0,0,0,0,0,0,0,0,0,0,0,0,0,0,0,0,0,0,0,0,0,0,0,0,0,0,0,0,0,0,0,0,0,0,0,0,0,0,0,0,0,0,0,0,0,0,0,0,0,0,0,0,0,0,0,0,0,0,0,0,0,0,0,0,0,0,0,0,0,0,0,0,0,0,0,0,0,0,0,0,0,0,0,0,0,0,0,0,0,0,0,0,0,0,0,0,0,0,0,0,0,0,0,0,0,0,0,0,0,0,0,0,0,0,0,0,0,0,0,0,0,0,0,0,0,0,0,0,0,0,0,0,0,0,0,0,0,0,0,0,0,0,0,0,0,0,0,0,0,0,0,0,0,0,0,0,0,0,0,0,0,0,0,0,0,0,0,0,0,0,0,0,0,0,0,0,0,0,0,0,0,0,0,0,0,0,0,0,0,0,0,0,0,0,0,0,0.14756,0.56112,1,1,1,0,0,0.30361,0.67121,1,1,1,1,1,1,1,1,0.26144,0.96746,1,0,0,0.22251,0.71329,0,0,0,0,0.24374,0,0,0,0,0.19414,0.45959,1,0.4834,0.51142,0.88382,0,0,0,0,0,0,0,0,0,0,0,0,0,0,0,0,0,0,0,0,0,0,0,0,0,0,0,0,0,0,0,0,0,0,0,0,0,0,0,0,0,0,0,0,0,0,0,0,0,0,0,0,0,0,0,0,0,0,0,0,0,1,1,1,1,1,1,1,1,1,0,0,0,0,0.26131,0.64319,1,1,0.84776,1,0,0,0,0,0,0.14095,0.23714,0.5533,0.92856,0,0,0,0,0,0,0.75969,0.2166,0.1793,0,0,0,0,0,0,0,0,0,0,0,0.23547,0.3419,0,0,0,0,0,0,0.14546,0.86895,0,0,0,0,0,0.32415,0.22091,0,0,0.6224,0.41678,0.23943,0,0,0,0,0,0,0
0,0,0,0,0,0,0,0,0,0,0,0,0,0,0,0,0,0,0,0,0,0,0,0,0,0,0,0,0,0,0,0,0,0,0,0,0,0,0,0,0,0,0,0,0,0,0,0,0,0,0,0,0,0,0,0,0,0,0,0,0,0,0,0,0,0,0,0,0,0,0,0,0,0,0,0,0,0,0,0,0,0,0,0,0,0,0,0,0,0,0,0,0,0,0,0,0,0,0,0,0,0,0,0,0,0,0,0,0,0,0,0,0,0,0,0,0,0,0,0,0,0,0,0,0,0,0,0,0,0,0,0,0,0,0,0,0,0,0,0,0,0,0,0,0,0,0,0,0,0,0,0,0,0,0,0,0,0,0,0,0,0,0,0,0,0,0,0,0,0,0,0,0,0,0,0,0,0,0,0,0,0,0,0,0,0,0,0,0,0,0,0,0,0,0,0,0,0,0,0,0,0,0,0,0,0,0,0,0,0,0,0,0,0,0,0,0,0,0,0,0,0,0,0,0,0,0,0,0,0,0,0,0,0,0,0,0,0,0,0,0,0,0,0,0,0,0,0,0,0,0,0,0,0,0,0,0,0,0,0,0,0,0,0,0,0,0,0,0,0,0,0,0,0,0,0,0,0,0,0,0,0,0,0,0,0,0,0,0,0,0,0,0,0,0,0,0,0,0,0,0,0,0,0,0,0,0,0,0,0,0,0,1,1,1,1,1,1,0.17127,0.73481,1,1,1,1,1,1,0.5166,0,1,1,1,1,1,1,1,0.45239,0.20805,0.22257,0,0.17548,1,1,0.52506,0.36211,1,1,1,0.52237,0.92108,1,1,1,0.58242,0.94765,1,1,1,1,0.99216,1,0.70319,0.54652,1,0.40739,0,0,0,0.43957,1,1,1,0.96735,0.50349,0.76112,1,1,0.67478,0,1,1,0.41266,0,0,0,0,0,0,0,0,0,0,0,0,0,0,0,0,0,0,0,0,0,0,0,0,0,0,0,0,0,0,0,0,0,0,0,0,0,0,0,0,0,0,0,0,0,0,0,0,0,0,0,0,0,0,0,0,0,0,0,0,0,0,0,0,0,0,0,0,0,0,0,0,0,0,0,0,0,0,0.20494,0,0.17059,0,0,0,0.15201,0,0,0,0,0,0,0,0,0,0,0,0,0,0,0,0,0,0,0,0,0,0,0,0,0,0,0,0,0,0,0,0,0,0
0,0,0,0,0,0,0,0,0,0,0,0,0,0,0,0,0,0,0,0,0,0,0,0,0,0,0,0,0,0,0,0,0,0,0,0,0,0,0,0,0,0,0,0,0,0,0,0,0,0,0,0,0,0,0,0,0,0,0,0,0,0,0,0,0,0,0,0,0,0,0,0,0,0,0,0,0,0,0,0,0,0,0,0,0,0,0,0,0,0,0,0,0,0,0,0,0,0,0,0,0,0,0,0,0,0,0,0,0,0,0,0,0,0,0,0,0,0,0,0,0,0,0,0,0,0,0,0,0,0,0,0,0,0,0,0,0,0,0,0,0,0,0,0,0,0,0,0,0,0,0,0,0,0,0,0,0,0,0,0,0,0,0,0,0,0,0,0,0,0,0,0,0,0,0,0,0,0,0,0,0,0,0,0,0,0,0,0,0,0,0,0,0,0,0,0,0,0,0,0,0,0,0,0,0,0,0,0,0,0,0,0,0,0,0,0,0,0,0,0,0,0,0,0,0,0,0,0,0,0,0,0,0,0,0,0,0,0,0,0,0,0,0,0,0,0,0,0,0,0,0,0,0,0,0,0,0,0,0,0,0,0,0,0,0,0,0,0,0,0,0,0,0,0,0,0,0,0,0,0,0,0,0,0,0,0,0,0,0,0,0,0,0,0,0,0,0,0,0,0,0,0,0,0,0,0,0,0,0,0,0,0,1,1,1,1,1,1,0.21431,0.78479,1,1,1,1,1,1,0.89532,0,1,1,1,1,1,1,1,0.88717,0.54883,0.58242,0.22863,0.46144,1,1,0.96084,0.49086,1,1,1,0.71775,1,1,1,1,0.9073,1,1,1,1,1,1,1,1,0.96391,1,0.38226,0,0,0,0.36502,0.92407,1,1,0.78381,0.37137,0.54961,1,0.7005,0.4176,0,1,1,0.19199,0,0,0,0,0,0,0,0,0,0,0,0,0,0,0,0,0,0,0,0,0,0,0,0,0,0,0,0,0,0,0,0,0,0,0,0,0.13769,0,0,0,0,0,0.26127,0.23918,0.12545,0,0,0,0,0,0,0,0,0,0,0,0,0,0,0,0,0,0,0,0,0,0,0,0,0,0,0,0,0,0,0,0.22006,0,0.47629,0,0.34751,0,0.17782,0,0.22011,0,0,0,0,0,0,0,0,0,0,0,0,0,0,0,0,0,0,0,0,0,0,0,0,0,0,0,0,0,0,0,0,0,0
0,0,0,0,0,0,0,0,0,0,0,0,0,0,0,0,0,0,0,0,0,0,0,0,0,0,0,0,0,0,0,0,0,0,0,0,0,0,0,0,0,0,0,0,0,0,0,0,0,0,0,0,0,0,0,0,0,0,0,0,0,0,0,0,0,0,0,0,0,0,0,0,0,0,0,0,0,0,0,0,0,0,0,0,0,0,0,0,0,0,0,0,0,0,0,0,0,0,0,0,0,0,0,0,0,0,0,0,0,0,0,0,0,0,0,0,0,0,0,0,0,0,0,0,0,0,0,0,0,0,0,0,0,0,0,0,0,0,0,0,0,0,0,0,0,0,0,0,0,0,0,0,0,0,0,0,0,0,0,0,0,0,0,0,0,0,0,0,0,0,0,0,0,0,0,0,0,0,0,0,0,0,0,0,0,0,0,0,0,0,0,0,0,0,0,0,0,0,0,0,0,0,0,0,0,0,0,0,0,0,0,0,0,0,0,0,0,0,0,0,0,0,0,0,0,0,0,0,0,0,0,0,0,0,0,0,0,0,0,0,0,0,0,0,0,0,0,0,0,0,0,0,0,0,0,0,0,0,0,0,0,0,0,0,0,0,0,0,0,0,0,0,0,0,0,0,0,0,0,0,0,0,0,0,0,0,0,0,0,0,0,0,0,0,0,0,0,0,0,0,0,0,0,0,0,0,0,0,0,0,0,0,1,1,0.88977,1,1,1,0.17424,0.56014,1,1,1,1,1,1,1,0.30361,1,1,1,1,1,1,1,1,1,1,0.69501,0.94242,1,1,1,0.36148,0.97709,1,1,0.66468,1,1,1,1,1,1,1,1,1,1,1,1,1,1,1,0.19842,0,0,0,0.17828,0.53285,1,0.91389,0.36496,0.16499,0.20531,0.56336,0.23635,0.15273,0,1,1,0,0,0,0,0,0,0,0,0,0,0,0,0,0,0,0,0,0,0,0,0,0,0,0,0,0,0,0,0,0,0,0,0,0,0,0,0,0,0,0,0,0,0,0.67362,0.65027,0.36312,0.16762,0.21406,0.1608,0,0,0.14115,0,0,0,0,0,0,0,0,0,0,0,0,0,0,0,0,0,0,0,0,0,0,0,0,0,0.51445,0.1849,0.70041,0.13674,0.52408,0,0.21035,0,0.21166,0,0,0,0,0,0,0,0,0,0,0,0,0,0,0,0,0,0,0,0,0,0,0,0,0,0,0,0,0,0,0,0,0,0
0,0,0,0,0,0,0,0,0,0,0,0,0,0,0,0,0,0,0,0,0,0,0,0,0,0,0,0,0,0,0,0,0,0,0,0,0,0,0,0,0,0,0,0,0,0,0,0,0,0,0,0,0,0,0,0,0,0,0,0,0,0,0,0,0,0,0,0,0,0,0,0,0,0,0,0,0,0,0,0,0,0,0,0,0,0,0,0,0,0,0,0,0,0,0,0,0,0,0,0,0,0,0,0,0,0,0,0,0,0,0,0,0,0,0,0,0,0,0,0,0,0,0,0,0,0,0,0,0,0,0,0,0,0,0,0,0,0,0,0,0,0,0,0,0,0,0,0,0,0,0,0,0,0,0,0,0,0,0,0,0,0,0,0,0,0,0,0,0,0,0,0,0,0,0,0,0,0,0,0,0,0,0,0,0,0,0,0,0,0,0,0,0,0,0,0,0,0,0,0,0,0,0,0,0,0,0,0,0,0,0,0,0,0,0,0,0,0,0,0,0,0,0,0,0,0,0,0,0,0,0,0,0,0,0,0,0,0,0,0,0,0,0,0,0,0,0,0,0,0,0,0,0,0,0,0,0,0,0,0,0,0,0,0,0,0,0,0,0,0,0,0,0,0,0,0,0,0,0,0,0,0,0,0,0,0,0,0,0,0,0,0,0,0,0,0,0,0,0,0,0,0,0,0,0,0,0,0,0,0,0,0,1,1,0.50961,1,1,1,0,0.23796,1,1,1,1,1,1,1,0.67121,1,1,1,1,1,1,1,1,1,1,1,1,1,1,1,0.18729,0.64045,1,1,0.40235,0.81291,1,1,1,0.90618,1,1,1,1,1,1,1,1,1,0.68079,0,0,0,0,0,0.21131,0.63605,0.51127,0.15395,0,0,0.22078,0,0,0,1,0.87908,0,0,0,0,0,0,0,0,0,0,0,0,0,0,0,0,0,0,0,0,0,0,0,0,0,0,0,0,0,0,0,0,0,0,0,0,0,0,0,0,0,0,0,0.82032,0.82709,0.63992,0.22635,0.36594,0.24909,0.19541,0.1733,0.25307,0,0,0,0,0,0,0,0,0,0,0,0,0,0,0,0,0,0,0,0,0,0,0,0,0,0.59029,0.19128,0.63859,0.13262,0.42518,0,0.15913,0,0.13249,0,0,0,0,0,0,0,0,0,0,0,0,0,0,0,0,0,0,0,0,0,0,0,0,0,0,0,0,0,0,0,0,0,0
0,0,0,0,0,0,0,0,0,0,0,0,0,0,0,0,0,0,0,0,0,0,0,0,0,0,0,0,0,0,0,0,0,0,0,0,0,0,0.1592,0.22926,0.13143,0,0,0,0,0,0,0,0,0,0,0,0,0,0,0,0,0,0,0,0,0,0,0,0,0,0,0.17354,0,0,0,0,0,0,0,0,0,0,0,0,0,0,0,0,0,0,0,0,0,0,0,0,0,0,0,0,0,0,0,0,0,0,0,0,0,0,0,0,0,0,0,0,0,0,0,0,0,0,0,0,0,0,0,0,0,0,0,0,0,0,0,0,0,0,0,0,0,0,0,0,0,0,0,0,0,0,0,0,0,0,0,0,0,0,0,0,0,0,0,0,0,0,0,0,0,0,0,0,0,0,0,0,0,0,0,0,0,0,0,0,0,0,0,0,0,0,0,0,0,0,0,0,0,0,0,0,0,0,0,0,0,0,0,0,0,0,0,0,0,0,0,0,0,0,0,0,0,0,0,0,0,0,0,0,0,0,0,0,0,0,0,0,0,0,0,0,0,0,0,0,0,0,0,0,0,0,0,0,0,0,0,0,0,0,0,0,0,0,0,0,0,0,0,0,0,0,0,0,0,0,0,0,0,0,0,0,0,0,0,0,0,0,0,0,0,0,0,0,0,0,0,0,0,0,0,0,0,0,0,0,0,0,0,0,0,0,0,0,0,0,0,0,0.43486,0.45399,0.21819,0.65429,1,0.79028,0,0.16583,0.78425,1,1,1,1,1,1,1,1,1,1,1,1,1,1,1,1,1,1,1,1,1,1,0.16361,0.43504,1,1,0.41115,0.77884,1,1,1,1,1,1,1,1,1,1,1,1,1,0.2359,0,0,0,0,0,0,0.19491,0.13536,0,0,0,0,0,0,0,0.33615,0.23196,0,0,0,0,0,0,0,0,0,0,0,0,0,0,0,0,0,0,0,0,0,0,0,0,0,0,0,0,0,0,0,0,0,0,0,0,0,0,0,0,0,0,0,1,1,1,0.94209,1,1,0.88757,0.7996,1,0,0,0,0,0.23279,0.38213,0.57837,0.60776,0.26848,0.3274,0,0,0,0,0,0,0,0,0.14584,0,0,0,0,0,0.18427,1,0.65052,1,0.43087,0.78347,0.15795,0.24997,0,0.1634,0,0,0,0,0,0,0,0,0,0,0,0,0,0,0,0,0,0,0,0,0,0,0,0,0,0,0,0,0,0,0,0,0,0
0,0,0,0,0,0,0,0,0,0,0,0,0,0,0,0,0,0,0,0,0,0,0,0,0,0,0,0,0,0,0,0,0,0,0,0,0,0,0.13448,0.18282,0,0,0,0,0,0,0,0,0,0,0,0,0,0,0,0,0,0,0,0,0,0,0,0,0,0,0,0.13553,0,0,0,0,0,0,0,0,0,0,0,0,0,0,0,0,0,0,0,0,0,0,0,0,0,0,0,0,0,0,0,0,0,0,0,0,0,0,0,0,0,0,0,0,0,0,0,0,0,0,0,0,0,0,0,0,0,0,0,0,0,0,0,0,0,0,0,0,0,0,0,0,0,0,0,0,0,0,0,0,0,0,0,0,0,0,0,0,0,0,0,0,0,0,0,0,0,0,0,0,0,0,0,0,0,0,0,0,0,0,0,0,0,0,0,0,0,0,0,0,0,0,0,0,0,0,0,0,0,0,0,0,0,0,0,0,0,0,0,0,0,0,0,0,0,0,0,0,0,0,0,0,0,0,0,0,0,0,0,0,0,0,0,0,0,0,0,0,0,0,0,0,0,0,0,0,0,0,0,0,0,0,0,0,0,0,0,0,0,0,0,0,0,0,0,0,0,0,0,0,0,0,0,0,0,0,0,0,0,0,0,0,0,0,0,0,0,0,0,0,0,0,0,0,0,0,0,0,0,0,0,0,0,0,0,0,0,0,0,0,0,0,0,0,0.45901,0.51311,0.18048,0.5911,1,0.80376,0,0,0.69354,1,1,1,1,1,1,1,1,1,1,1,1,1,1,1,1,1,1,1,1,1,1,0,0.27738,1,1,0.23265,0.57883,0.81868,1,1,0.89231,1,1,1,1,1,1,1,1,1,0.21255,0,0,0,0,0,0,0.18208,0.13058,0,0,0,0,0,0,0,0.37604,0.24149,0,0,0,0,0,0,0,0,0,0,0,0,0,0,0,0,0,0,0,0,0,0,0,0,0,0,0,0,0,0,0,0,0,0,0,0,0,0,0,0,0,0,0,1,1,1,0.70064,0.94433,0.87236,0.71224,0.68669,0.92495,0,0,0,0,0.14348,0.20929,0.34148,0.40717,0.17873,0.20987,0,0,0,0,0,0,0,0,0,0,0,0,0,0,0,0.95283,0.36715,0.77591,0.21558,0.51084,0,0.16212,0,0,0,0,0,0,0,0,0,0,0,0,0,0,0,0,0,0,0,0,0,0,0,0,0,0,0,0,0,0,0,0,0,0,0,0
0,0,0,0,0,0,0,0,0,0,0,0,0,0,0,0,0,0,0,0,0,0,0,0,0,0,0,0,0,0,0,0,0,0,0,0,0,0,0.18804,0.22079,0,0,0,0,0,0,0,0,0,0,0,0,0,0,0,0,0,0,0,0,0,0,0,0,0,0,0,0.18017,0,0,0,0,0,0,0,0,0,0,0,0,0,0,0,0,0,0,0,0,0,0,0,0,0,0,0,0,0,0,0,0,0,0,0,0,0,0,0,0,0,0,0,0,0,0,0,0,0,0,0,0,0,0,0,0,0,0,0,0,0,0,0,0,0,0,0,0,0,0,0,0,0,0,0,0,0,0,0,0,0,0,0,0,0,0,0,0,0,0,0,0,0,0,0,0,0,0,0,0,0,0,0,0,0,0,0,0,0,0,0,0,0,0,0,0,0,0,0,0,0,0,0,0,0,0,0,0,0,0,0,0,0,0,0,0,0,0,0,0,0,0,0,0,0,0,0,0,0,0,0,0,0,0,0,0,0,0,0,0,0,0,0,0,0,0,0,0,0,0,0,0,0,0,0,0,0,0,0,0,0,0,0,0,0,0,0,0,0,0,0,0,0,0,0,0,0,0,0,0,0,0,0,0,0,0,0,0,0,0,0,0,0,0,0,0,0,0,0,0,0,0,0,0,0,0,0,0,0,0,0,0,0,0,0,0,0,0,0,0,0,0,0,0,0.25461,0.32318,0,0.36375,1,0.59462,0,0,0.46305,1,1,1,1,1,1,1,1,1,1,1,1,1,1,1,1,1,1,1,1,1,1,0,0.18284,1,1,0.16138,0.36008,0.59512,0.97239,1,0.70518,0.82974,0.94851,1,1,1,1,1,1,1,0.13655,0,0,0,0,0,0,0,0,0,0,0,0,0,0,0,0.22602,0.17411,0,0,0,0,0,0,0,0,0,0,0,0,0,0,0,0,0,0,0,0,0,0,0,0,0,0,0,0,0,0,0,0,0,0,0,0,0,0,0,0,0,0,0,1,1,1,0.70221,0.98046,0.94834,0.79047,0.81737,1,0,0,0,0,0.12948,0.20405,0.35184,0.4618,0.18481,0.22961,0,0,0,0,0,0,0,0,0,0,0,0,0,0,0,0.87357,0.26873,0.62478,0.17834,0.34917,0,0,0,0,0,0,0,0,0,0,0,0,0,0,0,0,0,0,0,0,0,0,0,0,0,0,0,0,0,0,0,0,0,0,0,0,0,0
0,0,0,0,0,0,0,0,0,0,0,0,0,0,0,0,0,0,0,0,0,0,0,0,0,0,0,0,0,0,0,0,0,0,0,0,0,0,0.63918,0.96462,0.67743,0.22984,0.15095,0.34313,0,0,0.29112,0,0,0,0,0,0,0,0,0,0,0,0,0,0,0,0,0,0,0,0,0.75869,0,0,0,0,0,0,0,0,0,0,0,0,0,0,0,0,0,0,0,0,0,0,0,0,0,0,0,0,0,0,0,0,0,0,0,0,0,0,0,0,0,0,0,0,0,0,0,0,0,0,0,0,0,0,0,0,0,0,0,0,0,0,0,0,0,0,0,0,0,0,0,0,0,0,0,0,0,0,0,0,0,0,0,0,0,0,0,0,0,0,0,0,0,0,0,0,0,0,0,0,0,0,0,0,0,0,0,0,0,0,0,0,0,0,0,0,0,0,0,0,0,0,0,0,0,0,0,0,0,0,0,0,0,0,0,0,0,0,0,0,0,0,0,0,0,0,0,0,0,0,0,0,0,0,0,0,0,0,0,0,0,0,0,0,0,0,0,0,0,0,0,0,0,0,0,0,0,0,0,0,0,0,0,0,0,0,0,0,0,0,0,0,0,0,0,0,0,0,0,0,0,0,0,0,0,0,0,0,0,0,0,0,0,0,0,0,0,0,0,0,0,0,0,0,0,0,0,0,0,0,0,0,0,0,0,0,0,0,0,0,0,0,0,0,0,0,0,0.20147,0.52234,0.20033,0,0,0.28959,0.64485,0.45311,0.74718,1,1,1,1,0.45239,0.88717,1,1,1,1,1,1,1,1,1,1,1,1,1,0,0.21301,1,1,0.32565,0.61608,0.76031,0.87104,1,1,1,1,1,1,1,1,1,1,1,0,0,0,0,0,0,0,0,0,0,0,0,0,0,0,0,0,0,0,0,0,0,0,0,0,0,0,0,0,0,0,0,0,0,0,0,0,0,0,0,0,0,0,0,0,0,0,0,0,0,0,0,0,0,0,0,0,0,0,0,0.16101,1,1,1,1,1,1,1,1,1,0,0,0.36771,0.50438,0.93778,1,1,1,1,1,0,0,0,0.15559,0.2231,0.41088,0.5481,0.68691,0.77254,0,0,0,0,0,0.70919,1,1,1,0.95577,1,0.42055,0.46522,0.20856,0.17447,0,0,0,0,0,0.18819,0.31992,0,0,0,0,0,0,0,0.3255,0,0,0,0,0,0,0,0,0,0.15992,0,0,0,0,0,0,0,0,0
0,0,0,0,0,0,0,0,0,0,0,0,0,0,0,0,0,0,0,0,0,0,0,0,0,0,0,0,0,0,0,0,0,0,0,0,0,0,1,1,0.97574,0.66162,0.40153,0.65174,0.19676,0.22061,0.63922,0,0,0.16318,0,0,0,0,0,0,0,0,0,0,0,0,0,0,0,0,0,1,0,0,0,0,0,0,0,0,0,0,0,0,0,0,0,0,0,0,0,0,0,0,0,0,0,0,0,0,0,0,0,0,0,0,0,0,0,0,0,0,0,0,0,0,0,0,0,0,0,0,0,0,0,0,0,0,0,0,0,0,0,0,0,0,0,0,0,0,0,0,0,0,0,0,0,0,0,0,0,0,0,0,0,0,0,0,0,0,0,0,0,0,0,0,0,0,0,0,0,0,0,0,0,0,0,0,0,0,0,0,0,0,0,0,0,0,0,0,0,0,0,0,0,0,0,0,0,0,0,0,0,0,0,0,0,0,0,0,0,0,0,0,0,0,0,0,0,0,0,0,0,0,0,0,0,0,0,0,0,0,0,0,0,0,0,0,0,0,0,0,0,0,0,0,0,0,0,0,0,0,0,0,0,0,0,0,0,0,0,0,0,0,0,0,0,0,0,0,0,0,0,0,0,0,0,0,0,0,0,0,0,0,0,0,0,0,0,0,0,0,0,0,0,0,0,0,0,0,0,0,0,0,0,0,0,0,0,0,0,0,0,0,0,0,0,0,0,0,0.21143,0,0,0,0,0.2432,0.22396,0.53909,1,1,1,1,0.20805,0.54883,1,1,1,1,1,1,1,1,1,1,1,1,1,0,0,1,1,0,0.20014,0.24999,0.39545,1,0.7186,0.67114,0.65238,0.73335,0.98584,1,1,1,1,1,0,0,0,0,0,0,0,0,0,0,0,0,0,0,0,0,0,0,0,0,0,0,0,0,0,0,0,0,0,0,0,0,0,0,0,0,0,0,0,0,0,0,0,0,0,0,0,0,0,0,0,0,0,0,0,0,0,0,0,0,0,1,1,1,1,1,1,1,1,1,0,0,0.193,0.27542,0.74612,1,1,1,1,1,0,0,0,0,0.16045,0.28264,0.48365,0.70606,0.90325,0,0,0,0,0,0.43406,1,0.8637,0.89489,0.57996,0.57928,0.17239,0.16133,0,0,0,0,0,0,0,0.22233,0.38558,0,0,0,0,0,0,0,0.57402,0,0,0,0,0,0.18919,0,0,0,0.25216,0.16701,0,0,0,0,0,0,0,0
0,0,0,0,0,0,0,0,0,0,0,0,0,0,0,0,0,0,0,0,0,0,0,0,0,0,0,0,0,0,0,0,0,0,0,0,0,0,1,1,0.85953,0.68498,0.40018,0.54471,0.16545,0.19789,0.55575,0,0,0.16776,0,0,0,0,0,0,0,0,0,0,0,0,0,0,0,0,0,1,0,0,0,0,0,0,0,0,0,0,0,0,0,0,0,0,0,0,0,0,0,0,0,0,0,0,0,0,0,0,0,0,0,0,0,0,0,0,0,0,0,0,0,0,0,0,0,0,0,0,0,0,0,0,0,0,0,0,0,0,0,0,0,0,0,0,0,0,0,0,0,0,0,0,0,0,0,0,0,0,0,0,0,0,0,0,0,0,0,0,0,0,0,0,0,0,0,0,0,0,0,0,0,0,0,0,0,0,0,0,0,0,0,0,0,0,0,0,0,0,0,0,0,0,0,0,0,0,0,0,0,0,0,0,0,0,0,0,0,0,0,0,0,0,0,0,0,0,0,0,0,0,0,0,0,0,0,0,0,0,0,0,0,0,0,0,0,0,0,0,0,0,0,0,0,0,0,0,0,0,0,0,0,0,0,0,0,0,0,0,0,0,0,0,0,0,0,0,0,0,0,0,0,0,0,0,0,0,0,0,0,0,0,0,0,0,0,0,0,0,0,0,0,0,0,0,0,0,0,0,0,0,0,0,0,0,0,0,0,0,0,0,0,0,0,0,0,0,0.21351,0,0,0,0,0.23864,0.24697,0.6406,1,1,1,1,0.22257,0.58242,1,1,1,1,1,1,1,1,1,1,1,1,1,0,0,0.99125,1,0,0.15555,0.2112,0.32838,1,0.54616,0.52629,0.53197,0.63947,0.90595,1,1,1,1,1,0,0,0,0,0,0,0,0,0,0,0,0,0,0,0,0,0,0,0,0,0,0,0,0,0,0,0,0,0,0,0,0,0,0,0,0,0,0,0,0,0,0,0,0,0,0,0,0,0,0,0,0,0,0,0,0,0,0,0,0,0,1,1,1,1,1,1,1,1,1,0,0,0,0.17671,0.50207,0.81144,1,1,0.86467,1,0,0,0,0,0,0.18159,0.25418,0.49187,0.71795,0,0,0,0,0,0.22952,1,0.62467,0.68822,0.34328,0.37465,0,0,0,0,0,0,0,0,0,0.1593,0.22824,0,0,0,0,0,0,0,0.43735,0,0,0,0,0,0.13948,0,0,0,0.20984,0.12913,0,0,0,0,0,0,0,0
0,0,0,0,0,0,0,0,0,0,0,0,0,0,0,0,0,0,0,0,0,0,0,0,0,0,0,0,0,0,0,0,0,0,0,0,0,0,1,1,1,1,0.79796,0.86974,0.33852,0.4578,0.90465,0,0.23727,0.40449,0,0,0.15726,0,0,0,0,0,0,0,0,0,0,0,0,0.19602,0,1,0,0,0,0,0,0,0,0,0,0,0,0,0,0,0,0,0,0,0,0,0,0,0,0,0,0,0,0,0,0,0,0,0,0,0,0,0,0,0,0,0,0,0,0,0,0,0,0,0,0,0,0,0,0,0,0,0,0,0,0,0,0,0,0,0,0,0,0,0,0,0,0,0,0,0,0,0,0,0,0,0,0,0,0,0,0,0,0,0,0,0,0,0,0,0,0,0,0,0,0,0,0,0,0,0,0,0,0,0,0,0,0,0,0,0,0,0,0,0,0,0,0,0,0,0,0,0,0,0,0,0,0,0,0,0,0,0,0,0,0,0,0,0,0,0,0,0,0,0,0,0,0,0,0,0,0,0,0,0,0,0,0,0,0,0,0,0,0,0,0,0,0,0,0,0,0,0,0,0,0,0,0,0,0,0,0,0,0,0,0,0,0,0,0,0,0,0,0,0,0,0,0,0,0,0,0,0,0,0,0,0,0,0,0,0,0,0,0,0,0,0,0,0,0,0,0,0,0,0,0,0,0,0,0,0,0,0,0,0,0,0,0,0,0,0,0,0,0,0,0,0,0,0,0,0,0.27726,0.87501,1,1,1,0,0.22863,0.69501,1,1,1,1,1,1,1,1,1,0.66745,1,1,0,0,0.58928,1,0,0,0,0.1449,0.66331,0.24374,0.22682,0.22196,0.25727,0.51759,0.89595,1,0.91667,0.93271,1,0,0,0,0,0,0,0,0,0,0,0,0,0,0,0,0,0,0,0,0,0,0,0,0,0,0,0,0,0,0,0,0,0,0,0,0,0,0,0,0,0,0,0,0,0,0,0,0,0,0,0,0,0,0,0,0,0,0,0,0,0,1,1,1,1,1,1,1,1,1,0,0,0,0.16342,0.47963,0.8306,1,1,0.96099,1,0,0,0,0,0,0.19327,0.33047,0.62086,0.91793,0,0,0,0,0,0.20338,1,0.47306,0.42975,0.22684,0.20429,0,0,0,0,0,0,0,0,0,0.22602,0.3548,0,0,0,0,0,0,0,0.72591,0,0,0,0,0,0.23094,0.1692,0,0,0.43919,0.23643,0.16669,0,0,0,0,0,0,0
0,0,0,0,0,0,0,0,0,0,0,0,0,0,0,0,0,0,0,0,0,0,0,0,0,0,0,0,0,0,0,0,0,0,0,0,0,0,1,1,1,0.53022,0.31846,0.76528,0.22918,0.23572,0.7054,0,0,0.12877,0,0,0,0,0,0,0,0,0,0,0,0,0,0,0,0,0,1,0,0,0,0,0,0,0,0,0,0,0,0,0,0,0,0,0,0,0,0,0,0,0,0,0,0,0,0,0,0,0,0,0,0,0,0,0,0,0,0,0,0,0,0,0,0,0,0,0,0,0,0,0,0,0,0,0,0,0,0,0,0,0,0,0,0,0,0,0,0,0,0,0,0,0,0,0,0,0,0,0,0,0,0,0,0,0,0,0,0,0,0,0,0,0,0,0,0,0,0,0,0,0,0,0,0,0,0,0,0,0,0,0,0,0,0,0,0,0,0,0,0,0,0,0,0,0,0,0,0,0,0,0,0,0,0,0,0,0,0,0,0,0,0,0,0,0,0,0,0,0,0,0,0,0,0,0,0,0,0,0,0,0,0,0,0,0,0,0,0,0,0,0,0,0,0,0,0,0,0,0,0,0,0,0,0,0,0,0,0,0,0,0,0,0,0,0,0,0,0,0,0,0,0,0,0,0,0,0,0,0,0,0,0,0,0,0,0,0,0,0,0,0,0,0,0,0,0,0,0,0,0,0,0,0,0,0,0,0,0,0,0,0,0,0,0,0,0,0.20124,0,0,0,0.13763,0.24467,0.17613,0.33381,0.82771,1,1,1,0.17548,0.46144,0.94242,1,1,1,1,1,1,1,1,1,0.99125,1,1,0,0,1,1,0.19446,0.337,0.45007,0.49718,1,1,0.92171,0.85369,0.88011,1,1,1,1,1,1,0,0,0,0,0,0,0,0,0,0,0,0,0,0,0,0,0,0,0,0,0,0,0,0,0,0,0,0,0,0,0,0,0,0,0,0,0,0,0,0,0,0,0,0,0,0,0,0,0,0,0,0,0,0,0,0,0,0,0,0,0.1357,1,1,1,1,1,1,1,1,1,0,0.15864,0.53131,0.72321,1,1,1,1,1,1,0,0,0.13719,0.22867,0.42081,0.70583,0.88258,1,1,0,0,0,0,0,0.88618,1,1,1,1,0.95486,0.4493,0.35745,0.21661,0,0,0,0.15024,0,0,0.46775,0.71224,0,0,0,0,0,0,0.18097,0.75162,0,0,0,0,0,0.27991,0.18563,0,0,0.40555,0.21316,0.13952,0,0,0,0,0,0,0
0,0,0,0,0,0,0,0,0,0,0,0,0,0,0,0,0,0,0,0,0,0,0,0,0,0,0,0,0,0,0,0,0,0,0,0,0,0,0,0,0,0,0,0,0,0,0,0,0,0,0,0,0,0,0,0,0,0,0,0,0,0,0,0,0,0,0,0,0,0,0,0,0,0,0,0,0,0,0,0,0,0,0,0,0,0,0,0,0,0,0,0,0,0,0,0,0,0,0,0,0,0,0,0,0,0,0,0,0,0,0,0,0,0,0,0,0,0,0,0,0,0,0,0,0,0,0,0,0,0,0,0,0,0,0,0,0,0,0,0,0,0,0,0,0,0,0,0,0,0,0,0,0,0,0,0,0,0,0,0,0,0,0,0,0,0,0,0,0,0,0,0,0,0,0,0,0,0,0,0,0,0,0,0,0,0,0,0,0,0,0,0,0,0,0,0,0,0,0,0,0,0,0,0,0,0,0,0,0,0,0,0,0,0,0,0,0,0,0,0,0,0,0,0,0,0,0,0,0,0,0,0,0,0,0,0,0,0,0,0,0,0,0,0,0,0,0,0,0,0,0,0,0,0,0,0,0,0,0,0,0,0,0,0,0,0,0,0,0,0,0,0,0,0,0,0,0,0,0,0,0,0,0,0,0,0,0,0,0,0,0,0,0,0,0,0,0,0,0,0,0,0,0,0,0,0,0,0,0,0,0,0,1,1,1,1,1,1,0.24935,0.76733,1,1,1,1,1,1,1,0.26144,1,1,1,1,1,1,1,1,1,1,0.66745,0.99125,1,1,1,0.58527,1,1,1,0.89424,1,1,1,1,1,1,1,1,1,1,1,1,1,1,1,0.28826,0,0,0,0.23795,0.68276,1,0.9994,0.50046,0.21833,0.24772,0.64331,0.28033,0.18879,0,1,1,0,0,0,0,0,0,0,0,0,0,0,0,0,0,0,0,0,0,0,0,0,0,0,0,0,0,0,0,0,0,0,0,0,0,0,0,0,0.1862,0,0,0,0,0,0.79162,0.75219,0.40369,0.20328,0.24008,0.17803,0,0,0.14113,0,0,0,0,0,0,0,0,0,0,0,0,0,0,0,0,0,0,0,0,0,0,0,0,0,0.66781,0.24451,0.90319,0.2002,0.73733,0,0.35573,0,0.36561,0,0,0,0,0,0,0,0,0,0,0,0,0,0,0,0,0,0,0,0,0,0,0,0,0,0,0,0,0,0,0,0,0,0
0,0,0,0,0,0,0,0,0,0,0,0,0,0,0,0,0,0,0,0,0,0,0,0,0,0,0,0,0,0,0,0,0,0,0,0,0,0,0,0.15461,0,0,0,0,0,0,0,0,0,0,0,0,0,0,0,0,0,0,0,0,0,0,0,0,0,0,0,0,0,0,0,0,0,0,0,0,0,0,0,0,0,0,0,0,0,0,0,0,0,0,0,0,0,0,0,0,0,0,0,0,0,0,0,0,0,0,0,0,0,0,0,0,0,0,0,0,0,0,0,0,0,0,0,0,0,0,0,0,0,0,0,0,0,0,0,0,0,0,0,0,0,0,0,0,0,0,0,0,0,0,0,0,0,0,0,0,0,0,0,0,0,0,0,0,0,0,0,0,0,0,0,0,0,0,0,0,0,0,0,0,0,0,0,0,0,0,0,0,0,0,0,0,0,0,0,0,0,0,0,0,0,0,0,0,0,0,0,0,0,0,0,0,0,0,0,0,0,0,0,0,0,0,0,0,0,0,0,0,0,0,0,0,0,0,0,0,0,0,0,0,0,0,0,0,0,0,0,0,0,0,0,0,0,0,0,0,0,0,0,0,0,0,0,0,0,0,0,0,0,0,0,0,0,0,0,0,0,0,0,0,0,0,0,0,0,0,0,0,0,0,0,0,0,0,0,0,0,0,0,0,0,0,0,0,0,0,0,0,0,0,0,0,0.73915,0.70696,0.60817,1,1,1,0.22492,0.47422,1,1,1,1,1,1,1,0.96746,1,1,1,1,1,1,1,1,1,1,1,1,1,1,1,0.47164,0.91121,1,1,0.88758,1,1,1,1,1,1,1,1,1,1,1,1,1,1,0.62567,0.14052,0,0,0,0,0.20507,0.47147,0.26686,0.13113,0,0,0.13587,0,0,0,0.61982,0.49773,0,0,0,0,0,0,0,0,0,0,0,0,0,0,0,0,0,0,0,0,0,0,0,0,0,0,0,0,0,0,0,0,0,0,0,0,0,0.18751,0,0,0,0,0.2145,1,1,1,0.93809,1,0.87518,0.71657,0.52366,0.71453,0,0,0.15366,0.1584,0.31815,0.43731,0.56831,0.49829,0.25007,0.23895,0,0,0,0,0,0,0,0,0,0,0,0,0,0,0.2507,1,0.89122,1,0.70646,1,0.30231,0.66551,0.18025,0.45311,0,0,0,0,0,0,0,0,0,0,0,0,0,0,0,0,0,0,0,0,0,0,0,0,0,0,0,0,0,0,0,0,0,0
0,0,0,0,0,0,0,0,0,0,0,0,0,0,0,0,0,0,0,0,0,0,0,0,0,0,0,0,0,0,0,0,0,0,0,0,0,0,0.38694,0.80217,0.5278,0.13386,0,0.23051,0,0,0.20317,0,0,0,0,0,0,0,0,0,0,0,0,0,0,0,0,0,0,0,0,0.5596,0,0,0,0,0,0,0,0,0,0,0,0,0,0,0,0,0,0,0,0,0,0,0,0,0,0,0,0,0,0,0,0,0,0,0,0,0,0,0,0,0,0,0,0,0,0,0,0,0,0,0,0,0,0,0,0,0,0,0,0,0,0,0,0,0,0,0,0,0,0,0,0,0,0,0,0,0,0,0,0,0,0,0,0,0,0,0,0,0,0,0,0,0,0,0,0,0,0,0,0,0,0,0,0,0,0,0,0,0,0,0,0,0,0,0,0,0,0,0,0,0,0,0,0,0,0,0,0,0,0,0,0,0,0,0,0,0,0,0,0,0,0,0,0,0,0,0,0,0,0,0,0,0,0,0,0,0,0,0,0,0,0,0,0,0,0,0,0,0,0,0,0,0,0,0,0,0,0,0,0,0,0,0,0,0,0,0,0,0,0,0,0,0,0,0,0,0,0,0,0,0,0,0,0,0,0,0,0,0,0,0,0,0,0,0,0,0,0,0,0,0,0,0,0,0,0,0,0,0,0,0,0,0,0,0,0,0,0,0,0,0,0,0,0,0.12746,0,0.17333,0.32592,0.65705,0.24874,0.1577,0.17995,0.53187,0.80955,0.48097,0.70527,1,1,1,1,0.52506,0.96084,1,1,1,1,1,1,1,1,1,1,1,1,1,0.23493,0.4509,1,1,0.68125,0.95423,1,1,1,1,1,1,1,1,1,1,1,1,1,0.14237,0,0,0,0,0,0,0,0,0,0,0,0,0,0,0,0,0,0,0,0.1329,0,0,0,0,0,0,0,0,0,0,0,0,0,0,0,0,0,0,0,0,0,0,0,0,0,0,0,0,0,0,0,0,0,0,0.14972,0,0,0,0,0.35742,1,1,1,1,1,1,1,1,1,0.16463,0.21988,0.64698,0.74161,1,1,1,1,1,1,0,0,0.16091,0.23662,0.38301,0.57888,0.66752,0.7422,0.74413,0,0,0,0,0,0.97498,1,1,1,1,1,0.76819,0.84189,0.47641,0.39502,0,0,0,0,0,0.19064,0.34956,0,0,0,0,0,0,0,0.23995,0,0,0,0,0,0,0,0,0,0,0,0,0,0,0,0,0,0,0
0,0,0,0,0,0,0,0,0,0,0,0,0,0,0,0,0,0,0,0,0,0,0,0,0,0,0,0,0,0,0,0,0,0,0,0,0,0,0,0,0,0,0,0,0,0,0,0,0,0,0,0,0,0,0,0,0,0,0,0,0,0,0,0,0,0,0,0,0,0,0,0,0,0,0,0,0,0,0,0,0,0,0,0,0,0,0,0,0,0,0,0,0,0,0,0,0,0,0,0,0,0,0,0,0,0,0,0,0,0,0,0,0,0,0,0,0,0,0,0,0,0,0,0,0,0,0,0,0,0,0,0,0,0,0,0,0,0,0,0,0,0,0,0,0,0,0,0,0,0,0,0,0,0,0,0,0,0,0,0,0,0,0,0,0,0,0,0,0,0,0,0,0,0,0,0,0,0,0,0,0,0,0,0,0,0,0,0,0,0,0,0,0,0,0,0,0,0,0,0,0,0,0,0,0,0,0,0,0,0,0,0,0,0,0,0,0,0,0,0,0,0,0,0,0,0,0,0,0,0,0,0,0,0,0,0,0,0,0,0,0,0,0,0,0,0,0,0,0,0,0,0,0,0,0,0,0,0,0,0,0,0,0,0,0,0,0,0,0,0,0,0,0,0,0,0,0,0,0,0,0,0,0,0,0,0,0,0,0,0,0,0,0,0,0,0,0,0,0,0,0,0,0,0,0,0,0,0,0,0,0,0,0.65885,0.33426,1,1,0.83585,0.80721,1,1,1,1,0.1825,0,0,0,0,0,0.36211,0.49086,0.36148,0.18729,0.16361,0,0,0,0,0,0,0,0.58527,0.47164,0.23493,1,1,0.90976,0.75942,1,1,1,1,1,1,1,1,1,1,1,0.58428,1,1,0.74757,1,1,1,1,1,1,1,1,0.90311,1,1,1,0.71724,0.44394,0.7706,1,0.48178,0.54985,0.16768,1,1,1,1,0.87876,0.99403,0.37181,0.71434,0.63835,0.63709,0,0.17949,0.22274,0,0.26309,0.21939,0,0,0,0,0.1314,0,0,0,0,0,0,0,1,1,0.79217,0,0.60072,0.56227,0,1,1,1,1,0,0.20274,1,0.19503,0.13387,0,0,0,0,0,0,0,0.25882,0.22229,0.19086,0,0,0,0,0,0,0,0,0,0,0,0,0,0,0,0,0,0,0,0,0,0.19355,0.43423,0.59873,1,0.74416,1,0.96747,1,0.96486,1,0,0,0,0,0,0,0,0,0,0,0,0,0,0,0,0,0,0,0,0,0,0,0,0,0,0,0,0,0,0,0,0,0,0
0,0,0,0,0,0,0,0,0,0,0,0,0,0,0,0,0,0,0,0,0,0,0,0,0,0,0,0,0,0,0,0,0,0,0,0,0,0,0,0,0,0,0,0,0,0,0,0,0,0,0,0,0,0,0,0,0,0,0,0,0,0,0,0,0,0,0,0,0,0,0,0,0,0,0,0,0,0,0,0,0,0,0,0,0,0,0,0,0,0,0,0,0,0,0,0,0,0,0,0,0,0,0,0,0,0,0,0,0,0,0,0,0,0,0,0,0,0,0,0,0,0,0,0,0,0,0,0,0,0,0,0,0,0,0,0,0,0,0,0,0,0,0,0,0,0,0,0,0,0,0,0,0,0,0,0,0,0,0,0,0,0,0,0,0,0,0,0,0,0,0,0,0,0,0,0,0,0,0,0,0,0,0,0,0,0,0,0,0,0,0,0,0,0,0,0,0,0,0,0,0,0,0,0,0,0,0,0,0,0,0,0,0,0,0,0,0,0,0,0,0,0,0,0,0,0,0,0,0,0,0,0,0,0,0,0,0,0,0,0,0,0,0,0,0,0,0,0,0,0,0,0,0,0,0,0,0,0,0,0,0,0,0,0,0,0,0,0,0,0,0,0,0,0,0,0,0,0,0,0,0,0,0,0,0,0,0,0,0,0,0,0,0,0,0,0,0,0,0,0,0,0,0,0,0,0,0,0,0,0,0,0,1,1,1,1,1,1,1,1,1,1,0.75132,0.39833,0.21245,0.13923,0,0,1,1,0.97709,0.64045,0.43504,0.27738,0.18284,0.21301,0,0,0,0,1,0.91121,0.4509,1,1,1,1,1,1,1,1,1,1,1,1,1,1,1,0.90164,1,1,0.9121,1,1,1,1,1,1,1,1,1,1,1,1,1,0.97647,1,1,1,1,0.45724,0.84648,1,0.51197,0.73771,0.22214,0.34897,0,0.18448,0.17299,0.1875,0,0,0,0,0,0,0,0,0,0,0,0,0,0,0,0,0,0,1,0.50364,0.1934,0,0.1267,0,0,1,1,1,0.8299,0,0,1,0.21989,0.16671,0,0,0,0,0,0,0,0,0,0,0,0,0,0,0,0,0,0,0,0,0,0,0,0,0,0,0,0,0,0,0,0,0.40878,0.41089,1,0.48524,1,0.56496,1,0.49402,1,0,0,0,0,0,0,0,0,0,0,0,0,0,0,0,0,0,0,0,0,0,0,0,0,0,0,0,0,0,0,0,0,0,0
0,0,0,0,0,0,0,0,0,0,0,0,0,0,0,0,0,0,0,0,0,0,0,0,0,0,0,0,0,0,0,0,0,0,0,0,0,0,0,0,0,0,0,0,0,0,0,0,0,0,0,0,0,0,0,0,0,0,0,0,0,0,0,0,0,0,0,0,0,0,0,0,0,0,0,0,0,0,0,0,0,0,0,0,0,0,0,0,0,0,0,0,0,0,0,0,0,0,0,0,0,0,0,0,0,0,0,0,0,0,0,0,0,0,0,0,0,0,0,0,0,0,0,0,0,0,0,0,0,0,0,0,0,0,0,0,0,0,0,0,0,0,0,0,0,0,0,0,0,0,0,0,0,0,0,0,0,0,0,0,0,0,0,0,0,0,0,0,0,0,0,0,0,0,0,0,0,0,0,0,0,0,0,0,0,0,0,0,0,0,0,0,0,0,0,0,0,0,0,0,0,0,0,0,0,0,0,0,0,0,0,0,0,0,0,0,0,0,0,0,0,0,0,0,0,0,0,0,0,0,0,0,0,0,0,0,0,0,0,0,0,0,0,0,0,0,0,0,0,0,0,0,0,0,0,0,0,0,0,0,0,0,0,0,0,0,0,0,0,0,0,0,0,0,0,0,0,0,0,0,0,0,0,0,0,0,0,0,0,0,0,0,0,0,0,0,0,0,0,0,0,0,0,0,0,0,0,0,0,0,0,0,1,1,1,1,1,1,0.57548,1,1,1,1,1,1,1,1,0.22251,1,1,1,1,1,1,1,1,1,0.99125,0.58928,1,1,1,1,0.90976,1,1,1,1,1,1,1,1,1,1,1,1,1,1,1,1,1,1,1,0.56047,0.20554,0.13205,0.17294,0.46285,0.88004,1,1,0.67583,0.37296,0.40747,0.72883,0.35674,0.23397,0,1,1,0,0,0.13308,0,0,0,0,0,0,0,0,0,0,0,0,0,0,0,0,0,0,0,0,0,0,0,0,0,0,0.15577,0,0,0,0,0,0,0,0.39161,0.16265,0,0,0,0.22399,0.9307,0.86592,0.42737,0.24615,0.30277,0.19274,0.1407,0,0.13076,0,0,0,0,0,0,0,0,0,0,0,0,0,0,0,0,0,0,0,0,0,0,0,0,0,0.86681,0.47863,1,0.36599,1,0.1975,0.68063,0.12532,0.70183,0,0,0,0,0,0,0,0,0,0,0,0,0,0,0,0,0,0,0,0,0,0,0,0,0,0,0,0,0,0,0,0,0,0
0,0,0,0,0,0,0,0,0,0,0,0,0,0,0,0,0,0,0,0,0,0,0,0,0,0,0,0,0,0,0,0,0,0,0,0,0,0,0,0,0,0,0,0,0,0,0,0,0,0,0,0,0,0,0,0,0,0,0,0,0,0,0,0,0,0,0,0,0,0,0,0,0,0,0,0,0,0,0,0,0,0,0,0,0,0,0,0,0,0,0,0,0,0,0,0,0,0,0,0,0,0,0,0,0,0,0,0,0,0,0,0,0,0,0,0,0,0,0,0,0,0,0,0,0,0,0,0,0,0,0,0,0,0,0,0,0,0,0,0,0,0,0,0,0,0,0,0,0,0,0,0,0,0,0,0,0,0,0,0,0,0,0,0,0,0,0,0,0,0,0,0,0,0,0,0,0,0,0,0,0,0,0,0,0,0,0,0,0,0,0,0,0,0,0,0,0,0,0,0,0,0,0,0,0,0,0,0,0,0,0,0,0,0,0,0,0,0,0,0,0,0,0,0,0,0,0,0,0,0,0,0,0,0,0,0,0,0,0,0,0,0,0,0,0,0,0,0,0,0,0,0,0,0,0,0,0,0,0,0,0,0,0,0,0,0,0,0,0,0,0,0,0,0,0,0,0,0,0,0,0,0,0,0,0,0,0,0,0,0,0,0,0,0,0,0,0,0,0,0,0,0,0,0,0,0,0,0,0,0,0,0,0.89839,0.83085,0.87734,1,1,1,0.46032,0.76024,1,1,1,1,1,1,1,0.71329,1,1,1,1,1,1,1,1,1,1,1,1,1,1,1,0.75942,1,1,1,1,1,1,1,1,1,1,1,1,1,1,1,1,1,1,0.86835,0.23475,0.13807,0,0,0.18411,0.36945,0.69209,0.47017,0.21336,0.13473,0,0.20405,0,0,0,0.766,0.65787,0,0,0.17343,0,0,0,0,0,0,0,0,0,0,0,0,0,0,0,0,0,0,0,0,0,0,0,0,0,0,0.15427,0,0,0,0,0,0,0,0.34224,0.12971,0,0,0,0.37609,1,1,1,0.88224,0.95656,0.72732,0.57225,0.32808,0.50297,0,0,0.18734,0.17993,0.3477,0.42515,0.51532,0.38991,0.23215,0.20372,0,0,0,0,0,0,0,0,0,0,0,0,0,0,0.33162,1,0.99247,1,0.83499,1,0.4728,0.89899,0.24107,0.72536,0,0,0,0,0,0,0,0,0,0,0,0,0,0,0,0,0,0,0,0,0,0,0,0,0,0,0,0,0,0,0,0,0,0
0,0,0,0,0,0,0,0,0,0,0,0,0,0,0,0,0,0,0,0,0,0,0,0,0,0,0,0,0,0,0,0,0,0,0,0,0,0,0,0,0,0,0,0,0,0,0,0,0,0,0,0,0,0,0,0,0,0,0,0,0,0,0,0,0,0,0,0,0,0,0,0,0,0,0,0,0,0,0,0,0,0,0,0,0,0,0,0,0,0,0,0,0,0,0,0,0,0,0,0,0,0,0,0,0,0,0,0,0,0,0,0,0,0,0,0,0,0,0,0,0,0,0,0,0,0,0,0,0,0,0,0,0,0,0,0,0,0,0,0,0,0,0,0,0,0,0,0,0,0,0,0,0,0,0,0,0,0,0,0,0,0,0,0,0,0,0,0,0,0,0,0,0,0,0,0,0,0,0,0,0,0,0,0,0,0,0,0,0,0,0,0,0,0,0,0,0,0,0,0,0,0,0,0,0,0,0,0,0,0,0,0,0,0,0,0,0,0,0,0,0,0,0,0,0,0,0,0,0,0,0,0,0,0,0,0,0,0,0,0,0,0,0,0,0,0,0,0,0,0,0,0,0,0,0,0,0,0,0,0,0,0,0,0,0,0,0,0,0,0,0,0,0,0,0,0,0,0,0,0,0,0,0,0,0,0,0,0,0,0,0,0,0,0,0,0,0,0,0,0,0,0,0,0,0,0,0,0,0,0,0,0,0.65991,0.36293,1,1,0.98287,0.86999,1,1,1,1,0.2428,0.15652,0,0,0,0,0.52237,0.71775,0.66468,0.40235,0.41115,0.23265,0.16138,0.32565,0,0,0,0.19446,0.89424,0.88758,0.68125,1,1,1,1,1,1,1,1,1,1,1,1,1,1,1,1,1,1,1,1,1,1,1,1,1,1,1,0.77554,1,1,0.81415,0.5364,0.24172,0.47476,1,0.47741,0.51331,0,1,1,1,1,0.78849,1,0.302,0.76675,0.76006,0.81768,0,0.19449,0.27462,0,0.4556,0.38709,0,0,0,0,0.19637,0.14679,0,0,0,0,0,0,1,0.92741,0.54874,0,0.42647,0.28507,0,1,1,1,1,0,0.20365,1,0.57284,0.38983,0,0.17466,0,0,0,0,0,0.51946,0.46293,0.44234,0.21838,0.21441,0.14554,0,0,0,0,0.18361,0.13485,0.13754,0.12632,0,0,0,0,0,0,0,0,0,0,0.48621,0.91427,1,1,1,1,1,1,1,1,0,0,0,0,0,0,0,0,0,0,0,0,0,0,0,0,0,0,0,0,0,0,0,0,0,0,0,0,0,0,0,0,0,0
0,0,0,0,0,0,0,0,0,0,0,0,0,0,0,0,0,0,0,0,0,0,0,0,0,0,0,0,0,0,0,0,0,0,0,0,0,0,0,0,0,0,0,0,0,0,0,0,0,0,0,0,0,0,0,0,0,0,0,0,0,0,0,0,0,0,0,0,0,0,0,0,0,0,0,0,0,0,0,0,0,0,0,0,0,0,0,0,0,0,0,0,0,0,0,0,0,0,0,0,0,0,0,0,0,0,0,0,0,0,0,0,0,0,0,0,0,0,0,0,0,0,0,0,0,0,0,0,0,0,0,0,0,0,0,0,0,0,0,0,0,0,0,0,0,0,0,0,0,0,0,0,0,0,0,0,0,0,0,0,0,0,0,0,0,0,0,0,0,0,0,0,0,0,0,0,0,0,0,0,0,0,0,0,0,0,0,0,0,0,0,0,0,0,0,0,0,0,0,0,0,0,0,0,0,0,0,0,0,0,0,0,0,0,0,0,0,0,0,0,0,0,0,0,0,0,0,0,0,0,0,0,0,0,0,0,0,0,0,0,0,0,0,0,0,0,0,0,0,0,0,0,0,0,0,0,0,0,0,0,0,0,0,0,0,0,0,0,0,0,0,0,0,0,0,0,0,0,0,0,0,0,0,0,0,0,0,0,0,0,0,0,0,0,0,0,0,0,0,0,0,0,0,0,0,0,0,0,0,0,0,0,0.98553,0.70772,1,1,1,1,1,1,1,1,0.6341,0.3866,0.25216,0.21917,0,0,0.92108,1,1,0.81291,0.77884,0.57883,0.36008,0.61608,0.20014,0.15555,0,0.337,1,1,0.95423,1,1,1,1,1,1,1,1,1,1,1,1,1,1,1,1,1,1,1,1,1,1,1,1,1,1,1,1,1,1,0.89839,0.7382,0.4014,0.57419,1,0.80264,0.81879,0,0.94915,1,0.67646,1,0.38129,0.71326,0.13366,0.40063,0.42534,0.51547,0,0,0.14584,0,0.22214,0.20819,0,0,0,0,0,0,0,0,0,0,0,0,1,0.51394,0.21043,0,0.16985,0,0,1,1,1,0.64595,0,0,1,0.7401,0.57145,0,0.21271,0.15796,0,0,0,0,0.28011,0.25604,0.31749,0.19186,0.21,0.15787,0,0,0,0,0,0,0,0,0,0,0,0,0,0,0,0,0,0,0.41204,1,1,1,1,1,1,1,1,1,0,0,0,0,0,0,0,0,0,0,0,0,0,0,0,0,0,0,0,0,0,0,0,0,0,0,0,0,0,0,0,0,0,0
0,0,0,0,0,0,0,0,0,0,0,0,0,0,0,0,0,0,0,0,0,0,0,0,0,0,0,0,0,0,0,0,0,0,0,0,0,0,0,0,0,0,0,0,0,0,0,0,0,0,0,0,0,0,0,0,0,0,0,0,0,0,0,0,0,0,0,0,0,0,0,0,0,0,0,0,0,0,0,0,0,0,0,0,0,0,0,0,0,0,0,0,0,0,0,0,0,0,0,0,0,0,0,0,0,0,0,0,0,0,0,0,0,0,0,0,0,0,0,0,0,0,0,0,0,0,0,0,0,0,0,0,0,0,0,0,0,0,0,0,0,0,0,0,0,0,0,0,0,0,0,0,0,0,0,0,0,0,0,0,0,0,0,0,0,0,0,0,0,0,0,0,0,0,0,0,0,0,0,0,0,0,0,0,0,0,0,0,0,0,0,0,0,0,0,0,0,0,0,0,0,0,0,0,0,0,0,0,0,0,0,0,0,0,0,0,0,0,0,0,0,0,0,0,0,0,0,0,0,0,0,0,0,0,0,0,0,0,0,0,0,0,0,0,0,0,0,0,0,0,0,0,0,0,0,0,0,0,0,0,0,0,0,0,0,0,0,0,0,0,0,0,0,0,0,0,0,0,0,0,0,0,0,0,0,0,0,0,0,0,0,0,0,0,0,0,0,0,0,0,0,0,0,0,0,0,0,0,0,0,0,0,1,0.97168,1,1,1,1,1,1,1,1,0.93529,0.6884,0.54051,0.41672,0.18947,0,1,1,1,1,1,0.81868,0.59512,0.76031,0.24999,0.2112,0,0.45007,1,1,1,1,1,1,1,1,1,1,1,1,1,1,1,1,1,1,1,1,1,1,1,1,1,1,1,1,1,1,1,1,1,0.96365,0.89488,0.54286,0.65614,0.86844,1,1,0.15774,0.65017,1,0.3739,0.78959,0.1929,0.42497,0,0.20343,0.21593,0.25228,0,0,0,0,0.13697,0.12758,0,0,0,0,0,0,0,0,0,0,0,0,1,0.24119,0,0,0,0,0,0.77459,1,1,0.39506,0,0,1,0.77386,0.61958,0.13969,0.21265,0.17127,0,0,0,0,0.18319,0.18109,0.21726,0.14676,0.1793,0.13937,0,0,0,0,0,0,0,0,0,0,0,0,0,0,0,0,0,0,0.27682,0.99175,0.91776,1,0.94582,1,0.91288,1,0.78227,1,0,0,0,0,0,0,0,0,0,0,0,0,0,0,0,0,0,0,0,0,0,0,0,0,0,0,0,0,0,0,0,0,0,0
0,0,0,0,0,0,0,0,0,0,0,0,0,0,0,0,0,0,0,0,0,0,0,0,0,0,0,0,0,0,0,0,0,0,0,0,0,0,0,0,0,0,0,0,0,0,0,0,0,0,0,0,0,0,0,0,0,0,0,0,0,0,0,0,0,0,0,0,0,0,0,0,0,0,0,0,0,0,0,0,0,0,0,0,0,0,0,0,0,0,0,0,0,0,0,0,0,0,0,0,0,0,0,0,0,0,0,0,0,0,0,0,0,0,0,0,0,0,0,0,0,0,0,0,0,0,0,0,0,0,0,0,0,0,0,0,0,0,0,0,0,0,0,0,0,0,0,0,0,0,0,0,0,0,0,0,0,0,0,0,0,0,0,0,0,0,0,0,0,0,0,0,0,0,0,0,0,0,0,0,0,0,0,0,0,0,0,0,0,0,0,0,0,0,0,0,0,0,0,0,0,0,0,0,0,0,0,0,0,0,0,0,0,0,0,0,0,0,0,0,0,0,0,0,0,0,0,0,0,0,0,0,0,0,0,0,0,0,0,0,0,0,0,0,0,0,0,0,0,0,0,0,0,0,0,0,0,0,0,0,0,0,0,0,0,0,0,0,0,0,0,0,0,0,0,0,0,0,0,0,0,0,0,0,0,0,0,0,0,0,0,0,0,0,0,0,0,0,0,0,0,0,0,0,0,0,0,0,0,0,0,0,1,1,1,1,1,1,1,1,1,1,1,1,1,0.87933,0.39283,0,1,1,1,1,1,1,0.97239,0.87104,0.39545,0.32838,0.1449,0.49718,1,1,1,1,1,1,1,1,1,1,1,1,1,1,1,1,1,1,1,1,1,1,1,1,0.88598,0.67536,0.8064,1,1,1,1,1,1,1,1,0.84203,0.81026,0.51334,1,1,0.24202,0.16926,0.4576,0,0.20894,0,0,0,0,0,0,0,0,0,0,0,0,0,0,0,0,0,0,0,0,0,0,0,0,0.62909,0,0,0,0,0,0,0.22497,1,0.71121,0,0,0,0.63525,0.62799,0.5113,0.14076,0.14863,0.13646,0,0,0,0,0,0,0,0,0,0,0,0,0,0,0,0,0,0,0,0,0,0,0,0,0,0,0,0,0,0.72135,0.50327,1,0.47266,1,0.34573,1,0.22797,1,0,0,0,0,0,0,0,0,0,0,0,0,0,0,0,0,0,0,0,0,0,0,0,0,0,0,0,0,0,0,0,0,0,0
0,0,0,0,0,0,0,0,0,0,0,0,0,0,0,0,0,0,0,0,0,0,0,0,0,0,0,0,0,0,0,0,0,0,0,0,0,0,0,0,0,0,0,0,0,0,0,0,0,0,0,0,0,0,0,0,0,0,0,0,0,0,0,0,0,0,0,0,0,0,0,0,0,0,0,0,0,0,0,0,0,0,0,0,0,0,0,0,0,0,0,0,0,0,0,0,0,0,0,0,0,0,0,0,0,0,0,0,0,0,0,0,0,0,0,0,0,0,0,0,0,0,0,0,0,0,0,0,0,0,0,0,0,0,0,0,0,0,0,0,0,0,0,0,0,0,0,0,0,0,0,0,0,0,0,0,0,0,0,0,0,0,0,0,0,0,0,0,0,0,0,0,0,0,0,0,0,0,0,0,0,0,0,0,0,0,0,0,0,0,0,0,0,0,0,0,0,0,0,0,0,0,0,0,0,0,0,0,0,0,0,0,0,0,0,0,0,0,0,0,0,0,0,0,0,0,0,0,0,0,0,0,0,0,0,0,0,0,0,0,0,0,0,0,0,0,0,0,0,0,0,0,0,0,0,0,0,0,0,0,0,0,0,0,0,0,0,0,0,0,0,0,0,0,0,0,0,0,0,0,0,0,0,0,0,0,0,0,0,0,0,0,0,0,0,0,0,0,0,0,0,0,0,0,0,0,0,0,0,0,0,0,1,1,1,1,1,1,0.79649,1,1,1,1,1,1,1,1,0.24374,1,1,1,1,1,1,1,1,1,1,0.66331,1,1,1,1,1,1,1,1,1,1,1,1,1,1,1,1,1,1,1,1,1,1,1,1,0.65136,0.29394,0.18601,0.21861,0.51604,0.85299,1,0.93734,0.62476,0.38134,0.34702,0.5811,0.23508,0.20384,0,1,1,0,0,0.23319,0,0.14326,0,0,0,0,0,0,0,0,0,0,0,0,0,0,0,0,0,0,0,0,0,0,0,0,0.2429,0,0,0,0,0,0,0,0.63857,0.23755,0,0,0,0.49283,1,1,0.6025,0.50342,0.53067,0.27531,0.20778,0,0.17395,0,0,0.13399,0,0.19196,0.19992,0.21467,0.15623,0,0,0,0,0,0,0,0,0,0,0,0,0,0,0,0,0.21151,1,0.81272,1,0.70653,1,0.43521,1,0.23885,0.97719,0,0,0,0,0,0,0,0,0,0,0,0,0,0,0,0,0,0,0,0,0,0,0,0,0,0,0,0,0,0,0,0,0,0
0,0,0,0,0,0,0,0,0,0,0,0,0,0,0,0,0,0,0,0,0,0,0,0,0,0,0,0,0,0,0,0,0,0,0,0,0,0,0,0,0,0,0,0,0,0,0,0,0,0,0,0,0,0,0,0,0,0,0,0,0,0,0,0,0,0,0,0,0,0,0,0,0,0,0,0,0,0,0,0,0,0,0,0,0,0,0,0,0,0,0,0,0,0,0,0,0,0,0,0,0,0,0,0,0,0,0,0,0,0,0,0,0,0,0,0,0,0,0,0,0,0,0,0,0,0,0,0,0,0,0,0,0,0,0,0,0,0,0,0,0,0,0,0,0,0,0,0,0,0,0,0,0,0,0,0,0,0,0,0,0,0,0,0,0,0,0,0,0,0,0,0,0,0,0,0,0,0,0,0,0,0,0,0,0,0,0,0,0,0,0,0,0,0,0,0,0,0,0,0,0,0,0,0,0,0,0,0,0,0,0,0,0,0,0,0,0,0,0,0,0,0,0,0,0,0,0,0,0,0,0,0,0,0,0,0,0,0,0,0,0,0,0,0,0,0,0,0,0,0,0,0,0,0,0,0,0,0,0,0,0,0,0,0,0,0,0,0,0,0,0,0,0,0,0,0,0,0,0,0,0,0,0,0,0,0,0,0,0,0,0,0,0,0,0,0,0,0,0,0,0,0,0,0,0,0,0,0,0,0,0,0,0.39512,0.22448,1,1,0.96404,0.69756,1,1,1,1,0.35789,0.26149,0.30861,0.40339,0.30304,0,0.58242,0.9073,1,0.90618,1,0.89231,0.70518,1,0.7186,0.54616,0.24374,1,1,1,1,1,1,1,1,1,1,1,1,1,1,1,1,1,1,1,1,1,1,1,0.92334,0.90523,0.97075,0.69288,0.67322,0.64124,0.6244,0.59684,0.28597,0.34734,0.35385,0.19067,0.16027,0,0,0.28166,0.23943,0.23145,0,0.73611,1,0.57229,1,0.3732,0.92329,0.15257,0.60434,0.73482,0.91084,0,0.1546,0.2628,0,0.61195,0.63217,0,0,0,0,0.27939,0.23364,0,0,0,0,0,0,1,0.24042,0.13766,0,0.13406,0,0,0.66563,1,1,0.21059,0,0.13646,1,1,1,0.57489,0.9655,0.77257,0.39498,0.28106,0,0,0.82852,0.86467,1,0.85164,0.95034,0.80999,0.68392,0.30441,0.41047,0.19195,0.42028,0.33662,0.41384,0.47011,0.44548,0.37445,0.24496,0.18484,0,0.17214,0,0,0,0,1,1,1,1,1,1,1,1,1,1,0,0,0,0,0,0,0,0,0,0,0,0,0,0,0,0,0,0,0,0,0,0,0,0,0,0,0,0,0,0,0,0,0,0
0,0,0,0,0,0,0,0,0,0,0,0,0,0,0,0,0,0,0,0,0,0,0,0,0,0,0,0,0,0,0,0,0,0,0,0,0,0,0,0,0,0,0,0,0,0,0,0,0,0,0,0,0,0,0,0,0,0,0,0,0,0,0,0,0,0,0,0,0,0,0,0,0,0,0,0,0,0,0,0,0,0,0,0,0,0,0,0,0,0,0,0,0,0,0,0,0,0,0,0,0,0,0,0,0,0,0,0,0,0,0,0,0,0,0,0,0,0,0,0,0,0,0,0,0,0,0,0,0,0,0,0,0,0,0,0,0,0,0,0,0,0,0,0,0,0,0,0,0,0,0,0,0,0,0,0,0,0,0,0,0,0,0,0,0,0,0,0,0,0,0,0,0,0,0,0,0,0,0,0,0,0,0,0,0,0,0,0,0,0,0,0,0,0,0,0,0,0,0,0,0,0,0,0,0,0,0,0,0,0,0,0,0,0,0,0,0,0,0,0,0,0,0,0,0,0,0,0,0,0,0,0,0,0,0,0,0,0,0,0,0,0,0,0,0,0,0,0,0,0,0,0,0,0,0,0,0,0,0,0,0,0,0,0,0,0,0,0,0,0,0,0,0,0,0,0,0,0,0,0,0,0,0,0,0,0,0,0,0,0,0,0,0,0,0,0,0,0,0,0,0,0,0,0,0,0,0,0,0,0,0,0,0.78449,0.56095,1,1,1,1,1,1,1,1,0.70912,0.57319,0.55963,0.5748,0.367,0,0.94765,1,1,1,1,1,0.82974,1,0.67114,0.52629,0.22682,0.92171,1,1,1,1,1,1,1,1,1,1,1,1,1,1,1,1,1,1,1,1,1,1,1,1,1,0.79356,0.81542,0.89726,0.95328,0.97009,0.6632,0.67953,0.63906,0.39995,0.35121,0.16436,0.19744,0.43978,0.60759,0.58328,0,0.61076,1,0.39944,0.96603,0.22019,0.63977,0,0.31938,0.4183,0.57183,0,0,0.14609,0,0.25834,0.2651,0,0,0,0,0.13932,0,0,0,0,0,0,0,1,0.20836,0,0,0,0,0,0.61959,1,1,0.21467,0,0,1,1,1,0.41992,0.69519,0.55214,0.23245,0.19053,0,0,0.45455,0.48158,0.65361,0.47112,0.59271,0.48158,0.39007,0.18389,0.20112,0,0.17939,0.14997,0.17491,0.19397,0.18786,0.16941,0.12898,0,0,0,0,0,0,0,0.80594,1,1,1,1,1,1,1,1,1,0,0,0,0,0,0,0,0,0,0,0,0,0,0,0,0,0,0,0,0,0,0,0,0,0,0,0,0,0,0,0,0,0,0
0,0,0,0,0,0,0,0,0,0,0,0,0,0,0,0,0,0,0,0,0,0,0,0,0,0,0,0,0,0,0,0,0,0,0,0,0,0,0,0,0,0,0,0,0,0,0,0,0,0,0,0,0,0,0,0,0,0,0,0,0,0,0,0,0,0,0,0,0,0,0,0,0,0,0,0,0,0,0,0,0,0,0,0,0,0,0,0,0,0,0,0,0,0,0,0,0,0,0,0,0,0,0,0,0,0,0,0,0,0,0,0,0,0,0,0,0,0,0,0,0,0,0,0,0,0,0,0,0,0,0,0,0,0,0,0,0,0,0,0,0,0,0,0,0,0,0,0,0,0,0,0,0,0,0,0,0,0,0,0,0,0,0,0,0,0,0,0,0,0,0,0,0,0,0,0,0,0,0,0,0,0,0,0,0,0,0,0,0,0,0,0,0,0,0,0,0,0,0,0,0,0,0,0,0,0,0,0,0,0,0,0,0,0,0,0,0,0,0,0,0,0,0,0,0,0,0,0,0,0,0,0,0,0,0,0,0,0,0,0,0,0,0,0,0,0,0,0,0,0,0,0,0,0,0,0,0,0,0,0,0,0,0,0,0,0,0,0,0,0,0,0,0,0,0,0,0,0,0,0,0,0,0,0,0,0,0,0,0,0,0,0,0,0,0,0,0,0,0,0,0,0,0,0,0,0,0,0,0,0,0,0,1,0.87341,1,1,1,1,1,1,1,1,1,0.84627,0.78566,0.73589,0.44284,0,1,1,1,1,1,1,0.94851,1,0.65238,0.53197,0.22196,0.85369,1,1,1,1,1,1,1,1,1,1,1,1,1,1,1,1,1,1,1,1,1,1,1,1,1,0.7696,0.82716,1,1,1,0.9393,0.89106,0.79539,0.60821,0.61703,0.25279,0.31409,0.47159,0.91589,0.88627,0,0.4223,0.99044,0.22772,0.69972,0.14071,0.36083,0,0.18031,0.20824,0.26868,0,0,0,0,0.1501,0.15103,0,0,0,0,0,0,0,0,0,0,0,0,1,0.15355,0,0,0,0,0,0.48469,1,0.99737,0.18595,0,0,1,1,1,0.31904,0.49957,0.39772,0.18825,0.14352,0,0,0.2137,0.22257,0.34851,0.22636,0.32419,0.24655,0.22593,0.12519,0.12721,0,0,0,0,0,0,0,0,0,0,0,0,0,0,0,0.51211,1,1,1,1,1,1,1,0.85671,1,0,0,0,0,0,0,0,0,0,0,0,0,0,0,0,0,0,0,0,0,0,0,0,0,0,0,0,0,0,0,0,0,0,0
0,0,0,0,0,0,0,0,0,0,0,0,0,0,0,0,0,0,0,0,0,0,0,0,0,0,0,0,0,0,0,0,0,0,0,0,0,0,0,0,0,0,0,0,0,0,0,0,0,0,0,0,0,0,0,0,0,0,0,0,0,0,0,0,0,0,0,0,0,0,0,0,0,0,0,0,0,0,0,0,0,0,0,0,0,0,0,0,0,0,0,0,0,0,0,0,0,0,0,0,0,0,0,0,0,0,0,0,0,0,0,0,0,0,0,0,0,0,0,0,0,0,0,0,0,0,0,0,0,0,0,0,0,0,0,0,0,0,0,0,0,0,0,0,0,0,0,0,0,0,0,0,0,0,0,0,0,0,0,0,0,0,0,0,0,0,0,0,0,0,0,0,0,0,0,0,0,0,0,0,0,0,0,0,0,0,0,0,0,0,0,0,0,0,0,0,0,0,0,0,0,0,0,0,0,0,0,0,0,0,0,0,0,0,0,0,0,0,0,0,0,0,0,0,0,0,0,0,0,0,0,0,0,0,0,0,0,0,0,0,0,0,0,0,0,0,0,0,0,0,0,0,0,0,0,0,0,0,0,0,0,0,0,0,0,0,0,0,0,0,0,0,0,0,0,0,0,0,0,0,0,0,0,0,0,0,0,0,0,0,0,0,0,0,0,0,0,0,0,0,0,0,0,0,0,0,0,0,0,0,0,0,1,1,1,1,1,1,1,1,1,1,1,1,1,0.98699,0.61996,0,1,1,1,1,1,1,1,1,0.73335,0.63947,0.25727,0.88011,1,1,1,1,1,1,1,1,1,1,1,1,1,1,1,1,1,1,1,1,1,1,1,1,0.81851,0.57842,0.66546,0.9624,1,1,1,0.95298,0.7849,0.66945,0.77122,0.39911,0.39846,0.3325,1,1,0,0.20816,0.66962,0,0.37385,0,0.17792,0,0,0,0.14881,0,0,0,0,0,0,0,0,0,0,0,0,0,0,0,0,0,0,0.74121,0,0,0,0,0,0,0.23884,1,0.73976,0,0,0,0.91657,1,0.94235,0.31833,0.38998,0.33694,0.17734,0.12988,0,0,0,0,0.19442,0.14682,0.20739,0.19161,0.18372,0,0,0,0,0,0,0,0,0,0,0,0,0,0,0,0,0,0.26888,1,0.9436,1,0.89806,1,0.72788,1,0.5435,1,0,0,0,0,0,0,0,0,0,0,0,0,0,0,0,0,0,0,0,0,0,0,0,0,0,0,0,0,0,0,0,0,0,0
0,0,0,0,0,0,0,0,0,0,0,0,0,0,0,0,0,0,0,0,0,0,0,0,0,0,0,0,0,0,0,0,0,0,0,0,0,0,0,0,0,0,0,0,0,0,0,0,0,0,0,0,0,0,0,0,0,0,0,0,0,0,0,0,0,0,0,0,0,0,0,0,0,0,0,0,0,0,0,0,0,0,0,0,0,0,0,0,0,0,0,0,0,0,0,0,0,0,0,0,0,0,0,0,0,0,0,0,0,0,0,0,0,0,0,0,0,0,0,0,0,0,0,0,0,0,0,0,0,0,0,0,0,0,0,0,0,0,0,0,0,0,0,0,0,0,0,0,0,0,0,0,0,0,0,0,0,0,0,0,0,0,0,0,0,0,0,0,0,0,0,0,0,0,0,0,0,0,0,0,0,0,0,0,0,0,0,0,0,0,0,0,0,0,0,0,0,0,0,0,0,0,0,0,0,0,0,0,0,0,0,0,0,0,0,0,0,0,0,0,0,0,0,0,0,0,0,0,0,0,0,0,0,0,0,0,0,0,0,0,0,0,0,0,0,0,0,0,0,0,0,0,0,0,0,0,0,0,0,0,0,0,0,0,0,0,0,0,0,0,0,0,0,0,0,0,0,0,0,0,0,0,0,0,0,0,0,0,0,0,0,0,0,0,0,0,0,0,0,0,0,0,0,0,0,0,0,0,0,0,0,0,1,1,1,1,1,1,1,1,1,1,1,1,1,1,0.91221,0.19414,1,1,1,1,1,1,1,1,0.98584,0.90595,0.51759,1,1,1,1,1,1,1,1,1,1,1,1,1,1,1,1,1,1,1,1,1,1,1,1,0.84516,0.51964,0.27979,0.36944,0.69316,0.9843,1,0.98592,0.74369,0.53626,0.4623,0.63567,0.26003,0.23643,0.18023,1,1,0,0,0.42876,0,0.21734,0,0,0,0,0,0,0,0,0,0,0,0,0,0,0,0,0,0,0,0,0,0,0,0,0.46552,0,0,0,0,0,0,0.14257,0.87542,0.4478,0,0,0,0.70999,1,1,0.52324,0.50819,0.49692,0.23867,0.18948,0,0.1379,0,0,0.17741,0.14224,0.21695,0.21452,0.21901,0.14761,0,0,0,0,0,0,0,0,0,0,0,0,0,0,0,0,0.24887,1,0.92638,1,0.84377,1,0.60923,1,0.40207,1,0,0,0,0,0,0,0,0,0,0,0,0,0,0,0,0,0,0,0,0,0,0,0,0,0,0,0,0,0,0,0,0,0,0
0,0,0,0,0,0,0,0,0,0,0,0,0,0,0,0,0,0,0,0,0,0,0,0,0,0,0,0,0,0,0,0,0,0,0,0,0,0,0,0,0,0,0,0,0,0,0,0,0,0,0,0,0,0,0,0,0,0,0,0,0,0,0,0,0,0,0,0,0,0,0,0,0,0,0,0,0,0,0,0,0,0,0,0,0,0,0,0,0,0,0,0,0,0,0,0,0,0,0,0,0,0,0,0,0,0,0,0,0,0,0,0,0,0,0,0,0,0,0,0,0,0,0,0,0,0,0,0,0,0,0,0,0,0,0,0,0,0,0,0,0,0,0,0,0,0,0,0,0,0,0,0,0,0,0,0,0,0,0,0,0,0,0,0,0,0,0,0,0,0,0,0,0,0,0,0,0,0,0,0,0,0,0,0,0,0,0,0,0,0,0,0,0,0,0,0,0,0,0,0,0,0,0,0,0,0,0,0,0,0,0,0,0,0,0,0,0,0,0,0,0,0,0,0,0,0,0,0,0,0,0,0,0,0,0,0,0,0,0,0,0,0,0,0,0,0,0,0,0,0,0,0,0,0,0,0,0,0,0,0,0,0,0,0,0,0,0,0,0,0,0,0,0,0,0,0,0,0,0,0,0,0,0,0,0,0,0,0,0,0,0,0,0,0,0,0,0,0,0,0,0,0,0,0,0,0,0,0,0,0,0,0,0.85553,0.72922,1,1,1,1,0.85501,1,1,1,1,1,1,1,1,0.45959,1,1,1,1,1,1,1,1,1,1,0.89595,1,1,1,1,1,1,1,1,1,1,1,1,1,1,1,1,1,1,1,1,1,1,1,1,0.50138,0.28586,0.17626,0.195,0.31891,0.55403,0.78124,0.524,0.30533,0.21058,0.17414,0.22474,0,0,0,0.70312,0.6222,0,0,0.45169,0,0.24149,0,0.14405,0,0,0,0.15457,0,0,0,0,0,0,0,0,0,0,0,0,0,0,0,0,0,0,0.38474,0,0,0,0,0,0,0,0.75431,0.29266,0,0,0,0.80372,1,1,0.96853,0.96664,0.95823,0.6715,0.52559,0.23237,0.33972,0.1562,0.18503,0.37429,0.30766,0.56566,0.58383,0.61271,0.40481,0.29871,0.21168,0,0,0,0,0.13445,0.15425,0.1459,0.13103,0,0,0,0,0,0,0.61667,1,1,1,1,1,0.85631,1,0.61867,1,0,0,0,0,0,0,0,0,0,0,0,0,0,0,0,0,0,0,0,0,0,0,0,0,0,0,0,0,0,0,0,0,0,0
0,0,0,0,0,0,0,0,0,0,0,0,0,0,0,0,0,0,0,0,0,0,0,0,0,0,0,0,0,0,0,0,0,0,0,0,0,0,0.13176,0.29302,0.1729,0,0,0,0,0,0,0,0,0,0,0,0,0,0,0,0,0,0,0,0,0,0,0,0,0,0,0.18448,0,0,0,0,0,0,0,0,0,0,0,0,0,0,0,0,0,0,0,0,0,0,0,0,0,0,0,0,0,0,0,0,0,0,0,0,0,0,0,0,0,0,0,0,0,0,0,0,0,0,0,0,0,0,0,0,0,0,0,0,0,0,0,0,0,0,0,0,0,0,0,0,0,0,0,0,0,0,0,0,0,0,0,0,0,0,0,0,0,0,0,0,0,0,0,0,0,0,0,0,0,0,0,0,0,0,0,0,0,0,0,0,0,0,0,0,0,0,0,0,0,0,0,0,0,0,0,0,0,0,0,0,0,0,0,0,0,0,0,0,0,0,0,0,0,0,0,0,0,0,0,0,0,0,0,0,0,0,0,0,0,0,0,0,0,0,0,0,0,0,0,0,0,0,0,0,0,0,0,0,0,0,0,0,0,0,0,0,0,0,0,0,0,0,0,0,0,0,0,0,0,0,0,0,0,0,0,0,0,0,0,0,0,0,0,0,0,0,0,0,0,0,0,0,0,0,0,0,0,0,0,0,0,0,0,0,0,0,0,0,0,0,0,0,0.38452,0.30926,0.50201,0.8332,1,0.74774,0.32309,0.47875,1,1,0.91768,1,1,1,1,1,0.99216,1,1,1,1,1,1,1,1,1,1,1,1,1,1,0.58428,0.90164,1,1,1,1,1,1,1,1,1,1,1,1,1,1,1,1,1,0.42956,0.13362,0,0,0,0,0.15268,0.241,0.16147,0,0,0,0,0,0,0,0.24945,0.21496,0,0,0.19499,0,0.13841,0,0,0,0,0,0,0,0,0,0,0,0,0,0,0,0,0,0,0,0,0,0,0,0,0.14239,0,0,0,0,0,0,0,0.25945,0,0,0,0,0.49978,1,1,1,1,1,1,1,0.78906,0.94063,0.13668,0.18054,0.45957,0.48163,0.82294,0.92877,1,0.90918,0.71541,0.63126,0,0,0,0.15639,0.19902,0.24486,0.27483,0.30069,0.26014,0,0,0,0,0,0.7546,1,1,1,1,1,0.75183,1,0.47869,0.68416,0,0,0,0,0,0,0.13205,0,0,0,0,0,0,0,0,0,0,0,0,0,0,0,0,0,0,0,0,0,0,0,0,0,0,0
0,0,0,0,0,0,0,0,0,0,0,0,0,0,0,0,0,0,0,0,0,0,0,0,0,0,0,0,0,0,0,0,0,0,0,0,0,0,0,0,0,0,0,0,0,0,0,0,0,0,0,0,0,0,0,0,0,0,0,0,0,0,0,0,0,0,0,0,0,0,0,0,0,0,0,0,0,0,0,0,0,0,0,0,0,0,0,0,0,0,0,0,0,0,0,0,0,0,0,0,0,0,0,0,0,0,0,0,0,0,0,0,0,0,0,0,0,0,0,0,0,0,0,0,0,0,0,0,0,0,0,0,0,0,0,0,0,0,0,0,0,0,0,0,0,0,0,0,0,0,0,0,0,0,0,0,0,0,0,0,0,0,0,0,0,0,0,0,0,0,0,0,0,0,0,0,0,0,0,0,0,0,0,0,0,0,0,0,0,0,0,0,0,0,0,0,0,0,0,0,0,0,0,0,0,0,0,0,0,0,0,0,0,0,0,0,0,0,0,0,0,0,0,0,0,0,0,0,0,0,0,0,0,0,0,0,0,0,0,0,0,0,0,0,0,0,0,0,0,0,0,0,0,0,0,0,0,0,0,0,0,0,0,0,0,0,0,0,0,0,0,0,0,0,0,0,0,0,0,0,0,0,0,0,0,0,0,0,0,0,0,0,0,0,0,0,0,0,0,0,0,0,0,0,0,0,0,0,0,0,0,0,0.63217,0.4915,1,1,1,0.98151,0.91536,1,1,1,0.91019,0.92874,1,1,1,0.4834,1,1,1,1,1,1,1,1,1,1,0.91667,1,1,1,1,1,1,1,1,1,1,1,1,1,1,1,1,1,1,1,1,1,1,1,0.85885,0.45697,0.3187,0.18437,0.19563,0.25159,0.42998,0.60627,0.3361,0.22409,0.17935,0.12948,0.16396,0,0,0,0.47506,0.40227,0,0.14217,0.61816,0,0.41356,0,0.21199,0,0,0.16119,0.23113,0,0,0,0,0.14418,0.16497,0,0,0,0,0,0,0,0,0,0,0,0,0.50244,0,0,0,0,0,0,0.13106,0.84653,0.37165,0,0,0,0.99698,1,1,1,1,1,0.81187,0.67212,0.30129,0.42363,0.23875,0.30773,0.63211,0.56331,0.81262,0.81503,0.82263,0.58185,0.5122,0.31787,0,0,0.15288,0.19774,0.21941,0.23648,0.22443,0.20375,0.15787,0,0,0,0,0,0.87369,1,1,1,1,1,1,1,0.85532,1,0,0,0,0,0,0,0,0,0,0,0,0,0,0,0,0,0,0,0,0,0,0,0,0,0,0,0,0,0,0,0,0,0,0
0,0,0,0,0,0,0,0,0,0,0,0,0,0,0,0,0,0,0,0,0,0,0,0,0,0,0,0,0,0,0,0,0,0,0,0,0,0,0,0.19199,0,0,0,0,0,0,0,0,0,0,0,0,0,0,0,0,0,0,0,0,0,0,0,0,0,0,0,0,0,0,0,0,0,0,0,0,0,0,0,0,0,0,0,0,0,0,0,0,0,0,0,0,0,0,0,0,0,0,0,0,0,0,0,0,0,0,0,0,0,0,0,0,0,0,0,0,0,0,0,0,0,0,0,0,0,0,0,0,0,0,0,0,0,0,0,0,0,0,0,0,0,0,0,0,0,0,0,0,0,0,0,0,0,0,0,0,0,0,0,0,0,0,0,0,0,0,0,0,0,0,0,0,0,0,0,0,0,0,0,0,0,0,0,0,0,0,0,0,0,0,0,0,0,0,0,0,0,0,0,0,0,0,0,0,0,0,0,0,0,0,0,0,0,0,0,0,0,0,0,0,0,0,0,0,0,0,0,0,0,0,0,0,0,0,0,0,0,0,0,0,0,0,0,0,0,0,0,0,0,0,0,0,0,0,0,0,0,0,0,0,0,0,0,0,0,0,0,0,0,0,0,0,0,0,0,0,0,0,0,0,0,0,0,0,0,0,0,0,0,0,0,0,0,0,0,0,0,0,0,0,0,0,0,0,0,0,0,0,0,0,0,0,0.29452,0.21372,0.78919,0.92296,0.9889,0.63844,0.91837,0.91084,1,1,0.5478,0.58037,0.76098,0.97623,0.97602,0.51142,0.70319,1,1,1,1,1,1,1,1,1,0.93271,1,1,1,1,1,1,1,1,1,1,1,1,1,1,1,1,1,1,1,1,1,1,1,0.59296,0.32386,0.29178,0.17244,0.1732,0.1972,0.23314,0.31748,0.17832,0.14439,0,0,0,0,0,0,0.21112,0.18947,0,0.185,0.79441,0.13948,0.63153,0,0.38244,0,0.19096,0.2608,0.48822,0,0,0,0,0.24856,0.32164,0,0,0,0,0.15097,0.1419,0,0,0,0,0,0,0.59987,0,0,0,0,0,0,0.15484,0.89868,0.41125,0,0,0,1,1,1,1,1,1,1,0.8775,0.44796,0.53914,0.54846,0.65156,0.99231,0.92609,1,1,1,0.83429,0.81965,0.58102,0.23769,0.22825,0.31727,0.45585,0.52056,0.56344,0.51311,0.42701,0.25301,0.17455,0,0,0,0,1,1,1,1,1,1,1,1,1,1,0,0,0,0,0,0,0.16812,0,0,0,0,0,0,0,0,0,0,0,0,0,0,0,0,0,0,0,0,0,0,0,0,0,0,0
0,0,0,0,0,0,0,0,0,0,0,0,0,0,0,0,0,0,0,0,0,0,0,0,0,0,0,0,0,0,0,0,0,0,0,0,0,0,0.1443,0.45104,0.23367,0,0,0,0,0,0,0,0,0,0,0,0,0,0,0,0,0,0,0,0,0,0,0,0,0,0,0.22276,0,0,0,0,0,0,0,0,0,0,0,0,0,0,0,0,0,0,0,0,0,0,0,0,0,0,0,0,0,0,0,0,0,0,0,0,0,0,0,0,0,0,0,0,0,0,0,0,0,0,0,0,0,0,0,0,0,0,0,0,0,0,0,0,0,0,0,0,0,0,0,0,0,0,0,0,0,0,0,0,0,0,0,0,0,0,0,0,0,0,0,0,0,0,0,0,0,0,0,0,0,0,0,0,0,0,0,0,0,0,0,0,0,0,0,0,0,0,0,0,0,0,0,0,0,0,0,0,0,0,0,0,0,0,0,0,0,0,0,0,0,0,0,0,0,0,0,0,0,0,0,0,0,0,0,0,0,0,0,0,0,0,0,0,0,0,0,0,0,0,0,0,0,0,0,0,0,0,0,0,0,0,0,0,0,0,0,0,0,0,0,0,0,0,0,0,0,0,0,0,0,0,0,0,0,0,0,0,0,0,0,0,0,0,0,0,0,0,0,0,0,0,0,0,0,0,0,0,0,0,0,0,0,0,0,0,0,0,0,0,0,0,0,0,0.18161,0.14107,0.42529,0.61365,0.77735,0.39943,0.53649,0.52443,0.85307,0.97602,0.43249,0.54232,0.81378,1,1,0.88382,0.54652,0.96391,1,1,1,1,1,1,1,1,1,1,1,1,1,0.74757,0.9121,1,1,1,1,1,1,1,1,1,1,1,1,1,1,1,1,1,0.25864,0.14576,0.1353,0,0,0,0,0.16731,0,0,0,0,0,0,0,0,0.13091,0,0,0,0.49252,0,0.36751,0,0.21725,0,0,0.19065,0.32471,0,0,0,0,0.20639,0.24164,0,0,0,0,0,0,0,0,0,0,0,0,0.25131,0,0,0,0,0,0,0,0.53007,0.18019,0,0,0,0.94491,1,1,1,1,1,1,1,0.83705,0.929,0.4631,0.60021,1,1,1,1,1,1,1,0.92141,0.22554,0.22658,0.33985,0.52051,0.63314,0.73823,0.73814,0.70382,0.57808,0.20347,0,0,0,0,1,1,1,1,1,1,1,1,1,0.98068,0,0,0,0,0,0.16073,0.28596,0,0,0,0,0,0,0,0.15354,0,0,0,0,0,0,0,0,0,0,0,0,0,0,0,0,0,0,0
0,0,0,0,0,0,0,0,0,0,0,0,0,0,0,0,0,0,0,0,0,0,0,0,0,0,0,0,0,0,0,0,0,0,0,0,0,0,0,0,0,0,0,0,0,0,0,0,0,0,0,0,0,0,0,0,0,0,0,0,0,0,0,0,0,0,0,0,0,0,0,0,0,0,0,0,0,0,0,0,0,0,0,0,0,0,0,0,0,0,0,0,0,0,0,0,0,0,0,0,0,0,0,0,0,0,0,0,0,0,0,0,0,0,0,0,0,0,0,0,0,0,0,0,0,0,0,0,0,0,0,0,0,0,0,0,0,0,0,0,0,0,0,0,0,0,0,0,0,0,0,0,0,0,0,0,0,0,0,0,0,0,0,0,0,0,0,0,0,0,0,0,0,0,0,0,0,0,0,0,0,0,0,0,0,0,0,0,0,0,0,0,0,0,0,0,0,0,0,0,0,0,0,0,0,0,0,0,0,0,0,0,0,0,0,0,0,0,0,0,0,0,0,0,0,0,0,0,0,0,0,0,0,0,0,0,0,0,0,0,0,0,0,0,0,0,0,0,0,0,0,0,0,0,0,0,0,0,0,0,0,0,0,0,0,0,0,0,0,0,0,0,0,0,0,0,0,0,0,0,0,0,0,0,0,0,0,0,0,0,0,0,0,0,0,0,0,0,0,0,0,0,0,0,0,0,0,0,0,0,0,0,1,1,1,1,1,1,1,1,1,1,1,0.77212,0.32671,0.13782,0,0,1,1,1,0.68079,0.2359,0.21255,0.13655,0,0,0,0,0,1,0.62567,0.14237,1,1,1,0.86835,1,1,1,1,1,0.92334,1,1,1,1,1,0.42956,0.85885,0.59296,0.25864,1,1,1,1,1,1,1,1,1,1,1,1,1,1,1,1,1,1,1,0.15583,0.20876,0,0,0,0,0,0,0,0,0,0,0,0,0,0,0,0,0,0,0,0,0,0,0,0,0,0,0.53152,0,0,0,0,0,0,0.3148,0.97123,0.81643,0.246,0,0,0.20302,0,0,0,0,0,0,0,0,0,0,0,0,0,0,0,0,0,0,0,0,0,0,0,0,0,0,0,0,0,0,0,0,0,0,0,0,0.3413,0,0.40899,0,0.44235,0,0.97078,0,0,0,0,0,0,0,0,0,0,0,0,0,0,0,0,0,0,0,0,0,0,0,0,0,0,0,0,0,0,0,0,0,0
0,0,0,0,0,0,0,0,0,0,0,0,0,0,0,0,0,0,0,0,0,0,0,0,0,0,0,0,0,0,0,0,0,0,0,0,0,0,0,0,0,0,0,0,0,0,0,0,0,0,0,0,0,0,0,0,0,0,0,0,0,0,0,0,0,0,0,0,0,0,0,0,0,0,0,0,0,0,0,0,0,0,0,0,0,0,0,0,0,0,0,0,0,0,0,0,0,0,0,0,0,0,0,0,0,0,0,0,0,0,0,0,0,0,0,0,0,0,0,0,0,0,0,0,0,0,0,0,0,0,0,0,0,0,0,0,0,0,0,0,0,0,0,0,0,0,0,0,0,0,0,0,0,0,0,0,0,0,0,0,0,0,0,0,0,0,0,0,0,0,0,0,0,0,0,0,0,0,0,0,0,0,0,0,0,0,0,0,0,0,0,0,0,0,0,0,0,0,0,0,0,0,0,0,0,0,0,0,0,0,0,0,0,0,0,0,0,0,0,0,0,0,0,0,0,0,0,0,0,0,0,0,0,0,0,0,0,0,0,0,0,0,0,0,0,0,0,0,0,0,0,0,0,0,0,0,0,0,0,0,0,0,0,0,0,0,0,0,0,0,0,0,0,0,0,0,0,0,0,0,0,0,0,0,0,0,0,0,0,0,0,0,0,0,0,0,0,0,0,0,0,0,0,0,0,0,0,0,0,0,0,0,1,0.65562,1,1,0.85761,1,1,1,1,1,0.19144,0,0,0,0,0,0.40739,0.38226,0.19842,0,0,0,0,0,0,0,0,0,0.28826,0.14052,0,1,1,0.56047,0.23475,1,1,1,1,0.65136,0.90523,1,1,1,0.84516,0.50138,0.13362,0.45697,0.32386,0.14576,1,1,1,1,1,1,1,1,1,1,1,1,1,1,1,1,0.85678,0.9835,0.90193,1,0.92577,0.62151,0.52237,0.242,0.21246,0,0.13158,0,0,0,0,0,0,0,0,0,0,0,0,0,0,0,0,0,0,0,0,1,0.86454,0.41496,0,0.20114,0.28119,0,1,1,1,1,0,0,0.72312,0,0,0,0,0,0,0,0,0,0,0,0,0,0,0,0,0,0,0,0,0,0,0,0,0,0,0,0,0,0,0,0,0,0,0,0,0.38032,0,0.57342,0.15385,0.86425,0.15774,1,0,0,0,0,0,0,0,0,0,0,0,0,0,0,0,0,0,0,0,0,0,0,0,0,0,0,0,0,0,0,0,0,0,0
0,0,0,0,0,0,0,0,0,0,0,0,0,0,0,0,0,0,0,0,0,0,0,0,0,0,0,0,0,0,0,0,0,0,0,0,0,0,0,0,0,0,0,0,0,0,0,0,0,0,0,0,0,0,0,0,0,0,0,0,0,0,0,0,0,0,0,0,0,0,0,0,0,0,0,0,0,0,0,0,0,0,0,0,0,0,0,0,0,0,0,0,0,0,0,0,0,0,0,0,0,0,0,0,0,0,0,0,0,0,0,0,0,0,0,0,0,0,0,0,0,0,0,0,0,0,0,0,0,0,0,0,0,0,0,0,0,0,0,0,0,0,0,0,0,0,0,0,0,0,0,0,0,0,0,0,0,0,0,0,0,0,0,0,0,0,0,0,0,0,0,0,0,0,0,0,0,0,0,0,0,0,0,0,0,0,0,0,0,0,0,0,0,0,0,0,0,0,0,0,0,0,0,0,0,0,0,0,0,0,0,0,0,0,0,0,0,0,0,0,0,0,0,0,0,0,0,0,0,0,0,0,0,0,0,0,0,0,0,0,0,0,0,0,0,0,0,0,0,0,0,0,0,0,0,0,0,0,0,0,0,0,0,0,0,0,0,0,0,0,0,0,0,0,0,0,0,0,0,0,0,0,0,0,0,0,0,0,0,0,0,0,0,0,0,0,0,0,0,0,0,0,0,0,0,0,0,0,0,0,0,0,0.23508,0,1,0.97216,0.23233,0.26546,1,1,1,0.40958,0,0,0,0,0,0,0,0,0,0,0,0,0,0,0,0,0,0,0,0,0,1,1,0.20554,0.13807,1,1,1,0.88598,0.29394,0.97075,1,1,0.81851,0.51964,0.28586,0,0.3187,0.29178,0.1353,1,1,1,1,1,1,1,0.89528,0.62536,1,1,1,0.54766,0.36681,0.8335,1,0.1818,0.21856,0.19051,1,1,1,1,1,0.88362,0.57466,0.67518,0.48802,0.38881,0,0.18655,0.19191,0,0.17281,0,0,0,0,0,0,0,0,0,0,0,0,0,1,1,1,0,0.97761,1,0.20256,1,1,1,1,0,0.23312,1,0,0,0,0,0,0,0,0,0,0.13311,0,0,0,0,0,0,0,0,0,0,0,0,0,0,0,0,0,0,0,0,0,0,0,0,0,0.13586,0.56139,0.1996,0.82382,0.44358,1,0.52453,1,0,0,0,0,0,0,0,0,0,0,0,0,0,0,0,0,0,0,0,0,0,0,0,0,0,0,0,0,0,0,0,0,0,0
0,0,0,0,0,0,0,0,0,0,0,0,0,0,0,0,0,0,0,0,0,0,0,0,0,0,0,0,0,0,0,0,0,0,0,0,0,0,0,0,0,0,0,0,0,0,0,0,0,0,0,0,0,0,0,0,0,0,0,0,0,0,0,0,0,0,0,0,0,0,0,0,0,0,0,0,0,0,0,0,0,0,0,0,0,0,0,0,0,0,0,0,0,0,0,0,0,0,0,0,0,0,0,0,0,0,0,0,0,0,0,0,0,0,0,0,0,0,0,0,0,0,0,0,0,0,0,0,0,0,0,0,0,0,0,0,0,0,0,0,0,0,0,0,0,0,0,0,0,0,0,0,0,0,0,0,0,0,0,0,0,0,0,0,0,0,0,0,0,0,0,0,0,0,0,0,0,0,0,0,0,0,0,0,0,0,0,0,0,0,0,0,0,0,0,0,0,0,0,0,0,0,0,0,0,0,0,0,0,0,0,0,0,0,0,0,0,0,0,0,0,0,0,0,0,0,0,0,0,0,0,0,0,0,0,0,0,0,0,0,0,0,0,0,0,0,0,0,0,0,0,0,0,0,0,0,0,0,0,0,0,0,0,0,0,0,0,0,0,0,0,0,0,0,0,0,0,0,0,0,0,0,0,0,0,0,0,0,0,0,0,0,0,0,0,0,0,0,0,0,0,0,0,0,0,0,0,0,0,0,0,0,0.20199,0,1,0.83395,0.17839,0.21201,1,1,0.95917,0.24521,0,0,0,0,0,0,0,0,0,0,0,0,0,0,0,0,0,0,0,0,0,1,1,0.13205,0,1,1,1,0.67536,0.18601,0.69288,0.79356,0.7696,0.57842,0.27979,0.17626,0,0.18437,0.17244,0,1,1,1,1,1,1,1,0.82435,0.57569,1,1,1,0.53491,0.38812,0.89042,1,0.15137,0.19227,0.21525,1,1,1,1,0.97142,0.69845,0.4843,0.51173,0.30006,0.2267,0,0.1407,0.13578,0,0,0,0,0,0,0,0,0,0,0,0,0,0,0,1,1,1,0,0.9404,1,0.19785,1,1,1,1,0,0.19343,1,0,0,0,0,0,0,0,0,0,0,0,0,0,0,0,0,0,0,0,0,0,0,0,0,0,0,0,0,0,0,0,0,0,0,0,0,0.28058,0,0.54387,0.22837,1,0.27822,1,0,0,0,0,0,0,0,0,0,0,0,0,0,0,0,0,0,0,0,0,0,0,0,0,0,0,0,0,0,0,0,0,0,0
0,0,0,0,0,0,0,0,0,0,0,0,0,0,0,0,0,0,0,0,0,0,0,0,0,0,0,0,0,0,0,0,0,0,0,0,0,0,0,0,0,0,0,0,0,0,0,0,0,0,0,0,0,0,0,0,0,0,0,0,0,0,0,0,0,0,0,0,0,0,0,0,0,0,0,0,0,0,0,0,0,0,0,0,0,0,0,0,0,0,0,0,0,0,0,0,0,0,0,0,0,0,0,0,0,0,0,0,0,0,0,0,0,0,0,0,0,0,0,0,0,0,0,0,0,0,0,0,0,0,0,0,0,0,0,0,0,0,0,0,0,0,0,0,0,0,0,0,0,0,0,0,0,0,0,0,0,0,0,0,0,0,0,0,0,0,0,0,0,0,0,0,0,0,0,0,0,0,0,0,0,0,0,0,0,0,0,0,0,0,0,0,0,0,0,0,0,0,0,0,0,0,0,0,0,0,0,0,0,0,0,0,0,0,0,0,0,0,0,0,0,0,0,0,0,0,0,0,0,0,0,0,0,0,0,0,0,0,0,0,0,0,0,0,0,0,0,0,0,0,0,0,0,0,0,0,0,0,0,0,0,0,0,0,0,0,0,0,0,0,0,0,0,0,0,0,0,0,0,0,0,0,0,0,0,0,0,0,0,0,0,0,0,0,0,0,0,0,0,0,0,0,0,0,0,0,0,0,0,0,0,0,0.34114,0.16424,1,1,0.24128,0.3509,1,1,1,0.41173,0,0,0,0,0,0,0,0,0,0,0,0,0,0,0,0,0,0,0,0,0,1,1,0.17294,0,1,1,1,0.8064,0.21861,0.67322,0.81542,0.82716,0.66546,0.36944,0.195,0,0.19563,0.1732,0,1,1,1,1,1,1,1,1,0.83441,1,1,1,0.80649,0.66696,1,1,0.23147,0.32344,0.42623,1,1,1,0.82287,0.70032,0.46323,0.23647,0.26326,0.18883,0.15428,0,0,0,0,0,0,0,0,0,0,0,0,0,0,0,0,0,0,1,1,1,0,0.65934,0.9051,0,1,1,1,1,0,0,0.88244,0,0,0,0,0,0,0,0,0,0,0,0,0,0,0,0,0,0,0,0,0,0,0,0,0,0,0,0,0,0,0,0,0,0,0,0,0.24059,0,0.46704,0.17748,0.88244,0.20142,1,0,0,0,0,0,0,0,0,0,0,0,0,0,0,0,0,0,0,0,0,0,0,0,0,0,0,0,0,0,0,0,0,0,0
0,0,0,0,0,0,0,0,0,0,0,0,0,0,0,0,0,0,0,0,0,0,0,0,0,0,0,0,0,0,0,0,0,0,0,0,0,0,0,0,0,0,0,0,0,0,0,0,0,0,0,0,0,0,0,0,0,0,0,0,0,0,0,0,0,0,0,0,0,0,0,0,0,0,0,0,0,0,0,0,0,0,0,0,0,0,0,0,0,0,0,0,0,0,0,0,0,0,0,0,0,0,0,0,0,0,0,0,0,0,0,0,0,0,0,0,0,0,0,0,0,0,0,0,0,0,0,0,0,0,0,0,0,0,0,0,0,0,0,0,0,0,0,0,0,0,0,0,0,0,0,0,0,0,0,0,0,0,0,0,0,0,0,0,0,0,0,0,0,0,0,0,0,0,0,0,0,0,0,0,0,0,0,0,0,0,0,0,0,0,0,0,0,0,0,0,0,0,0,0,0,0,0,0,0,0,0,0,0,0,0,0,0,0,0,0,0,0,0,0,0,0,0,0,0,0,0,0,0,0,0,0,0,0,0,0,0,0,0,0,0,0,0,0,0,0,0,0,0,0,0,0,0,0,0,0,0,0,0,0,0,0,0,0,0,0,0,0,0,0,0,0,0,0,0,0,0,0,0,0,0,0,0,0,0,0,0,0,0,0,0,0,0,0,0,0,0,0,0,0,0,0,0,0,0,0,0,0,0,0,0,0,1,0.77444,1,1,0.86753,1,1,1,1,1,0.20283,0,0,0,0,0,0.43957,0.36502,0.17828,0,0,0,0,0,0,0,0,0,0.23795,0,0,1,1,0.46285,0.18411,1,1,1,1,0.51604,0.64124,0.89726,1,0.9624,0.69316,0.31891,0,0.25159,0.1972,0,1,1,1,1,1,1,1,1,1,1,1,1,1,1,1,1,0.98847,1,1,0.72437,0.6033,0.32793,0.23349,0.14312,0,0,0,0,0,0,0,0,0,0,0,0,0,0,0,0,0,0,0,0,0,0,0,1,0.61285,0.2215,0,0,0.18438,0,1,1,1,1,0,0,0.39861,0,0,0,0,0,0,0,0,0,0,0,0,0,0,0,0,0,0,0,0,0,0,0,0,0,0,0,0,0,0,0,0,0,0,0,0,0.20033,0,0.28053,0,0.54937,0,1,0,0,0,0,0,0,0,0,0,0,0,0,0,0,0,0,0,0,0,0,0,0,0,0,0,0,0,0,0,0,0,0,0,0
0,0,0,0,0,0,0,0,0,0,0,0,0,0,0,0,0,0,0,0,0,0,0,0,0,0,0,0,0,0,0,0,0,0,0,0,0,0,0,0,0,0,0,0,0,0,0,0,0,0,0,0,0,0,0,0,0,0,0,0,0,0,0,0,0,0,0,0,0,0,0,0,0,0,0,0,0,0,0,0,0,0,0,0,0,0,0,0,0,0,0,0,0,0,0,0,0,0,0,0,0,0,0,0,0,0,0,0,0,0,0,0,0,0,0,0,0,0,0,0,0,0,0,0,0,0,0,0,0,0,0,0,0,0,0,0,0,0,0,0,0,0,0,0,0,0,0,0,0,0,0,0,0,0,0,0,0,0,0,0,0,0,0,0,0,0,0,0,0,0,0,0,0,0,0,0,0,0,0,0,0,0,0,0,0,0,0,0,0,0,0,0,0,0,0,0,0,0,0,0,0,0,0,0,0,0,0,0,0,0,0,0,0,0,0,0,0,0,0,0,0,0,0,0,0,0,0,0,0,0,0,0,0,0,0,0,0,0,0,0,0,0,0,0,0,0,0,0,0,0,0,0,0,0,0,0,0,0,0,0,0,0,0,0,0,0,0,0,0,0,0,0,0,0,0,0,0,0,0,0,0,0,0,0,0,0,0,0,0,0,0,0,0,0,0,0,0,0,0,0,0,0,0,0,0,0,0,0,0,0,0,0,1,1,1,1,1,1,1,1,1,1,0.73944,0.24572,0,0,0,0,1,0.92407,0.53285,0.21131,0,0,0,0,0,0,0,0,0.68276,0.20507,0,1,1,0.88004,0.36945,1,1,1,1,0.85299,0.6244,0.95328,1,1,0.9843,0.55403,0.15268,0.42998,0.23314,0,1,1,1,1,1,1,1,1,1,1,1,1,1,1,1,1,1,1,1,0.21128,0.21711,0,0,0,0,0,0,0,0,0,0,0,0,0,0,0,0,0,0,0,0,0,0,0,0,0,0,0.64116,0.15348,0,0,0,0,0,0.54679,1,1,0.57928,0,0,0.18145,0,0,0,0,0,0,0,0,0,0,0,0,0,0,0,0,0,0,0,0,0,0,0,0,0,0,0,0,0,0,0,0,0,0,0,0,0.18248,0,0.22113,0,0.30073,0,0.93224,0,0,0,0,0,0,0,0,0,0,0,0,0,0,0,0,0,0,0,0,0,0,0,0,0,0,0,0,0,0,0,0,0,0
0,0,0,0,0,0,0,0,0,0,0,0,0,0,0,0,0,0,0,0,0,0,0,0,0,0,0,0,0,0,0,0,0,0,0,0,0,0,0,0,0,0,0,0,0,0,0,0,0,0,0,0,0,0,0,0,0,0,0,0,0,0,0,0,0,0,0,0,0,0,0,0,0,0,0,0,0,0,0,0,0,0,0,0,0,0,0,0,0,0,0,0,0,0,0,0,0,0,0,0,0,0,0,0,0,0,0,0,0,0,0,0,0,0,0,0,0,0,0,0,0,0,0,0,0,0,0,0,0,0,0,0,0,0,0,0,0,0,0,0,0,0,0,0,0,0,0,0,0,0,0,0,0,0,0,0,0,0,0,0,0,0,0,0,0,0,0,0,0,0,0,0,0,0,0,0,0,0,0,0,0,0,0,0,0,0,0,0,0,0,0,0,0,0,0,0,0,0,0,0,0,0,0,0,0,0,0,0,0,0,0,0,0,0,0,0,0,0,0,0,0,0,0,0,0,0,0,0,0,0,0,0,0,0,0,0,0,0,0,0,0,0,0,0,0,0,0,0,0,0,0,0,0,0,0,0,0,0,0,0,0,0,0,0,0,0,0,0,0,0,0,0,0,0,0,0,0,0,0,0,0,0,0,0,0,0,0,0,0,0,0,0,0,0,0,0,0,0,0,0,0,0,0,0,0,0,0,0,0,0,0,0,1,1,1,1,1,1,0.92379,1,1,1,1,0.85437,0.34996,0.12513,0,0,1,1,1,0.63605,0.19491,0.18208,0,0,0,0,0,0,1,0.47147,0,1,1,1,0.69209,1,1,1,1,1,0.59684,0.97009,1,1,1,0.78124,0.241,0.60627,0.31748,0.16731,1,1,0.89528,0.82435,1,1,1,1,1,1,1,1,1,1,1,0.97846,1,1,1,0,0,0,0,0,0,0,0,0,0,0,0,0,0,0,0,0,0,0,0,0,0,0,0,0,0,0,0,0.22393,0,0,0,0,0,0,0.16043,0.60773,0.47214,0.14854,0,0,0,0,0,0,0,0,0,0,0,0,0,0,0,0,0,0,0,0,0,0,0,0,0,0,0,0,0,0,0,0,0,0,0,0,0,0,0,0.17239,0,0.18942,0,0.19323,0,0.6006,0,0,0,0,0,0,0,0,0,0,0,0,0,0,0,0,0,0,0,0,0,0,0,0,0,0,0,0,0,0,0,0,0,0
0,0,0,0,0,0,0,0,0,0,0,0,0,0,0,0,0,0,0,0,0,0,0,0,0,0,0,0,0,0,0,0,0,0,0,0,0,0,0,0,0,0,0,0,0,0,0,0,0,0,0,0,0,0,0,0,0,0,0,0,0,0,0,0,0,0,0,0,0,0,0,0,0,0,0,0,0,0,0,0,0,0,0,0,0,0,0,0,0,0,0,0,0,0,0,0,0,0,0,0,0,0,0,0,0,0,0,0,0,0,0,0,0,0,0,0,0,0,0,0,0,0,0,0,0,0,0,0,0,0,0,0,0,0,0,0,0,0,0,0,0,0,0,0,0,0,0,0,0,0,0,0,0,0,0,0,0,0,0,0,0,0,0,0,0,0,0,0,0,0,0,0,0,0,0,0,0,0,0,0,0,0,0,0,0,0,0,0,0,0,0,0,0,0,0,0,0,0,0,0,0,0,0,0,0,0,0,0,0,0,0,0,0,0,0,0,0,0,0,0,0,0,0,0,0,0,0,0,0,0,0,0,0,0,0,0,0,0,0,0,0,0,0,0,0,0,0,0,0,0,0,0,0,0,0,0,0,0,0,0,0,0,0,0,0,0,0,0,0,0,0,0,0,0,0,0,0,0,0,0,0,0,0,0,0,0,0,0,0,0,0,0,0,0,0,0,0,0,0,0,0,0,0,0,0,0,0,0,0,0,0,0,1,1,1,1,1,1,0.61622,1,1,1,1,0.83359,0.28507,0,0,0,1,1,0.91389,0.51127,0.13536,0.13058,0,0,0,0,0,0,0.9994,0.26686,0,0.90311,1,1,0.47017,0.77554,1,1,1,0.93734,0.28597,0.6632,0.9393,1,0.98592,0.524,0.16147,0.3361,0.17832,0,1,1,0.62536,0.57569,0.83441,1,1,1,1,1,1,1,1,1,1,0.7815,1,1,1,0,0,0,0,0,0,0,0,0,0,0,0,0,0,0,0,0,0,0,0,0,0,0,0,0,0,0,0,0,0,0,0,0,0,0,0,0.29789,0.22757,0,0,0,0,0,0,0,0,0,0,0,0,0,0,0,0,0,0,0,0,0,0,0,0,0,0,0,0,0,0,0,0,0,0,0,0,0,0,0,0,0,0,0,0,0,0,0.27897,0,0,0,0,0,0,0,0,0,0,0,0,0,0,0,0,0,0,0,0,0,0,0,0,0,0,0,0,0,0,0,0,0,0
0,0,0,0,0,0,0,0,0,0,0,0,0,0,0,0,0,0,0,0,0,0,0,0,0,0,0,0,0,0,0,0,0,0,0,0,0,0,0,0,0,0,0,0,0,0,0,0,0,0,0,0,0,0,0,0,0,0,0,0,0,0,0,0,0,0,0,0,0,0,0,0,0,0,0,0,0,0,0,0,0,0,0,0,0,0,0,0,0,0,0,0,0,0,0,0,0,0,0,0,0,0,0,0,0,0,0,0,0,0,0,0,0,0,0,0,0,0,0,0,0,0,0,0,0,0,0,0,0,0,0,0,0,0,0,0,0,0,0,0,0,0,0,0,0,0,0,0,0,0,0,0,0,0,0,0,0,0,0,0,0,0,0,0,0,0,0,0,0,0,0,0,0,0,0,0,0,0,0,0,0,0,0,0,0,0,0,0,0,0,0,0,0,0,0,0,0,0,0,0,0,0,0,0,0,0,0,0,0,0,0,0,0,0,0,0,0,0,0,0,0,0,0,0,0,0,0,0,0,0,0,0,0,0,0,0,0,0,0,0,0,0,0,0,0,0,0,0,0,0,0,0,0,0,0,0,0,0,0,0,0,0,0,0,0,0,0,0,0,0,0,0,0,0,0,0,0,0,0,0,0,0,0,0,0,0,0,0,0,0,0,0,0,0,0,0,0,0,0,0,0,0,0,0,0,0,0,0,0,0,0,0,1,1,1,1,1,1,1,1,1,1,0.65388,0.21058,0,0,0,0,0.96735,0.78381,0.36496,0.15395,0,0,0,0,0,0,0,0,0.50046,0.13113,0,1,1,0.67583,0.21336,1,1,1,1,0.62476,0.34734,0.67953,0.89106,0.95298,0.74369,0.30533,0,0.22409,0.14439,0,1,1,1,1,1,1,1,1,1,1,1,1,1,1,1,1,1,1,1,0.14302,0.13501,0,0,0,0,0,0,0,0,0,0,0,0,0,0,0,0,0,0,0,0,0,0,0,0,0,0,0.41415,0,0,0,0,0,0,0.36454,0.80269,0.79448,0.45217,0,0,0,0,0,0,0,0,0,0,0,0,0,0,0,0,0,0,0,0,0,0,0,0,0,0,0,0,0,0,0,0,0,0,0,0,0,0,0,0,0,0.12822,0,0.17567,0,0.66962,0,0,0,0,0,0,0,0,0,0,0,0,0,0,0,0,0,0,0,0,0,0,0,0,0,0,0,0,0,0,0,0,0,0
0,0,0,0,0,0,0,0,0,0,0,0,0,0,0,0,0,0,0,0,0,0,0,0,0,0,0,0,0,0,0,0,0,0,0,0,0,0,0,0,0,0,0,0,0,0,0,0,0,0,0,0,0,0,0,0,0,0,0,0,0,0,0,0,0,0,0,0,0,0,0,0,0,0,0,0,0,0,0,0,0,0,0,0,0,0,0,0,0,0,0,0,0,0,0,0,0,0,0,0,0,0,0,0,0,0,0,0,0,0,0,0,0,0,0,0,0,0,0,0,0,0,0,0,0,0,0,0,0,0,0,0,0,0,0,0,0,0,0,0,0,0,0,0,0,0,0,0,0,0,0,0,0,0,0,0,0,0,0,0,0,0,0,0,0,0,0,0,0,0,0,0,0,0,0,0,0,0,0,0,0,0,0,0,0,0,0,0,0,0,0,0,0,0,0,0,0,0,0,0,0,0,0,0,0,0,0,0,0,0,0,0,0,0,0,0,0,0,0,0,0,0,0,0,0,0,0,0,0,0,0,0,0,0,0,0,0,0,0,0,0,0,0,0,0,0,0,0,0,0,0,0,0,0,0,0,0,0,0,0,0,0,0,0,0,0,0,0,0,0,0,0,0,0,0,0,0,0,0,0,0,0,0,0,0,0,0,0,0,0,0,0,0,0,0,0,0,0,0,0,0,0,0,0,0,0,0,0,0,0,0,0,1,0.93691,1,1,0.89609,1,1,1,1,0.99919,0.22662,0,0,0,0,0,0.50349,0.37137,0.16499,0,0,0,0,0,0,0,0,0,0.21833,0,0,1,1,0.37296,0.13473,1,1,1,1,0.38134,0.35385,0.63906,0.79539,0.7849,0.53626,0.21058,0,0.17935,0,0,1,1,1,1,1,1,1,1,1,1,1,1,1,1,1,1,1,1,1,0.34851,0.23947,0.15028,0,0,0,0,0,0,0,0,0,0,0,0,0,0,0,0,0,0,0,0,0,0,0,0,0,0.7777,0.2611,0,0,0,0,0,0.81819,1,1,0.96796,0,0,0.1744,0,0,0,0,0,0,0,0,0,0,0,0,0,0,0,0,0,0,0,0,0,0,0,0,0,0,0,0,0,0,0,0,0,0,0,0,0,0,0.15276,0,0.23141,0,0.90063,0,0,0,0,0,0,0,0,0,0,0,0,0,0,0,0,0,0,0,0,0,0,0,0,0,0,0,0,0,0,0,0,0,0
0,0,0,0,0,0,0,0,0,0,0,0,0,0,0,0,0,0,0,0,0,0,0,0,0,0,0,0,0,0,0,0,0,0,0,0,0,0,0,0,0,0,0,0,0,0,0,0,0,0,0,0,0,0,0,0,0,0,0,0,0,0,0,0,0,0,0,0,0,0,0,0,0,0,0,0,0,0,0,0,0,0,0,0,0,0,0,0,0,0,0,0,0,0,0,0,0,0,0,0,0,0,0,0,0,0,0,0,0,0,0,0,0,0,0,0,0,0,0,0,0,0,0,0,0,0,0,0,0,0,0,0,0,0,0,0,0,0,0,0,0,0,0,0,0,0,0,0,0,0,0,0,0,0,0,0,0,0,0,0,0,0,0,0,0,0,0,0,0,0,0,0,0,0,0,0,0,0,0,0,0,0,0,0,0,0,0,0,0,0,0,0,0,0,0,0,0,0,0,0,0,0,0,0,0,0,0,0,0,0,0,0,0,0,0,0,0,0,0,0,0,0,0,0,0,0,0,0,0,0,0,0,0,0,0,0,0,0,0,0,0,0,0,0,0,0,0,0,0,0,0,0,0,0,0,0,0,0,0,0,0,0,0,0,0,0,0,0,0,0,0,0,0,0,0,0,0,0,0,0,0,0,0,0,0,0,0,0,0,0,0,0,0,0,0,0,0,0,0,0,0,0,0,0,0,0,0,0,0,0,0,0,1,1,1,1,1,1,0.92654,1,1,1,0.45752,0.14128,0,0,0,0,0.76112,0.54961,0.20531,0,0,0,0,0,0,0,0,0,0.24772,0,0,1,1,0.40747,0,0.81415,0.89839,0.96365,1,0.34702,0.19067,0.39995,0.60821,0.66945,0.4623,0.17414,0,0.12948,0,0,1,1,1,1,1,1,1,1,1,1,1,1,1,1,1,1,1,1,1,0,0,0,0,0,0,0,0,0,0,0,0,0,0,0,0,0,0,0,0,0,0,0,0,0,0,0,0,0.24684,0,0,0,0,0,0,0.24854,0.60892,0.64427,0.39409,0,0,0,0,0,0,0,0,0,0,0,0,0,0,0,0,0,0,0,0,0,0,0,0,0,0,0,0,0,0,0,0,0,0,0,0,0,0,0,0,0,0,0,0,0,0.44405,0,0,0,0,0,0,0,0,0,0,0,0,0,0,0,0,0,0,0,0,0,0,0,0,0,0,0,0,0,0,0,0,0,0
0,0,0,0,0,0,0,0,0,0,0,0,0,0,0,0,0,0,0,0,0,0,0,0,0,0,0,0,0,0,0,0,0,0,0,0,0,0,0,0,0,0,0,0,0,0,0,0,0,0,0,0,0,0,0,0,0,0,0,0,0,0,0,0,0,0,0,0,0,0,0,0,0,0,0,0,0,0,0,0,0,0,0,0,0,0,0,0,0,0,0,0,0,0,0,0,0,0,0,0,0,0,0,0,0,0,0,0,0,0,0,0,0,0,0,0,0,0,0,0,0,0,0,0,0,0,0,0,0,0,0,0,0,0,0,0,0,0,0,0,0,0,0,0,0,0,0,0,0,0,0,0,0,0,0,0,0,0,0,0,0,0,0,0,0,0,0,0,0,0,0,0,0,0,0,0,0,0,0,0,0,0,0,0,0,0,0,0,0,0,0,0,0,0,0,0,0,0,0,0,0,0,0,0,0,0,0,0,0,0,0,0,0,0,0,0,0,0,0,0,0,0,0,0,0,0,0,0,0,0,0,0,0,0,0,0,0,0,0,0,0,0,0,0,0,0,0,0,0,0,0,0,0,0,0,0,0,0,0,0,0,0,0,0,0,0,0,0,0,0,0,0,0,0,0,0,0,0,0,0,0,0,0,0,0,0,0,0,0,0,0,0,0,0,0,0,0,0,0,0,0,0,0,0,0,0,0,0,0,0,0,0,1,1,1,1,1,1,0.45679,1,1,1,1,0.52499,0.15264,0,0,0,1,1,0.56336,0.22078,0,0,0,0,0,0,0,0,0.64331,0.13587,0,0.71724,1,0.72883,0.20405,0.5364,0.7382,0.89488,1,0.5811,0.16027,0.35121,0.61703,0.77122,0.63567,0.22474,0,0.16396,0,0,1,1,0.54766,0.53491,0.80649,1,1,1,1,1,1,1,1,1,1,0.81272,1,1,1,0,0,0,0,0,0,0,0,0,0,0,0,0,0,0,0,0,0,0,0,0,0,0,0,0,0,0,0,0,0,0,0,0,0,0,0,0.21151,0.19047,0,0,0,0,0,0,0,0,0,0,0,0,0,0,0,0,0,0,0,0,0,0,0,0,0,0,0,0,0,0,0,0,0,0,0,0,0,0,0,0,0,0,0,0,0,0,0.18982,0,0,0,0,0,0,0,0,0,0,0,0,0,0,0,0,0,0,0,0,0,0,0,0,0,0,0,0,0,0,0,0,0,0
0,0,0,0,0,0,0,0,0,0,0,0,0,0,0,0,0,0,0,0,0,0,0,0,0,0,0,0,0,0,0,0,0,0,0,0,0,0,0,0,0,0,0,0,0,0,0,0,0,0,0,0,0,0,0,0,0,0,0,0,0,0,0,0,0,0,0,0,0,0,0,0,0,0,0,0,0,0,0,0,0,0,0,0,0,0,0,0,0,0,0,0,0,0,0,0,0,0,0,0,0,0,0,0,0,0,0,0,0,0,0,0,0,0,0,0,0,0,0,0,0,0,0,0,0,0,0,0,0,0,0,0,0,0,0,0,0,0,0,0,0,0,0,0,0,0,0,0,0,0,0,0,0,0,0,0,0,0,0,0,0,0,0,0,0,0,0,0,0,0,0,0,0,0,0,0,0,0,0,0,0,0,0,0,0,0,0,0,0,0,0,0,0,0,0,0,0,0,0,0,0,0,0,0,0,0,0,0,0,0,0,0,0,0,0,0,0,0,0,0,0,0,0,0,0,0,0,0,0,0,0,0,0,0,0,0,0,0,0,0,0,0,0,0,0,0,0,0,0,0,0,0,0,0,0,0,0,0,0,0,0,0,0,0,0,0,0,0,0,0,0,0,0,0,0,0,0,0,0,0,0,0,0,0,0,0,0,0,0,0,0,0,0,0,0,0,0,0,0,0,0,0,0,0,0,0,0,0,0,0,0,0,1,1,1,1,1,1,0.23573,1,1,1,0.77427,0.23979,0,0,0,0,1,0.7005,0.23635,0,0,0,0,0,0,0,0,0,0.28033,0,0,0.44394,0.97647,0.35674,0,0.24172,0.4014,0.54286,0.84203,0.23508,0,0.16436,0.25279,0.39911,0.26003,0,0,0,0,0,1,1,0.36681,0.38812,0.66696,1,1,1,1,1,1,1,1,1,1,0.73093,1,1,1,0,0,0,0,0,0,0,0,0,0,0,0,0,0,0,0,0,0,0,0,0,0,0,0,0,0,0,0,0,0,0,0,0,0,0,0,0.12825,0,0,0,0,0,0,0,0,0,0,0,0,0,0,0,0,0,0,0,0,0,0,0,0,0,0,0,0,0,0,0,0,0,0,0,0,0,0,0,0,0,0,0,0,0,0,0,0,0,0,0,0,0,0,0,0,0,0,0,0,0,0,0,0,0,0,0,0,0,0,0,0,0,0,0,0,0,0,0,0,0,0
0,0,0,0,0,0,0,0,0,0,0,0,0,0,0,0,0,0,0,0,0,0,0,0,0,0,0,0,0,0,0,0,0,0,0,0,0,0,0,0,0,0,0,0,0,0,0,0,0,0,0,0,0,0,0,0,0,0,0,0,0,0,0,0,0,0,0,0,0,0,0,0,0,0,0,0,0,0,0,0,0,0,0,0,0,0,0,0,0,0,0,0,0,0,0,0,0,0,0,0,0,0,0,0,0,0,0,0,0,0,0,0,0,0,0,0,0,0,0,0,0,0,0,0,0,0,0,0,0,0,0,0,0,0,0,0,0,0,0,0,0,0,0,0,0,0,0,0,0,0,0,0,0,0,0,0,0,0,0,0,0,0,0,0,0,0,0,0,0,0,0,0,0,0,0,0,0,0,0,0,0,0,0,0,0,0,0,0,0,0,0,0,0,0,0,0,0,0,0,0,0,0,0,0,0,0,0,0,0,0,0,0,0,0,0,0,0,0,0,0,0,0,0,0,0,0,0,0,0,0,0,0,0,0,0,0,0,0,0,0,0,0,0,0,0,0,0,0,0,0,0,0,0,0,0,0,0,0,0,0,0,0,0,0,0,0,0,0,0,0,0,0,0,0,0,0,0,0,0,0,0,0,0,0,0,0,0,0,0,0,0,0,0,0,0,0,0,0,0,0,0,0,0,0,0,0,0,0,0,0,0,0,1,1,1,1,0.94917,1,0.58156,1,1,0.9524,0.39083,0,0,0,0,0,0.67478,0.4176,0.15273,0,0,0,0,0,0,0,0,0,0.18879,0,0,0.7706,1,0.23397,0,0.47476,0.57419,0.65614,0.81026,0.20384,0,0.19744,0.31409,0.39846,0.23643,0,0,0,0,0,1,1,0.8335,0.89042,1,1,1,1,1,1,1,1,1,1,1,1,1,1,1,0,0,0,0,0,0,0,0,0,0,0,0,0,0,0,0,0,0,0,0,0,0,0,0,0,0,0,0,0.13366,0,0,0,0,0,0,0.14249,0.26466,0.31162,0.2037,0,0,0,0,0,0,0,0,0,0,0,0,0,0,0,0,0,0,0,0,0,0,0,0,0,0,0,0,0,0,0,0,0,0,0,0,0,0,0,0,0,0,0,0,0,0.19941,0,0,0,0,0,0,0,0,0,0,0,0,0,0,0,0,0,0,0,0,0,0,0,0,0,0,0,0,0,0,0,0,0,0
0,0,0,0,0,0,0,0,0,0,0,0,0,0,0,0,0,0,0,0,0,0,0,0,0,0,0,0,0,0,0,0,0,0,0,0,0,0,0,0,0,0,0,0,0,0,0,0,0,0,0,0,0,0,0,0,0,0,0,0,0,0,0,0,0,0,0,0,0,0,0,0,0,0,0,0,0,0,0,0,0,0,0,0,0,0,0,0,0,0,0,0,0,0,0,0,0,0,0,0,0,0,0,0,0,0,0,0,0,0,0,0,0,0,0,0,0,0,0,0,0,0,0,0,0,0,0,0,0,0,0,0,0,0,0,0,0,0,0,0,0,0,0,0,0,0,0,0,0,0,0,0,0,0,0,0,0,0,0,0,0,0,0,0,0,0,0,0,0,0,0,0,0,0,0,0,0,0,0,0,0,0,0,0,0,0,0,0,0,0,0,0,0,0,0,0,0,0,0,0,0,0,0,0,0,0,0,0,0,0,0,0,0,0,0,0,0,0,0,0,0,0,0,0,0,0,0,0,0,0,0,0,0,0,0,0,0,0,0,0,0,0,0,0,0,0,0,0,0,0,0,0,0,0,0,0,0,0,0,0,0,0,0,0,0,0,0,0,0,0,0,0,0,0,0,0,0,0,0,0,0,0,0,0,0,0,0,0,0,0,0,0,0,0,0,0,0,0,0,0,0,0,0,0,0,0,0,0,0,0,0,0,0.24119,0.12591,1,0.84354,0.17122,0.22906,1,1,0.90438,0.22667,0,0,0,0,0,0,0,0,0,0,0,0,0,0,0,0,0,0,0,0,0,1,1,0,0,1,1,0.86844,0.51334,0,0.28166,0.43978,0.47159,0.3325,0.18023,0,0,0,0,0,1,1,1,1,1,1,1,0.97846,0.7815,1,1,1,0.81272,0.73093,1,1,0.19731,0.24585,0.57849,1,0.84833,0.84408,0.47778,0.44411,0.21058,0.15725,0.15077,0,0,0,0,0,0,0,0,0,0,0,0,0,0,0,0,0,0,0,0,1,1,0.85839,0,0.47337,0.8085,0,1,1,1,1,0,0,0.49953,0,0,0,0,0,0,0,0,0,0,0,0,0,0,0,0,0,0,0,0,0,0,0,0,0,0,0,0,0,0,0,0,0,0,0,0,0,0,0.18833,0,0.48229,0,1,0,0,0,0,0,0,0,0,0,0,0,0,0,0,0,0,0,0,0,0,0,0,0,0,0,0,0,0,0,0,0,0,0,0
0,0,0,0,0,0,0,0,0,0,0,0,0,0,0,0,0,0,0,0,0,0,0,0,0,0,0,0,0,0,0,0,0,0,0,0,0,0,0,0,0,0,0,0,0,0,0,0,0,0,0,0,0,0,0,0,0,0,0,0,0,0,0,0,0,0,0,0,0,0,0,0,0,0,0,0,0,0,0,0,0,0,0,0,0,0,0,0,0,0,0,0,0,0,0,0,0,0,0,0,0,0,0,0,0,0,0,0,0,0,0,0,0,0,0,0,0,0,0,0,0,0,0,0,0,0,0,0,0,0,0,0,0,0,0,0,0,0,0,0,0,0,0,0,0,0,0,0,0,0,0,0,0,0,0,0,0,0,0,0,0,0,0,0,0,0,0,0,0,0,0,0,0,0,0,0,0,0,0,0,0,0,0,0,0,0,0,0,0,0,0,0,0,0,0,0,0,0,0,0,0,0,0,0,0,0,0,0,0,0,0,0,0,0,0,0,0,0,0,0,0,0,0,0,0,0,0,0,0,0,0,0,0,0,0,0,0,0,0,0,0,0,0,0,0,0,0,0,0,0,0,0,0,0,0,0,0,0,0,0,0,0,0,0,0,0,0,0,0,0,0,0,0,0,0,0,0,0,0,0,0,0,0,0,0,0,0,0,0,0,0,0,0,0,0,0,0,0,0,0,0,0,0,0,0,0,0,0,0,0,0,0,1,1,1,1,1,1,0.21922,0.99337,1,1,1,1,0.91732,0.33496,0,0,1,1,1,1,0.33615,0.37604,0.22602,0,0,0,0,0,1,0.61982,0,0.48178,1,1,0.766,0.47741,0.80264,1,1,1,0.23943,0.60759,0.91589,1,1,0.70312,0.24945,0.47506,0.21112,0.13091,1,0.85678,0.1818,0.15137,0.23147,0.98847,1,1,1,1,1,1,1,1,1,0.19731,1,1,1,0,0,0,0,0,0,0,0,0,0,0,0,0,0,0,0,0,0,0,0,0,0,0,0,0,0,0,0,0,0,0,0,0,0,0,0,0,0,0,0,0,0,0,0,0,0,0,0,0,0,0,0,0,0,0,0,0,0,0,0,0,0,0,0,0,0,0,0,0,0,0,0,0,0,0,0,0,0,0,0,0,0,0,0,0.14349,0,0,0,0,0,0,0,0,0,0,0,0,0,0,0,0,0,0,0,0,0,0,0,0,0,0,0,0,0,0,0,0,0,0
0,0,0,0,0,0,0,0,0,0,0,0,0,0,0,0,0,0,0,0,0,0,0,0,0,0,0,0,0,0,0,0,0,0,0,0,0,0,0,0,0,0,0,0,0,0,0,0,0,0,0,0,0,0,0,0,0,0,0,0,0,0,0,0,0,0,0,0,0,0,0,0,0,0,0,0,0,0,0,0,0,0,0,0,0,0,0,0,0,0,0,0,0,0,0,0,0,0,0,0,0,0,0,0,0,0,0,0,0,0,0,0,0,0,0,0,0,0,0,0,0,0,0,0,0,0,0,0,0,0,0,0,0,0,0,0,0,0,0,0,0,0,0,0,0,0,0,0,0,0,0,0,0,0,0,0,0,0,0,0,0,0,0,0,0,0,0,0,0,0,0,0,0,0,0,0,0,0,0,0,0,0,0,0,0,0,0,0,0,0,0,0,0,0,0,0,0,0,0,0,0,0,0,0,0,0,0,0,0,0,0,0,0,0,0,0,0,0,0,0,0,0,0,0,0,0,0,0,0,0,0,0,0,0,0,0,0,0,0,0,0,0,0,0,0,0,0,0,0,0,0,0,0,0,0,0,0,0,0,0,0,0,0,0,0,0,0,0,0,0,0,0,0,0,0,0,0,0,0,0,0,0,0,0,0,0,0,0,0,0,0,0,0,0,0,0,0,0,0,0,0,0,0,0,0,0,0,0,0,0,0,0,1,1,1,1,1,1,0.2447,1,1,1,1,1,0.73899,0.22214,0,0,1,1,1,0.87908,0.23196,0.24149,0.17411,0,0,0,0,0,1,0.49773,0,0.54985,1,1,0.65787,0.51331,0.81879,1,1,1,0.23145,0.58328,0.88627,1,1,0.6222,0.21496,0.40227,0.18947,0,1,0.9835,0.21856,0.19227,0.32344,1,1,1,1,1,1,1,1,1,1,0.24585,1,1,1,0,0,0,0,0,0,0,0,0,0,0,0,0,0,0,0,0,0,0,0,0,0,0,0,0,0,0,0,0,0,0,0,0,0,0,0,0.14229,0,0,0,0,0,0,0,0,0,0,0,0,0,0,0,0,0,0,0,0,0,0,0,0,0,0,0,0,0,0,0,0,0,0,0,0,0,0,0,0,0,0,0,0,0,0,0,0.15884,0,0,0,0,0,0,0,0,0,0,0,0,0,0,0,0,0,0,0,0,0,0,0,0,0,0,0,0,0,0,0,0,0,0
0,0,0,0,0,0,0,0,0,0,0,0,0,0,0,0,0,0,0,0,0,0,0,0,0,0,0,0,0,0,0,0,0,0,0,0,0,0,0,0,0,0,0,0,0,0,0,0,0,0,0,0,0,0,0,0,0,0,0,0,0,0,0,0,0,0,0,0,0,0,0,0,0,0,0,0,0,0,0,0,0,0,0,0,0,0,0,0,0,0,0,0,0,0,0,0,0,0,0,0,0,0,0,0,0,0,0,0,0,0,0,0,0,0,0,0,0,0,0,0,0,0,0,0,0,0,0,0,0,0,0,0,0,0,0,0,0,0,0,0,0,0,0,0,0,0,0,0,0,0,0,0,0,0,0,0,0,0,0,0,0,0,0,0,0,0,0,0,0,0,0,0,0,0,0,0,0,0,0,0,0,0,0,0,0,0,0,0,0,0,0,0,0,0,0,0,0,0,0,0,0,0,0,0,0,0,0,0,0,0,0,0,0,0,0,0,0,0,0,0,0,0,0,0,0,0,0,0,0,0,0,0,0,0,0,0,0,0,0,0,0,0,0,0,0,0,0,0,0,0,0,0,0,0,0,0,0,0,0,0,0,0,0,0,0,0,0,0,0,0,0,0,0,0,0,0,0,0,0,0,0,0,0,0,0,0,0,0,0,0,0,0,0,0,0,0,0,0,0,0,0,0,0,0,0,0,0,0,0,0,0,0,1,1,1,1,0.57253,0.99085,0,0.58754,0.7957,0.5071,0.22778,0,0,0,0,0,0.41266,0.19199,0,0,0,0,0,0,0,0,0,0,0,0,0,0.16768,0.45724,0,0,0,0,0.15774,0.24202,0,0,0,0,0,0,0,0,0,0,0,1,0.90193,0.19051,0.21525,0.42623,1,1,1,1,1,1,1,1,1,1,0.57849,1,1,1,0,0,0,0,0,0,0,0,0,0,0,0,0,0,0,0,0,0,0,0,0,0,0,0,0,0,0,0,0,0,0,0,0,0,0,0,0,0,0,0,0,0,0,0,0,0,0,0,0,0,0,0,0,0,0,0,0,0,0,0,0,0,0,0,0,0,0,0,0,0,0,0,0,0,0,0,0,0,0,0,0,0,0,0,0,0,0,0,0,0,0,0,0,0,0,0,0,0,0,0,0,0,0,0,0,0,0,0,0,0,0,0,0,0,0,0,0,0,0
0,0,0,0,0,0,0,0,0,0,0,0,0,0,0,0,0,0,0,0,0,0,0,0,0,0,0,0,0,0,0,0,0,0,0,0,0,0,0,0,0,0,0,0,0,0,0,0,0,0,0,0,0,0,0,0,0,0,0,0,0,0,0,0,0,0,0,0,0,0,0,0,0,0,0,0,0,0,0,0,0,0,0,0,0,0,0,0,0,0,0,0,0,0,0,0,0,0,0,0,0,0,0,0,0,0,0,0,0,0,0,0,0,0,0,0,0,0,0,0,0,0,0,0,0,0,0,0,0,0,0,0,0,0,0,0,0,0,0,0,0,0,0,0,0,0,0,0,0,0,0,0,0,0,0,0,0,0,0,0,0,0,0,0,0,0,0,0,0,0,0,0,0,0,0,0,0,0,0,0,0,0,0,0,0,0,0,0,0,0,0,0,0,0,0,0,0,0,0,0,0,0,0,0,0,0,0,0,0,0,0,0,0,0,0,0,0,0,0,0,0,0,0,0,0,0,0,0,0,0,0,0,0,0,0,0,0,0,0,0,0,0,0,0,0,0,0,0,0,0,0,0,0,0,0,0,0,0,0,0,0,0,0,0,0,0,0,0,0,0,0,0,0,0,0,0,0,0,0,0,0,0,0,0,0,0,0,0,0,0,0,0,0,0,0,0,0,0,0,0,0,0,0,0,0,0,0,0,0,0,0,0,0,0,0.47159,0,0,0,1,1,0.18066,0,0,0,0,0,0,0,0,0,0,0,0,0,0,0,0,0,0,0,0,0,0,1,0.84648,0,0,1,0.94915,0.65017,0.16926,0,0.73611,0.61076,0.4223,0.20816,0,0,0,0.14217,0.185,0,0.15583,1,1,1,1,0.72437,0.21128,0,0,0.14302,0.34851,0,0,0,0,1,0,0,0,1,1,1,1,1,1,1,1,1,1,0.97448,1,1,0.46862,1,0.898,0.75052,0.80151,0.61493,0.79343,0.80306,0.55765,0.23202,0,0,0.1282,0,0,1,1,1,0.14509,1,1,1,1,1,1,1,0.33096,1,1,0,0,0,0,0,0,0,0,0,0.85711,0.64202,0.24547,0,0,0,0,0,0,0,0.42266,0.22952,0.18424,0,0,0,0,0,0,0,0,0,0,0,0.18575,0,0.25829,0.60359,0.5294,0.92047,1,1,1,1,0,0,0,0,0,0,0,0,0,0,0,0,0,0,0,0,0,0,0,0,0,0,0,0,0,0,0,0,0,0,0,0,0,0
0,0,0,0,0,0,0,0,0,0,0,0,0,0,0,0,0,0,0,0,0,0,0,0,0,0,0,0,0,0,0,0,0,0,0,0,0,0,0,0,0,0,0,0,0,0,0,0,0,0,0,0,0,0,0,0,0,0,0,0,0,0,0,0,0,0,0,0,0,0,0,0,0,0,0,0,0,0,0,0,0,0,0,0,0,0,0,0,0,0,0,0,0,0,0,0,0,0,0,0,0,0,0,0,0,0,0,0,0,0,0,0,0,0,0,0,0,0,0,0,0,0,0,0,0,0,0,0,0,0,0,0,0,0,0,0,0,0,0,0,0,0,0,0,0,0,0,0,0,0,0,0,0,0,0,0,0,0,0,0,0,0,0,0,0,0,0,0,0,0,0,0,0,0,0,0,0,0,0,0,0,0,0,0,0,0,0,0,0,0,0,0,0,0,0,0,0,0,0,0,0,0,0,0,0,0,0,0,0,0,0,0,0,0,0,0,0,0,0,0,0,0,0,0,0,0,0,0,0,0,0,0,0,0,0,0,0,0,0,0,0,0,0,0,0,0,0,0,0,0,0,0,0,0,0,0,0,0,0,0,0,0,0,0,0,0,0,0,0,0,0,0,0,0,0,0,0,0,0,0,0,0,0,0,0,0,0,0,0,0,0,0,0,0,0,0,0,0,0,0,0,0,0,0,0,0,0,0,0,0,0,0,0,0,0.61649,0.19874,0,0,1,1,0.34988,0,0,0,0,0,0,0,0,0,0,0,0,0,0,0,0,0,0,0,0,0,0.1329,1,1,0.13308,0.17343,1,1,1,0.4576,0.23319,1,1,0.99044,0.66962,0.42876,0.45169,0.19499,0.61816,0.79441,0.49252,0.20876,0.92577,1,1,1,0.6033,0.21711,0,0,0.13501,0.23947,0,0,0,0,0.84833,0,0,0,1,1,1,1,1,1,1,1,1,1,0.88123,1,1,0.84962,1,1,0.74394,0.92952,0.76576,1,1,1,0.37371,0.244,0.19618,0.38223,0.35145,0,1,1,1,0.22233,1,1,0.91056,1,1,1,1,0.63314,1,1,0.21023,0.14248,0,0,0,0,0,0,0,1,1,1,0.59849,0.35667,0.16872,0,0,0,0,1,0.81789,0.72455,0.55319,0.31752,0.16602,0,0,0,0.22083,0.1423,0,0,0,0.85631,0.61691,1,1,1,1,1,1,1,1,0,0,0,0,0,0,0,0,0,0,0,0,0,0,0,0,0,0,0,0,0,0,0,0,0,0,0,0,0,0,0,0,0,0
0,0,0,0,0,0,0,0,0,0,0,0,0,0,0,0,0,0,0,0,0,0,0,0,0,0,0,0,0,0,0,0,0,0,0,0,0,0,0,0,0,0,0,0,0,0,0,0,0,0,0,0,0,0,0,0,0,0,0,0,0,0,0,0,0,0,0,0,0,0,0,0,0,0,0,0,0,0,0,0,0,0,0,0,0,0,0,0,0,0,0,0,0,0,0,0,0,0,0,0,0,0,0,0,0,0,0,0,0,0,0,0,0,0,0,0,0,0,0,0,0,0,0,0,0,0,0,0,0,0,0,0,0,0,0,0,0,0,0,0,0,0,0,0,0,0,0,0,0,0,0,0,0,0,0,0,0,0,0,0,0,0,0,0,0,0,0,0,0,0,0,0,0,0,0,0,0,0,0,0,0,0,0,0,0,0,0,0,0,0,0,0,0,0,0,0,0,0,0,0,0,0,0,0,0,0,0,0,0,0,0,0,0,0,0,0,0,0,0,0,0,0,0,0,0,0,0,0,0,0,0,0,0,0,0,0,0,0,0,0,0,0,0,0,0,0,0,0,0,0,0,0,0,0,0,0,0,0,0,0,0,0,0,0,0,0,0,0,0,0,0,0,0,0,0,0,0,0,0,0,0,0,0,0,0,0,0,0,0,0,0,0,0,0,0,0,0,0,0,0,0,0,0,0,0,0,0,0,0,0,0,0,0,0,0.20196,0,0,0,1,0.71118,0,0,0,0,0,0,0,0,0,0,0,0,0,0,0,0,0,0,0,0,0,0,0,1,0.51197,0,0,1,0.67646,0.3739,0,0,0.57229,0.39944,0.22772,0,0,0,0,0,0.13948,0,0,0.62151,1,1,1,0.32793,0,0,0,0,0.15028,0,0,0,0,0.84408,0,0,0,1,1,1,1,1,1,1,1,1,1,1,1,1,0.81193,1,1,1,1,1,1,1,0.85718,0.58294,0.22436,0.15587,0.23278,0.20084,0,1,1,1,0.31589,1,1,1,1,1,1,1,0.69538,1,1,0,0,0,0,0,0,0,0,0,1,0.85088,0.38798,0.15434,0,0,0,0,0,0,0.68142,0.4399,0.28163,0.17946,0,0,0,0,0,0,0,0,0,0,0.22382,0,0.2875,0.52254,0.57393,0.83774,1,1,1,1,0,0,0,0,0,0,0,0,0,0,0,0,0,0,0,0,0,0,0,0,0,0,0,0,0,0,0,0,0,0,0,0,0,0
0,0,0,0,0,0,0,0,0,0,0,0,0,0,0,0,0,0,0,0,0,0,0,0,0,0,0,0,0,0,0,0,0,0,0,0,0,0,0,0,0,0,0,0,0,0,0,0,0,0,0,0,0,0,0,0,0,0,0,0,0,0,0,0,0,0,0,0,0,0,0,0,0,0,0,0,0,0,0,0,0,0,0,0,0,0,0,0,0,0,0,0,0,0,0,0,0,0,0,0,0,0,0,0,0,0,0,0,0,0,0,0,0,0,0,0,0,0,0,0,0,0,0,0,0,0,0,0,0,0,0,0,0,0,0,0,0,0,0,0,0,0,0,0,0,0,0,0,0,0,0,0,0,0,0,0,0,0,0,0,0,0,0,0,0,0,0,0,0,0,0,0,0,0,0,0,0,0,0,0,0,0,0,0,0,0,0,0,0,0,0,0,0,0,0,0,0,0,0,0,0,0,0,0,0,0,0,0,0,0,0,0,0,0,0,0,0,0,0,0,0,0,0,0,0,0,0,0,0,0,0,0,0,0,0,0,0,0,0,0,0,0,0,0,0,0,0,0,0,0,0,0,0,0,0,0,0,0,0,0,0,0,0,0,0,0,0,0,0,0,0,0,0,0,0,0,0,0,0,0,0,0,0,0,0,0,0,0,0,0,0,0,0,0,0,0,0,0,0,0,0,0,0,0,0,0,0,0,0,0,0,0,0,0,0.24019,0,0,0,1,0.79824,0.16036,0,0,0,0,0,0,0,0,0,0,0,0,0,0,0,0,0,0,0,0,0,0,1,0.73771,0,0,1,1,0.78959,0.20894,0.14326,1,0.96603,0.69972,0.37385,0.21734,0.24149,0.13841,0.41356,0.63153,0.36751,0,0.52237,1,1,0.82287,0.23349,0,0,0,0,0,0,0,0,0,0.47778,0,0,0,1,1,1,1,1,1,1,1,1,1,1,1,1,1,1,1,1,1,1,1,1,1,0.77472,0.6283,0.47658,0.76151,0.71701,0.23364,1,1,1,0.57118,1,1,1,1,1,1,1,1,1,1,0.20105,0.13393,0,0.12568,0,0,0,0,0,1,1,1,0.80479,0.50614,0.20926,0,0,0,0,1,1,1,0.82795,0.56336,0.23636,0,0,0,0.46359,0.24642,0.14123,0.14426,0,1,0.60674,1,1,1,1,1,1,1,1,0,0,0,0,0,0,0,0,0,0,0,0,0,0,0,0,0,0,0,0,0,0,0,0,0,0,0,0,0,0,0,0,0,0
0,0,0,0,0,0,0,0,0,0,0,0,0,0,0,0,0,0,0,0,0,0,0,0,0,0,0,0,0,0,0,0,0,0,0,0,0,0,0,0,0,0,0,0,0,0,0,0,0,0,0,0,0,0,0,0,0,0,0,0,0,0,0,0,0,0,0,0,0,0,0,0,0,0,0,0,0,0,0,0,0,0,0,0,0,0,0,0,0,0,0,0,0,0,0,0,0,0,0,0,0,0,0,0,0,0,0,0,0,0,0,0,0,0,0,0,0,0,0,0,0,0,0,0,0,0,0,0,0,0,0,0,0,0,0,0,0,0,0,0,0,0,0,0,0,0,0,0,0,0,0,0,0,0,0,0,0,0,0,0,0,0,0,0,0,0,0,0,0,0,0,0,0,0,0,0,0,0,0,0,0,0,0,0,0,0,0,0,0,0,0,0,0,0,0,0,0,0,0,0,0,0,0,0,0,0,0,0,0,0,0,0,0,0,0,0,0,0,0,0,0,0,0,0,0,0,0,0,0,0,0,0,0,0,0,0,0,0,0,0,0,0,0,0,0,0,0,0,0,0,0,0,0,0,0,0,0,0,0,0,0,0,0,0,0,0,0,0,0,0,0,0,0,0,0,0,0,0,0,0,0,0,0,0,0,0,0,0,0,0,0,0,0,0,0,0,0,0,0,0,0,0,0,0,0,0,0,0,0,0,0,0,0,0,0,0,0,0,1,0.33999,0,0,0,0,0,0,0,0,0,0,0,0,0,0,0,0,0,0,0,0,0,0,0,0.87876,0.22214,0,0,0.78849,0.38129,0.1929,0,0,0.3732,0.22019,0.14071,0,0,0,0,0,0,0,0,0.242,1,0.97142,0.70032,0.14312,0,0,0,0,0,0,0,0,0,0.44411,0,0,0,1,1,1,1,1,1,1,1,1,1,1,1,1,1,1,1,1,1,1,1,1,1,0.97312,0.51423,0.29473,0.50314,0.38754,0.13469,1,1,1,0.69925,1,1,1,1,1,1,1,1,1,1,0,0,0,0,0,0,0,0,0,1,1,0.50554,0.19286,0,0,0,0,0,0,0.91552,0.66898,0.48714,0.23876,0.13546,0,0,0,0,0.14235,0,0,0,0,0.25249,0,0.27823,0.40067,0.57446,0.70741,1,1,1,1,0,0,0,0,0,0,0,0,0,0,0,0,0,0,0,0,0,0,0,0,0,0,0,0,0,0,0,0,0,0,0,0,0,0
0,0,0,0,0,0,0,0,0,0,0,0,0,0,0,0,0,0,0,0,0,0,0,0,0,0,0,0,0,0,0,0,0,0,0,0,0,0,0,0,0,0,0,0,0,0,0,0,0,0,0,0,0,0,0,0,0,0,0,0,0,0,0,0,0,0,0,0,0,0,0,0,0,0,0,0,0,0,0,0,0,0,0,0,0,0,0,0,0,0,0,0,0,0,0,0,0,0,0,0,0,0,0,0,0,0,0,0,0,0,0,0,0,0,0,0,0,0,0,0,0,0,0,0,0,0,0,0,0,0,0,0,0,0,0,0,0,0,0,0,0,0,0,0,0,0,0,0,0,0,0,0,0,0,0,0,0,0,0,0,0,0,0,0,0,0,0,0,0,0,0,0,0,0,0,0,0,0,0,0,0,0,0,0,0,0,0,0,0,0,0,0,0,0,0,0,0,0,0,0,0,0,0,0,0,0,0,0,0,0,0,0,0,0,0,0,0,0,0,0,0,0,0,0,0,0,0,0,0,0,0,0,0,0,0,0,0,0,0,0,0,0,0,0,0,0,0,0,0,0,0,0,0,0,0,0,0,0,0,0,0,0,0,0,0,0,0,0,0,0,0,0,0,0,0,0,0,0,0,0,0,0,0,0,0,0,0,0,0,0,0,0,0,0,0,0,0,0,0,0,0,0,0,0,0,0,0,0,0,0,0,0,0,0,0,0,0,0,1,0.40525,0,0,0,0,0,0,0,0,0,0,0,0,0,0,0,0,0,0,0,0,0,0,0,0.99403,0.34897,0,0,1,0.71326,0.42497,0,0,0.92329,0.63977,0.36083,0.17792,0,0.14405,0,0.21199,0.38244,0.21725,0,0.21246,0.88362,0.69845,0.46323,0,0,0,0,0,0,0,0,0,0,0.21058,0,0,0,1,1,1,1,1,1,1,1,1,1,1,1,1,1,1,1,1,1,1,1,1,1,1,0.99153,0.82421,1,1,0.51501,1,1,1,0.96231,1,1,1,1,1,1,0.88313,1,1,1,0.15806,0,0,0,0,0,0,0,0,1,1,1,0.89929,0.54366,0.21417,0,0,0,0,1,1,1,1,0.70989,0.32018,0.15387,0,0,0.68176,0.47508,0.2423,0.23156,0.16847,1,0.4849,1,1,1,1,1,1,1,1,0,0,0,0,0,0,0,0,0,0,0,0,0,0,0,0,0,0,0,0,0,0,0,0,0,0,0,0,0,0,0,0,0,0
0,0,0,0,0,0,0,0,0,0,0,0,0,0,0,0,0,0,0,0,0,0,0,0,0,0,0,0,0,0,0,0,0,0,0,0,0,0,0,0,0,0,0,0,0,0,0,0,0,0,0,0,0,0,0,0,0,0,0,0,0,0,0,0,0,0,0,0,0,0,0,0,0,0,0,0,0,0,0,0,0,0,0,0,0,0,0,0,0,0,0,0,0,0,0,0,0,0,0,0,0,0,0,0,0,0,0,0,0,0,0,0,0,0,0,0,0,0,0,0,0,0,0,0,0,0,0,0,0,0,0,0,0,0,0,0,0,0,0,0,0,0,0,0,0,0,0,0,0,0,0,0,0,0,0,0,0,0,0,0,0,0,0,0,0,0,0,0,0,0,0,0,0,0,0,0,0,0,0,0,0,0,0,0,0,0,0,0,0,0,0,0,0,0,0,0,0,0,0,0,0,0,0,0,0,0,0,0,0,0,0,0,0,0,0,0,0,0,0,0,0,0,0,0,0,0,0,0,0,0,0,0,0,0,0,0,0,0,0,0,0,0,0,0,0,0,0,0,0,0,0,0,0,0,0,0,0,0,0,0,0,0,0,0,0,0,0,0,0,0,0,0,0,0,0,0,0,0,0,0,0,0,0,0,0,0,0,0,0,0,0,0,0,0,0,0,0,0,0,0,0,0,0,0,0,0,0,0,0,0,0,0,0,0,0,0,0,0,0.68621,0,0,0,0,0,0,0,0,0,0,0,0,0,0,0,0,0,0,0,0,0,0,0,0,0.37181,0,0,0,0.302,0.13366,0,0,0,0.15257,0,0,0,0,0,0,0,0,0,0,0,0.57466,0.4843,0.23647,0,0,0,0,0,0,0,0,0,0,0.15725,0,0,0,1,1,1,1,1,1,1,1,1,1,1,1,1,1,1,1,1,1,1,1,1,1,1,0.79138,0.54575,0.7048,0.55463,0.20219,1,1,1,1,1,1,1,1,0.99617,1,1,1,1,1,0,0,0,0,0,0,0,0,0,1,0.98663,0.41225,0.16444,0,0,0,0,0,0,0.97822,0.73223,0.51883,0.23794,0.12685,0,0,0,0,0.16167,0,0,0,0,0.20642,0,0.17996,0.18302,0.33991,0.34305,0.93274,0.88036,1,0.86872,0,0,0,0,0,0,0,0,0,0,0,0,0,0,0,0,0,0,0,0,0,0,0,0,0,0,0,0,0,0,0,0,0,0
0,0,0,0,0,0,0,0,0,0,0,0,0,0,0,0,0,0,0,0,0,0,0,0,0,0,0,0,0,0,0,0,0,0,0,0,0,0,0,0,0,0,0,0,0,0,0,0,0,0,0,0,0,0,0,0,0,0,0,0,0,0,0,0,0,0,0,0,0,0,0,0,0,0,0,0,0,0,0,0,0,0,0,0,0,0,0,0,0,0,0,0,0,0,0,0,0,0,0,0,0,0,0,0,0,0,0,0,0,0,0,0,0,0,0,0,0,0,0,0,0,0,0,0,0,0,0,0,0,0,0,0,0,0,0,0,0,0,0,0,0,0,0,0,0,0,0,0,0,0,0,0,0,0,0,0,0,0,0,0,0,0,0,0,0,0,0,0,0,0,0,0,0,0,0,0,0,0,0,0,0,0,0,0,0,0,0,0,0,0,0,0,0,0,0,0,0,0,0,0,0,0,0,0,0,0,0,0,0,0,0,0,0,0,0,0,0,0,0,0,0,0,0,0,0,0,0,0,0,0,0,0,0,0,0,0,0,0,0,0,0,0,0,0,0,0,0,0,0,0,0,0,0,0,0,0,0,0,0,0,0,0,0,0,0,0,0,0,0,0,0,0,0,0,0,0,0,0,0,0,0,0,0,0,0,0,0,0,0,0,0,0,0,0,0,0,0,0,0,0,0,0,0,0,0,0,0,0,0,0,0,0,0,0,0,0,0,0,0.9737,0.21017,0,0,0,0,0,0,0,0,0,0,0,0,0,0,0,0,0,0,0,0,0,0,0,0.71434,0.18448,0,0,0.76675,0.40063,0.20343,0,0,0.60434,0.31938,0.18031,0,0,0,0,0,0.19096,0,0,0.13158,0.67518,0.51173,0.26326,0,0,0,0,0,0,0,0,0,0,0.15077,0,0,0,1,1,1,1,1,1,1,1,1,1,1,1,1,1,1,1,1,1,1,1,1,1,1,1,0.9586,1,1,0.60099,1,1,1,1,1,1,1,1,1,1,0.79357,1,1,1,0,0,0,0,0,0,0,0,0,1,1,1,0.75901,0.36797,0.15193,0,0,0,0,1,1,1,0.93225,0.61409,0.23352,0,0,0,0.65264,0.46708,0.30107,0.23954,0.18587,0.9013,0.24016,0.8237,0.77172,1,1,1,1,1,1,0,0,0,0,0,0,0,0,0,0,0,0,0,0,0,0,0,0,0,0,0,0,0,0,0,0,0,0,0,0,0,0,0,0
0,0,0,0,0,0,0,0,0,0,0,0,0,0,0,0,0,0,0,0,0,0,0,0,0,0,0,0,0,0,0,0,0,0,0,0,0,0,0,0,0,0,0,0,0,0,0,0,0,0,0,0,0,0,0,0,0,0,0,0,0,0,0,0,0,0,0,0,0,0,0,0,0,0,0,0,0,0,0,0,0,0,0,0,0,0,0,0,0,0,0,0,0,0,0,0,0,0,0,0,0,0,0,0,0,0,0,0,0,0,0,0,0,0,0,0,0,0,0,0,0,0,0,0,0,0,0,0,0,0,0,0,0,0,0,0,0,0,0,0,0,0,0,0,0,0,0,0,0,0,0,0,0,0,0,0,0,0,0,0,0,0,0,0,0,0,0,0,0,0,0,0,0,0,0,0,0,0,0,0,0,0,0,0,0,0,0,0,0,0,0,0,0,0,0,0,0,0,0,0,0,0,0,0,0,0,0,0,0,0,0,0,0,0,0,0,0,0,0,0,0,0,0,0,0,0,0,0,0,0,0,0,0,0,0,0,0,0,0,0,0,0,0,0,0,0,0,0,0,0,0,0,0,0,0,0,0,0,0,0,0,0,0,0,0,0,0,0,0,0,0,0,0,0,0,0,0,0,0,0,0,0,0,0,0,0,0,0,0,0,0,0,0,0,0,0,0,0,0,0,0,0,0,0,0,0,0,0,0,0,0,0,0,0,0,0,0,0,0.86124,0.1822,0,0,0,0,0,0,0,0,0,0,0,0,0,0,0,0,0,0,0,0,0,0,0,0.63835,0.17299,0,0,0.76006,0.42534,0.21593,0,0,0.73482,0.4183,0.20824,0,0,0,0,0.16119,0.2608,0.19065,0,0,0.48802,0.30006,0.18883,0,0,0,0,0,0,0,0,0,0,0,0,0,0,1,1,1,1,1,1,1,1,1,1,1,1,1,1,1,1,1,1,1,1,1,1,1,1,1,1,1,0.90543,1,1,1,1,1,1,1,1,1,1,0.49958,1,1,1,0.16388,0,0,0.14146,0,0,0,0,0,1,1,1,1,0.71803,0.30189,0.13979,0,0,0,1,1,1,1,0.9813,0.56611,0.23082,0,0,1,0.8205,0.6133,0.55897,0.38315,1,0.50106,1,0.97424,1,1,1,1,1,1,0,0.15712,0.14906,0,0,0,0,0,0,0,0,0,0,0,0,0,0,0,0,0,0,0,0,0,0,0,0,0,0,0,0,0,0,0
0,0,0,0,0,0,0,0,0,0,0,0,0,0,0,0,0,0,0,0,0,0,0,0,0,0,0,0,0,0,0,0,0,0,0,0,0,0,0,0,0,0,0,0,0,0,0,0,0,0,0,0,0,0,0,0,0,0,0,0,0,0,0,0,0,0,0,0,0,0,0,0,0,0,0,0,0,0,0,0,0,0,0,0,0,0,0,0,0,0,0,0,0,0,0,0,0,0,0,0,0,0,0,0,0,0,0,0,0,0,0,0,0,0,0,0,0,0,0,0,0,0,0,0,0,0,0,0,0,0,0,0,0,0,0,0,0,0,0,0,0,0,0,0,0,0,0,0,0,0,0,0,0,0,0,0,0,0,0,0,0,0,0,0,0,0,0,0,0,0,0,0,0,0,0,0,0,0,0,0,0,0,0,0,0,0,0,0,0,0,0,0,0,0,0,0,0,0,0,0,0,0,0,0,0,0,0,0,0,0,0,0,0,0,0,0,0,0,0,0,0,0,0,0,0,0,0,0,0,0,0,0,0,0,0,0,0,0,0,0,0,0,0,0,0,0,0,0,0,0,0,0,0,0,0,0,0,0,0,0,0,0,0,0,0,0,0,0,0,0,0,0,0,0,0,0,0,0,0,0,0,0,0,0,0,0,0,0,0,0,0,0,0,0,0,0,0,0,0,0,0,0,0,0,0,0,0,0,0,0,0,0,0,0,0,0,0,0,0.8237,0.18204,0,0,0,0,0,0,0,0,0,0,0,0,0,0,0,0,0,0,0,0,0,0,0,0.63709,0.1875,0,0,0.81768,0.51547,0.25228,0,0,0.91084,0.57183,0.26868,0.14881,0,0.15457,0,0.23113,0.48822,0.32471,0,0,0.38881,0.2267,0.15428,0,0,0,0,0,0,0,0,0,0,0,0,0,0,1,1,1,1,1,1,1,1,1,1,1,1,1,1,1,1,1,1,1,1,1,1,1,1,1,1,1,1,1,0.99727,1,1,1,0.7124,0.89875,0.93783,1,0.9036,0.29701,1,1,1,0.28727,0.20019,0,0.24709,0,0,0,0,0,1,1,1,1,1,0.62461,0.2471,0,0.22617,0,1,1,1,1,1,0.87921,0.50889,0.1924,0,1,1,0.79374,0.78629,0.58615,1,0.79408,1,1,1,1,1,1,1,1,0.12992,0.23262,0.24338,0,0,0,0,0,0,0,0,0,0,0,0,0,0,0,0,0,0,0,0,0,0,0,0,0,0,0,0,0,0,0
0,0,0,0,0,0,0,0,0,0,0,0,0,0,0,0,0,0,0,0,0,0,0,0,0,0,0,0,0,0,0,0,0,0,0,0,0,0,0,0,0,0,0,0,0,0,0,0,0,0,0,0,0,0,0,0,0,0,0,0,0,0,0,0,0,0,0,0,0,0,0,0,0,0,0,0,0,0,0,0,0,0,0,0,0,0,0,0,0,0,0,0,0,0,0,0,0,0,0,0,0,0,0,0,0,0,0,0,0,0,0,0,0,0,0,0,0,0,0,0,0,0,0,0,0,0,0,0,0,0,0,0,0,0,0,0,0,0,0,0,0,0,0,0,0,0,0,0,0,0,0,0,0,0,0,0,0,0,0,0,0,0,0,0,0,0,0,0,0,0,0,0,0,0,0,0,0,0,0,0,0,0,0,0,0,0,0,0,0,0,0,0,0,0,0,0,0,0,0,0,0,0,0,0,0,0,0,0,0,0,0,0,0,0,0,0,0,0,0,0,0,0,0,0,0,0,0,0,0,0,0,0,0,0,0,0,0,0,0,0,0,0,0,0,0,0,0,0,0,0,0,0,0,0,0,0,0,0,0,0,0,0,0,0,0,0,0,0,0,0,0,0,0,0,0,0,0,0,0,0,0,0,0,0,0,0,0,0,0,0,0,0,0,0,0,0,0,0,0,0,0,0,0,0,0,0,0,0,0,0,0,0,0,0,0,0,0,0,0,0,0,0,0,0,0,0,0,0,0,0,0,0,0,0,0,0,0,0,0,0,0,0,0,0,0,0,0,0,0,0,0,0,0,0,0,0,0,0,0,0,0,0,0,0,0,0,0,0,0,0,0,0,0,0,0,0,0,0,0,0,0,0.97448,0.88123,1,1,1,1,1,1,1,1,1,1,1,1,1,1,1,1,1,1,1,1,1,1,1,1,0.90235,0.56323,0.49697,0.91895,1,1,1,1,1,0.47138,0.18989,0.20724,0.18423,1,1,0.69145,0,0,0,0,0,0,0,0,0,1,0.88456,0.26851,0.132,0,0,0,0,0,0,1,0.85152,0.59978,0.25646,0.13419,0,0,0,0,0.22043,0.1916,0.25519,0.15901,0.14929,0.14157,0,0,0,0.14944,0,0.50299,0.22655,0.79666,0.16915,0,0,0,0,0,0,0,0,0,0,0,0,0,0,0,0,0,0,0,0,0,0,0,0,0,0,0,0,0,0,0,0,0,0
0,0,0,0,0,0,0,0,0,0,0,0,0,0,0,0,0,0,0,0,0,0,0,0,0,0,0,0,0,0,0,0,0,0,0,0,0,0,0,0,0,0,0,0,0,0,0,0,0,0,0,0,0,0,0,0,0,0,0,0,0,0,0,0,0,0,0,0,0,0,0,0,0,0,0,0,0,0,0,0,0,0,0,0,0,0,0,0,0,0,0,0,0,0,0,0,0,0,0,0,0,0,0,0,0,0,0,0,0,0,0,0,0,0,0,0,0,0,0,0,0,0,0,0,0,0,0,0,0,0,0,0,0,0,0,0,0,0,0,0,0,0,0,0,0,0,0,0,0,0,0,0,0,0,0,0,0,0,0,0,0,0,0,0,0,0,0,0,0,0,0,0,0,0,0,0,0,0,0,0,0,0,0,0,0,0,0,0,0,0,0,0,0,0,0,0,0,0,0,0,0,0,0,0,0,0,0,0,0,0,0,0,0,0,0,0,0,0,0,0,0,0,0,0,0,0,0,0,0,0,0,0,0,0,0,0,0,0,0,0,0,0,0,0,0,0,0,0,0,0,0,0,0,0,0,0,0,0,0,0,0,0,0,0,0,0,0,0,0,0,0,0,0,0,0,0,0,0,0,0,0,0,0,0,0,0,0,0,0,0,0,0,0,0,0,0,0,0,0,0,0,0,0,0,0,0,0,0,0,0,0,0,0,0,0,0,0,0,0.30866,0,0,0,0,0,0,0,0,0,0,0,0,0,0,0,0,0,0,0,0,0,0,0,0,0.17949,0,0,0,0.19449,0,0,0,0,0.1546,0,0,0,0,0,0,0,0,0,0,0,0.18655,0.1407,0,0,0,0,0,0,0,0,0,0,0,0,0,0,0,1,1,1,1,1,1,1,1,1,1,1,1,1,1,1,1,1,1,1,1,1,1,1,1,1,1,1,0.86817,1,1,1,1,1,1,1,0.85099,0.63129,0.59687,0.32584,1,1,1,0,0,0,0,0,0,0,0,0,1,1,0.93181,0.53798,0.19571,0,0,0,0,0,1,1,1,0.84059,0.4926,0.18162,0,0,0,0.66983,0.53814,0.5551,0.36811,0.27313,0.60076,0,0.37604,0.22957,0.66773,0.44326,1,0.88107,1,0.63517,0,0,0,0,0,0,0,0,0,0,0,0,0,0,0,0,0,0,0,0,0,0,0,0,0,0,0,0,0,0,0,0,0,0
0,0,0,0,0,0,0,0,0,0,0,0,0,0,0,0,0,0,0,0,0,0,0,0,0,0,0,0,0,0,0,0,0,0,0,0,0,0,0,0,0,0,0,0,0,0,0,0,0,0,0,0,0,0,0,0,0,0,0,0,0,0,0,0,0,0,0,0,0,0,0,0,0,0,0,0,0,0,0,0,0,0,0,0,0,0,0,0,0,0,0,0,0,0,0,0,0,0,0,0,0,0,0,0,0,0,0,0,0,0,0,0,0,0,0,0,0,0,0,0,0,0,0,0,0,0,0,0,0,0,0,0,0,0,0,0,0,0,0,0,0,0,0,0,0,0,0,0,0,0,0,0,0,0,0,0,0,0,0,0,0,0,0,0,0,0,0,0,0,0,0,0,0,0,0,0,0,0,0,0,0,0,0,0,0,0,0,0,0,0,0,0,0,0,0,0,0,0,0,0,0,0,0,0,0,0,0,0,0,0,0,0,0,0,0,0,0,0,0,0,0,0,0,0,0,0,0,0,0,0,0,0,0,0,0,0,0,0,0,0,0,0,0,0,0,0,0,0,0,0,0,0,0,0,0,0,0,0,0,0,0,0,0,0,0,0,0,0,0,0,0,0,0,0,0,0,0,0,0,0,0,0,0,0,0,0,0,0,0,0,0,0,0,0,0,0,0,0,0,0,0,0,0,0,0,0,0,0,0,0,0,0,0,0,0,0,0,0,0.40586,0,0,0,0,0,0,0,0,0,0,0,0,0,0,0,0,0,0,0,0,0,0,0,0,0.22274,0,0,0,0.27462,0.14584,0,0,0,0.2628,0.14609,0,0,0,0,0,0,0,0,0,0,0.19191,0.13578,0,0,0,0,0,0,0,0,0,0,0,0,0,0,0,1,1,1,1,1,1,1,1,1,1,1,1,1,1,1,1,1,1,1,1,1,1,1,1,1,1,1,1,1,1,1,1,1,0.90009,1,0.78382,0.72575,0.61258,0.23431,1,1,1,0,0,0,0,0,0,0,0,0,1,1,1,0.96417,0.51396,0.19631,0,0,0,0,1,1,1,1,0.90919,0.46468,0.19214,0,0,1,0.90746,0.84293,0.7059,0.5796,1,0.21489,0.78027,0.53627,1,0.77183,1,1,1,0.80282,0.15808,0.21041,0.15747,0,0,0,0,0,0,0,0,0,0,0,0,0,0,0,0,0,0,0,0,0,0,0,0,0,0,0,0,0,0,0
0,0,0,0,0,0,0,0,0,0,0,0,0,0,0,0,0,0,0,0,0,0,0,0,0,0,0,0,0,0,0,0,0,0,0,0,0,0,0,0,0,0,0,0,0,0,0,0,0,0,0,0,0,0,0,0,0,0,0,0,0,0,0,0,0,0,0,0,0,0,0,0,0,0,0,0,0,0,0,0,0,0,0,0,0,0,0,0,0,0,0,0,0,0,0,0,0,0,0,0,0,0,0,0,0,0,0,0,0,0,0,0,0,0,0,0,0,0,0,0,0,0,0,0,0,0,0,0,0,0,0,0,0,0,0,0,0,0,0,0,0,0,0,0,0,0,0,0,0,0,0,0,0,0,0,0,0,0,0,0,0,0,0,0,0,0,0,0,0,0,0,0,0,0,0,0,0,0,0,0,0,0,0,0,0,0,0,0,0,0,0,0,0,0,0,0,0,0,0,0,0,0,0,0,0,0,0,0,0,0,0,0,0,0,0,0,0,0,0,0,0,0,0,0,0,0,0,0,0,0,0,0,0,0,0,0,0,0,0,0,0,0,0,0,0,0,0,0,0,0,0,0,0,0,0,0,0,0,0,0,0,0,0,0,0,0,0,0,0,0,0,0,0,0,0,0,0,0,0,0,0,0,0,0,0,0,0,0,0,0,0,0,0,0,0,0,0,0,0,0,0,0,0,0,0,0,0,0,0,0,0,0,0,0,0,0,0,0,0,0,0,0,0,0,0,0,0,0,0,0,0,0,0,0,0,0,0,0,0,0,0,0,0,0,0,0,0,0,0,0,0,0,0,0,0,0,0,0,0,0,0,0,0,0,0,0,0,0,0,0,0,0,0,0,0,0,0,0,0,0,0,0.46862,0.84962,0.81193,1,1,1,1,1,1,1,1,1,1,1,1,1,1,1,1,1,1,1,1,1,1,1,1,1,0.25636,0.21853,0.3442,1,0.75606,0.19608,0.75636,0.14329,0.14996,0,0,1,1,0.97101,0,0,0,0,0,0,0,0,0,1,1,1,1,0.6773,0.26368,0,0,0.13627,0,1,1,1,1,1,0.81544,0.4263,0.15384,0,1,1,1,1,1,1,0.17279,0.64842,0.22529,0.88774,0.34489,1,0.58838,1,0.19827,0.80662,0.87647,0.55064,0.22099,0.21325,0,0,0,0,0,0,0,0,0,0,0,0,0,0,0,0,0,0,0,0,0,0,0,0,0,0,0,0,0
0,0,0,0,0,0,0,0,0,0,0,0,0,0,0,0,0,0,0,0,0,0,0,0,0,0,0,0,0,0,0,0,0,0,0,0,0,0,0,0,0,0,0,0,0,0,0,0,0,0,0,0,0,0,0,0,0,0,0,0,0,0,0,0,0,0,0,0,0,0,0,0,0,0,0,0,0,0,0,0,0,0,0,0,0,0,0,0,0,0,0,0,0,0,0,0,0,0,0,0,0,0,0,0,0,0,0,0,0,0,0,0,0,0,0,0,0,0,0,0,0,0,0,0,0,0,0,0,0,0,0,0,0,0,0,0,0,0,0,0,0,0,0,0,0,0,0,0,0,0,0,0,0,0,0,0,0,0,0,0,0,0,0,0,0,0,0,0,0,0,0,0,0,0,0,0,0,0,0,0,0,0,0,0,0,0,0,0,0,0,0,0,0,0,0,0,0,0,0,0,0,0,0,0,0,0,0,0,0,0,0,0,0,0,0,0,0,0,0,0,0,0,0,0,0,0,0,0,0,0,0,0,0,0,0,0,0,0,0,0,0,0,0,0,0,0,0,0,0,0,0,0,0,0,0,0,0,0,0,0,0,0,0,0,0,0,0,0,0,0,0,0,0,0,0,0,0,0,0,0,0,0,0,0,0,0,0,0,0,0,0,0,0,0,0,0,0,0,0,0,0,0,0,0,0,0,0,0,0,0,0,0,0,0,0,0,0,0,0.44756,0,0,0,0,0,0,0,0,0,0,0,0,0,0,0,0,0,0,0,0,0,0,0,0,0.26309,0,0,0,0.4556,0.22214,0.13697,0,0,0.61195,0.25834,0.1501,0,0,0,0,0.14418,0.24856,0.20639,0,0,0.17281,0,0,0,0,0,0,0,0,0,0,0,0,0,0,0,0,1,1,1,1,1,1,1,1,1,1,1,1,1,1,1,1,1,1,1,1,1,1,1,1,1,1,1,1,1,0.7069,0.78808,1,1,0.48615,0.83099,0.59825,0.7513,0.53736,0.15632,1,1,1,0.2236,0.16488,0,0.23649,0,0,0,0,0,1,1,1,1,1,0.65429,0.25557,0,0.24399,0,1,1,1,1,1,1,0.62916,0.22646,0,1,1,1,1,0.9184,1,0.66473,1,0.96166,1,1,1,1,1,0.92985,0.24705,0.50914,0.4599,0,0,0,0.14252,0,0,0,0,0,0,0,0,0,0,0,0,0,0,0,0,0,0,0,0,0,0,0,0,0,0,0
0,0,0,0,0,0,0,0,0,0,0,0,0,0,0,0,0,0,0,0,0,0,0,0,0,0,0,0,0,0,0,0,0,0,0,0,0,0,0,0,0,0,0,0,0,0,0,0,0,0,0,0,0,0,0,0,0,0,0,0,0,0,0,0,0,0,0,0,0,0,0,0,0,0,0,0,0,0,0,0,0,0,0,0,0,0,0,0,0,0,0,0,0,0,0,0,0,0,0,0,0,0,0,0,0,0,0,0,0,0,0,0,0,0,0,0,0,0,0,0,0,0,0,0,0,0,0,0,0,0,0,0,0,0,0,0,0,0,0,0,0,0,0,0,0,0,0,0,0,0,0,0,0,0,0,0,0,0,0,0,0,0,0,0,0,0,0,0,0,0,0,0,0,0,0,0,0,0,0,0,0,0,0,0,0,0,0,0,0,0,0,0,0,0,0,0,0,0,0,0,0,0,0,0,0,0,0,0,0,0,0,0,0,0,0,0,0,0,0,0,0,0,0,0,0,0,0,0,0,0,0,0,0,0,0,0,0,0,0,0,0,0,0,0,0,0,0,0,0,0,0,0,0,0,0,0,0,0,0,0,0,0,0,0,0,0,0,0,0,0,0,0,0,0,0,0,0,0,0,0,0,0,0,0,0,0,0,0,0,0,0,0,0,0,0,0,0,0,0,0,0,0,0,0,0,0,0,0,0,0,0,0,0,0,0,0,0,0,0.31906,0,0,0,0,0,0,0,0,0,0,0,0,0,0,0,0,0,0,0,0,0,0,0,0,0.21939,0,0,0,0.38709,0.20819,0.12758,0,0,0.63217,0.2651,0.15103,0,0,0,0,0.16497,0.32164,0.24164,0,0,0,0,0,0,0,0,0,0,0,0,0,0,0,0,0,0,0,0.898,1,1,1,1,1,1,1,1,1,1,1,1,1,1,1,1,1,1,1,1,1,1,1,1,1,1,1,0.84381,0.47272,0.53918,1,0.87637,0.24477,0.57917,0.39299,0.61296,0.36582,0,1,1,1,0.33355,0.2214,0,0.41402,0.1575,0,0,0,0,1,1,1,1,1,0.88059,0.47814,0.14071,0.46744,0.13066,1,1,1,1,1,1,0.87969,0.42724,0.12756,1,1,1,1,1,1,0.81628,1,1,1,1,1,1,1,0.83006,0.43254,0.73772,0.71526,0,0.19612,0.14248,0.22722,0,0,0,0,0,0,0,0,0,0,0,0,0,0,0,0,0,0,0,0,0,0,0,0,0,0,0
0,0,0,0,0,0,0,0,0,0,0,0,0,0,0,0,0,0,0,0,0,0,0,0,0,0,0,0,0,0,0,0,0,0,0,0,0,0,0,0,0,0,0,0,0,0,0,0,0,0,0,0,0,0,0,0,0,0,0,0,0,0,0,0,0,0,0,0,0,0,0,0,0,0,0,0,0,0,0,0,0,0,0,0,0,0,0,0,0,0,0,0,0,0,0,0,0,0,0,0,0,0,0,0,0,0,0,0,0,0,0,0,0,0,0,0,0,0,0,0,0,0,0,0,0,0,0,0,0,0,0,0,0,0,0,0,0,0,0,0,0,0,0,0,0,0,0,0,0,0,0,0,0,0,0,0,0,0,0,0,0,0,0,0,0,0,0,0,0,0,0,0,0,0,0,0,0,0,0,0,0,0,0,0,0,0,0,0,0,0,0,0,0,0,0,0,0,0,0,0,0,0,0,0,0,0,0,0,0,0,0,0,0,0,0,0,0,0,0,0,0,0,0,0,0,0,0,0,0,0,0,0,0,0,0,0,0,0,0,0,0,0,0,0,0,0,0,0,0,0,0,0,0,0,0,0,0,0,0,0,0,0,0,0,0,0,0,0,0,0,0,0,0,0,0,0,0,0,0,0,0,0,0,0,0,0,0,0,0,0,0,0,0,0,0,0,0,0,0,0,0,0,0,0,0,0,0,0,0,0,0,0,0,0,0,0,0,0,0,0,0,0,0,0,0,0,0,0,0,0,0,0,0,0,0,0,0,0,0,0,0,0,0,0,0,0,0,0,0,0,0,0,0,0,0,0,0,0,0,0,0,0,0,0,0,0,0,0,0,0,0,0,0,0,0,0,0,0,0,0,0,0.75052,0.74394,1,1,1,1,1,1,1,1,1,1,1,1,1,1,1,1,1,1,1,1,1,1,1,1,1,0.83423,0.31072,0.6523,0.98646,1,1,0.82757,1,0.24431,0.13276,0.1377,0,1,1,0.61131,0,0,0,0,0,0,0,0,0,1,0.99928,0.38753,0.17857,0,0,0,0,0,0,1,1,0.77653,0.4297,0.192,0,0,0,0,0.37196,0.30399,0.52997,0.24352,0.23964,0.17836,0,0,0,0.1654,0,0.52609,0.20462,0.81047,0,0,0,0,0,0,0,0,0,0,0,0,0,0,0,0,0,0,0,0,0,0,0,0,0,0,0,0,0,0,0,0,0,0,0
0,0,0,0,0,0,0,0,0,0,0,0,0,0,0,0,0,0,0,0,0,0,0,0,0,0,0,0,0,0,0,0,0,0,0,0,0,0,0,0,0,0,0,0,0,0,0,0,0,0,0,0,0,0,0,0,0,0,0,0,0,0,0,0,0,0,0,0,0,0,0,0,0,0,0,0,0,0,0,0,0,0,0,0,0,0,0,0,0,0,0,0,0,0,0,0,0,0,0,0,0,0,0,0,0,0,0,0,0,0,0,0,0,0,0,0,0,0,0,0,0,0,0,0,0,0,0,0,0,0,0,0,0,0,0,0,0,0,0,0,0,0,0,0,0,0,0,0,0,0,0,0,0,0,0,0,0,0,0,0,0,0,0,0,0,0,0,0,0,0,0,0,0,0,0,0,0,0,0,0,0,0,0,0,0,0,0,0,0,0,0,0,0,0,0,0,0,0,0,0,0,0,0,0,0,0,0,0,0,0,0,0,0,0,0,0,0,0,0,0,0,0,0,0,0,0,0,0,0,0,0,0,0,0,0,0,0,0,0,0,0,0,0,0,0,0,0,0,0,0,0,0,0,0,0,0,0,0,0,0,0,0,0,0,0,0,0,0,0,0,0,0,0,0,0,0,0,0,0,0,0,0,0,0,0,0,0,0,0,0,0,0,0,0,0,0,0,0,0,0,0,0,0,0,0,0,0,0,0,0,0,0,0,0,0,0,0,0,0,0,0,0,0,0,0,0,0,0,0,0,0,0,0,0,0,0,0,0,0,0,0,0,0,0,0,0,0,0,0,0,0,0,0,0,0,0,0,0,0,0,0,0,0,0,0,0,0,0,0,0,0,0,0,0,0,0,0,0,0,0,0,0.80151,0.92952,1,1,1,1,1,1,1,1,1,1,1,1,1,1,1,1,1,1,1,1,1,1,1,1,1,1,0.43343,0.61698,0.89641,1,1,0.6914,1,0.26545,0.18306,0.16822,0,1,1,0.86938,0,0,0,0,0,0,0,0,0,1,1,0.7951,0.44864,0.15494,0,0,0,0,0,1,1,1,0.84478,0.49101,0.17761,0,0,0,0.77911,0.70169,0.87849,0.60806,0.57393,0.44055,0,0.19916,0,0.37175,0.17134,0.88156,0.39383,1,0.19263,0.2038,0.19577,0,0,0,0,0,0,0,0,0,0,0,0,0,0,0,0,0,0,0,0,0,0,0,0,0,0,0,0,0,0,0,0
0,0,0,0,0,0,0,0,0,0,0,0,0,0,0,0,0,0,0,0,0,0,0,0,0,0,0,0,0,0,0,0,0,0,0,0,0,0,0,0,0,0,0,0,0,0,0,0,0,0,0,0,0,0,0,0,0,0,0,0,0,0,0,0,0,0,0,0,0,0,0,0,0,0,0,0,0,0,0,0,0,0,0,0,0,0,0,0,0,0,0,0,0,0,0,0,0,0,0,0,0,0,0,0,0,0,0,0,0,0,0,0,0,0,0,0,0,0,0,0,0,0,0,0,0,0,0,0,0,0,0,0,0,0,0,0,0,0,0,0,0,0,0,0,0,0,0,0,0,0,0,0,0,0,0,0,0,0,0,0,0,0,0,0,0,0,0,0,0,0,0,0,0,0,0,0,0,0,0,0,0,0,0,0,0,0,0,0,0,0,0,0,0,0,0,0,0,0,0,0,0,0,0,0,0,0,0,0,0,0,0,0,0,0,0,0,0,0,0,0,0,0,0,0,0,0,0,0,0,0,0,0,0,0,0,0,0,0,0,0,0,0,0,0,0,0,0,0,0,0,0,0,0,0,0,0,0,0,0,0,0,0,0,0,0,0,0,0,0,0,0,0,0,0,0,0,0,0,0,0,0,0,0,0,0,0,0,0,0,0,0,0,0,0,0,0,0,0,0,0,0,0,0,0,0,0,0,0,0,0,0,0,0,0,0,0,0,0,0,0,0,0,0,0,0,0,0,0,0,0,0,0,0,0,0,0,0,0,0,0,0,0,0,0,0,0,0,0,0,0,0,0,0,0,0,0,0,0,0,0,0,0,0,0,0,0,0,0,0,0,0,0,0,0,0,0,0,0,0,0,0,0.61493,0.76576,1,1,1,1,1,1,1,1,1,1,1,1,1,1,1,1,1,1,1,1,1,1,1,1,1,1,0.25722,0.42647,0.70746,1,1,0.50596,1,0.19263,0.12647,0,0,1,1,0.72991,0,0,0,0,0,0,0,0,0,1,1,0.78098,0.45354,0.15434,0,0,0,0,0,1,1,1,0.87535,0.52368,0.18866,0,0,0,0.84426,0.78497,1,0.71616,0.70092,0.42266,0,0.1812,0,0.31012,0.13635,0.7986,0.26599,1,0.14065,0.2665,0.23693,0,0,0,0,0,0,0,0,0,0,0,0,0,0,0,0,0,0,0,0,0,0,0,0,0,0,0,0,0,0,0,0
0,0,0,0,0,0,0,0,0,0,0,0,0,0,0,0,0,0,0,0,0,0,0,0,0,0,0,0,0,0,0,0,0,0,0,0,0,0,0,0,0,0,0,0,0,0,0,0,0,0,0,0,0,0,0,0,0,0,0,0,0,0,0,0,0,0,0,0,0,0,0,0,0,0,0,0,0,0,0,0,0,0,0,0,0,0,0,0,0,0,0,0,0,0,0,0,0,0,0,0,0,0,0,0,0,0,0,0,0,0,0,0,0,0,0,0,0,0,0,0,0,0,0,0,0,0,0,0,0,0,0,0,0,0,0,0,0,0,0,0,0,0,0,0,0,0,0,0,0,0,0,0,0,0,0,0,0,0,0,0,0,0,0,0,0,0,0,0,0,0,0,0,0,0,0,0,0,0,0,0,0,0,0,0,0,0,0,0,0,0,0,0,0,0,0,0,0,0,0,0,0,0,0,0,0,0,0,0,0,0,0,0,0,0,0,0,0,0,0,0,0,0,0,0,0,0,0,0,0,0,0,0,0,0,0,0,0,0,0,0,0,0,0,0,0,0,0,0,0,0,0,0,0,0,0,0,0,0,0,0,0,0,0,0,0,0,0,0,0,0,0,0,0,0,0,0,0,0,0,0,0,0,0,0,0,0,0,0,0,0,0,0,0,0,0,0,0,0,0,0,0,0,0,0,0,0,0,0,0,0,0,0,0,0,0,0,0,0,0,0,0,0,0,0,0,0,0,0,0,0,0,0,0,0,0,0,0,0,0,0,0,0,0,0,0,0,0,0,0,0,0,0,0,0,0,0,0,0,0,0,0,0,0,0,0,0,0,0,0,0,0,0,0,0,0,0,0,0,0,0,0,0.79343,1,1,1,1,1,1,1,1,1,1,1,1,1,1,1,1,1,1,1,1,1,1,1,1,1,1,1,0.52801,0.51249,0.7208,1,1,0.47211,1,0.25157,0.22991,0.19004,0,1,1,1,0,0,0,0,0,0,0,0,0,1,1,1,0.95024,0.46442,0.18068,0,0,0,0,1,1,1,1,0.99185,0.53384,0.21382,0,0,1,1,1,1,0.96044,0.933,0.13931,0.55743,0.22777,0.82152,0.38609,1,0.70355,1,0.28794,0.42034,0.48658,0.23151,0,0,0,0,0,0,0,0,0,0,0,0,0,0,0,0,0,0,0,0,0,0,0,0,0,0,0,0,0,0,0
0,0,0,0,0,0,0,0,0,0,0,0,0,0,0,0,0,0,0,0,0,0,0,0,0,0,0,0,0,0,0,0,0,0,0,0,0,0,0,0,0,0,0,0,0,0,0,0,0,0,0,0,0,0,0,0,0,0,0,0,0,0,0,0,0,0,0,0,0,0,0,0,0,0,0,0,0,0,0,0,0,0,0,0,0,0,0,0,0,0,0,0,0,0,0,0,0,0,0,0,0,0,0,0,0,0,0,0,0,0,0,0,0,0,0,0,0,0,0,0,0,0,0,0,0,0,0,0,0,0,0,0,0,0,0,0,0,0,0,0,0,0,0,0,0,0,0,0,0,0,0,0,0,0,0,0,0,0,0,0,0,0,0,0,0,0,0,0,0,0,0,0,0,0,0,0,0,0,0,0,0,0,0,0,0,0,0,0,0,0,0,0,0,0,0,0,0,0,0,0,0,0,0,0,0,0,0,0,0,0,0,0,0,0,0,0,0,0,0,0,0,0,0,0,0,0,0,0,0,0,0,0,0,0,0,0,0,0,0,0,0,0,0,0,0,0,0,0,0,0,0,0,0,0,0,0,0,0,0,0,0,0,0,0,0,0,0,0,0,0,0,0,0,0,0,0,0,0,0,0,0,0,0,0,0,0,0,0,0,0,0,0,0,0,0,0,0,0,0,0,0,0,0,0,0,0,0,0,0,0,0,0,0,0,0,0,0,0,0.19379,0,0,0,0,0,0,0,0,0,0,0,0,0,0,0,0,0,0,0,0,0,0,0,0,0.1314,0,0,0,0.19637,0,0,0,0,0.27939,0.13932,0,0,0,0,0,0,0.15097,0,0,0,0,0,0,0,0,0,0,0,0,0,0,0,0,0,0,0,0,0.80306,1,1,1,1,1,1,1,1,1,1,1,1,1,1,1,1,1,1,1,1,1,1,1,1,1,1,1,0.66272,0.43031,0.55589,1,0.93191,0.27047,0.75677,0.27616,0.3871,0.22912,0,1,1,1,0.15892,0,0,0.19625,0,0,0,0,0,1,1,1,1,1,0.58373,0.22566,0,0.23055,0,1,1,1,1,1,1,0.65045,0.22973,0,1,1,1,1,1,1,0.45401,1,0.66176,1,0.83746,1,1,1,0.56081,0.55593,0.76261,0.60814,0.14214,0.18926,0,0.15947,0,0,0,0,0,0,0,0,0,0,0,0,0,0,0,0,0,0,0,0,0,0,0,0,0,0,0
0,0,0,0,0,0,0,0,0,0,0,0,0,0,0,0,0,0,0,0,0,0,0,0,0,0,0,0,0,0,0,0,0,0,0,0,0,0,0,0,0,0,0,0,0,0,0,0,0,0,0,0,0,0,0,0,0,0,0,0,0,0,0,0,0,0,0,0,0,0,0,0,0,0,0,0,0,0,0,0,0,0,0,0,0,0,0,0,0,0,0,0,0,0,0,0,0,0,0,0,0,0,0,0,0,0,0,0,0,0,0,0,0,0,0,0,0,0,0,0,0,0,0,0,0,0,0,0,0,0,0,0,0,0,0,0,0,0,0,0,0,0,0,0,0,0,0,0,0,0,0,0,0,0,0,0,0,0,0,0,0,0,0,0,0,0,0,0,0,0,0,0,0,0,0,0,0,0,0,0,0,0,0,0,0,0,0,0,0,0,0,0,0,0,0,0,0,0,0,0,0,0,0,0,0,0,0,0,0,0,0,0,0,0,0,0,0,0,0,0,0,0,0,0,0,0,0,0,0,0,0,0,0,0,0,0,0,0,0,0,0,0,0,0,0,0,0,0,0,0,0,0,0,0,0,0,0,0,0,0,0,0,0,0,0,0,0,0,0,0,0,0,0,0,0,0,0,0,0,0,0,0,0,0,0,0,0,0,0,0,0,0,0,0,0,0,0,0,0,0,0,0,0,0,0,0,0,0,0,0,0,0,0,0,0,0,0,0,0.12974,0,0,0,0,0,0,0,0,0,0,0,0,0,0,0,0,0,0,0,0,0,0,0,0,0,0,0,0,0.14679,0,0,0,0,0.23364,0,0,0,0,0,0,0,0.1419,0,0,0,0,0,0,0,0,0,0,0,0,0,0,0,0,0,0,0,0,0.55765,1,0.85718,1,1,1,1,1,1,1,1,1,1,1,1,1,1,1,1,1,1,1,1,1,1,1,1,1,0.44395,0.22497,0.2957,1,0.67167,0.17,0.51586,0.17843,0.22958,0.15557,0,1,1,1,0.17994,0.12791,0,0.23475,0,0,0,0,0,1,1,1,1,1,0.72722,0.31886,0,0.35592,0,1,1,1,1,1,1,0.84414,0.38009,0,1,1,1,1,1,1,0.49975,1,0.62143,1,0.76964,1,0.95352,1,0.38939,0.80343,1,0.85262,0.22594,0.32717,0.15514,0.22981,0,0,0,0.17892,0,0.12747,0,0,0,0,0,0,0,0,0,0,0,0,0,0,0,0,0,0,0.14577,0,0
0,0,0,0,0,0,0,0,0,0,0,0,0,0,0,0,0,0,0,0,0,0,0,0,0,0,0,0,0,0,0,0,0,0,0,0,0,0,0,0,0,0,0,0,0,0,0,0,0,0,0,0,0,0,0,0,0,0,0,0,0,0,0,0,0,0,0,0,0,0,0,0,0,0,0,0,0,0,0,0,0,0,0,0,0,0,0,0,0,0,0,0,0,0,0,0,0,0,0,0,0,0,0,0,0,0,0,0,0,0,0,0,0,0,0,0,0,0,0,0,0,0,0,0,0,0,0,0,0,0,0,0,0,0,0,0,0,0,0,0,0,0,0,0,0,0,0,0,0,0,0,0,0,0,0,0,0,0,0,0,0,0,0,0,0,0,0,0,0,0,0,0,0,0,0,0,0,0,0,0,0,0,0,0,0,0,0,0,0,0,0,0,0,0,0,0,0,0,0,0,0,0,0,0,0,0,0,0,0,0,0,0,0,0,0,0,0,0,0,0,0,0,0,0,0,0,0,0,0,0,0,0,0,0,0,0,0,0,0,0,0,0,0,0,0,0,0,0,0,0,0,0,0,0,0,0,0,0,0,0,0,0,0,0,0,0,0,0,0,0,0,0,0,0,0,0,0,0,0,0,0,0,0,0,0,0,0,0,0,0,0,0,0,0,0,0,0,0,0,0,0,0,0,0,0,0,0,0,0,0,0,0,0,0,0,0,0,0,0,0,0,0,0,0,0,0,0,0,0,0,0,0,0,0,0,0,0,0,0,0,0,0,0,0,0,0,0,0,0,0,0,0,0,0,0,0,0,0,0,0,0,0,0,0,0,0,0,0,0,0,0,0,0,0,0,0,0,0,0,0,0,0.23202,0.37371,0.58294,0.77472,0.97312,1,1,1,1,1,1,1,1,1,1,1,1,1,1,1,1,1,1,1,1,1,1,1,0,0.16964,0.2983,1,0.74173,0.2025,1,0,0,0,0,1,1,0.37403,0,0,0,0,0,0,0,0,0,1,1,0.65139,0.36912,0,0,0,0,0,0,1,1,1,0.83876,0.49857,0.18287,0,0,0,0.88772,0.87363,1,0.86928,0.90499,0.29116,0,0,0,0.19791,0,0.53711,0.14381,0.78121,0,0.55565,0.41164,0.13733,0.14112,0,0,0,0,0,0,0,0,0,0,0,0,0,0,0,0,0,0,0,0,0,0,0,0,0,0,0,0,0,0
0,0,0,0,0,0,0,0,0,0,0,0,0,0,0,0,0,0,0,0,0,0,0,0,0,0,0,0,0,0,0,0,0,0,0,0,0,0,0,0,0,0,0,0,0,0,0,0,0,0,0,0,0,0,0,0,0,0,0,0,0,0,0,0,0,0,0,0,0,0,0,0,0,0,0,0,0,0,0,0,0,0,0,0,0,0,0,0,0,0,0,0,0,0,0,0,0,0,0,0,0,0,0,0,0,0,0,0,0,0,0,0,0,0,0,0,0,0,0,0,0,0,0,0,0,0,0,0,0,0,0,0,0,0,0,0,0,0,0,0,0,0,0,0,0,0,0,0,0,0,0,0,0,0,0,0,0,0,0,0,0,0,0,0,0,0,0,0,0,0,0,0,0,0,0,0,0,0,0,0,0,0,0,0,0,0,0,0,0,0,0,0,0,0,0,0,0,0,0,0,0,0,0,0,0,0,0,0,0,0,0,0,0,0,0,0,0,0,0,0,0,0,0,0,0,0,0,0,0,0,0,0,0,0,0,0,0,0,0,0,0,0,0,0,0,0,0,0,0,0,0,0,0,0,0,0,0,0,0,0,0,0,0,0,0,0,0,0,0,0,0,0,0,0,0,0,0,0,0,0,0,0,0,0,0,0,0,0,0,0,0,0,0,0,0,0,0,0,0,0,0,0,0,0,0,0,0,0,0,0,0,0,0,0,0,0,0,0,0,0,0,0,0,0,0,0,0,0,0,0,0,0,0,0,0,0,0,0,0,0,0,0,0,0,0,0,0,0,0,0,0,0,0,0,0,0,0,0,0,0,0,0,0,0,0,0,0,0,0,0,0,0,0,0,0,0,0,0,0,0,0,0,0.244,0.22436,0.6283,0.51423,0.99153,0.79138,1,1,1,1,1,1,1,1,1,1,1,1,1,1,1,1,1,1,1,1,1,0,0,0,1,0.21514,0,0.24596,0,0,0,0,1,1,0.39625,0,0,0,0,0,0,0,0,0,1,1,1,1,0.57874,0.23275,0,0,0.1375,0,1,1,1,1,1,0.8605,0.49579,0.18127,0,1,1,1,1,1,0.91149,0,0.34845,0,0.54473,0.13002,0.84494,0.18604,1,0,1,1,0.83174,0.74931,0.58201,0,0.15434,0.2363,0.22457,0.22652,0.24543,0.16099,0.13198,0,0,0.14026,0.13007,0,0,0,0,0,0,0,0,0,0,0,0,0,0,0.26738,0,0
0,0,0,0,0,0,0,0,0,0,0,0,0,0,0,0,0,0,0,0,0,0,0,0,0,0,0,0,0,0,0,0,0,0,0,0,0,0,0,0,0,0,0,0,0,0,0,0,0,0,0,0,0,0,0,0,0,0,0,0,0,0,0,0,0,0,0,0,0,0,0,0,0,0,0,0,0,0,0,0,0,0,0,0,0,0,0,0,0,0,0,0,0,0,0,0,0,0,0,0,0,0,0,0,0,0,0,0,0,0,0,0,0,0,0,0,0,0,0,0,0,0,0,0,0,0,0,0,0,0,0,0,0,0,0,0,0,0,0,0,0,0,0,0,0,0,0,0,0,0,0,0,0,0,0,0,0,0,0,0,0,0,0,0,0,0,0,0,0,0,0,0,0,0,0,0,0,0,0,0,0,0,0,0,0,0,0,0,0,0,0,0,0,0,0,0,0,0,0,0,0,0,0,0,0,0,0,0,0,0,0,0,0,0,0,0,0,0,0,0,0,0,0,0,0,0,0,0,0,0,0,0,0,0,0,0,0,0,0,0,0,0,0,0,0,0,0,0,0,0,0,0,0,0,0,0,0,0,0,0,0,0,0,0,0,0,0,0,0,0,0,0,0,0,0,0,0,0,0,0,0,0,0,0,0,0,0,0,0,0,0,0,0,0,0,0,0,0,0,0,0,0,0,0,0,0,0,0,0,0,0,0,0,0,0,0,0,0,0,0,0,0,0,0,0,0,0,0,0,0,0,0,0,0,0,0,0,0,0,0,0,0,0,0,0,0,0,0,0,0,0,0,0,0,0,0,0,0,0,0,0,0,0,0,0,0,0,0,0,0,0,0,0,0,0,0,0,0,0,0,0,0,0.19618,0.15587,0.47658,0.29473,0.82421,0.54575,0.9586,1,1,1,1,1,1,1,1,1,1,1,1,1,1,1,1,1,1,1,1,0,0,0,1,0.13451,0,0.15482,0,0,0,0,1,1,0.29409,0,0,0,0,0,0,0,0,0,1,1,1,1,0.72084,0.35827,0.15631,0,0.20008,0,1,1,1,1,1,1,0.69993,0.25628,0,1,1,1,1,1,1,0,0.4074,0,0.57985,0,0.82129,0.1642,0.95563,0,1,1,1,1,0.86552,0.18573,0.23289,0.43396,0.43359,0.45836,0.51871,0.26213,0.22213,0,0,0.23007,0.22246,0.13655,0,0,0,0,0,0,0,0,0,0,0,0.185,0,0.55056,0.15062,0
0,0,0,0,0,0,0,0,0,0,0,0,0,0,0,0,0,0,0,0,0,0,0,0,0,0,0,0,0,0,0,0,0,0,0,0,0,0,0,0,0,0,0,0,0,0,0,0,0,0,0,0,0,0,0,0,0,0,0,0,0,0,0,0,0,0,0,0,0,0,0,0,0,0,0,0,0,0,0,0,0,0,0,0,0,0,0,0,0,0,0,0,0,0,0,0,0,0,0,0,0,0,0,0,0,0,0,0,0,0,0,0,0,0,0,0,0,0,0,0,0,0,0,0,0,0,0,0,0,0,0,0,0,0,0,0,0,0,0,0,0,0,0,0,0,0,0,0,0,0,0,0,0,0,0,0,0,0,0,0,0,0,0,0,0,0,0,0,0,0,0,0,0,0,0,0,0,0,0,0,0,0,0,0,0,0,0,0,0,0,0,0,0,0,0,0,0,0,0,0,0,0,0,0,0,0,0,0,0,0,0,0,0,0,0,0,0,0,0,0,0,0,0,0,0,0,0,0,0,0,0,0,0,0,0,0,0,0,0,0,0,0,0,0,0,0,0,0,0,0,0,0,0,0,0,0,0,0,0,0,0,0,0,0,0,0,0,0,0,0,0,0,0,0,0,0,0,0,0,0,0,0,0,0,0,0,0,0,0,0,0,0,0,0,0,0,0,0,0,0,0,0,0,0,0,0,0,0,0,0,0,0,0,0,0,0,0,0,0,0,0,0,0,0,0,0,0,0,0,0,0,0,0,0,0,0,0,0,0,0,0,0,0,0,0,0,0,0,0,0,0,0,0,0,0,0,0,0,0,0,0,0,0,0,0,0,0,0,0,0,0,0,0,0,0,0,0,0,0,0,0,0.1282,0.38223,0.23278,0.76151,0.50314,1,0.7048,1,1,1,1,1,1,1,1,1,1,1,1,1,1,1,1,1,1,1,1,1,0,0,0,1,0.19182,0,0.1828,0,0,0,0,1,1,0.61387,0,0,0,0.1841,0,0,0,0,0,1,1,1,1,1,0.63876,0.2472,0,0.35105,0,1,1,1,1,1,1,0.92843,0.47305,0.13922,1,1,1,1,1,1,0.22135,0.74719,0.20594,0.92494,0.24019,1,0.32885,1,0,1,1,1,0.83336,0.84576,0.23489,0.37467,0.23116,0.26042,0.3581,0.52062,0.29562,0.24866,0,0,0.18273,0.18653,0.13967,0,0,0,0,0,0,0,0,0,0,0,0.15827,0,0.49175,0.17066,0
0,0,0,0,0,0,0,0,0,0,0,0,0,0,0,0,0,0,0,0,0,0,0,0,0,0,0,0,0,0,0,0,0,0,0,0,0,0,0,0,0,0,0,0,0,0,0,0,0,0,0,0,0,0,0,0,0,0,0,0,0,0,0,0,0,0,0,0,0,0,0,0,0,0,0,0,0,0,0,0,0,0,0,0,0,0,0,0,0,0,0,0,0,0,0,0,0,0,0,0,0,0,0,0,0,0,0,0,0,0,0,0,0,0,0,0,0,0,0,0,0,0,0,0,0,0,0,0,0,0,0,0,0,0,0,0,0,0,0,0,0,0,0,0,0,0,0,0,0,0,0,0,0,0,0,0,0,0,0,0,0,0,0,0,0,0,0,0,0,0,0,0,0,0,0,0,0,0,0,0,0,0,0,0,0,0,0,0,0,0,0,0,0,0,0,0,0,0,0,0,0,0,0,0,0,0,0,0,0,0,0,0,0,0,0,0,0,0,0,0,0,0,0,0,0,0,0,0,0,0,0,0,0,0,0,0,0,0,0,0,0,0,0,0,0,0,0,0,0,0,0,0,0,0,0,0,0,0,0,0,0,0,0,0,0,0,0,0,0,0,0,0,0,0,0,0,0,0,0,0,0,0,0,0,0,0,0,0,0,0,0,0,0,0,0,0,0,0,0,0,0,0,0,0,0,0,0,0,0,0,0,0,0,0,0,0,0,0,0,0,0,0,0,0,0,0,0,0,0,0,0,0,0,0,0,0,0,0,0,0,0,0,0,0,0,0,0,0,0,0,0,0,0,0,0,0,0,0,0,0,0,0,0,0,0,0,0,0,0,0,0,0,0,0,0,0,0,0,0,0,0,0,0.35145,0.20084,0.71701,0.38754,1,0.55463,1,1,1,0.90235,1,1,1,1,1,1,1,1,1,1,1,1,1,1,1,1,1,0,0,0,1,0.14558,0,0,0,0,0,0,1,1,0.62208,0.14732,0,0,0.26274,0,0,0,0,0,1,1,1,1,1,0.85613,0.46245,0.15561,0.57983,0.1774,1,1,1,1,1,1,1,0.70866,0.21798,1,1,1,1,1,1,0.33393,0.89875,0.24385,1,0.31287,1,0.37551,1,0,1,1,1,0.9309,1,0.44034,0.61205,0.24845,0.36496,0.50772,0.7181,0.50548,0.46951,0.2002,0,0.2249,0.23552,0.20715,0,0,0,0,0,0,0,0,0,0,0,0.21242,0,0.6624,0.24359,0.18863
0,0,0,0,0,0,0,0,0,0,0,0,0,0,0,0,0,0,0,0,0,0,0,0,0,0,0,0,0,0,0,0,0,0,0,0,0,0,0,0,0,0,0,0,0,0,0,0,0,0,0,0,0,0,0,0,0,0,0,0,0,0,0,0,0,0,0,0,0,0,0,0,0,0,0,0,0,0,0,0,0,0,0,0,0,0,0,0,0,0,0,0,0,0,0,0,0,0,0,0,0,0,0,0,0,0,0,0,0,0,0,0,0,0,0,0,0,0,0,0,0,0,0,0,0,0,0,0,0,0,0,0,0,0,0,0,0,0,0,0,0,0,0,0,0,0,0,0,0,0,0,0,0,0,0,0,0,0,0,0,0,0,0,0,0,0,0,0,0,0,0,0,0,0,0,0,0,0,0,0,0,0,0,0,0,0,0.17922,0,0,0,0,0,0,0.18629,0,0,0,0,0,0,0,0,0.15111,0,0,0,0,0,0,0,0,0,0,0,0,0,0,0,0,0,0,0,0,0,0,0,0,0,0,0,0,0,0,0,0,0,0,0,0,0,0,0,0,0,0,0,0,0,0,0,0,0,0,0,0,0,0,0,0,0,0,0,0,0,0,0,0,0,0,0,0,0,0,0,0,0,0,0,0,0,0,0,0,0,0,0,0,0,0,0,0,0,0,0,0,0,0,0,0,0,0,0,0,0,0,0,0,0,0,0,0,0,0,0,0,0,0,0,0,0,0,0,0,0,0,0,0,0,0,0,0,0,0,0,0,0,0,0,0,0,0,0,0,0,0,0,0,0,0,0,0,0,0,0,0,0,0,0,0,0,0,0,0,0,0,0,0,0,0,0,0,0,0,0,0,0,0,0,0,0,0,0,0,0,0.23364,0.13469,0.51501,0.20219,0.60099,0.90543,1,0.56323,0.86817,1,1,1,1,0.83423,1,1,1,1,1,1,1,1,1,1,1,0,0,0,1,0,0,0,0,0,0,0,1,0.59104,0.20283,0,0,0,0.18248,0,0,0,0,0,1,1,1,1,0.98088,0.6622,0.29463,0,0.4627,0.1512,1,1,1,1,1,1,1,0.6652,0.21125,1,1,1,1,1,1,0.16441,0.51348,0,0.63605,0,0.76123,0.12608,0.83518,0,1,1,1,1,1,0.53578,0.65257,0.76268,0.85976,0.94857,1,0.78647,0.68062,0.27026,0,0.64811,0.65222,0.43487,0.22062,0,0,0,0,0,0,0,0,0.32092,0,0.55615,0.27232,1,0.47214,0.28143
0,0,0,0,0,0,0,0,0,0,0,0,0,0,0,0,0,0,0,0,0,0,0,0,0,0,0,0,0,0,0,0,0,0,0,0,0,0,0,0,0,0,0,0,0,0,0,0,0,0,0,0,0,0,0,0,0,0,0,0,0,0,0,0,0,0,0,0,0,0,0,0,0,0,0,0,0,0,0,0,0,0,0,0,0,0,0,0,0,0,0,0,0,0,0,0,0,0,0,0,0,0,0,0,0,0,0,0,0,0,0,0,0,0,0,0,0,0,0,0,0,0,0,0,0,0,0,0,0,0,0,0,0,0,0,0,0,0,0,0,0,0,0,0,0,0,0,0,0,0,0,0,0,0,0,0,0,0,0,0,0,0,0,0,0,0,0,0,0,0,0,0,0,0,0,0,0,0,0,0,0,0,0,0,0,0,0,0,0,0,0,0,0,0,0,0,0,0,0,0,0,0,0,0,0,0,0,0,0,0,0,0,0,0,0,0,0,0,0,0,0,0,0,0,0,0,0,0,0,0,0,0,0,0,0,0,0,0,0,0,0,0,0,0,0,0,0,0,0,0,0,0,0,0,0,0,0,0,0,0,0,0,0,0,0,0,0,0,0,0,0,0,0,0,0,0,0,0,0,0,0,0,0,0,0,0,0,0,0,0,0,0,0,0,0,0,0,0,0,0,0,0,0,0,0,0,0,0,0,0,0,0,0,0,1,0.42249,0,0,1,1,0.64716,0.17427,0,0,0,0,0,0,0,0,0,0,0,0,0,0,0,0,0,0,0,0,0,1,1,0.15577,0.15427,1,1,1,0.62909,0.2429,1,1,1,0.74121,0.46552,0.38474,0.14239,0.50244,0.59987,0.25131,0.53152,1,1,1,1,1,0.64116,0.22393,0,0.41415,0.7777,0.24684,0,0,0.13366,1,0,0,0,1,1,1,1,1,1,1,1,1,1,0.49697,1,1,0.25636,1,0.84381,0.31072,0.43343,0.25722,0.52801,0.66272,0.44395,0,0,0,0,0,0,1,1,1,0,1,1,0.79025,1,1,1,1,0.18778,1,1,0,0,0,0,0,0,0,0,0,0.86757,0.69818,0.40509,0.17107,0,0,0,0,0,0,0.39619,0.22806,0.19813,0.14456,0,0,0,0,0,0,0,0,0,0,0.2904,0.24048,0.60845,1,0.84943,1,1,1,1,1,0,0,0,0,0,0,0,0,0,0,0,0,0,0,0,0,0,0,0,0,0,0,0,0,0,0,0,0,0,0,0,0,0,0
0,0,0,0,0,0,0,0,0,0,0,0,0,0,0,0,0,0,0,0,0,0,0,0,0,0,0,0,0,0,0,0,0,0,0,0,0,0,0,0,0,0,0,0,0,0,0,0,0,0,0,0,0,0,0,0,0,0,0,0,0,0,0,0,0,0,0,0,0,0,0,0,0,0,0,0,0,0,0,0,0,0,0,0,0,0,0,0,0,0,0,0,0,0,0,0,0,0,0,0,0,0,0,0,0,0,0,0,0,0,0,0,0,0,0,0,0,0,0,0,0,0,0,0,0,0,0,0,0,0,0,0,0,0,0,0,0,0,0,0,0,0,0,0,0,0,0,0,0,0,0,0,0,0,0,0,0,0,0,0,0,0,0,0,0,0,0,0,0,0,0,0,0,0,0,0,0,0,0,0,0,0,0,0,0,0,0,0,0,0,0,0,0,0,0,0,0,0,0,0,0,0,0,0,0,0,0,0,0,0,0,0,0,0,0,0,0,0,0,0,0,0,0,0,0,0,0,0,0,0,0,0,0,0,0,0,0,0,0,0,0,0,0,0,0,0,0,0,0,0,0,0,0,0,0,0,0,0,0,0,0,0,0,0,0,0,0,0,0,0,0,0,0,0,0,0,0,0,0,0,0,0,0,0,0,0,0,0,0,0,0,0,0,0,0,0,0,0,0,0,0,0,0,0,0,0,0,0,0,0,0,0,0,0,0.23714,0,0,0,1,0.79746,0,0,0,0,0,0,0,0,0,0,0,0,0,0,0,0,0,0,0,0,0,0,0,1,0.50364,0,0,0.92741,0.51394,0.24119,0,0,0.24042,0.20836,0.15355,0,0,0,0,0,0,0,0,0.86454,1,1,1,0.61285,0.15348,0,0,0,0.2611,0,0,0,0,1,0,0,0,1,1,1,1,1,1,1,1,1,0.99727,0.91895,1,1,0.21853,0.7069,0.47272,0.6523,0.61698,0.42647,0.51249,0.43031,0.22497,0.16964,0,0,0,0,0,1,1,1,0,1,1,1,1,1,1,1,0.18876,1,1,0,0,0,0,0,0,0,0,0,0.40145,0.2236,0,0,0,0,0,0,0,0,0.16454,0,0,0,0,0,0,0,0,0,0,0,0,0,0,0,0,0.18734,0.16241,0.37837,0.52506,0.97364,0.74865,1,0,0,0,0,0,0,0,0,0,0,0,0,0,0,0,0,0,0,0,0,0,0,0,0,0,0,0,0,0,0,0,0,0,0
0,0,0,0,0,0,0,0,0,0,0,0,0,0,0,0,0,0,0,0,0,0,0,0,0,0,0,0,0,0,0,0,0,0,0,0,0,0,0,0,0,0,0,0,0,0,0,0,0,0,0,0,0,0,0,0,0,0,0,0,0,0,0,0,0,0,0,0,0,0,0,0,0,0,0,0,0,0,0,0,0,0,0,0,0,0,0,0,0,0,0,0,0,0,0,0,0,0,0,0,0,0,0,0,0,0,0,0,0,0,0,0,0,0,0,0,0,0,0,0,0,0,0,0,0,0,0,0,0,0,0,0,0,0,0,0,0,0,0,0,0,0,0,0,0,0,0,0,0,0,0,0,0,0,0,0,0,0,0,0,0,0,0,0,0,0,0,0,0,0,0,0,0,0,0,0,0,0,0,0,0,0,0,0,0,0,0,0,0,0,0,0,0,0,0,0,0,0,0,0,0,0,0,0,0,0,0,0,0,0,0,0,0,0,0,0,0,0,0,0,0,0,0,0,0,0,0,0,0,0,0,0,0,0,0,0,0,0,0,0,0,0,0,0,0,0,0,0,0,0,0,0,0,0,0,0,0,0,0,0,0,0,0,0,0,0,0,0,0,0,0,0,0,0,0,0,0,0,0,0,0,0,0,0,0,0,0,0,0,0,0,0,0,0,0,0,0,0,0,0,0,0,0,0,0,0,0,0,0,0,0,0,0,0,0,0,0,0,1,0.35917,0,0,0,0,0,0,0,0,0,0,0,0,0,0,0,0,0,0,0,0,0,0,0,0.79217,0.1934,0,0,0.54874,0.21043,0,0,0,0.13766,0,0,0,0,0,0,0,0,0,0,0.41496,1,1,1,0.2215,0,0,0,0,0,0,0,0,0,0.85839,0,0,0,1,1,1,1,1,1,1,1,1,1,1,1,1,0.3442,0.78808,0.53918,0.98646,0.89641,0.70746,0.7208,0.55589,0.2957,0.2983,0,0,0,0,0,1,1,1,0.16702,1,1,1,1,1,1,1,0.29738,1,1,0,0,0,0,0,0,0,0,0,0.43083,0.22754,0,0,0,0,0,0,0,0,0.18843,0,0,0,0,0,0,0,0,0,0,0,0,0,0,0,0,0,0,0.2108,0.41178,0.72888,0.66512,1,0,0,0,0,0,0,0,0,0,0,0,0,0,0,0,0,0,0,0,0,0,0,0,0,0,0,0,0,0,0,0,0,0,0
0,0,0,0,0,0,0,0,0,0,0,0,0,0,0,0,0,0,0,0,0,0,0,0,0,0,0,0,0,0,0,0,0,0,0,0,0,0,0,0,0,0,0,0,0,0,0,0,0,0,0,0,0,0,0,0,0,0,0,0,0,0,0,0,0,0,0,0,0,0,0,0,0,0,0,0,0,0,0,0,0,0,0,0,0,0,0,0,0,0,0,0,0,0,0,0,0,0,0,0,0,0,0,0,0,0,0,0,0,0,0,0,0,0,0,0,0,0,0,0,0,0,0,0,0,0,0,0,0,0,0,0,0,0,0,0,0,0,0,0,0,0,0,0,0,0,0,0,0,0,0,0,0,0,0,0,0,0,0,0,0,0,0,0,0,0,0,0,0,0,0,0,0,0,0,0,0,0,0,0,0,0,0,0,0,0,0,0,0,0,0,0,0,0,0,0,0,0,0,0,0,0,0,0,0,0,0,0,0,0,0,0,0,0,0,0,0,0,0,0,0,0,0,0,0,0,0,0,0,0,0,0,0,0,0,0,0,0,0,0,0,0,0,0,0,0,0,0,0,0,0,0,0,0,0,0,0,0,0,0,0,0,0,0,0,0,0,0,0,0,0,0,0,0,0,0,0,0,0,0,0,0,0,0,0,0,0,0,0,0,0,0,0,0,0,0,0,0,0,0,0,0,0,0,0,0,0,0,0,0,0,0,0,0,0,0,0,0,0,0,0,0,0,0,0,0,0,0,0,0,0,0,0,0,0,0,0,0,0,0,0,0,0,0,0,0,0,0,0,0,0,0,0,0,0,0,0,0,0,0,0,0,0,0,0,0,0,0,0,0,0,0,0,0,0,0,0,0,0,0,0,0.14509,0.22233,0.31589,0.57118,0.69925,0.96231,1,1,1,1,1,1,1,1,1,1,1,1,1,1,1,1,1,1,1,1,1,1,0,0,0.16702,1,0.44289,0,0.71827,0,0,0,0,1,1,0.23716,0,0,0,0,0,0,0,0,0,1,1,0.683,0.43912,0.14691,0,0,0,0,0,1,1,1,0.93625,0.6099,0.22362,0,0,0,1,1,1,1,1,0.32662,0,0,0,0.18788,0,0.46332,0,0.68587,0,0.8522,0.66779,0.20479,0.24152,0.13724,0,0,0,0,0,0,0,0,0,0,0,0,0,0,0,0,0,0,0,0,0,0,0,0,0,0,0,0,0
0,0,0,0,0,0,0,0,0,0,0,0,0,0,0,0,0,0,0,0,0,0,0,0,0,0,0,0,0,0,0,0,0,0,0,0,0,0,0,0,0,0,0,0,0,0,0,0,0,0,0,0,0,0,0,0,0,0,0,0,0,0,0,0,0,0,0,0,0,0,0,0,0,0,0,0,0,0,0,0,0,0,0,0,0,0,0,0,0,0,0,0,0,0,0,0,0,0,0,0,0,0,0,0,0,0,0,0,0,0,0,0,0,0,0,0,0,0,0,0,0,0,0,0,0,0,0,0,0,0,0,0,0,0,0,0,0,0,0,0,0,0,0,0,0,0,0,0,0,0,0,0,0,0,0,0,0,0,0,0,0,0,0,0,0,0,0,0,0,0,0,0,0,0,0,0,0,0,0,0,0,0,0,0,0,0,0,0,0,0,0,0,0,0,0,0,0,0,0,0,0,0,0,0,0,0,0,0,0,0,0,0,0,0,0,0,0,0,0,0,0,0,0,0,0,0,0,0,0,0,0,0,0,0,0,0,0,0,0,0,0,0,0,0,0,0,0,0,0,0,0,0,0,0,0,0,0,0,0,0,0,0,0,0,0,0,0,0,0,0,0,0,0,0,0,0,0,0,0,0,0,0,0,0,0,0,0,0,0,0,0,0,0,0,0,0,0,0,0,0,0,0,0,0,0,0,0,0,0,0,0,0,0,0,0,0,0,0,0.94157,0.20517,0,0,0,0,0,0,0,0,0,0,0,0,0,0,0,0,0,0,0,0,0,0,0,0.60072,0.1267,0,0,0.42647,0.16985,0,0,0,0.13406,0,0,0,0,0,0,0,0,0,0,0.20114,0.97761,0.9404,0.65934,0,0,0,0,0,0,0,0,0,0,0.47337,0,0,0,1,1,1,1,1,1,1,1,1,1,1,1,1,0.75606,1,0.87637,1,1,1,1,0.93191,0.67167,0.74173,0.21514,0.13451,0.19182,0.14558,0,1,1,1,0.44289,1,1,1,1,1,1,1,0.72665,1,1,0,0,0,0,0,0,0,0,0,0.74264,0.48493,0.15085,0,0,0,0,0,0,0,0.41224,0.22153,0.15632,0,0,0,0,0,0,0,0,0,0,0,0,0,0,0.12703,0.17236,0.23099,0.60291,0.77661,0.87761,0.97133,0,0,0,0,0,0,0,0,0,0,0,0,0,0,0,0,0,0,0,0,0,0,0,0,0,0,0,0,0,0,0,0,0,0
0,0,0,0,0,0,0,0,0,0,0,0,0,0,0,0,0,0,0,0,0,0,0,0,0,0,0,0,0,0,0,0,0,0,0,0,0,0,0,0,0,0,0,0,0,0,0,0,0,0,0,0,0,0,0,0,0,0,0,0,0,0,0,0,0,0,0,0,0,0,0,0,0,0,0,0,0,0,0,0,0,0,0,0,0,0,0,0,0,0,0,0,0,0,0,0,0,0,0,0,0,0,0,0,0,0,0,0,0,0,0,0,0,0,0,0,0,0,0,0,0,0,0,0,0,0,0,0,0,0,0,0,0,0,0,0,0,0,0,0,0,0,0,0,0,0,0,0,0,0,0,0,0,0,0,0,0,0,0,0,0,0,0,0,0,0,0,0,0,0,0,0,0,0,0,0,0,0,0,0,0,0,0,0,0,0,0,0,0,0,0,0,0,0,0,0,0,0,0,0,0,0,0,0,0,0,0,0,0,0,0,0,0,0,0,0,0,0,0,0,0,0,0,0,0,0,0,0,0,0,0,0,0,0,0,0,0,0,0,0,0,0,0,0,0,0,0,0,0,0,0,0,0,0,0,0,0,0,0,0,0,0,0,0,0,0,0,0,0,0,0,0,0,0,0,0,0,0,0,0,0,0,0,0,0,0,0,0,0,0,0,0,0,0,0,0,0,0,0,0,0,0,0,0,0,0,0,0,0,0,0,0,0,0,0,0,0,0,0.91076,0.2228,0,0,0,0,0,0,0,0,0,0,0,0,0,0,0,0,0,0,0,0,0,0,0,0.56227,0,0,0,0.28507,0,0,0,0,0,0,0,0,0,0,0,0,0,0,0,0.28119,1,1,0.9051,0.18438,0,0,0,0,0,0,0,0,0,0.8085,0,0,0,1,1,1,1,1,1,1,1,1,0.7124,1,1,0.90009,0.19608,0.48615,0.24477,0.82757,0.6914,0.50596,0.47211,0.27047,0.17,0.2025,0,0,0,0,0,1,1,1,0,1,1,1,1,1,1,1,0.18854,1,0.84241,0,0,0,0,0,0,0,0,0,0.20566,0,0,0,0,0,0,0,0,0,0,0,0,0,0,0,0,0,0,0,0,0,0,0,0,0,0,0,0,0,0.19345,0.40979,0.3347,0.77493,0,0,0,0,0,0,0,0,0,0,0,0,0,0,0,0,0,0,0,0,0,0,0,0,0,0,0,0,0,0,0,0,0,0
0,0,0,0,0,0,0,0,0,0,0,0,0,0,0,0,0,0,0,0,0,0,0,0,0,0,0,0,0,0,0,0,0,0,0,0,0,0,0,0,0,0,0,0,0,0,0,0,0,0,0,0,0,0,0,0,0,0,0,0,0,0,0,0,0,0,0,0,0,0,0,0,0,0,0,0,0,0,0,0,0,0,0,0,0,0,0,0,0,0,0,0,0,0,0,0,0,0,0,0,0,0,0,0,0,0,0,0,0,0,0,0,0,0,0,0,0,0,0,0,0,0,0,0,0,0,0,0,0,0,0,0,0,0,0,0,0,0,0,0,0,0,0,0,0,0,0,0,0,0,0,0,0,0,0,0,0,0,0,0,0,0,0,0,0,0,0,0,0,0,0,0,0,0,0,0,0,0,0,0,0,0,0,0,0,0,0,0,0,0,0,0,0,0,0,0,0,0,0,0,0,0,0,0,0,0,0,0,0,0,0,0,0,0,0,0,0,0,0,0,0,0,0,0,0,0,0,0,0,0,0,0,0,0,0,0,0,0,0,0,0,0,0,0,0,0,0,0,0,0,0,0,0,0,0,0,0,0,0,0,0,0,0,0,0,0,0,0,0,0,0,0,0,0,0,0,0,0,0,0,0,0,0,0,0,0,0,0,0,0,0,0,0,0,0,0,0,0,0,0,0,0,0,0,0,0,0,0,0,0,0,0,0,0,0,0,0,0,0.1849,0,0,0,0,0,0,0,0,0,0,0,0,0,0,0,0,0,0,0,0,0,0,0,0,0,0,0,0,0,0,0,0,0,0,0,0,0,0,0,0,0,0,0,0,0,0.20256,0.19785,0,0,0,0,0,0,0,0,0,0,0,0,0,0,0,1,0.91056,1,1,1,1,1,1,1,0.89875,1,1,1,0.75636,0.83099,0.57917,1,1,1,1,0.75677,0.51586,1,0.24596,0.15482,0.1828,0,0,0.79025,1,1,0.71827,1,1,1,1,0.33447,0.55825,0.82,0.8448,1,0.52625,0,0,0,0,0,0,0,0,0,0.3866,0.2068,0,0,0,0,0,0,0,0,0.22459,0.14518,0,0,0,0,0,0,0,0,0,0,0,0,0,0,0,0,0,0,0.17238,0.17083,0.31261,0.20462,0,0,0,0,0,0,0,0,0,0,0,0,0,0,0,0,0,0,0,0,0,0,0,0,0,0,0,0,0,0,0,0,0,0
0,0,0,0,0,0,0,0,0,0,0,0,0,0,0,0,0,0,0,0,0,0,0,0,0,0,0,0,0,0,0,0,0,0,0,0,0,0,0,0,0,0,0,0,0,0,0,0,0,0,0,0,0,0,0,0,0,0,0,0,0,0,0,0,0,0,0,0,0,0,0,0,0,0,0,0,0,0,0,0,0,0,0,0,0,0,0,0,0,0,0,0,0,0,0,0,0,0,0,0,0,0,0,0,0,0,0,0,0,0,0,0,0,0,0,0,0,0,0,0,0,0,0,0,0,0,0,0,0,0,0,0,0,0,0,0,0,0,0,0,0,0,0,0,0,0,0,0,0,0,0,0,0,0,0,0,0,0,0,0,0,0,0,0,0,0,0,0,0,0,0,0,0,0,0,0,0,0,0,0,0,0,0,0,0,0,0,0,0,0,0,0,0,0,0,0,0,0,0,0,0,0,0,0,0,0,0,0,0,0,0,0,0,0,0,0,0,0,0,0,0,0,0,0,0,0,0,0,0,0,0,0,0,0,0,0,0,0,0,0,0,0,0,0,0,0,0,0,0,0,0,0,0,0,0,0,0,0,0,0,0,0,0,0,0,0,0,0,0,0,0,0,0,0,0,0,0,0,0,0,0,0,0,0,0,0,0,0,0,0,0,0,0,0,0,0,0,0,0,0,0,0,0,0,0,0,0,0,0,0,0,0,0,0,0.81047,0.20531,0,0,1,1,0.30164,0,0,0,0,0,0,0,0,0,0,0,0,0,0,0,0,0,0,0,0,0,0,1,1,0,0,1,1,0.77459,0.22497,0,0.66563,0.61959,0.48469,0.23884,0.14257,0,0,0.13106,0.15484,0,0.3148,1,1,1,1,1,0.54679,0.16043,0,0.36454,0.81819,0.24854,0,0,0.14249,1,0,0,0,1,1,1,1,1,1,1,1,1,0.93783,0.47138,0.85099,0.78382,0.14329,0.59825,0.39299,0.24431,0.26545,0.19263,0.25157,0.27616,0.17843,0,0,0,0,0,0,1,1,1,0,1,1,1,1,1,1,1,0,1,1,0,0,0,0,0,0,0,0,0,0.37297,0.22458,0,0,0,0,0,0,0,0,0.14108,0,0,0,0,0,0,0,0,0,0,0,0,0,0,0,0.15238,0.42307,0.23547,0.73102,0.6847,1,0.85689,1,0,0,0,0,0,0,0,0,0,0,0,0,0,0,0,0,0,0,0,0,0,0,0,0,0,0,0,0,0,0,0,0,0,0
0,0,0,0,0,0,0,0,0,0,0,0,0,0,0,0,0,0,0,0,0,0,0,0,0,0,0,0,0,0,0,0,0,0,0,0,0,0,0,0,0,0,0,0,0,0,0,0,0,0,0,0,0,0,0,0,0,0,0,0,0,0,0,0,0,0,0,0,0,0,0,0,0,0,0,0,0,0,0,0,0,0,0,0,0,0,0,0,0,0,0,0,0,0,0,0,0,0,0,0,0,0,0,0,0,0,0,0,0,0,0,0,0,0,0,0,0,0,0,0,0,0,0,0,0,0,0,0,0,0,0,0,0,0,0,0,0,0,0,0,0,0,0,0,0,0,0,0,0,0,0,0,0,0,0,0,0,0,0,0,0,0,0,0,0,0,0,0,0,0,0,0,0,0,0,0,0,0,0,0,0,0,0,0,0,0,0,0,0,0,0,0,0,0,0,0,0,0,0,0,0,0,0,0,0,0,0,0,0,0,0,0,0,0,0,0,0,0,0,0,0,0,0,0,0,0,0,0,0,0,0,0,0,0,0,0,0,0,0,0,0,0,0,0,0,0,0,0,0,0,0,0,0,0,0,0,0,0,0,0,0,0,0,0,0,0,0,0,0,0,0,0,0,0,0,0,0,0,0,0,0,0,0,0,0,0,0,0,0,0,0,0,0,0,0,0,0,0,0,0,0,0,0,0,0,0,0,0,0,0,0,0,0.17765,0,1,0.8766,0.24295,0.22791,1,1,1,0.47588,0,0,0,0,0,0,0,0.13769,0,0,0,0,0,0,0,0,0,0,0.1862,0.18751,0.14972,1,1,0.39161,0.34224,1,1,1,1,0.63857,1,1,1,1,0.87542,0.75431,0.25945,0.84653,0.89868,0.53007,0.97123,1,1,1,1,1,1,0.60773,0.29789,0.80269,1,0.60892,0.21151,0.12825,0.26466,1,0,0.14229,0,1,1,1,1,1,1,0.99617,1,1,1,0.18989,0.63129,0.72575,0.14996,0.7513,0.61296,0.13276,0.18306,0.12647,0.22991,0.3871,0.22958,0,0,0,0,0,0,1,1,1,0,1,1,0.33447,1,1,1,1,0,0.71727,1,0.15751,0,0,0,0,0,0,0,0,0.67626,0.54307,0.3407,0.15941,0,0,0,0,0,0,0.23176,0.16752,0.14854,0,0,0,0,0,0,0,0,0,0,0,0.28043,0.39067,0.69228,1,0.89695,1,1,1,1,1,0,0,0,0,0,0,0,0,0,0,0,0,0,0,0,0,0,0,0,0,0,0,0,0,0,0,0,0,0,0,0,0,0,0
0,0,0,0,0,0,0,0,0,0,0,0,0,0,0,0,0,0,0,0,0,0,0,0,0,0,0,0,0,0,0,0,0,0,0,0,0,0,0,0,0,0,0,0,0,0,0,0,0,0,0,0,0,0,0,0,0,0,0,0,0,0,0,0,0,0,0,0,0,0,0,0,0,0,0,0,0,0,0,0,0,0,0,0,0,0,0,0,0,0,0,0,0,0,0,0,0,0,0,0,0,0,0,0,0,0,0,0,0,0,0,0,0,0,0,0,0,0,0,0,0,0,0,0,0,0,0,0,0,0,0,0,0,0,0,0,0,0,0,0,0,0,0,0,0,0,0,0,0,0,0,0,0,0,0,0,0,0,0,0,0,0,0,0,0,0,0,0,0,0,0,0,0,0,0,0,0,0,0,0,0,0,0,0,0,0,0,0,0,0,0,0,0,0,0,0,0,0,0,0,0,0,0,0,0,0,0,0,0,0,0,0,0,0,0,0,0,0,0,0,0,0,0,0,0,0,0,0,0,0,0,0,0,0,0,0,0,0,0,0,0,0,0,0,0,0,0,0,0,0,0,0,0,0,0,0,0,0,0,0,0,0,0,0,0,0,0,0,0,0,0,0,0,0,0,0,0,0,0,0,0,0,0,0,0,0,0,0,0,0,0,0,0,0,0,0,0,0,0,0,0,0,0,0,0,0,0,0,0,0,0,0,0,0,1,0.64088,0.14133,0.14431,1,1,0.83388,0.21927,0,0,0,0,0,0,0,0,0,0,0,0,0,0,0,0,0,0,0,0,0,1,1,0.16265,0.12971,1,1,1,0.71121,0.23755,1,1,0.99737,0.73976,0.4478,0.29266,0,0.37165,0.41125,0.18019,0.81643,1,1,1,1,1,1,0.47214,0.22757,0.79448,1,0.64427,0.19047,0,0.31162,1,0,0,0,1,1,1,1,1,1,1,1,1,0.9036,0.20724,0.59687,0.61258,0,0.53736,0.36582,0.1377,0.16822,0,0.19004,0.22912,0.15557,0,0,0,0,0,0,1,1,1,0,1,1,0.55825,1,1,1,1,0,0.73147,1,0,0,0,0,0,0,0,0,0,0.3923,0.24276,0.15332,0,0,0,0,0,0,0,0.13982,0,0,0,0,0,0,0,0,0,0,0,0,0,0,0.1363,0.24566,0.79959,0.4576,1,0.86372,1,0.97956,1,0,0,0,0,0,0,0,0,0,0,0,0,0,0,0,0,0,0,0,0,0,0,0,0,0,0,0,0,0,0,0,0,0,0
0,0,0,0,0,0,0,0,0,0,0,0,0,0,0,0,0,0,0,0,0,0,0,0,0,0,0,0,0,0,0,0,0,0,0,0,0,0,0,0,0,0,0,0,0,0,0,0,0,0,0,0,0,0,0,0,0,0,0,0,0,0,0,0,0,0,0,0,0,0,0,0,0,0,0,0,0,0,0,0,0,0,0,0,0,0,0,0,0,0,0,0,0,0,0,0,0,0,0,0,0,0,0,0,0,0,0,0,0,0,0,0,0,0,0,0,0,0,0,0,0,0,0,0,0,0,0,0,0,0,0,0,0,0,0,0,0,0,0,0,0,0,0,0,0,0,0,0,0,0,0,0,0,0,0,0,0,0,0,0,0,0,0,0,0,0,0,0,0,0,0,0,0,0,0,0,0,0,0,0,0,0,0,0,0,0,0,0,0,0,0,0,0,0,0,0,0,0,0,0,0,0,0,0,0,0,0,0,0,0,0,0,0,0,0,0,0,0,0,0,0,0,0,0,0,0,0,0,0,0,0,0,0,0,0,0,0,0,0,0,0,0,0,0,0,0,0,0,0,0,0,0,0,0,0,0,0,0,0,0,0,0,0,0,0,0,0,0,0,0,0,0,0,0,0,0,0,0,0,0,0,0,0,0,0,0,0,0,0,0,0,0,0,0,0,0,0,0,0,0,0,0,0,0,0,0,0,0,0,0,0,0,0,0,0.69693,0.15252,0,0,1,1,0.1987,0,0,0,0,0,0,0,0,0,0,0,0,0,0,0,0,0,0,0,0,0,0,1,0.8299,0,0,1,0.64595,0.39506,0,0,0.21059,0.21467,0.18595,0,0,0,0,0,0,0,0.246,1,1,1,1,1,0.57928,0.14854,0,0.45217,0.96796,0.39409,0,0,0.2037,1,0,0,0,1,1,1,1,1,0.88313,1,0.79357,0.49958,0.29701,0.18423,0.32584,0.23431,0,0.15632,0,0,0,0,0,0,0,0,0,0,0,0,0,1,1,1,0,1,1,0.82,1,1,1,1,0,0.53688,0.91877,0,0,0,0,0,0,0,0,0,0,0,0,0,0,0,0,0,0,0,0,0,0,0,0,0,0,0,0,0,0,0,0,0,0,0,0,0,0,0.20966,0.17522,0.681,0.2317,1,0,0,0,0,0,0,0,0,0,0,0,0,0,0,0,0,0,0,0,0,0,0,0,0,0,0,0,0,0,0,0,0,0,0
0,0,0,0,0,0,0,0,0,0,0,0,0,0,0,0,0,0,0,0,0,0,0,0,0,0,0,0,0,0,0,0,0,0,0,0,0,0,0,0,0,0,0,0,0,0,0,0,0,0,0,0,0,0,0,0,0,0,0,0,0,0,0,0,0,0,0,0,0,0,0,0,0,0,0,0,0,0,0,0,0,0,0,0,0,0,0,0,0,0,0,0,0,0,0,0,0,0,0,0,0,0,0,0,0,0,0,0,0,0,0,0,0,0,0,0,0,0,0,0,0,0,0,0,0,0,0,0,0,0,0,0,0,0,0,0,0,0,0,0,0,0,0,0,0,0,0,0,0,0,0,0,0,0,0,0,0,0,0,0,0,0,0,0,0,0,0,0,0,0,0,0,0,0,0,0,0,0,0,0,0,0,0,0,0,0,0,0,0,0,0,0,0,0,0,0,0,0,0,0,0,0,0,0,0,0,0,0,0,0,0,0,0,0,0,0,0,0,0,0,0,0,0,0,0,0,0,0,0,0,0,0,0,0,0,0,0,0,0,0,0,0,0,0,0,0,0,0,0,0,0,0,0,0,0,0,0,0,0,0,0,0,0,0,0,0,0,0,0,0,0,0,0,0,0,0,0,0,0,0,0,0,0,0,0,0,0,0,0,0,0,0,0,0,0,0,0,0,0,0,0,0,0,0,0,0,0,0,0,0,0,0,0,0,0,0,0,0,0,0,0,0,0,0,0,0,0,0,0,0,0,0,0,0,0,0,0,0,0,0,0,0,0,0,0,0,0,0,0,0,0,0,0,0,0,0,0,0,0,0,0,0,0,0,0,0,0,0,0,0,0,0,0,0,0,0,0,0,0,0,0,0.33096,0.63314,0.69538,1,1,1,1,1,1,1,1,1,1,1,1,1,1,1,1,1,1,1,1,1,1,1,1,1,0.18778,0.18876,0.29738,1,0.72665,0.18854,0.8448,0,0,0,0,1,1,0.70755,0,0,0,0,0,0,0,0,0,1,1,1,0.8603,0.36202,0.15079,0,0,0,0,1,1,1,1,0.98265,0.53004,0.21496,0,0,1,1,1,1,1,0.77976,0,0.31726,0,0.55775,0.17734,0.97124,0.30079,1,0,0.78796,0.75746,0.3399,0.21449,0.16868,0,0,0,0,0,0,0,0,0,0,0,0,0,0,0,0,0,0,0,0,0,0,0,0,0,0,0,0,0
0,0,0,0,0,0,0,0,0,0,0,0,0,0,0,0,0,0,0,0,0,0,0,0,0,0,0,0,0,0,0,0,0,0,0,0,0,0,0,0,0,0,0,0,0,0,0,0,0,0,0,0,0,0,0,0,0,0,0,0,0,0,0,0,0,0,0,0,0,0,0,0,0,0,0,0,0,0,0,0,0,0,0,0,0,0,0,0,0,0,0,0,0,0,0,0,0,0,0,0,0,0,0,0,0,0,0,0,0,0,0,0,0,0,0,0,0,0,0,0,0,0,0,0,0,0,0,0,0,0,0,0,0,0,0,0,0,0,0,0,0,0,0,0,0,0,0,0,0,0,0,0,0,0,0,0,0,0,0,0,0,0,0,0,0,0,0,0,0,0,0,0,0,0,0,0,0,0,0,0,0,0,0,0,0,0,0,0,0,0,0,0,0,0,0,0,0,0,0,0,0,0,0,0,0,0,0,0,0,0,0,0,0,0,0,0,0,0,0,0,0,0,0,0,0,0,0,0,0,0,0,0,0,0,0,0,0,0,0,0,0,0,0,0,0,0,0,0,0,0,0,0,0,0,0,0,0,0,0,0,0,0,0,0,0,0,0,0,0,0,0,0,0,0,0,0,0,0,0,0,0,0,0,0,0,0,0,0,0,0,0,0,0,0,0,0,0,0,0,0,0,0,0,0,0,0,0,0,0,0,0,0,0,0,0,0,0,0,0.3968,0,0,0,0,0,0,0,0,0,0,0,0,0,0,0,0,0,0,0,0,0,0,0,0,0.20274,0,0,0,0.20365,0,0,0,0,0.13646,0,0,0,0,0,0,0,0,0,0,0,0.23312,0.19343,0,0,0,0,0,0,0,0,0,0,0,0,0,0,0,1,1,1,1,1,1,1,1,1,1,1,1,1,1,1,1,1,1,1,1,1,1,1,1,1,1,1,0.59104,1,1,1,1,1,1,1,1,0.71727,0.73147,0.53688,1,1,1,0,0,0,0,0,0,0,0,0,1,1,0.70914,0.30591,0,0,0,0,0,0,1,1,0.90901,0.58584,0.247,0,0,0,0,0.40035,0.26375,0.27778,0.19663,0.16494,0.38846,0,0.23667,0.19625,0.50641,0.35901,1,0.83663,1,0.67272,0,0,0,0,0,0,0,0,0,0,0,0,0,0,0,0,0,0,0,0,0,0,0,0,0,0,0,0,0,0,0,0,0,0
0,0,0,0,0,0,0,0,0,0,0,0,0,0,0,0,0,0,0,0,0,0,0,0,0,0,0,0,0,0,0,0,0,0,0,0,0,0,0,0,0,0,0,0,0,0,0,0,0,0,0,0,0,0,0,0,0,0,0,0,0,0,0,0,0,0,0,0,0,0,0,0,0,0,0,0,0,0,0,0,0,0,0,0,0,0,0,0,0,0,0,0,0,0,0,0,0,0,0,0,0,0,0,0,0,0,0,0,0,0,0,0,0,0,0,0,0,0,0,0,0,0,0,0,0,0,0,0,0,0,0,0,0,0,0,0,0,0,0,0,0,0,0,0,0,0,0,0,0,0,0,0,0,0,0,0,0,0,0,0,0,0,0,0,0,0,0,0,0,0,0,0,0,0,0,0,0,0,0,0,0,0,0,0,0,0,0,0,0,0,0,0,0,0,0,0,0,0,0,0,0,0,0,0,0,0,0,0,0,0,0,0,0,0,0,0,0,0,0,0,0,0,0,0,0,0,0,0,0,0,0,0,0,0,0,0,0,0,0,0,0,0,0,0,0,0,0,0,0,0,0,0,0,0,0,0,0,0,0,0,0,0,0,0,0,0,0,0,0,0,0,0,0,0,0,0,0,0,0,0,0,0,0,0,0,0,0,0,0,0,0,0,0,0,0,0,0,0,0,0,0,0,0,0,0,0,0,0,0,0,0,0,0,0,0.57011,0.21814,0,0,1,1,0.42599,0.15684,0,0,0,0,0,0,0,0,0,0,0,0,0,0.16101,0,0,0,0.1357,0,0.2145,0.35742,1,1,0.22399,0.37609,1,1,1,0.63525,0.49283,1,1,1,0.91657,0.70999,0.80372,0.49978,0.99698,1,0.94491,0.20302,0.72312,1,1,0.88244,0.39861,0.18145,0,0,0,0.1744,0,0,0,0,0.49953,0,0,0,1,1,1,1,1,1,1,1,1,1,0.69145,1,1,0.97101,1,1,0.61131,0.86938,0.72991,1,1,1,0.37403,0.39625,0.29409,0.61387,0.62208,0.20283,1,1,1,0.23716,1,0.84241,0.52625,1,1,1,0.91877,0.70755,1,1,0.63379,0.43081,0,0.34276,0.16257,0,0,0,0,1,1,1,1,0.85821,0.51719,0.23758,0,0.18235,0,1,1,1,0.96619,0.76156,0.47081,0.22417,0,0,0.54979,0.30181,0,0.15173,0,1,1,1,1,1,1,1,1,1,1,0,0,0,0,0,0,0,0,0,0,0,0,0,0,0,0,0,0,0,0,0,0,0,0,0,0,0,0,0,0,0,0,0,0
0,0,0,0,0,0,0,0,0,0,0,0,0,0,0,0,0,0,0,0,0,0,0,0,0,0,0,0,0,0,0,0,0,0,0,0,0,0,0.60527,1,0.96652,0.18035,0.13495,0.64071,0.18985,0.16603,0.50256,0,0,0,0,0,0,0,0,0,0,0,0,0,0,0,0,0,0,0,0,0.89521,0,0,0,0,0,0,0,0,0,0,0,0,0,0,0,0,0,0,0,0,0,0,0,0,0,0,0,0,0,0,0,0,0,0,0,0,0,0,0,0,0,0,0,0,0,0,0,0,0,0,0,0,0,0,0,0,0,0,0,0,0,0,0,0,0,0,0,0,0,0,0,0,0,0,0,0,0,0,0,0,0,0,0,0,0,0,0,0,0,0,0,0,0,0,0,0,0,0,0,0,0,0,0,0,0,0,0,0,0,0,0,0,0,0,0,0,0,0,0,0,0,0,0,0,0,0,0,0,0,0,0,0,0,0,0,0,0,0,0,0,0,0,0,0,0,0,0,0,0,0,0,0,0,0,0,0,0,0,0,0,0,0,0,0,0,0,0,0,0,0,0,0,0,0,0,0,0,0,0,0,0,0,0,0,0,0,0,0,0,0,0,0,0,0,0,0,0,0,0,0,0,0,0,0,0,0,0,0,0,0,0,0,0,0,0,0,0,0,0,0,0,0,0,0,0,0,0,0,0,0,0,0,0,0,0,0,0,0,0,0,0,0,0,0,0,0,0,0,0.17322,0,0.14051,0,0.18653,0.23478,0,0.14958,0.33355,0.80399,1,1,0,0.26127,0.67362,0.82032,1,1,1,1,1,1,1,1,0.79162,1,1,0.19503,0.21989,0.9307,1,0.57284,0.7401,0.77386,0.62799,1,1,1,1,1,1,1,1,1,1,1,0,0,0,0,0,0,0,0,0,0,0,0,0,0,0,0,0,0,0,0,0.21023,0,0.20105,0,0.15806,0,0,0.16388,0.28727,0,0,0,0,0.2236,0.33355,0,0,0,0,0.15892,0.17994,0,0,0,0,0.14732,0,0,0,0,0,0,0,0,0,0.15751,0,0,0,0,0.63379,1,1,1,1,1,1,1,1,1,0.58175,0.77954,1,1,1,1,1,1,1,1,0.4105,0.4761,0.68239,0.93493,1,1,1,1,1,0.58491,0.36952,0,0.1686,0,1,1,1,1,1,1,1,1,0.94235,0.43394,0,0,0.48058,0,0,0.75683,1,0,0,0,0,0,0.21769,0.26412,0.74927,0,0,0,0,0,0.37958,0.21191,0,0,0.3796,0.1999,0.12736,0,0,0,0,0,0.13554,0.16262
0,0,0,0,0,0,0,0,0,0,0,0,0,0,0,0,0,0,0,0,0,0,0,0,0,0,0,0,0,0,0,0,0,0,0,0,0,0,0.79645,1,1,0.24591,0.19815,0.7937,0.23937,0.22048,0.66735,0,0,0,0,0,0,0,0,0,0,0,0,0,0,0,0,0,0,0,0,1,0,0,0,0,0,0,0,0,0,0,0,0,0,0,0,0,0,0,0,0,0,0,0,0,0,0,0,0,0,0,0,0,0,0,0,0,0,0,0,0,0,0,0,0,0,0,0,0,0,0,0,0,0,0,0,0,0,0,0,0,0,0,0,0,0,0,0,0,0,0,0,0,0,0,0,0,0,0,0,0,0,0,0,0,0,0,0,0,0,0,0,0,0,0,0,0,0,0,0,0,0,0,0,0,0,0,0,0,0,0,0,0,0,0,0,0,0,0,0,0,0,0,0,0,0,0,0,0,0,0,0,0,0,0,0,0,0,0,0,0,0,0,0,0,0,0,0,0,0,0,0,0,0,0,0,0,0,0,0,0,0,0,0,0,0,0,0,0,0,0,0,0,0,0,0,0,0,0,0,0,0,0,0,0,0,0,0,0,0,0,0,0,0,0,0,0,0,0,0,0,0,0,0,0,0,0,0,0,0,0,0,0,0,0,0,0,0,0,0,0,0,0,0,0,0,0,0,0,0,0,0,0,0,0,0,0,0,0,0,0,0,0,0,0,0,0,0,0,0.14888,0,0,0,0.14539,0.20664,0,0.15024,0.36819,0.87404,1,1,0,0.23918,0.65027,0.82709,1,1,1,1,1,1,1,1,0.75219,1,1,0.13387,0.16671,0.86592,1,0.38983,0.57145,0.61958,0.5113,1,1,1,1,0.94235,1,1,1,1,1,1,0,0,0,0,0,0,0,0,0,0,0,0,0,0,0,0,0,0,0,0,0.14248,0,0.13393,0,0,0,0,0,0.20019,0,0,0,0,0.16488,0.2214,0,0,0,0,0,0.12791,0,0,0,0,0,0,0,0,0,0,0,0,0,0,0,0,0,0,0,0.43081,1,1,1,1,1,1,1,1,1,0.4123,0.61783,1,1,1,1,1,1,1,1,0.26117,0.33864,0.55324,0.82078,1,1,1,1,1,0.49166,0.28671,0,0.14421,0,1,1,1,1,1,1,1,0.83905,0.75022,0.24578,0,0,0.46445,0,0,0.81884,1,0,0,0,0,0,0.2337,0.34075,0.88045,0,0,0,0,0,0.48625,0.24852,0.1549,0,0.51276,0.24465,0.17154,0,0,0,0,0,0.15477,0.18631
0,0,0,0,0,0,0,0,0,0,0,0,0,0,0,0,0,0,0,0,0,0,0,0,0,0,0,0,0,0,0,0,0,0,0,0,0,0,1,1,1,1,0.85904,1,0.7786,0.79581,1,0,0.33022,0.41895,0,0,0.14579,0,0,0,0,0,0,0,0,0,0,0,0,0.14963,0,1,0,0,0,0,0,0,0,0,0,0,0,0,0,0,0,0,0,0,0,0,0,0,0,0,0,0,0,0,0,0,0,0,0,0,0,0,0,0,0,0,0,0,0,0,0,0,0,0,0,0,0,0,0,0,0,0,0,0,0,0,0,0,0,0,0,0,0,0,0,0,0,0,0,0,0,0,0,0,0,0,0,0,0,0,0,0,0,0,0,0,0,0,0,0,0,0,0,0,0,0,0,0,0,0,0,0,0,0,0,0,0,0,0,0,0,0,0,0,0,0,0,0,0,0,0,0,0,0,0,0,0,0,0,0,0,0,0,0,0,0,0,0,0,0,0,0,0,0,0,0,0,0,0,0,0,0,0,0,0,0,0,0,0,0,0,0,0,0,0,0,0,0,0,0,0,0,0,0,0,0,0,0,0,0,0,0,0,0,0,0,0,0,0,0,0,0,0,0,0,0,0,0,0,0,0,0,0,0,0,0,0,0,0,0,0,0,0,0,0,0,0,0,0,0,0,0,0,0,0,0,0,0,0,0,0,0,0,0,0,0,0,0,0,0,0,0,0,0,0,0,0,0,0,0,0,0,0.31551,0.93861,1,1,0,0.12545,0.36312,0.63992,1,1,1,1,1,1,1,1,0.40369,1,1,0,0,0.42737,1,0,0,0.13969,0.14076,0.6025,0.57489,0.41992,0.31904,0.31833,0.52324,0.96853,1,1,1,1,0,0,0,0,0,0,0,0,0,0,0,0,0,0,0,0,0,0,0,0,0,0,0,0,0,0,0,0,0,0,0,0,0,0,0,0,0,0,0,0,0,0,0,0,0,0,0,0,0,0,0,0,0,0,0,0,0,0,0,0,0,1,1,1,1,1,1,1,1,1,0,0.14725,0.53875,0.81178,1,1,1,1,1,1,0,0,0.16188,0.29469,0.57763,0.93318,1,1,1,0.18261,0.12881,0,0,0,0.89864,1,1,0.9158,0.86211,0.60598,0.26972,0.17283,0.15783,0,0,0,0.30165,0,0,0.94932,1,0,0,0,0,0.13472,0.30766,0.56313,1,0,0,0,0,0,0.83663,0.62147,0.32221,0.18718,0.98763,0.72485,0.50444,0,0,0,0,0,0.20717,0.26967
0,0,0,0,0,0,0,0,0,0,0,0,0,0,0,0,0,0,0,0,0,0,0,0,0,0,0,0,0,0,0,0,0,0,0,0,0,0,0.99101,1,1,0.38623,0.32014,1,0.66846,0.55072,1,0,0.13067,0.12584,0,0,0,0,0,0,0,0,0,0,0,0,0,0,0,0,0,1,0,0,0,0,0,0,0,0,0,0,0,0,0,0,0,0,0,0,0,0,0,0,0,0,0,0,0,0,0,0,0,0,0,0,0,0,0,0,0,0,0,0,0,0,0,0,0,0,0,0,0,0,0,0,0,0,0,0,0,0,0,0,0,0,0,0,0,0,0,0,0,0,0,0,0,0,0,0,0,0,0,0,0,0,0,0,0,0,0,0,0,0,0,0,0,0,0,0,0,0,0,0,0,0,0,0,0,0,0,0,0,0,0,0,0,0,0,0,0,0,0,0,0,0,0,0,0,0,0,0,0,0,0,0,0,0,0,0,0,0,0,0,0,0,0,0,0,0,0,0,0,0,0,0,0,0,0,0,0,0,0,0,0,0,0,0,0,0,0,0,0,0,0,0,0,0,0,0,0,0,0,0,0,0,0,0,0,0,0,0,0,0,0,0,0,0,0,0,0,0,0,0,0,0,0,0,0,0,0,0,0,0,0,0,0,0,0,0,0,0,0,0,0,0,0,0,0,0,0,0,0,0,0,0,0,0,0,0,0,0,0,0,0,0,0,0,0,0,0,0,0,0,0,0,0,0,0,0.26254,0.81208,1,0,0,0.16762,0.22635,0.94209,0.70064,0.70221,1,1,1,1,1,0.20328,0.93809,1,0,0,0.24615,0.88224,0.17466,0.21271,0.21265,0.14863,0.50342,0.9655,0.69519,0.49957,0.38998,0.50819,0.96664,1,1,1,1,0,0,0,0,0,0,0,0,0,0,0,0,0,0,0,0,0,0,0,0,0,0,0.12568,0,0,0,0,0.14146,0.24709,0,0,0,0,0.23649,0.41402,0,0,0,0,0.19625,0.23475,0,0,0,0.1841,0.26274,0.18248,0,0,0,0,0,0,0,0,0,0,0,0,0,0.34276,1,1,1,1,1,1,1,1,1,0.65493,0.8936,1,1,1,1,1,1,1,1,0.60248,0.72404,0.96247,1,1,1,1,1,1,1,0.82666,0.18552,0.49549,0.22541,1,1,1,1,1,1,1,0.6624,0.82498,0.15796,0,0.2575,1,0,0.24876,1,1,0,0,0,0.30676,0.47738,0.84293,0.95729,1,0,0,0.21047,0.15469,0.18814,1,0.80677,0.53968,0.19025,1,0.73241,0.51967,0,0.20125,0,0,0,0.59965,0.68197
0,0,0,0,0,0,0,0,0,0,0,0,0,0,0,0,0,0,0,0,0,0,0,0,0,0,0,0,0,0,0,0,0,0,0,0,0,0,1,1,1,0.75035,0.64517,1,0.82592,0.76404,1,0,0.22492,0.23309,0,0,0,0,0,0,0,0,0,0,0,0,0,0,0,0,0,1,0,0,0,0,0,0,0,0,0,0,0,0,0,0,0,0,0,0,0,0,0,0,0,0,0,0,0,0,0,0,0,0,0,0,0,0,0,0,0,0,0,0,0,0,0,0,0,0,0,0,0,0,0,0,0,0,0,0,0,0,0,0,0,0,0,0,0,0,0,0,0,0,0,0,0,0,0,0,0,0,0,0,0,0,0,0,0,0,0,0,0,0,0,0,0,0,0,0,0,0,0,0,0,0,0,0,0,0,0,0,0,0,0,0,0,0,0,0,0,0,0,0,0,0,0,0,0,0,0,0,0,0,0,0,0,0,0,0,0,0,0,0,0,0,0,0,0,0,0,0,0,0,0,0,0,0,0,0,0,0,0,0,0,0,0,0,0,0,0,0,0,0,0,0,0,0,0,0,0,0,0,0,0,0,0,0,0,0,0,0,0,0,0,0,0,0,0,0,0,0,0,0,0,0,0,0,0,0,0,0,0,0,0,0,0,0,0,0,0,0,0,0,0,0,0,0,0,0,0,0,0,0,0,0,0,0,0,0,0,0,0,0,0,0,0,0,0,0,0,0,0,0,0,0,0,0,0.15657,0.54753,1,1,0,0,0.21406,0.36594,1,0.94433,0.98046,1,1,1,1,1,0.24008,1,1,0,0,0.30277,0.95656,0,0.15796,0.17127,0.13646,0.53067,0.77257,0.55214,0.39772,0.33694,0.49692,0.95823,1,1,1,1,0,0,0,0,0,0,0,0,0,0,0,0,0,0,0,0,0,0,0,0,0,0,0,0,0,0,0,0,0,0,0,0,0,0,0.1575,0,0,0,0,0,0,0,0,0,0,0,0,0,0,0,0,0,0,0,0,0,0,0,0,0,0.16257,1,1,1,1,1,1,1,1,1,0.23825,0.45056,1,1,1,1,1,1,1,1,0.21874,0.27925,0.51929,0.83148,1,1,1,1,1,0.58536,0.42048,0,0.20181,0,1,1,1,1,1,0.91064,0.70882,0.34753,0.41904,0,0,0.1375,0.78903,0,0.1596,1,1,0,0,0,0.19434,0.29365,0.68377,0.87589,1,0,0,0.16162,0,0.16656,1,0.82913,0.54185,0.22186,1,0.83798,0.61797,0,0.19093,0,0,0,0.46871,0.58696
0,0,0,0,0,0,0,0,0,0,0,0,0,0,0,0,0,0,0,0,0,0,0,0,0,0,0,0,0,0,0,0,0,0,0,0,0,0,1,1,1,1,1,1,1,1,1,0.22103,0.55922,0.60069,0.14613,0.1511,0.20315,0,0,0,0,0,0,0,0,0,0,0,0,0.19124,0,1,0,0,0,0,0,0,0,0,0,0,0,0,0,0,0,0,0,0,0,0,0,0,0,0,0,0,0,0,0,0,0,0,0,0,0,0,0,0,0,0,0,0,0,0,0,0,0,0,0,0,0,0,0,0,0,0,0,0,0,0,0,0,0,0,0,0,0,0,0,0,0,0,0,0,0,0,0,0,0,0,0,0,0,0,0,0,0,0,0,0,0,0,0,0,0,0,0,0,0,0,0,0,0,0,0,0,0,0,0,0,0,0,0,0,0,0,0,0,0,0,0,0,0,0,0,0,0,0,0,0,0,0,0,0,0,0,0,0,0,0,0,0,0,0,0,0,0,0,0,0,0,0,0,0,0,0,0,0,0,0,0,0,0,0,0,0,0,0,0,0,0,0,0,0,0,0,0,0,0,0,0,0,0,0,0,0,0,0,0,0,0,0,0,0,0,0,0,0,0,0,0,0,0,0,0,0,0,0,0,0,0,0,0,0,0,0,0,0,0,0,0,0,0,0,0,0,0,0,0,0,0,0,0,0,0,0,0,0,0,0,0,0,0,0,0,0,0,0,0,0,0,0,0,0,0,0,0.13744,0.53458,1,1,0,0,0.1608,0.24909,1,0.87236,0.94834,1,1,1,1,1,0.17803,0.87518,1,0,0,0.19274,0.72732,0,0,0,0,0.27531,0.39498,0.23245,0.18825,0.17734,0.23867,0.6715,1,0.81187,1,1,0,0,0,0,0,0,0,0,0,0,0,0,0,0,0,0,0,0,0,0,0,0,0,0,0,0,0,0,0,0,0,0,0,0,0,0,0,0,0,0,0,0,0,0,0,0,0,0,0,0,0,0,0,0,0,0,0,0,0,0,0,1,1,1,1,1,1,1,1,1,0,0.19229,0.6885,1,1,1,1,1,1,1,0,0.1475,0.22978,0.51456,0.82149,1,1,1,1,0.31107,0.2234,0,0.12756,0,1,1,1,0.80115,0.89038,0.50539,0.29958,0.14581,0.17056,0,0,0,0.65603,0,0.13556,1,1,0,0,0,0.1851,0.30238,0.70751,0.96733,1,0,0,0.17846,0.14302,0.20869,1,1,0.71719,0.42457,1,1,0.87239,0,0.2427,0,0,0,0.52476,0.67387
0,0,0,0,0,0,0,0,0,0,0,0,0,0,0,0,0,0,0,0,0,0,0,0,0,0,0,0,0,0,0,0,0,0,0,0,0,0,1,1,1,1,1,1,1,1,1,0.29814,0.67017,0.69354,0.18606,0.187,0.23352,0,0,0,0,0.16145,0.13008,0,0,0,0,0,0,0.21562,0,1,0,0,0,0,0,0,0,0,0,0,0,0,0,0,0,0,0,0,0,0,0,0,0,0,0,0,0,0,0,0,0,0,0,0,0,0,0,0,0,0,0,0,0,0,0,0,0,0,0,0,0,0,0,0,0,0,0,0,0,0,0,0,0,0,0,0,0,0,0,0,0,0,0,0,0,0,0,0,0,0,0,0,0,0,0,0,0,0,0,0,0,0,0,0,0,0,0,0,0,0,0,0,0,0,0,0,0,0,0,0,0,0,0,0,0,0,0,0,0,0,0,0,0,0,0,0,0,0,0,0,0,0,0,0,0,0,0,0,0,0,0,0,0,0,0,0,0,0,0,0,0,0,0,0,0,0,0,0,0,0,0,0,0,0,0,0,0,0,0,0,0,0,0,0,0,0,0,0,0,0,0,0,0,0,0,0,0,0,0,0,0,0,0,0,0,0,0,0,0,0,0,0,0,0,0,0,0,0,0,0,0,0,0,0,0,0,0,0,0,0,0,0,0,0,0,0,0,0,0,0,0,0,0,0,0,0,0,0,0,0,0,0,0,0,0,0,0,0,0,0,0,0,0,0,0,0,0,0.37889,1,1,0,0,0,0.19541,0.88757,0.71224,0.79047,1,1,1,1,1,0,0.71657,1,0,0,0.1407,0.57225,0,0,0,0,0.20778,0.28106,0.19053,0.14352,0.12988,0.18948,0.52559,1,0.67212,0.8775,1,0,0,0,0,0,0,0,0,0,0,0,0,0,0,0,0,0,0,0,0,0,0,0,0,0,0,0,0,0,0,0,0,0,0,0,0,0,0,0,0,0,0,0,0,0,0,0,0,0,0,0,0,0,0,0,0,0,0,0,0,0,1,1,1,1,1,1,1,1,1,0,0.19314,0.69425,1,1,1,1,1,1,1,0,0.15736,0.24077,0.55371,0.87078,1,1,1,1,0.37268,0.24766,0,0.15585,0,1,1,1,0.70571,0.84463,0.41605,0.25807,0,0.15823,0,0,0,0.76818,0,0.17911,1,1,0,0,0,0.23173,0.44845,0.85517,1,1,0,0,0.22937,0.19513,0.28578,1,1,0.87826,0.58052,1,1,1,0,0.38893,0,0,0,0.67751,0.82999
0,0,0,0,0,0,0,0,0,0,0,0,0,0,0,0,0,0,0,0,0,0,0,0,0,0,0,0,0,0,0,0,0,0,0,0,0,0,1,1,1,1,1,1,1,1,1,0.61166,1,1,0.4631,0.51994,0.71724,0.26201,0.22291,0.15651,0.14388,0.13471,0.16883,0.14239,0,0,0,0,0,0.71176,0.12826,1,0,0,0,0,0,0,0,0,0,0,0,0,0,0,0,0,0,0,0,0,0,0,0,0,0,0,0,0,0,0,0,0,0,0,0,0,0,0,0,0,0,0,0,0,0,0,0,0,0,0,0,0,0,0,0,0,0,0,0,0,0,0,0,0,0,0,0,0,0,0,0,0,0,0,0,0,0,0,0,0,0,0,0,0,0,0,0,0,0,0,0,0,0,0,0,0,0,0,0,0,0,0,0,0,0,0,0,0,0,0,0,0,0,0,0,0,0,0,0,0,0,0,0,0,0,0,0,0,0,0,0,0,0,0,0,0,0,0,0,0,0,0,0,0,0,0,0,0,0,0,0,0,0,0,0,0,0,0,0,0,0,0,0,0,0,0,0,0,0,0,0,0,0,0,0,0,0,0,0,0,0,0,0,0,0,0,0,0,0,0,0,0,0,0,0,0,0,0,0,0,0,0,0,0,0,0,0,0,0,0,0,0,0,0,0,0,0,0,0,0,0,0,0,0,0,0,0,0,0,0,0,0,0,0,0,0,0,0,0,0,0,0,0,0,0,0,0,0,0,0,0,0,0,0,0,0,0,0.45504,1,1,0,0,0,0.1733,0.7996,0.68669,0.81737,1,1,1,1,1,0,0.52366,1,0,0,0,0.32808,0,0,0,0,0,0,0,0,0,0,0.23237,0.78906,0.30129,0.44796,0.83705,0,0,0,0,0,0,0,0,0,0,0,0,0,0,0,0,0,0,0,0,0,0,0,0,0,0,0,0,0,0,0,0,0,0,0,0,0,0,0,0,0,0,0,0,0,0,0,0,0,0,0,0,0,0,0,0,0,0,0,0,0,1,1,1,1,1,1,1,1,1,0,0,0.1862,0.39967,0.89125,1,1,1,1,1,0,0,0,0.14413,0.25746,0.67869,1,1,1,0,0,0,0,0,0.40506,1,0.52748,0.22396,0.24375,0,0,0,0,0,0,0,0.27789,0,0,1,1,0,0,0,0,0.21048,0.54178,0.89218,1,0,0,0.14591,0.128,0.21646,1,1,0.80099,0.68328,1,1,1,0,0.29781,0,0,0,0.41706,0.60817
0,0,0,0,0,0,0,0,0,0,0,0,0,0,0,0,0,0,0,0,0,0,0,0,0,0,0,0,0,0,0,0,0,0,0,0,0,0,1,1,1,1,1,1,1,1,1,0.40459,0.94944,1,0.29497,0.37977,0.61317,0.22242,0.17542,0,0,0,0,0,0,0,0,0,0,0.65001,0,1,0,0,0,0,0,0,0,0,0,0,0,0,0,0,0,0,0,0,0,0,0,0,0,0,0,0,0,0,0,0,0,0,0,0,0,0,0,0,0,0,0,0,0,0,0,0,0,0,0,0,0,0,0,0,0,0,0,0,0,0,0,0,0,0,0,0,0,0,0,0,0,0,0,0,0,0,0,0,0,0,0,0,0,0,0,0,0,0,0,0,0,0,0,0,0,0,0,0,0,0,0,0,0,0,0,0,0,0,0,0,0,0,0,0,0,0,0,0,0,0,0,0,0,0,0,0,0,0,0,0,0,0,0,0,0,0,0,0,0,0,0,0,0,0,0,0,0,0,0,0,0,0,0,0,0,0,0,0,0,0,0,0,0,0,0,0,0,0,0,0,0,0,0,0,0,0,0,0,0,0,0,0,0,0,0,0,0,0,0,0,0,0,0,0,0,0,0,0,0,0,0,0,0,0,0,0,0,0,0,0,0,0,0,0,0,0,0,0,0,0,0,0,0,0,0,0,0,0,0,0,0,0,0,0,0,0,0,0,0,0,0,0,0,0,0,0,0,0,0,0,0,0,0,0,0,0,0.18139,0.71641,1,1,0,0,0.14115,0.25307,1,0.92495,1,1,1,1,1,1,0.14113,0.71453,1,0,0,0.13076,0.50297,0,0,0,0,0.17395,0,0,0,0,0.1379,0.33972,0.94063,0.42363,0.53914,0.929,0,0,0,0,0,0,0,0,0,0,0,0,0,0,0,0,0,0,0,0,0,0,0,0,0,0,0,0,0,0,0,0,0,0,0,0,0,0,0,0,0,0,0,0,0,0,0,0,0,0,0,0,0,0,0,0,0,0,0,0,0,1,1,1,1,1,1,1,1,1,0,0,0.14775,0.26228,0.75967,1,1,1,1,1,0,0,0,0,0.19676,0.49643,0.8143,1,1,0,0,0,0,0,0.29685,1,0.48265,0.23392,0.22774,0.13071,0,0,0,0,0,0,0.18017,0,0,0.88218,1,0,0,0,0,0,0.26936,0.61375,1,0,0,0,0,0,0.99202,0.82055,0.52172,0.42294,1,1,0.83397,0,0.17286,0,0,0,0.21322,0.32884
0,0,0,0,0,0,0,0,0,0,0,0,0,0,0,0,0,0,0,0,0,0,0,0,0,0,0,0,0,0,0,0,0,0,0,0,0,0,0,0,0,0,0,0,0,0,0,0,0,0,0,0,0,0,0,0,0,0,0,0,0,0,0,0,0,0,0,0,0,0,0,0,0,0,0,0,0,0,0,0,0,0,0,0,0,0,0,0,0,0,0,0,0,0,0,0,0,0,0,0,0,0,0,0,0,0,0,0,0,0,0,0,0,0,0,0,0,0,0,0,0,0,0,0,0,0,0,0,0,0,0,0,0,0,0,0,0,0,0,0,0,0,0,0,0,0,0,0,0,0,0,0,0,0,0,0,0,0,0,0,0,0,0,0,0,0,0,0,0,0,0,0,0,0,0,0,0,0,0,0,0,0,0,0,0,0,0,0,0,0,0,0,0,0,0,0,0,0,0,0,0,0,0,0,0,0,0,0,0,0,0,0,0,0,0,0,0,0,0,0,0,0,0,0,0,0,0,0,0,0,0,0,0,0,0,0,0,0,0,0,0,0,0,0,0,0,0,0,0,0,0,0,0,0,0,0,0,0,0,0,0,0,0,0,0,0,0,0,0,0,0,0,0,0,0,0,0,0,0,0,0,0,0,0,0,0,0,0,0,0,0,0,0,0,0,0,0,0,0,0,0,0,0,0,0,0,0,0,0,0,0,0,0,0,0,0,0,0,0.39503,0,0,0,0,0,0,0,0,0,0,0,0,0,0,0,0,0,0,0,0,0,0,0,0.16463,0.25882,0,0,0,0.51946,0.28011,0.18319,0,0,0.82852,0.45455,0.2137,0,0,0.1562,0.13668,0.23875,0.54846,0.4631,0,0,0.13311,0,0,0,0,0,0,0,0,0,0,0,0,0,0,0,0,0.85711,1,1,1,1,1,1,1,1,1,1,1,1,1,1,1,1,1,1,1,1,1,1,1,1,1,1,1,0.86757,0.40145,0.43083,1,0.74264,0.20566,0.3866,0.37297,0.67626,0.3923,0,1,1,1,0.58175,0.4123,0,0.65493,0.23825,0,0,0,0,1,1,1,1,1,1,0.70871,0.21701,0.68539,0.20391,1,1,1,1,1,1,1,0.62452,0.19566,1,1,1,1,1,1,1,1,1,1,1,1,1,1,0.93074,0.39586,0.76425,0.82931,0,0.2171,0.19818,0.3597,0,0,0,0.13722,0,0.13084,0,0,0,0,0,0,0,0,0,0,0,0,0,0,0,0,0,0,0,0,0
0,0,0,0,0,0,0,0,0,0,0,0,0,0,0,0,0,0,0,0,0,0,0,0,0,0,0,0,0,0,0,0,0,0,0,0,0,0,0,0,0,0,0,0,0,0,0,0,0,0,0,0,0,0,0,0,0,0,0,0,0,0,0,0,0,0,0,0,0,0,0,0,0,0,0,0,0,0,0,0,0,0,0,0,0,0,0,0,0,0,0,0,0,0,0,0,0,0,0,0,0,0,0,0,0,0,0,0,0,0,0,0,0,0,0,0,0,0,0,0,0,0,0,0,0,0,0,0,0,0,0,0,0,0,0,0,0,0,0,0,0,0,0,0,0,0,0,0,0,0,0,0,0,0,0,0,0,0,0,0,0,0,0,0,0,0,0,0,0,0,0,0,0,0,0,0,0,0,0,0,0,0,0,0,0,0,0,0,0,0,0,0,0,0,0,0,0,0,0,0,0,0,0,0,0,0,0,0,0,0,0,0,0,0,0,0,0,0,0,0,0,0,0,0,0,0,0,0,0,0,0,0,0,0,0,0,0,0,0,0,0,0,0,0,0,0,0,0,0,0,0,0,0,0,0,0,0,0,0,0,0,0,0,0,0,0,0,0,0,0,0,0,0,0,0,0,0,0,0,0,0,0,0,0,0,0,0,0,0,0,0,0,0,0,0,0,0,0,0,0,0,0,0,0,0,0,0,0,0,0,0,0,0,0,0,0,0,0,0.27621,0,0,0,0,0,0,0,0,0,0,0,0,0,0,0,0,0,0,0,0,0.15864,0,0,0.21988,0.22229,0,0,0,0.46293,0.25604,0.18109,0,0,0.86467,0.48158,0.22257,0,0,0.18503,0.18054,0.30773,0.65156,0.60021,0,0,0,0,0,0,0,0,0,0,0,0,0,0,0,0,0,0,0,0.64202,1,0.85088,1,1,1,0.98663,1,1,1,0.88456,1,1,1,1,1,0.99928,1,1,1,1,1,1,1,1,1,1,1,0.69818,0.2236,0.22754,1,0.48493,0,0.2068,0.22458,0.54307,0.24276,0,1,1,1,0.77954,0.61783,0.14725,0.8936,0.45056,0.19229,0.19314,0,0,1,1,1,1,1,1,0.96233,0.40615,0.9475,0.37289,1,1,1,1,1,1,1,0.89086,0.35273,1,1,1,1,1,1,1,1,1,1,1,1,1,1,0.83327,0.51342,0.93726,1,0.14825,0.35676,0.3567,0.6243,0,0,0,0.21069,0.17645,0.21354,0.1311,0,0,0,0,0,0,0,0,0,0,0,0,0,0,0,0,0,0.14267,0,0
0,0,0,0,0,0,0,0,0,0,0,0,0,0,0,0,0,0,0,0,0,0,0,0,0,0,0,0,0,0,0,0,0,0,0,0,0,0,0,0.22863,0.20454,0,0,0.13355,0,0,0,0,0,0,0,0,0,0,0,0,0,0,0,0,0,0,0,0,0,0,0,0,0,0,0,0,0,0,0,0,0,0,0,0,0,0,0,0,0,0,0,0,0,0,0,0,0,0,0,0,0,0,0,0,0,0,0,0,0,0,0,0,0,0,0,0,0,0,0,0,0,0,0,0,0,0,0,0,0,0,0,0,0,0,0,0,0,0,0,0,0,0,0,0,0,0,0,0,0,0,0,0,0,0,0,0,0,0,0,0,0,0,0,0,0,0,0,0,0,0,0,0,0,0,0,0,0,0,0,0,0,0,0,0,0,0,0,0,0,0,0,0,0,0,0,0,0,0,0,0,0,0,0,0,0,0,0,0,0,0,0,0,0,0,0,0,0,0,0,0,0,0,0,0,0,0,0,0,0,0,0,0,0,0,0,0,0,0,0,0,0,0,0,0,0,0,0,0,0,0,0,0,0,0,0,0,0,0,0,0,0,0,0,0,0,0,0,0,0,0,0,0,0,0,0,0,0,0,0,0,0,0,0,0,0,0,0,0,0,0,0,0,0,0,0,0,0,0,0,0,0,0,0,0,0,0,0,0,0,0,0,0,0,0,0,0,0,0,0,0,0,0,0.20518,0,0,0,0,0,0,0,0,0,0,0,0,0,0,0,0,0.36771,0.193,0,0,0.53131,0,0.15366,0.64698,0.19086,0,0,0.18734,0.44234,0.31749,0.21726,0,0.13399,1,0.65361,0.34851,0.19442,0.17741,0.37429,0.45957,0.63211,0.99231,1,0,0,0,0,0,0,0,0,0,0,0,0,0,0,0,0,0,0,0,0.24547,1,0.38798,1,0.50554,1,0.41225,1,1,1,0.26851,0.93181,1,1,1,1,0.38753,0.7951,0.78098,1,1,1,0.65139,1,1,1,1,1,0.40509,0,0,0.683,0.15085,0,0,0,0.3407,0.15332,0,1,0.70914,1,1,1,0.53875,1,1,0.6885,0.69425,0.1862,0.14775,1,1,1,1,1,1,1,1,1,0.98221,1,1,1,1,1,1,1,1,0.94128,1,1,1,1,1,1,1,1,1,1,1,1,1,1,0.70372,0.49097,1,1,0.16549,0.60484,0.87024,1,0,0,0.12752,0.44111,0.39788,0.57023,0.37877,0.23702,0,0,0.15745,0,0,0.22414,0.14931,0,0,0.1342,0,0,0,0,0,0,0.22098,0.28329,0.2391
0,0,0,0,0,0,0,0,0,0,0,0,0,0,0,0,0,0,0,0,0,0,0,0,0,0,0,0,0,0,0,0,0,0,0,0,0,0,0,0.5765,0.51953,0,0,0.31662,0.13413,0,0.18861,0,0,0,0,0,0,0,0,0,0,0,0,0,0,0,0,0,0,0,0,0.24189,0,0,0,0,0,0,0,0,0,0,0,0,0,0,0,0,0,0,0,0,0,0,0,0,0,0,0,0,0,0,0,0,0,0,0,0,0,0,0,0,0,0,0,0,0,0,0,0,0,0,0,0,0,0,0,0,0,0,0,0,0,0,0,0,0,0,0,0,0,0,0,0,0,0,0,0,0,0,0,0,0,0,0,0,0,0,0,0,0,0,0,0,0,0,0,0,0,0,0,0,0,0,0,0,0,0,0,0,0,0,0,0,0,0,0,0,0,0,0,0,0,0,0,0,0,0,0,0,0,0,0,0,0,0,0,0,0,0,0,0,0,0,0,0,0,0,0,0,0,0,0,0,0,0,0,0,0,0,0,0,0,0,0,0,0,0,0,0,0,0,0,0,0,0,0,0,0,0,0,0,0,0,0,0,0,0,0,0,0,0,0,0,0,0,0,0,0,0,0,0,0,0,0,0,0,0,0,0,0,0,0,0,0,0,0,0,0,0,0,0,0,0,0,0,0,0,0,0,0,0,0,0,0,0,0,0,0,0,0,0,0,0,0,0,0,0,0,0,0,0,0,0,0,0,0,0,0,0,0,0,0,0,0,0,0,0,0,0.50438,0.27542,0.17671,0.16342,0.72321,0,0.1584,0.74161,0,0,0,0.17993,0.21838,0.19186,0.14676,0,0,0.85164,0.47112,0.22636,0.14682,0.14224,0.30766,0.48163,0.56331,0.92609,1,0,0,0,0,0,0,0,0,0,0,0,0,0,0,0,0,0,0,0,0,0.59849,0.15434,0.80479,0.19286,0.89929,0.16444,0.75901,1,1,0.132,0.53798,0.96417,1,1,1,0.17857,0.44864,0.45354,0.95024,1,1,0.36912,1,1,1,1,1,0.17107,0,0,0.43912,0,0,0,0,0.15941,0,0,0.8603,0.30591,1,1,1,0.81178,1,1,1,1,0.39967,0.26228,1,1,1,1,1,1,1,1,1,1,1,1,1,1,1,1,1,1,1,1,1,1,1,1,1,1,1,1,1,1,1,1,1,0.36385,0.62368,1,1,0.22991,0.9084,1,1,0,0,0.2215,0.78213,0.7701,0.96853,0.79709,0.63317,0,0.12815,0.34665,0.19913,0.17088,0.59923,0.37386,0.23698,0,0.32825,0.19636,0.14178,0,0.14646,0.14956,0,0.46619,0.68052,0.62636
0,0,0,0,0,0,0,0,0,0,0,0,0,0,0,0,0,0,0,0,0,0,0,0,0,0,0,0,0,0,0,0,0,0,0,0,0,0,0.24278,1,0.94309,0,0,0.71229,0.25516,0.18075,0.47475,0,0,0,0,0,0,0,0,0,0,0,0,0,0,0,0,0,0,0,0,0.67405,0,0,0,0,0,0,0,0,0,0,0,0,0,0,0,0,0,0,0,0,0,0,0,0,0,0,0,0,0,0,0,0,0,0,0,0,0,0,0,0,0,0,0,0,0,0,0,0,0,0,0,0,0,0,0,0,0,0,0,0,0,0,0,0,0,0,0,0,0,0,0,0,0,0,0,0,0,0,0,0,0,0,0,0,0,0,0,0,0,0,0,0,0,0,0,0,0,0,0,0,0,0,0,0,0,0,0,0,0,0,0,0,0,0,0,0,0,0,0,0,0,0,0,0,0,0,0,0,0,0,0,0,0,0,0,0,0,0,0,0,0,0,0,0,0,0,0,0,0,0,0,0,0,0,0,0,0,0,0,0,0,0,0,0,0,0,0,0,0,0,0,0,0,0,0,0,0,0,0,0,0,0,0,0,0,0,0,0,0,0,0,0,0,0,0,0,0,0,0,0,0,0,0,0,0,0,0,0,0,0,0,0,0,0,0,0,0,0,0,0,0,0,0,0,0,0,0,0,0,0,0,0,0,0,0,0,0,0,0,0,0,0,0,0,0,0,0,0,0,0,0,0,0,0,0,0,0,0,0.13587,0.26131,0,0,0,0,0.23279,0.14348,0.12948,0.93778,0.74612,0.50207,0.47963,1,0,0.31815,1,0,0,0,0.3477,0.21441,0.21,0.1793,0,0.19196,0.95034,0.59271,0.32419,0.20739,0.21695,0.56566,0.82294,0.81262,1,1,0,0,0,0,0,0,0,0,0,0,0,0,0,0,0,0,0,0,0,0,0.35667,0,0.50614,0,0.54366,0,0.36797,0.71803,1,0,0.19571,0.51396,0.6773,1,1,0,0.15494,0.15434,0.46442,1,1,0,0.57874,0.72084,1,1,0.98088,0,0,0,0.14691,0,0,0,0,0,0,0,0.36202,0,0.85821,1,1,1,1,1,1,1,0.89125,0.75967,1,1,1,1,1,1,1,1,1,1,1,1,1,1,1,1,1,1,1,1,1,0.95512,1,1,1,1,1,1,1,1,1,1,1,0.26279,0.31036,1,1,0.14896,0.79892,1,1,0,0,0.17971,0.74578,0.805,1,0.99535,0.99871,0,0,0.39715,0.22374,0.21639,0.88196,0.64294,0.44332,0,0.66798,0.41187,0.24358,0,0.204,0.12749,0,0.36859,0.79066,0.78241
0,0,0,0,0,0,0,0,0,0,0,0,0,0,0,0,0,0,0,0,0,0,0,0,0,0,0,0,0,0,0,0,0,0,0,0,0,0,0.65259,1,1,0.17853,0.1788,1,0.62097,0.42856,0.87562,0,0,0,0,0,0,0,0,0,0,0.15557,0,0,0,0,0,0,0,0,0,1,0,0,0,0,0,0,0,0,0,0,0,0,0,0,0,0,0,0,0,0,0,0,0,0,0,0,0,0,0,0,0,0,0,0,0,0,0,0,0,0,0,0,0,0,0,0,0,0,0,0,0,0,0,0,0,0,0,0,0,0,0,0,0,0,0,0,0,0,0,0,0,0,0,0,0,0,0,0,0,0,0,0,0,0,0,0,0,0,0,0,0,0,0,0,0,0,0,0,0,0,0,0,0,0,0,0,0,0,0,0,0,0,0,0,0,0,0,0,0,0,0,0,0,0,0,0,0,0,0,0,0,0,0,0,0,0,0,0,0,0,0,0,0,0,0,0,0,0,0,0,0,0,0,0,0,0,0,0,0,0,0,0,0,0,0,0,0,0,0,0,0,0,0,0,0,0,0,0,0,0,0,0,0,0,0,0,0,0,0,0,0,0,0,0,0,0,0,0,0,0,0,0,0,0,0,0,0,0,0,0,0,0,0,0,0,0,0,0,0,0,0,0,0,0,0,0,0,0,0,0,0,0,0,0,0,0,0,0,0,0,0,0,0,0,0,0,0,0,0,0,0,0,0,0,0,0,0,0,0.23185,0.64319,0,0,0,0,0.38213,0.20929,0.20405,1,1,0.81144,0.8306,1,0,0.43731,1,0,0,0,0.42515,0.14554,0.15787,0.13937,0,0.19992,0.80999,0.48158,0.24655,0.19161,0.21452,0.58383,0.92877,0.81503,1,1,0,0,0,0,0,0,0,0,0,0,0,0,0,0,0,0,0,0,0,0,0.16872,0,0.20926,0,0.21417,0,0.15193,0.30189,0.62461,0,0,0.19631,0.26368,0.65429,0.88059,0,0,0,0.18068,0.58373,0.72722,0,0.23275,0.35827,0.63876,0.85613,0.6622,0,0,0,0,0,0,0,0,0,0,0,0.15079,0,0.51719,1,1,1,1,1,1,1,1,1,1,1,1,1,1,1,1,1,1,1,1,1,1,1,1,1,1,1,1,1,1,0.67551,1,0.79228,1,1,1,1,1,1,1,0.73566,1,0.16459,0.20622,0.85276,1,0,0.77132,1,1,0,0,0.17223,0.78216,0.90042,1,1,1,0,0,0.51712,0.31575,0.34657,1,0.94057,0.71457,0.21178,1,0.75462,0.56229,0,0.33981,0.13788,0,0.36303,0.9511,0.9824
0,0,0,0,0,0,0,0,0,0,0,0,0,0,0,0,0,0,0,0,0,0,0,0,0,0,0,0,0,0,0,0,0,0,0,0,0,0,1,1,1,0.42677,0.40941,1,0.89958,0.74176,1,0,0.17695,0.15868,0,0,0,0,0,0,0,0.18361,0,0,0,0,0,0,0,0,0,1,0.13469,0,0,0,0,0,0,0,0,0,0,0,0,0,0,0,0,0,0,0,0,0,0,0,0,0,0,0,0,0,0,0,0,0,0,0,0,0,0,0,0,0,0,0,0,0,0,0,0,0,0,0,0,0,0,0,0,0,0,0,0,0,0,0,0,0,0,0,0,0,0,0,0,0,0,0,0,0,0,0,0,0,0,0,0,0,0,0,0,0,0,0,0,0,0,0,0,0,0,0,0,0,0,0,0,0,0,0,0,0,0,0,0,0,0,0,0,0,0,0,0,0,0,0,0,0,0,0,0,0,0,0,0,0,0,0,0,0,0,0,0,0,0,0,0,0,0,0,0,0,0,0,0,0,0,0,0,0,0,0,0,0,0,0,0,0,0,0,0,0,0,0,0,0,0,0,0,0,0,0,0,0,0,0,0,0,0,0,0,0,0,0,0,0,0,0,0,0,0,0,0,0,0,0,0,0,0,0,0,0,0,0,0,0,0,0,0,0,0,0,0,0,0,0,0,0,0,0,0,0,0,0,0,0,0,0,0,0,0,0,0,0,0,0,0,0,0,0,0,0,0,0,0,0,0,0,0,0.13781,0.49713,1,0,0,0,0,0.57837,0.34148,0.35184,1,1,1,1,1,0,0.56831,1,0,0,0,0.51532,0,0,0,0,0.21467,0.68392,0.39007,0.22593,0.18372,0.21901,0.61271,1,0.82263,1,1,0,0,0,0,0,0,0,0,0,0,0,0,0,0,0,0,0,0,0,0,0,0,0,0,0,0,0,0.13979,0.2471,0,0,0,0,0.25557,0.47814,0,0,0,0,0.22566,0.31886,0,0,0.15631,0.2472,0.46245,0.29463,0,0,0,0,0,0,0,0,0,0,0,0,0,0.23758,1,1,1,1,1,1,1,1,1,0.70871,0.96233,1,1,1,1,1,1,1,1,0.72336,0.87322,1,1,1,1,1,1,1,1,1,0.33047,0.78468,0.47295,1,1,1,1,1,0.97254,1,0.48102,0.7717,0,0,0.58704,1,0,0.60859,1,1,0,0,0,0.67567,0.84679,1,1,1,0,0,0.49778,0.32584,0.41319,1,1,0.86104,0.34925,1,0.99677,0.79142,0,0.44119,0,0,0.24261,0.96273,1
0,0,0,0,0,0,0,0,0,0,0,0,0,0,0,0,0,0,0,0,0,0,0,0,0,0,0,0,0,0,0,0,0,0,0,0,0,0,1,1,1,0.98573,0.95875,1,1,1,1,0.28802,0.55584,0.52138,0.16144,0.14769,0.17646,0,0,0,0,0.24566,0.17483,0,0,0,0,0,0,0.14274,0,1,0.1987,0,0,0,0,0,0,0,0,0,0,0,0,0,0,0,0,0,0,0,0,0,0,0,0,0,0,0,0,0,0,0,0,0,0,0,0,0,0,0,0,0,0,0,0,0,0,0,0,0,0,0,0,0,0,0,0,0,0,0,0,0,0,0,0,0,0,0,0,0,0,0,0,0,0,0,0,0,0,0,0,0,0,0,0,0,0,0,0,0,0,0,0,0,0,0,0,0,0,0,0,0,0,0,0,0,0,0,0,0,0,0,0,0,0,0,0,0,0,0,0,0,0,0,0,0,0,0,0,0,0,0,0,0,0,0,0,0,0,0,0,0,0,0,0,0,0,0,0,0,0,0,0,0,0,0,0,0,0,0,0,0,0,0,0,0,0,0,0,0,0,0,0,0,0,0,0,0,0,0,0,0,0,0,0,0,0,0,0,0,0,0,0,0,0,0,0,0,0,0,0,0,0,0,0,0,0,0,0,0,0,0,0,0,0,0,0,0,0,0,0,0,0,0,0,0,0,0,0,0,0,0,0,0,0,0,0,0,0,0,0,0,0,0,0,0,0,0,0,0,0,0,0,0,0,0,0,0.17919,0.71957,1,0,0,0,0,0.60776,0.40717,0.4618,1,1,1,1,1,0,0.49829,1,0,0,0,0.38991,0,0,0,0,0.15623,0.30441,0.18389,0.12519,0,0.14761,0.40481,0.90918,0.58185,0.83429,1,0,0,0,0,0,0,0,0,0,0,0,0,0,0,0,0,0,0,0,0,0,0,0,0,0,0,0,0,0,0,0,0,0,0,0.14071,0,0,0,0,0,0,0,0,0,0,0.15561,0,0,0,0,0,0,0,0,0,0,0,0,0,0,0,1,1,1,1,1,1,1,1,1,0.21701,0.40615,1,1,1,1,1,1,1,1,0.22711,0.34241,0.59623,0.93438,1,1,1,1,1,0.77895,0.65829,0.13926,0.38944,0.19868,1,1,1,0.7855,1,0.51964,0.49231,0.16457,0.24072,0,0,0.28224,1,0,0.44124,1,1,0,0,0,0.58114,0.8161,1,1,1,0,0,0.52804,0.40231,0.56487,1,1,1,0.70679,1,1,1,0,0.64025,0,0,0.20304,1,1
0,0,0,0,0,0,0,0,0,0,0,0,0,0,0,0,0,0,0,0,0,0,0,0,0,0,0,0,0,0,0,0,0,0,0,0,0,0,1,1,1,0.45016,0.47615,1,1,0.89733,1,0.16775,0.21545,0.18531,0,0,0,0,0,0,0,0.35112,0.14849,0,0,0,0,0,0,0,0,1,0.23455,0,0,0,0,0,0,0,0,0,0,0,0,0,0,0,0,0,0,0,0,0,0,0,0,0,0,0,0,0,0,0,0,0,0,0,0,0,0,0,0,0,0,0,0,0,0,0,0,0,0,0,0,0,0,0,0,0,0,0,0,0,0,0,0,0,0,0,0,0,0,0,0,0,0,0,0,0,0,0,0,0,0,0,0,0,0,0,0,0,0,0,0,0,0,0,0,0,0,0,0,0,0,0,0,0,0,0,0,0,0,0,0,0,0,0,0,0,0,0,0,0,0,0,0,0,0,0,0,0,0,0,0,0,0.1827,0.12515,0,0,0,0,0,0,0,0,0,0,0,0,0,0,0,0,0,0,0,0,0,0,0,0,0,0,0,0,0,0,0,0,0,0,0,0,0,0,0,0,0,0,0,0,0,0,0,0,0,0,0,0,0,0,0,0,0,0,0,0,0,0,0,0,0,0,0,0,0,0,0,0,0,0,0,0,0,0,0,0,0,0,0,0,0,0,0,0,0,0,0,0,0,0,0,0,0,0,0,0,0,0,0,0,0,0,0,0,0,0,0,0,0,0,0,0,0,0,0,0,0,0,0.24284,0.84776,0,0,0,0,0.26848,0.17873,0.18481,1,1,0.86467,0.96099,1,0,0.25007,1,0,0,0,0.23215,0,0,0,0,0,0.41047,0.20112,0.12721,0,0,0.29871,0.71541,0.5122,0.81965,1,0,0,0,0,0,0,0,0,0,0,0,0,0,0,0,0,0,0,0,0,0,0,0,0,0,0,0,0,0.22617,0,0,0,0.13627,0.24399,0.46744,0,0,0,0,0.23055,0.35592,0,0.1375,0.20008,0.35105,0.57983,0.4627,0,0,0,0,0,0,0,0,0,0,0,0,0,0.18235,1,1,1,1,1,1,1,1,1,0.68539,0.9475,1,1,1,1,1,1,1,1,0.76048,0.93464,1,1,1,1,1,1,1,1,1,0.52701,0.99445,0.69392,1,1,1,0.95365,1,0.73545,0.90295,0.27549,0.65832,0,0.19707,0.84624,1,0.12727,0.91143,1,1,0,0,0.22714,0.99007,1,1,1,1,0,0.15681,0.81615,0.64153,0.71875,1,1,1,0.59103,1,1,1,0,0.7369,0.21196,0.13858,0.53825,1,1
0,0,0,0,0,0,0,0,0,0,0,0,0,0,0,0,0,0,0,0,0,0,0,0,0,0,0,0,0,0,0,0,0,0,0,0,0,0,1,1,1,1,1,1,1,1,1,0.48442,0.69228,0.62131,0.21652,0.19438,0.21166,0,0,0,0,0.51773,0.28094,0.14657,0,0,0.20193,0,0,0.16718,0,1,0.3764,0,0,0,0,0,0,0,0,0,0,0,0,0,0,0,0,0,0,0,0,0,0,0,0,0,0,0,0,0,0,0,0,0,0,0,0,0,0,0,0,0,0,0,0,0,0,0,0,0,0,0,0,0,0,0,0,0,0,0,0,0,0,0,0,0,0,0,0,0,0,0,0,0,0,0,0,0,0,0,0,0,0,0,0,0,0,0,0,0,0,0,0,0,0,0,0,0,0,0,0,0,0,0,0,0,0,0,0,0,0,0,0,0,0,0,0,0,0,0,0,0,0,0,0,0,0,0,0,0,0,0,0,0,0.18884,0.14518,0,0,0,0,0,0,0,0,0,0,0,0,0,0,0,0,0,0,0,0,0,0,0,0,0,0,0,0,0,0,0,0,0,0,0,0,0,0,0,0,0,0,0,0,0,0,0,0,0,0,0,0,0,0,0,0,0,0,0,0,0,0,0,0,0,0,0,0,0,0,0,0,0,0,0,0,0,0,0,0,0,0,0,0,0,0,0,0,0,0,0,0,0,0,0,0,0,0,0,0,0,0,0,0,0,0,0,0,0,0,0,0,0,0,0,0,0,0,0,0,0,0,0.46578,1,0,0,0,0,0.3274,0.20987,0.22961,1,1,1,1,1,0,0.23895,1,0,0,0,0.20372,0,0,0,0,0,0.19195,0,0,0,0,0.21168,0.63126,0.31787,0.58102,0.92141,0,0,0,0,0,0,0,0,0,0,0,0,0,0,0,0,0,0,0,0,0,0,0,0,0,0,0,0,0,0,0,0,0,0,0.13066,0,0,0,0,0,0,0,0,0,0,0.1774,0.1512,0,0,0,0,0,0,0,0,0,0,0,0,0,0,1,1,1,1,1,1,1,1,1,0.20391,0.37289,0.98221,1,1,1,1,1,1,1,0.22854,0.36372,0.62066,0.9657,1,1,1,1,1,0.86125,0.76639,0.18264,0.52603,0.24864,1,1,1,0.57675,0.92425,0.32422,0.37592,0,0.20608,0,0,0.46641,1,0,0.67488,1,1,0,0,0.16638,0.83336,1,1,1,1,0,0,0.80288,0.68183,0.8468,1,1,1,0.95784,1,1,1,0,0.9206,0.1767,0,0.35813,1,1
0,0,0,0,0,0,0,0,0,0,0,0,0,0,0,0,0,0,0,0,0,0,0,0,0,0,0,0,0,0,0,0,0,0,0,0,0,0,0,0,0,0,0,0,0,0,0,0,0,0,0,0,0,0,0,0,0,0,0,0,0,0,0,0,0,0,0,0,0,0,0,0,0,0,0,0,0,0,0,0,0,0,0,0,0,0,0,0,0,0,0,0,0,0,0,0,0,0,0,0,0,0,0,0,0,0,0,0,0,0,0,0,0,0,0,0,0,0,0,0,0,0,0,0,0,0,0,0,0,0,0,0,0,0,0,0,0,0,0,0,0,0,0,0,0,0,0,0,0,0,0,0,0,0,0,0,0,0,0,0,0,0,0,0,0,0,0,0,0,0,0,0,0,0,0,0,0,0,0,0,0,0,0,0,0,0,0,0,0,0,0,0,0,0,0,0,0,0,0,0,0,0,0,0,0,0,0,0,0,0,0,0,0,0,0,0,0,0,0,0,0,0,0,0,0,0,0,0,0,0,0,0,0,0,0,0,0,0,0,0,0,0,0,0,0,0,0,0,0,0,0,0,0,0,0,0,0,0,0,0,0,0,0,0,0,0,0,0,0,0,0,0,0,0,0,0,0,0,0,0,0,0,0,0,0,0,0,0,0,0,0,0,0,0,0,0,0,0,0,0,0,0,0,0,0,0,0,0,0,0,0,0,0,0,0,0,0,0,0.13777,0,0,0,0,0,0,0,0,0,0,0,0,0,0,0,0,0,0,0,0,0,0,0,0,0,0,0,0,0.18361,0,0,0,0,0.42028,0.17939,0,0,0,0,0,0,0.23769,0.22554,0,0,0,0,0,0,0,0,0,0,0,0,0,0,0,0,0,0,0,0.42266,1,0.68142,1,0.91552,1,0.97822,1,1,1,1,1,1,1,1,1,1,1,1,1,1,1,1,1,1,1,1,1,0.39619,0.16454,0.18843,1,0.41224,0,0.22459,0.14108,0.23176,0.13982,0,1,1,1,0.4105,0.26117,0,0.60248,0.21874,0,0,0,0,1,1,1,1,1,1,0.72336,0.22711,0.76048,0.22854,1,1,1,1,1,1,1,0.77618,0.24008,1,1,1,1,1,1,0.85511,1,0.88601,1,0.99578,1,1,1,0.45093,0.87572,1,1,0.27994,0.56693,0.33473,0.57031,0,0,0.15025,0.30333,0.21856,0.23693,0.13733,0,0,0,0,0,0,0,0,0,0,0,0,0,0,0,0,0,0.2187,0.1476,0
0,0,0,0,0,0,0,0,0,0,0,0,0,0,0,0,0,0,0,0,0,0,0,0,0,0,0,0,0,0,0,0,0,0,0,0,0,0,0,0,0,0,0,0,0,0,0,0,0,0,0,0,0,0,0,0,0,0,0,0,0,0,0,0,0,0,0,0,0,0,0,0,0,0,0,0,0,0,0,0,0,0,0,0,0,0,0,0,0,0,0,0,0,0,0,0,0,0,0,0,0,0,0,0,0,0,0,0,0,0,0,0,0,0,0,0,0,0,0,0,0,0,0,0,0,0,0,0,0,0,0,0,0,0,0,0,0,0,0,0,0,0,0,0,0,0,0,0,0,0,0,0,0,0,0,0,0,0,0,0,0,0,0,0,0,0,0,0,0,0,0,0,0,0,0,0,0,0,0,0,0,0,0,0,0,0,0,0,0,0,0,0,0,0,0,0,0,0,0,0,0,0,0,0,0,0,0,0,0,0,0,0,0,0,0,0,0,0,0,0,0,0,0,0,0,0,0,0,0,0,0,0,0,0,0,0,0,0,0,0,0,0,0,0,0,0,0,0,0,0,0,0,0,0,0,0,0,0,0,0,0,0,0,0,0,0,0,0,0,0,0,0,0,0,0,0,0,0,0,0,0,0,0,0,0,0,0,0,0,0,0,0,0,0,0,0,0,0,0,0,0,0,0,0,0,0,0,0,0,0,0,0,0,0,0,0,0,0,0,0,0,0,0,0,0,0,0,0,0,0,0,0,0,0,0,0,0,0,0,0,0,0,0,0,0,0,0,0.13485,0,0,0,0,0.33662,0.14997,0,0,0,0,0,0,0.22825,0.22658,0,0,0,0,0,0,0,0,0,0,0,0,0,0,0,0,0,0,0,0.22952,0.81789,0.4399,1,0.66898,1,0.73223,1,1,1,0.85152,1,1,1,1,1,1,1,1,1,1,1,1,1,1,1,1,1,0.22806,0,0,1,0.22153,0,0.14518,0,0.16752,0,0,1,1,1,0.4761,0.33864,0,0.72404,0.27925,0.1475,0.15736,0,0,1,1,1,1,1,1,0.87322,0.34241,0.93464,0.36372,1,1,1,1,1,1,1,0.97819,0.4194,1,1,1,1,1,1,0.89513,1,0.83213,1,0.91119,1,0.94574,1,0.27912,1,1,1,0.48593,0.81013,0.56464,0.79173,0,0.14745,0.22798,0.54995,0.40326,0.45531,0.21681,0,0,0.12718,0.16354,0,0,0,0,0,0,0,0,0,0,0,0,0,0.39617,0.22952,0.18704
0,0,0,0,0,0,0,0,0,0,0,0,0,0,0,0,0,0,0,0,0,0,0,0,0,0,0,0,0,0,0,0,0,0,0,0,0,0,0,0,0,0,0,0,0,0,0,0,0,0,0,0,0,0,0,0,0,0,0,0,0,0,0,0,0,0,0,0,0,0,0,0,0,0,0,0,0,0,0,0,0,0,0,0,0,0,0,0,0,0,0,0,0,0,0,0,0,0,0,0,0,0,0,0,0,0,0,0,0,0,0,0,0,0,0,0,0,0,0,0,0,0,0,0,0,0,0,0,0,0,0,0,0,0,0,0,0,0,0,0,0,0,0,0,0,0,0,0,0,0,0,0,0,0,0,0,0,0,0,0,0,0,0,0,0,0,0,0,0,0,0,0,0,0,0,0,0,0,0,0,0,0,0,0,0,0,0,0,0,0,0,0,0,0,0,0,0,0,0,0,0,0,0,0,0,0,0,0,0,0,0,0,0,0,0,0,0,0,0,0,0,0,0,0,0,0,0,0,0,0,0,0,0,0,0,0,0,0,0,0,0,0,0,0,0,0,0,0,0,0,0,0,0,0,0,0,0,0,0,0,0,0,0,0,0,0,0,0,0,0,0,0,0,0,0,0,0,0,0,0,0,0,0,0,0,0,0,0,0,0,0,0,0,0,0,0,0,0,0,0,0,0,0,0,0,0,0,0,0,0,0,0,0,0,0,0,0,0,0,0,0,0,0,0,0,0,0,0,0,0,0,0,0,0,0,0,0,0,0,0.13719,0,0,0.16091,0,0,0,0,0.13754,0,0,0,0,0.41384,0.17491,0,0,0,0,0,0.15288,0.31727,0.33985,0,0,0,0,0,0,0,0,0,0,0,0,0,0,0,0,0,0,0,0.18424,0.72455,0.28163,1,0.48714,1,0.51883,1,1,1,0.59978,1,1,1,1,1,0.77653,1,1,1,1,1,1,1,1,1,1,1,0.19813,0,0,1,0.15632,0,0,0,0.14854,0,0,1,0.90901,1,0.68239,0.55324,0.16188,0.96247,0.51929,0.22978,0.24077,0,0,1,1,1,1,1,1,1,0.59623,1,0.62066,1,1,1,1,1,1,1,1,0.67626,1,1,1,1,1,1,1,1,0.9355,1,0.98229,1,0.95076,1,0.25127,1,1,1,0.53203,0.95462,0.80646,1,0,0.16882,0.29456,0.71726,0.59317,0.66902,0.38042,0.16717,0.13024,0.16476,0.225,0.13435,0,0.19273,0.12688,0,0,0,0,0,0,0,0.16289,0,0.52887,0.39692,0.27954
0,0,0,0,0,0,0,0,0,0,0,0,0,0,0,0,0,0,0,0,0,0,0,0,0,0,0,0,0,0,0,0,0,0,0,0,0,0,0,0.22649,0.22054,0,0,0.16603,0,0,0,0,0,0,0,0,0,0,0,0,0,0,0,0,0,0,0,0,0,0,0,0,0,0,0,0,0,0,0,0,0,0,0,0,0,0,0,0,0,0,0,0,0,0,0,0,0,0,0,0,0,0,0,0,0,0,0,0,0,0,0,0,0,0,0,0,0,0,0,0,0,0,0,0,0,0,0,0,0,0,0,0,0,0,0,0,0,0,0,0,0,0,0,0,0,0,0,0,0,0,0,0,0,0,0,0,0,0,0,0,0,0,0,0,0,0,0,0,0,0,0,0,0,0,0,0,0,0,0,0,0,0,0,0,0,0,0,0,0,0,0,0,0,0,0,0,0,0,0,0,0,0,0,0,0,0,0,0,0,0,0,0,0,0,0,0,0,0,0,0,0,0,0,0,0,0,0,0,0,0,0,0,0,0,0,0,0,0,0,0,0,0,0,0,0,0,0,0,0,0,0,0,0,0,0,0,0,0,0,0,0,0,0,0,0,0,0,0,0,0,0,0,0,0,0,0,0,0,0,0,0,0,0,0,0,0,0,0,0,0,0,0,0,0,0,0,0,0,0,0,0,0,0,0,0,0,0,0,0,0,0,0,0,0,0,0,0,0,0,0,0,0,0,0,0,0,0,0,0,0,0,0,0,0,0,0,0,0,0,0.15559,0,0,0,0.22867,0,0,0.23662,0,0,0,0,0.12632,0,0,0,0,0.47011,0.19397,0,0,0,0,0.15639,0.19774,0.45585,0.52051,0,0,0,0,0,0,0,0,0,0,0,0,0,0,0,0,0,0,0,0,0.55319,0.17946,0.82795,0.23876,1,0.23794,0.93225,1,1,0.25646,0.84059,1,1,1,1,0.4297,0.84478,0.87535,1,1,1,0.83876,1,1,1,1,1,0.14456,0,0,0.93625,0,0,0,0,0,0,0,1,0.58584,0.96619,0.93493,0.82078,0.29469,1,0.83148,0.51456,0.55371,0.14413,0,1,1,1,1,1,1,1,0.93438,1,0.9657,1,1,1,1,1,1,1,1,1,1,1,1,1,1,1,1,1,1,1,1,1,0.89921,1,0.22233,1,1,1,0.56939,1,1,1,0,0.19165,0.426,0.92791,0.83944,0.95146,0.68907,0.34461,0.1657,0.21053,0.41575,0.21632,0.1661,0.40608,0.23425,0.19512,0,0.19244,0,0,0,0.12907,0.21787,0,0.68987,0.67261,0.571
0,0,0,0,0,0,0,0,0,0,0,0,0,0,0,0,0,0,0,0,0,0,0,0,0,0,0,0,0,0,0,0,0,0,0,0,0,0,0,0.52684,0.5142,0,0,0.35221,0.16484,0,0.1961,0,0,0,0,0,0,0,0,0,0,0.13025,0,0,0,0,0,0,0,0,0,0.2289,0,0,0,0,0,0,0,0,0,0,0,0,0,0,0,0,0,0,0,0,0,0,0,0,0,0,0,0,0,0,0,0,0,0,0,0,0,0,0,0,0,0,0,0,0,0,0,0,0,0,0,0,0,0,0,0,0,0,0,0,0,0,0,0,0,0,0,0,0,0,0,0,0,0,0,0,0,0,0,0,0,0,0,0,0,0,0,0,0,0,0,0,0,0,0,0,0,0,0,0,0,0,0,0,0,0,0,0,0,0,0,0,0,0,0,0,0,0,0.12691,0,0,0,0,0,0,0,0,0,0,0,0,0,0,0,0.15067,0,0,0,0,0,0,0,0,0,0,0,0,0,0,0,0,0,0,0,0,0,0,0,0,0,0,0,0,0,0,0,0,0,0,0,0,0,0,0,0,0,0,0,0,0,0,0,0,0,0,0,0,0,0,0,0,0,0,0,0,0,0,0,0,0,0,0,0,0,0,0,0,0,0,0,0,0,0,0,0,0,0,0,0,0,0,0,0,0,0,0,0,0,0,0,0,0,0,0,0,0,0,0,0,0,0,0,0,0,0,0,0,0,0,0,0,0,0,0,0,0,0,0,0,0,0,0,0,0,0,0,0,0.2231,0.16045,0,0,0.42081,0,0,0.38301,0,0,0,0,0,0,0,0,0,0.44548,0.18786,0,0,0,0.13445,0.19902,0.21941,0.52056,0.63314,0,0,0,0,0,0,0,0,0,0,0,0,0,0,0,0,0,0,0,0,0.31752,0,0.56336,0.13546,0.70989,0.12685,0.61409,0.9813,1,0.13419,0.4926,0.90919,1,1,1,0.192,0.49101,0.52368,0.99185,1,1,0.49857,1,1,1,1,1,0,0,0,0.6099,0,0,0,0,0,0,0,0.98265,0.247,0.76156,1,1,0.57763,1,1,0.82149,0.87078,0.25746,0.19676,1,1,1,1,1,1,1,1,1,1,1,1,1,1,1,1,1,1,1,1,1,1,1,1,1,1,1,1,1,0.96721,1,0.76184,1,0.1701,1,1,1,0.59941,1,1,1,0,0.2148,0.55737,1,1,1,1,0.69799,0.20237,0.27285,0.66588,0.40659,0.28452,0.7477,0.53927,0.4101,0,0.42727,0.23649,0.18838,0,0.22922,0.32413,0.18115,0.84934,0.95906,0.87517
0,0,0,0,0,0,0,0,0,0,0,0,0,0,0,0,0,0,0,0,0,0,0,0,0,0,0,0,0,0,0,0,0,0,0,0,0,0,0.22063,0.97887,0.97196,0,0,0.80937,0.44083,0.22525,0.54619,0,0,0,0,0,0,0,0,0,0,0.23884,0,0,0,0,0,0,0,0,0,0.64131,0.19019,0,0,0,0,0,0,0,0,0,0,0,0,0,0,0,0,0,0,0,0,0,0,0,0,0,0,0,0,0,0,0,0,0,0,0,0,0,0,0,0,0,0,0,0,0,0,0,0,0,0,0,0,0,0,0,0,0,0,0,0,0,0,0,0,0,0,0,0,0,0,0,0,0,0,0,0,0,0,0,0,0,0,0,0,0,0,0,0,0,0,0,0,0,0,0,0,0,0,0,0,0,0,0,0,0,0,0,0,0,0,0,0,0,0,0,0,0,0.18858,0,0,0,0,0,0,0,0,0,0,0,0,0,0,0,0.22625,0.14973,0,0,0,0,0,0,0,0,0,0,0,0,0,0,0,0,0,0,0,0,0,0,0,0,0,0,0,0,0,0,0,0,0,0,0,0,0,0,0,0,0,0,0,0,0,0,0,0,0,0,0,0,0,0,0,0,0,0,0,0,0,0,0,0,0,0,0,0,0,0,0,0,0,0,0,0,0,0,0,0,0,0,0,0,0,0,0,0,0,0,0,0,0,0,0,0,0,0,0,0,0,0,0,0,0,0,0,0,0,0,0,0,0,0,0,0,0,0,0,0,0,0,0,0.14095,0,0,0,0,0,0,0,0.41088,0.28264,0.18159,0.19327,0.70583,0,0,0.57888,0,0,0,0,0,0,0,0,0,0.37445,0.16941,0,0,0,0.15425,0.24486,0.23648,0.56344,0.73823,0,0,0,0,0,0,0,0,0,0,0,0,0,0,0,0,0,0,0,0,0.16602,0,0.23636,0,0.32018,0,0.23352,0.56611,0.87921,0,0.18162,0.46468,0.81544,1,1,0,0.17761,0.18866,0.53384,1,1,0.18287,0.8605,1,1,1,1,0,0,0,0.22362,0,0,0,0,0,0,0,0.53004,0,0.47081,1,1,0.93318,1,1,1,1,0.67869,0.49643,1,1,1,1,1,1,1,1,1,1,1,1,1,1,1,1,1,1,1,1,1,1,1,1,1,1,1,0.95679,1,0.84618,1,0.54727,1,0,0.87665,1,1,0.54256,1,1,1,0,0.21641,0.63843,1,1,1,1,1,0.22257,0.3743,0.92635,0.68379,0.61123,1,0.95573,0.80444,0.20695,0.87231,0.64668,0.49386,0.12571,0.5398,0.4671,0.23362,0.96325,1,1
0,0,0,0,0,0,0,0,0,0,0,0,0,0,0,0,0,0,0,0,0,0,0,0,0,0,0,0,0,0,0,0,0,0,0,0,0,0,0.5417,1,1,0.14609,0.17205,1,0.826,0.56623,0.93867,0,0,0,0,0,0,0,0,0,0,0.48591,0.13202,0,0,0,0,0,0,0,0,1,0.33795,0,0,0,0,0,0,0,0,0,0,0,0,0,0,0,0,0,0,0,0,0,0,0,0,0,0,0,0,0,0,0,0,0,0,0,0,0,0,0,0,0,0,0,0,0,0,0,0,0,0,0,0,0,0,0,0,0,0,0,0,0,0,0,0,0,0,0,0,0,0,0,0,0,0,0,0,0,0,0,0,0,0,0,0,0,0,0,0,0,0,0,0,0,0,0,0,0,0,0,0,0,0,0,0,0,0,0,0,0,0,0,0,0,0,0,0,0.13445,0.2344,0,0,0,0,0,0,0,0,0,0,0,0,0,0,0,0.35348,0.21453,0,0,0,0,0,0,0,0,0,0,0,0,0,0,0,0,0,0,0,0,0,0,0,0,0,0,0,0,0,0,0,0,0,0,0,0,0,0,0,0,0,0,0,0,0,0,0,0,0,0,0,0,0,0,0,0,0,0,0,0,0,0,0,0,0,0,0,0,0,0,0,0,0,0,0,0,0,0,0,0,0,0,0,0,0,0,0,0,0,0,0,0,0,0,0,0,0,0,0,0,0,0,0,0,0,0,0,0,0,0,0,0,0,0,0,0,0,0,0,0,0,0,0,0.23714,0,0,0,0,0,0,0,0.5481,0.48365,0.25418,0.33047,0.88258,0,0,0.66752,0,0,0,0,0,0,0,0,0,0.24496,0.12898,0,0,0,0.1459,0.27483,0.22443,0.51311,0.73814,0,0,0,0,0,0,0,0,0,0,0,0,0,0,0,0,0,0,0,0,0,0,0,0,0.15387,0,0,0.23082,0.50889,0,0,0.19214,0.4263,0.62916,0.87969,0,0,0,0.21382,0.65045,0.84414,0,0.49579,0.69993,0.92843,1,1,0,0,0,0,0,0,0,0,0,0,0,0.21496,0,0.22417,1,1,1,1,1,1,1,1,0.8143,1,1,1,1,1,1,1,1,1,1,1,1,1,1,1,1,1,1,1,1,1,1,1,1,1,1,1,0.81201,1,0.65917,1,0.29909,0.87441,0,0.71103,1,1,0.45923,1,1,1,0,0.20842,0.67066,1,1,1,1,1,0.23054,0.43048,1,0.89906,0.87705,1,1,1,0.47632,1,1,0.8628,0.1407,0.83204,0.55896,0.31082,1,1,1
0,0,0,0,0,0,0,0,0,0,0,0,0,0,0,0,0,0,0,0,0,0,0,0,0,0,0,0,0,0,0,0,0,0,0,0,0,0,0.99784,1,1,0.39834,0.48097,1,1,1,1,0.22585,0.24142,0.19524,0,0,0,0,0,0,0,0.72293,0.24701,0,0,0,0.20171,0,0,0,0,1,0.57457,0,0,0,0,0,0,0,0,0,0,0,0,0,0,0,0,0,0,0,0,0,0,0,0,0,0,0,0,0,0,0,0,0,0,0,0,0,0,0,0,0,0,0,0,0,0,0,0,0,0,0,0,0,0,0,0,0,0,0,0,0,0,0,0,0,0,0,0,0,0,0,0,0,0,0,0,0,0,0,0,0,0,0,0,0,0,0,0,0,0,0,0,0,0,0,0,0,0,0,0,0,0,0,0,0,0,0,0,0,0,0,0,0,0,0,0,0.15587,0.26121,0,0,0,0,0,0.1381,0,0,0,0,0,0,0,0,0,0.45751,0.27865,0,0,0,0,0,0,0,0,0,0,0,0,0,0,0,0,0,0,0,0,0,0,0,0,0,0,0,0,0,0,0,0,0,0,0,0,0,0,0,0,0,0,0,0,0,0,0,0,0,0,0,0,0,0,0,0,0,0,0,0,0,0,0,0,0,0,0,0,0,0,0,0,0,0,0,0,0,0,0,0,0,0,0,0,0,0,0,0,0,0,0,0,0,0,0,0,0,0,0,0,0,0,0,0,0,0,0,0,0,0,0,0,0,0,0,0,0,0,0,0,0,0,0,0.5533,0,0,0,0,0,0,0,0.68691,0.70606,0.49187,0.62086,1,0,0,0.7422,0,0,0,0,0,0,0,0,0,0.18484,0,0,0,0,0.13103,0.30069,0.20375,0.42701,0.70382,0,0,0,0,0,0,0,0,0,0,0,0,0,0,0,0,0,0,0,0,0,0,0,0,0,0,0,0,0.1924,0,0,0,0.15384,0.22646,0.42724,0,0,0,0,0.22973,0.38009,0,0.18127,0.25628,0.47305,0.70866,0.6652,0,0,0,0,0,0,0,0,0,0,0,0,0,0,1,1,1,1,1,1,1,1,1,0.62452,0.89086,1,1,1,1,1,1,1,1,0.77618,0.97819,1,1,1,1,1,1,1,1,1,0.76964,1,0.97014,1,1,1,0.61329,1,0.419,0.70374,0.16663,0.4868,0,0.42115,1,1,0.25555,1,1,1,0,0.16392,0.58822,1,1,1,1,1,0.20369,0.38246,1,1,1,1,1,1,0.8562,1,1,1,0,1,0.55091,0.33146,0.94626,1,1
0,0,0,0,0,0,0,0,0,0,0,0,0,0,0,0,0,0,0,0,0,0,0,0,0,0,0,0,0,0,0,0,0,0,0,0,0,0,1,1,1,0.95403,1,1,1,1,1,0.66769,0.76944,0.64275,0.28239,0.2251,0.22419,0,0.12583,0,0,0.89101,0.58664,0.22696,0,0,0.424,0.16369,0,0.16431,0,1,0.74774,0,0,0,0,0,0,0,0,0,0,0,0,0,0,0,0,0,0,0,0,0,0,0,0,0,0,0,0,0,0,0,0,0,0,0,0,0,0,0,0,0,0,0,0,0,0,0,0,0,0,0,0,0,0,0,0,0,0,0,0,0,0,0,0,0,0,0,0,0,0,0,0,0.17658,0,0,0,0,0,0,0,0,0,0,0,0,0,0,0,0,0,0,0,0,0,0,0,0,0,0,0,0,0,0,0,0,0,0,0,0,0,0,0,0,0,0,0,0.14446,0.23701,0,0,0,0,0,0.16599,0,0,0,0,0,0,0,0,0,0.4574,0.32413,0,0,0,0,0,0,0,0,0,0,0,0,0,0,0,0,0,0,0,0,0,0,0,0,0,0,0,0,0,0,0,0,0,0,0,0,0,0,0,0,0,0,0,0,0,0,0,0,0,0,0,0,0,0,0,0,0,0,0,0,0,0,0,0,0,0,0,0,0,0,0,0,0,0,0,0,0,0,0,0,0,0,0,0,0,0,0,0,0,0,0,0,0,0,0,0,0,0,0,0,0,0,0,0,0,0,0,0,0,0,0,0,0,0,0,0,0,0,0,0,0,0,0.19499,0.92856,0,0,0,0,0.14584,0,0,0.77254,0.90325,0.71795,0.91793,1,0,0,0.74413,0,0,0,0,0,0,0,0,0,0,0,0,0,0,0,0.26014,0.15787,0.25301,0.57808,0,0,0,0,0,0,0,0,0,0,0,0,0,0,0,0,0,0,0,0,0,0,0,0,0,0,0,0,0,0,0,0,0,0,0.12756,0,0,0,0,0,0,0,0,0,0.13922,0.21798,0.21125,0,0,0,0,0,0,0,0,0,0,0,0,0,0,1,1,1,1,1,1,1,1,1,0.19566,0.35273,0.94128,1,1,1,1,1,1,1,0.24008,0.4194,0.67626,1,1,1,1,1,1,0.9936,0.93744,0.2596,0.74135,0.48311,1,1,0.99004,0.31328,0.75429,0.19387,0.2472,0,0.1681,0,0.16713,0.74895,1,0.14001,1,1,1,0,0,0.36765,1,1,1,1,1,0.13543,0.23528,1,1,1,1,1,1,1,1,1,1,0,1,0.41344,0.24486,0.72527,1,1
0,0,0,0,0,0,0,0,0,0,0,0,0,0,0,0,0,0,0,0,0,0,0,0,0,0,0,0,0,0,0,0,0,0,0,0,0,0,0,0.20259,0.21106,0,0,0.17113,0,0,0,0,0,0,0,0,0,0,0,0,0,0.12896,0,0,0,0,0,0,0,0,0,0,0,0,0,0,0,0,0,0,0,0,0,0,0,0,0,0,0,0,0,0,0,0,0,0,0,0,0,0,0,0,0,0,0,0,0,0,0,0,0,0,0,0,0,0,0,0,0,0,0,0,0,0,0,0,0,0,0,0,0,0,0,0,0,0,0,0,0,0,0,0,0,0,0,0,0,0,0,0,0,0,0,0,0,0,0,0,0,0,0,0,0,0,0,0,0,0,0,0,0,0,0,0,0,0,0,0,0,0,0,0,0,0,0,0,0,0,0,0,0.19106,0,0,0,0,0,0,0,0,0,0,0,0,0,0,0,0.19663,0,0,0,0,0,0,0,0,0,0,0,0,0,0,0,0,0,0,0,0,0,0,0,0,0,0,0,0,0,0,0,0,0,0,0,0,0,0,0,0,0,0,0,0,0,0,0,0,0,0,0,0,0,0,0,0,0,0,0,0,0,0,0,0,0,0,0,0,0,0,0,0,0,0,0,0,0,0,0,0,0,0,0,0,0,0,0,0,0,0,0,0,0,0,0,0,0,0,0,0,0,0,0,0,0,0,0,0,0,0,0,0,0,0,0,0,0,0,0,0,0,0,0,0,0,0,0,0,0,0,0,0,0,0,0,0,0,0,0,0,0,0,0,0,0,0,0,0,0,0.17214,0,0,0,0,0,0,0,0.17455,0.20347,0,0,0,0,0,0,0,0,0,0,0,0,0,0,0,0,0,0,0,0,0.22083,0,0.46359,0.14235,0.68176,0.16167,0.65264,1,1,0.22043,0.66983,1,1,1,1,0.37196,0.77911,0.84426,1,1,1,0.88772,1,1,1,1,1,0,0,0,1,0,0,0,0,0,0,0,1,0.40035,0.54979,0.58491,0.49166,0.18261,1,0.58536,0.31107,0.37268,0,0,1,1,1,1,1,1,1,0.77895,1,0.86125,1,1,1,1,1,1,1,1,0.9936,1,1,1,1,1,1,0.90025,1,0.57174,1,0.5655,1,0.45399,1,0,1,1,1,1,1,1,1,0.23696,0.52406,0.85045,1,1,1,0.87304,0.38135,0.43345,0.5522,0.73639,0.46272,0.2695,0.52759,0.34809,0.27078,0,0.21849,0.1561,0,0.20371,0.21097,0.55534,0.26525,1,0.93399,0.79973
0,0,0,0,0,0,0,0,0,0,0,0,0,0,0,0,0,0,0,0,0,0,0,0,0,0,0,0,0,0,0,0,0,0,0,0,0,0,0,0.17986,0.19634,0,0,0.16516,0,0,0,0,0,0,0,0,0,0,0,0,0,0.17766,0,0,0,0,0,0,0,0,0,0,0.13451,0,0,0,0,0,0,0,0,0,0,0,0,0,0,0,0,0,0,0,0,0,0,0,0,0,0,0,0,0,0,0,0,0,0,0,0,0,0,0,0,0,0,0,0,0,0,0,0,0,0,0,0,0,0,0,0,0,0,0,0,0,0,0,0,0,0,0,0,0,0,0,0,0,0,0,0,0,0,0,0,0,0,0,0,0,0,0,0,0,0,0,0,0,0,0,0,0,0,0,0,0,0,0,0,0,0,0,0,0,0,0,0,0,0,0,0,0.16965,0.29007,0,0,0,0,0,0,0.16427,0,0,0,0,0,0,0,0,0.28857,0.17276,0,0,0,0,0,0,0,0,0,0,0,0,0,0,0,0,0,0,0,0,0,0,0,0,0,0,0,0,0,0,0,0,0,0,0,0,0,0,0,0,0,0,0,0,0,0,0,0,0,0,0,0,0,0,0,0,0,0,0,0,0,0,0,0,0,0,0,0,0,0,0,0,0,0,0,0,0,0,0,0,0,0,0,0,0,0,0,0,0,0,0,0,0,0,0,0,0,0,0,0,0,0,0,0,0,0,0,0,0,0,0,0,0,0,0,0,0,0,0,0,0,0,0,0,0,0,0,0,0,0,0,0,0,0,0,0,0,0,0,0,0,0,0,0,0,0,0,0,0,0,0,0,0,0,0,0,0,0,0,0,0,0,0,0,0,0,0,0,0,0,0,0,0,0,0,0,0,0,0.1423,0,0.24642,0,0.47508,0,0.46708,0.8205,1,0.1916,0.53814,0.90746,1,1,1,0.30399,0.70169,0.78497,1,1,1,0.87363,1,1,1,1,1,0,0,0,1,0,0,0,0,0,0,0,1,0.26375,0.30181,0.36952,0.28671,0.12881,0.82666,0.42048,0.2234,0.24766,0,0,1,1,1,1,1,1,1,0.65829,1,0.76639,1,1,1,1,1,1,1,1,0.93744,1,1,1,1,1,1,0.6635,1,0.30996,1,0.30116,1,0.23121,1,0,1,1,1,1,1,1,1,0.47495,0.78431,1,1,1,1,0.94756,0.37222,0.68467,0.79192,0.90413,0.62788,0.40758,0.56758,0.40485,0.3534,0,0.22443,0.168,0.13416,0.36045,0.2553,0.78147,0.49019,1,1,0.90446
0,0,0,0,0,0,0,0,0,0,0,0,0,0,0,0,0,0,0,0,0,0,0,0,0,0,0,0,0,0,0,0,0,0,0,0,0,0,0,0,0,0,0,0,0,0,0,0,0,0,0,0,0,0,0,0,0,0,0,0,0,0,0,0,0,0,0,0,0,0,0,0,0,0,0,0,0,0,0,0,0,0,0,0,0,0,0,0,0,0,0,0,0,0,0,0,0,0,0,0,0,0,0,0,0,0,0,0,0,0,0,0,0,0,0,0,0,0,0,0,0,0,0,0,0,0,0,0,0,0,0,0,0,0,0,0,0,0,0,0,0,0,0,0,0,0,0,0,0,0,0,0,0,0,0,0,0,0,0,0,0,0,0,0,0,0,0,0,0,0,0,0,0,0,0,0,0,0,0,0,0,0,0,0,0,0.20112,0.34917,0,0,0,0.12839,0,0,0.35863,0.18186,0,0,0,0,0,0,0,0.25921,0.15929,0,0,0,0,0,0,0,0,0,0,0,0,0,0,0,0,0,0,0,0,0,0,0,0,0,0,0,0,0,0,0,0,0,0,0,0,0,0,0,0,0,0,0,0,0,0,0,0,0,0,0,0,0,0,0,0,0,0,0,0,0,0,0,0,0,0,0,0,0,0,0,0,0,0,0,0,0,0,0,0,0,0,0,0,0,0,0,0,0,0,0,0,0,0,0,0,0,0,0,0,0,0,0,0,0,0,0,0,0,0,0,0,0,0,0,0,0,0,0,0,0,0,0,0,0,0,0,0,0,0,0,0,0,0,0,0,0,0,0,0,0,0,0,0,0,0,0,0,0,0,0,0,0,0,0,0,0,0,0,0,0,0,0,0,0,0,0,0,0,0,0,0,0,0,0,0,0,0,0,0,0.14123,0,0.2423,0,0.30107,0.6133,0.79374,0.25519,0.5551,0.84293,1,1,1,0.52997,0.87849,1,1,1,1,1,1,1,1,1,1,0,0,0,1,0,0,0,0,0,0,0,1,0.27778,0,0,0,0,0.18552,0,0,0,0,0,1,1,1,1,0.95512,0.67551,0.33047,0.13926,0.52701,0.18264,1,1,1,1,1,1,1,0.76964,0.2596,1,1,1,1,1,1,0.1391,0.39832,0,0.49172,0,0.559,0,0.60683,0,1,1,1,1,1,0.71965,0.80495,1,1,1,1,1,0.92057,0.4946,0,0.95887,0.96583,0.71939,0.44883,0.21581,0.18472,0.14383,0.1472,0,0,0,0,0.63107,0.1511,0.86796,0.58489,1,0.72769,0.52703
0,0,0,0,0,0,0,0,0,0,0,0,0,0,0,0,0,0,0,0,0,0,0,0,0,0,0,0,0,0,0,0,0,0,0,0,0,0,0,0,0.14,0,0,0,0,0,0,0,0,0,0,0,0,0,0,0,0,0.21787,0,0,0,0,0,0,0,0,0,0,0.17782,0,0,0,0,0,0,0,0,0,0,0,0,0,0,0,0,0,0,0,0,0,0,0,0,0,0,0,0,0,0,0,0,0,0,0,0,0,0,0,0,0,0,0,0,0,0,0,0,0,0,0,0,0,0,0,0,0,0,0,0,0,0,0,0,0,0,0,0,0,0,0,0,0,0,0,0,0,0,0,0,0,0,0,0,0,0,0,0,0,0,0,0,0,0,0,0,0,0,0,0,0,0,0,0,0,0,0,0,0,0,0,0,0,0,0,0,0.27512,0.54433,0.14158,0,0,0.18854,0,0,0.3468,0.20563,0,0,0,0,0,0,0,0.5051,0.24259,0,0,0,0,0,0,0,0,0,0,0,0,0,0,0,0,0,0,0,0,0,0,0,0,0,0,0,0,0,0,0,0,0,0,0,0,0,0,0,0,0,0,0,0,0,0,0,0,0,0,0,0,0,0,0,0,0,0,0,0,0,0,0,0,0,0,0,0,0,0,0,0,0,0,0,0,0,0,0,0,0,0,0,0,0,0,0,0,0,0,0,0,0,0,0,0,0,0,0,0,0,0,0,0,0,0,0,0,0,0,0,0,0,0,0,0,0,0,0,0,0,0,0,0,0,0,0,0,0,0,0,0,0,0,0,0,0,0,0,0,0,0,0,0,0,0,0,0,0,0,0,0,0,0,0,0,0,0,0,0,0,0,0,0,0,0,0,0,0,0,0,0,0,0,0,0,0,0,0,0,0.14426,0,0.23156,0,0.23954,0.55897,0.78629,0.15901,0.36811,0.7059,1,1,1,0.24352,0.60806,0.71616,1,1,1,0.86928,1,1,1,1,1,0,0,0,1,0,0,0,0,0,0,0,1,0.19663,0.15173,0.1686,0.14421,0,0.49549,0.20181,0.12756,0.15585,0,0,1,1,1,1,1,1,0.78468,0.38944,0.99445,0.52603,1,1,1,1,1,1,1,1,0.74135,1,1,1,1,1,1,0.28213,0.71024,0.13922,0.76158,0.13751,0.73185,0,0.72677,0,1,1,1,1,1,1,1,0.86408,1,1,1,1,1,0.93391,0.24894,1,1,1,0.77526,0.50936,0.50914,0.37422,0.36371,0,0.19612,0.1491,0,0.6903,0.33221,1,0.76038,1,1,0.9404
0,0,0,0,0,0,0,0,0,0,0,0,0,0,0,0,0,0,0,0,0,0,0,0,0,0,0,0,0,0,0,0,0,0,0,0,0,0,0,0,0,0,0,0,0,0,0,0,0,0,0,0,0,0,0,0,0,0.21,0,0,0,0,0,0,0,0,0,0,0.17318,0,0,0,0,0,0,0,0,0,0,0,0,0,0,0,0,0,0,0,0,0,0,0,0,0,0,0,0,0,0,0,0,0,0,0,0,0,0,0,0,0,0,0,0,0,0,0,0,0,0,0,0,0,0,0,0,0,0,0,0,0,0,0,0,0,0,0,0,0,0,0,0,0,0,0,0,0,0,0,0,0,0,0,0,0,0,0,0,0,0,0,0,0,0,0,0,0,0,0,0,0,0,0,0,0,0,0,0,0,0,0,0,0,0,0,0,0.39524,0.64794,0.20137,0,0.14033,0.22635,0,0.13198,0.57865,0.30227,0,0,0,0,0,0,0,0.56879,0.28777,0,0,0,0,0,0,0,0,0,0,0,0,0,0,0,0,0,0,0,0,0,0,0,0,0,0,0,0,0,0,0,0,0,0,0,0,0,0,0,0,0,0,0,0,0,0,0,0,0,0,0,0,0,0,0,0,0,0,0,0,0,0,0,0,0,0,0,0,0,0,0,0,0,0,0,0,0,0,0,0,0,0,0,0,0,0,0,0,0,0,0,0,0,0,0,0,0,0,0,0,0,0,0,0,0,0,0,0,0,0,0,0,0,0,0,0,0,0,0,0,0,0,0,0,0,0,0,0,0,0,0,0,0,0,0,0,0,0,0,0,0,0,0,0,0,0,0,0,0,0,0,0,0,0,0,0,0,0,0,0,0,0,0,0,0,0,0,0,0,0,0,0,0,0,0,0,0,0,0,0,0,0,0.16847,0,0.18587,0.38315,0.58615,0.14929,0.27313,0.5796,1,0.9184,1,0.23964,0.57393,0.70092,0.96044,1,1,0.90499,1,1,1,1,1,0,0,0,1,0,0,0,0,0,0,0,1,0.16494,0,0,0,0,0.22541,0,0,0,0,0,1,1,1,1,1,0.79228,0.47295,0.19868,0.69392,0.24864,1,1,1,1,1,1,1,0.97014,0.48311,1,1,1,1,1,1,0.1512,0.38848,0,0.44927,0,0.45032,0,0.4662,0,1,1,1,1,1,0.98631,1,1,1,1,1,1,1,0.78967,0.17829,1,1,1,0.76683,0.46442,0.3393,0.24194,0.24869,0,0.13487,0,0,0.88475,0.26851,1,0.87907,1,1,0.83358
0,0,0,0,0,0,0,0,0,0,0,0,0,0,0,0,0,0,0,0,0,0,0,0,0,0,0,0,0,0,0,0,0,0,0,0,0,0,0,0.50037,0.40958,0,0,0.22628,0,0,0.1469,0,0,0,0,0,0,0,0,0,0,0,0,0,0,0,0,0,0,0,0,0.21536,0,0,0,0,0,0,0,0,0,0,0,0,0,0,0,0,0,0,0,0,0,0,0,0,0,0,0,0,0,0,0,0,0,0,0,0,0,0,0,0,0,0,0,0,0,0,0,0,0,0,0,0,0,0,0,0,0,0,0,0,0,0,0,0,0,0,0,0,0,0,0,0,0,0,0,0,0,0,0,0,0,0,0,0,0,0,0,0,0,0,0,0,0,0,0,0,0,0,0,0,0,0,0,0,0,0,0,0,0,0,0,0,0,0,0,0,0,0,0,0,0,0,0,0,0,0,0,0,0,0,0,0,0,0,0,0,0,0,0,0,0,0,0,0,0,0,0,0,0,0,0,0,0,0,0,0,0,0,0,0,0,0,0,0,0,0,0,0,0,0,0,0,0,0,0,0,0,0,0,0,0,0,0,0,0,0,0,0,0,0,0,0,0,0,0,0,0,0,0,0,0,0,0,0,0,0,0,0,0,0,0,0,0,0,0,0,0,0,0,0,0,0,0,0,0,0,0,0,0,0,0,0,0,0,0,0,0,0,0,0,0,0,0,0,0,0,0,0,0,0,0.19465,0,0,0,0,0,0,0,0,0,0,0,0,0,0.18427,0,0,0.70919,0.43406,0.22952,0.20338,0.88618,0,0.2507,0.97498,0.19355,0,0,0.33162,0.48621,0.41204,0.27682,0,0.21151,1,0.80594,0.51211,0.26888,0.24887,0.61667,0.7546,0.87369,1,1,0,0,0,0,0,0,0,0,0,0,0,0,0,0,0,0,0,0,0,0.18575,0.85631,0.22382,1,0.25249,1,0.20642,0.9013,1,1,0.14157,0.60076,1,1,1,1,0.17836,0.44055,0.42266,0.933,1,1,0.29116,0.91149,1,1,1,1,0.2904,0,0,0.32662,0,0,0,0,0.28043,0,0,0.77976,0.38846,1,1,1,0.89864,1,1,1,1,0.40506,0.29685,1,1,1,1,1,1,1,1,1,1,1,1,1,1,1,1,1,1,1,1,1,1,1,1,1,1,1,1,1,1,1,1,1,0.67744,0.30768,0.93242,1,0,0.57346,1,1,0,0,0,0.45524,0.45709,0.676,0.53798,0.47022,0,0,0.17869,0,0,0.38115,0.21583,0.15508,0,0.21519,0.13145,0,0,0,0,0,0.21053,0.38799,0.34952
0,0,0,0,0,0,0,0,0,0,0,0,0,0,0,0,0,0,0,0,0,0,0,0,0,0,0,0,0,0,0,0,0,0,0,0,0,0,0.22602,0.84022,0.63877,0,0,0.32957,0,0,0.21992,0,0,0,0,0,0,0,0,0,0,0,0,0,0,0,0,0,0,0,0,0.51174,0,0,0,0,0,0,0,0,0,0,0,0,0,0,0,0,0,0,0,0,0,0,0,0,0,0,0,0,0,0,0,0,0,0,0,0,0,0,0,0,0,0,0,0,0,0,0,0,0,0,0,0,0,0,0,0,0,0,0,0,0,0,0,0,0,0,0,0,0,0,0,0,0,0,0,0,0,0,0,0,0,0,0,0,0,0,0,0,0,0,0,0,0,0,0,0,0,0,0,0,0,0,0,0,0,0,0,0,0,0,0,0,0,0,0,0,0,0,0,0,0,0,0,0,0,0,0,0,0,0,0,0,0,0,0,0,0,0,0,0,0,0,0,0,0,0,0,0,0,0,0,0,0,0,0,0,0,0,0,0,0,0,0,0,0,0,0,0,0,0,0,0,0,0,0,0,0,0,0,0,0,0,0,0,0,0,0,0,0,0,0,0,0,0,0,0,0,0,0,0,0,0,0,0,0,0,0,0,0,0,0,0,0,0,0,0,0,0,0,0,0,0,0,0,0,0,0,0,0,0,0,0,0,0,0,0,0,0,0,0,0,0,0,0,0,0,0,0.14195,0.16632,0,0.30753,0.19328,0.22858,0.23722,0,0,0.18486,0.45037,0.76274,0.75969,0,0.22006,0.51445,0.59029,1,0.95283,0.87357,1,1,1,1,1,0.66781,1,1,0.43423,0.40878,0.86681,1,0.91427,1,0.99175,0.72135,1,1,1,1,1,1,1,1,1,1,1,0,0,0,0,0,0,0,0,0,0,0,0,0,0,0,0,0,0,0,0,0.61691,0,0.60674,0,0.4849,0,0.24016,0.50106,0.79408,0,0,0.21489,0.17279,0.66473,0.81628,0,0,0,0.13931,0.45401,0.49975,0,0,0,0.22135,0.33393,0.16441,0.24048,0,0,0,0,0,0,0,0.39067,0.1363,0,0,0,1,1,1,1,1,1,1,1,1,1,1,1,1,1,1,1,1,1,1,1,0.85511,0.89513,1,1,1,1,1,1,1,0.90025,0.6635,0.1391,0.28213,0.1512,1,1,1,1,1,1,1,1,1,0.84996,0,0.13466,0.60802,0,0,0.68026,0.99625,0,0,0,0,0,0.2086,0.22052,0.49521,0,0,0,0,0,0.23232,0.14959,0,0,0.20887,0,0,0,0,0,0,0,0,0.13482
0,0,0,0,0,0,0,0,0,0,0,0,0,0,0,0,0,0,0,0,0,0,0,0,0,0,0,0,0,0,0,0,0,0,0,0,0,0,0,0.45428,0.29926,0,0,0.1735,0,0,0,0,0,0,0,0,0,0,0,0,0,0,0,0,0,0,0,0,0,0,0,0.20236,0,0,0,0,0,0,0,0,0,0,0,0,0,0,0,0,0,0,0,0,0,0,0,0,0,0,0,0,0,0,0,0,0,0,0,0,0,0,0,0,0,0,0,0,0,0,0,0,0,0,0,0,0,0,0,0,0,0,0,0,0,0,0,0,0,0,0,0,0,0,0,0,0,0,0,0,0,0,0,0,0,0,0,0,0,0,0,0,0,0,0,0,0,0,0,0,0,0,0,0,0,0,0,0,0,0,0,0,0,0,0,0,0,0,0,0,0,0,0,0,0,0,0,0,0,0,0,0,0,0,0,0,0,0,0,0,0,0,0,0,0,0,0,0,0,0,0,0,0,0,0,0,0,0,0,0,0,0,0,0,0,0,0,0,0,0,0,0,0,0,0,0,0,0,0,0,0,0,0,0,0,0,0,0,0,0,0,0,0,0,0,0,0,0,0,0,0,0,0,0,0,0,0,0,0,0,0,0,0,0,0,0,0,0,0,0,0,0,0,0,0,0,0,0,0,0,0,0,0,0,0,0,0,0,0,0,0,0,0,0,0,0,0,0,0,0,0,0,0,0,0.54581,0.21702,0.17646,0.13921,0,0,0,0,0.20887,0.2166,0,0,0.1849,0.19128,0.65052,0.36715,0.26873,1,0.8637,0.62467,0.47306,1,0.24451,0.89122,1,0.59873,0.41089,0.47863,0.99247,1,1,0.91776,0.50327,0.81272,1,1,1,0.9436,0.92638,1,1,1,1,1,0,0,0.13586,0,0,0,0,0,0,0,0,0,0,0,0,0,0,0,0,0.25829,1,0.2875,1,0.27823,1,0.17996,0.8237,1,1,0,0.37604,0.78027,0.64842,1,1,0,0.19916,0.1812,0.55743,1,1,0,0.34845,0.4074,0.74719,0.89875,0.51348,0.60845,0,0,0,0,0,0,0.15238,0.69228,0.24566,0,0.31726,0.23667,1,1,1,1,1,1,1,1,0.52748,0.48265,1,1,1,1,1,1,1,1,1,1,1,1,1,1,1,1,1,1,0.99004,1,1,0.39832,0.71024,0.38848,1,1,1,1,1,1,1,1,1,1,0,0.2606,0.83275,0,0.14878,0.64306,0.96445,0,0,0,0,0.13597,0.22515,0.20531,0.25046,0,0,0,0,0,0.18362,0,0,0,0.13195,0,0,0,0,0,0,0,0.13081,0.13059
0,0,0,0,0,0,0,0,0,0,0,0,0,0,0,0,0,0,0,0,0,0,0,0,0,0,0,0,0,0,0,0,0,0,0,0,0,0,0,0.14594,0,0,0,0,0,0,0,0,0,0,0,0,0,0,0,0,0,0,0,0,0,0,0,0,0,0,0,0,0,0,0,0,0,0,0,0,0,0,0,0,0,0,0,0,0,0,0,0,0,0,0,0,0,0,0,0,0,0,0,0,0,0,0,0,0,0,0,0,0,0,0,0,0,0,0,0,0,0,0,0,0,0,0,0,0,0,0,0,0,0,0,0,0,0,0,0,0,0,0,0,0,0,0,0,0,0,0,0,0,0,0,0,0,0,0,0,0,0,0,0,0,0,0,0,0,0,0,0,0,0,0,0,0,0,0,0,0,0,0,0,0,0,0,0,0,0,0,0,0,0,0,0,0,0,0,0,0,0,0,0,0,0,0,0,0,0,0,0,0,0,0,0,0,0,0,0,0,0,0,0,0,0,0,0,0,0,0,0,0,0,0,0,0,0,0,0,0,0,0,0,0,0,0,0,0,0,0,0,0,0,0,0,0,0,0,0,0,0,0,0,0,0,0,0,0,0,0,0,0,0,0,0,0,0,0,0,0,0,0,0,0,0,0,0,0,0,0,0,0,0,0,0,0,0,0,0,0,0,0,0,0,0,0,0,0,0,0,0,0,0,0,0,0,0,0.65103,0.58337,0.46035,0.22086,1,0.94068,0.86146,0.70636,0.14068,0.13339,0.18236,0.26316,0.32842,0.1793,0.20494,0.47629,0.70041,0.63859,1,0.77591,0.62478,1,0.89489,0.68822,0.42975,1,0.90319,1,1,1,1,1,1,1,1,1,1,1,1,1,1,1,1,1,1,1,1,1,0.3413,0.38032,0.56139,0.28058,0.24059,0.20033,0.18248,0.17239,0,0,0,0,0,0,0,0,0,0,0,0.60359,1,0.52254,1,0.40067,1,0.18302,0.77172,0.97424,1,0,0.22957,0.53627,0.22529,0.96166,1,0,0,0,0.22777,0.66176,0.62143,0,0,0,0.20594,0.24385,0,1,0.18734,0,0,0.12703,0,0,0.42307,1,0.79959,0,0,0.19625,1,1,1,0.9158,1,1,0.80115,0.70571,0.22396,0.23392,1,1,1,1,1,1,1,0.7855,0.95365,0.57675,0.88601,0.83213,0.9355,1,1,0.95679,0.81201,0.61329,0.31328,0.57174,0.30996,0,0.13922,0,1,1,1,1,1,1,1,1,1,1,0,0,0.16612,0,0,0,0.23175,0,0,0,0,0,0,0,0,0,0,0,0,0,0,0,0,0,0,0,0,0,0,0,0,0,0,0
0,0,0,0,0,0,0,0,0,0,0,0,0,0,0,0,0,0,0,0,0,0,0,0,0,0,0,0,0,0,0,0,0,0,0,0,0,0,0,0.22586,0.17782,0,0,0,0,0,0,0,0,0,0,0,0,0,0,0,0,0,0,0,0,0,0,0,0,0,0,0,0,0,0,0,0,0,0,0,0,0,0,0,0,0,0,0,0,0,0,0,0,0,0,0,0,0,0,0,0,0,0,0,0,0,0,0,0,0,0,0,0,0,0,0,0,0,0,0,0,0,0,0,0,0,0,0,0,0,0,0,0,0,0,0,0,0,0,0,0,0,0,0,0,0,0,0,0,0,0,0,0,0,0,0,0,0,0,0,0,0,0,0,0,0,0,0,0,0,0,0,0,0,0,0,0,0,0,0,0,0,0,0,0,0,0,0,0,0,0,0,0,0,0,0,0,0,0,0,0,0,0,0,0,0,0,0,0,0,0,0,0,0,0,0,0,0,0,0,0,0,0,0,0,0,0,0,0,0,0,0,0,0,0,0,0,0,0,0,0,0,0,0,0,0,0,0,0,0,0,0,0,0,0,0,0,0,0,0,0,0,0,0,0,0,0,0,0,0,0,0,0,0,0,0,0,0,0,0,0,0,0,0,0,0,0,0,0,0,0,0,0,0,0,0,0,0,0,0,0,0,0,0,0,0,0,0,0,0,0,0,0,0,0,0,0,0,0.13029,0,0,0,0.72496,0.26106,0.17852,0,0,0,0,0,0,0,0,0,0.13674,0.13262,0.43087,0.21558,0.17834,0.95577,0.57996,0.34328,0.22684,1,0.2002,0.70646,1,0.74416,0.48524,0.36599,0.83499,1,1,0.94582,0.47266,0.70653,1,1,1,0.89806,0.84377,1,1,1,1,1,0,0,0.1996,0,0,0,0,0,0,0,0,0,0,0,0,0,0,0,0,0.5294,1,0.57393,1,0.57446,1,0.33991,1,1,1,0.14944,0.66773,1,0.88774,1,1,0.1654,0.37175,0.31012,0.82152,1,1,0.19791,0.54473,0.57985,0.92494,1,0.63605,0.84943,0.16241,0,0.18788,0.17236,0,0,0.23547,0.89695,0.4576,0,0.55775,0.50641,1,1,1,0.86211,1,1,0.89038,0.84463,0.24375,0.22774,1,1,1,1,1,1,1,1,1,0.92425,1,1,1,1,1,1,1,1,0.75429,1,1,0.49172,0.76158,0.44927,1,1,1,1,1,1,1,1,1,1,0,0.27329,0.76303,0,0.1317,0.46422,0.78209,0,0,0,0,0,0.17893,0.1469,0.16975,0,0,0,0,0,0,0,0,0,0,0,0,0,0,0,0,0,0,0
0,0,0,0,0,0,0,0,0,0,0,0,0,0,0,0,0,0,0,0,0,0,0,0,0,0,0,0,0,0,0,0,0,0,0,0,0,0,0,0,0,0,0,0,0,0,0,0,0,0,0,0,0,0,0,0,0,0,0,0,0,0,0,0,0,0,0,0,0,0,0,0,0,0,0,0,0,0,0,0,0,0,0,0,0,0,0,0,0,0,0,0,0,0,0,0,0,0,0,0,0,0,0,0,0,0,0,0,0,0,0,0,0,0,0,0,0,0,0,0,0,0,0,0,0,0,0,0,0,0,0,0,0,0,0,0,0,0,0,0,0,0,0,0,0,0,0,0,0,0,0,0,0,0,0,0,0,0,0,0,0,0,0,0,0,0,0,0,0,0,0,0,0,0,0,0,0,0,0,0,0,0,0,0,0,0,0,0,0,0,0,0,0,0,0,0,0,0,0,0,0,0,0,0,0,0,0,0,0,0,0,0,0,0,0,0,0,0,0,0,0,0,0,0,0,0,0,0,0,0,0,0,0,0,0,0,0,0,0,0,0,0,0,0,0,0,0,0,0,0,0,0,0,0,0,0,0,0,0,0,0,0,0,0,0,0,0,0,0,0,0,0,0,0,0,0,0,0,0,0,0,0,0,0,0,0,0,0,0,0,0,0,0,0,0,0,0,0,0,0,0,0,0,0,0,0,0,0,0,0,0,0,0,0,0.76151,0.60565,0.38855,0.20816,1,1,0.88844,0.6437,0,0,0,0.16754,0.17632,0,0.17059,0.34751,0.52408,0.42518,0.78347,0.51084,0.34917,1,0.57928,0.37465,0.20429,0.95486,0.73733,1,1,1,1,1,1,1,1,1,1,1,1,1,1,1,1,1,1,1,1,1,0.40899,0.57342,0.82382,0.54387,0.46704,0.28053,0.22113,0.18942,0,0.12822,0.15276,0,0,0,0,0.18833,0,0,0,0.92047,1,0.83774,1,0.70741,1,0.34305,1,1,1,0,0.44326,0.77183,0.34489,1,1,0,0.17134,0.13635,0.38609,0.83746,0.76964,0,0.13002,0,0.24019,0.31287,0,1,0.37837,0.2108,0,0.23099,0,0,0.73102,1,1,0.20966,0.17734,0.35901,1,1,1,0.60598,1,0.91064,0.50539,0.41605,0,0.13071,1,1,1,1,1,1,0.97254,0.51964,0.73545,0.32422,0.99578,0.91119,0.98229,1,0.96721,0.84618,0.65917,0.419,0.19387,0.5655,0.30116,0,0.13751,0,1,1,1,1,1,1,1,1,1,1,0,0,0.13288,0,0,0,0.1695,0,0,0,0,0,0,0,0,0,0,0,0,0,0,0,0,0,0,0,0,0,0,0,0,0,0,0
0,0,0,0,0,0,0,0,0,0,0,0,0,0,0,0,0,0,0,0,0,0,0,0,0,0,0,0,0,0,0,0,0,0,0,0,0,0,0,0,0,0,0,0,0,0,0,0,0,0,0,0,0,0,0,0,0,0,0,0,0,0,0,0,0,0,0,0,0,0,0,0,0,0,0,0,0,0,0,0,0,0,0,0,0,0,0,0,0,0,0,0,0,0,0,0,0,0,0,0,0,0,0,0,0,0,0,0,0,0,0,0,0,0,0,0,0,0,0,0,0,0,0,0,0,0,0,0,0,0,0,0,0,0,0,0,0,0,0,0,0,0,0,0,0,0,0,0,0,0,0,0,0,0,0,0,0,0,0,0,0,0,0,0,0,0,0,0,0,0,0,0,0,0,0,0,0,0,0,0,0,0,0,0,0,0,0,0,0,0,0,0,0,0,0,0,0,0,0,0,0,0,0,0,0,0,0,0,0,0,0,0,0,0,0,0,0,0,0,0,0,0,0,0,0,0,0,0,0,0,0,0,0,0,0,0,0,0,0,0,0,0,0,0,0,0,0,0,0,0,0,0,0,0,0,0,0,0,0,0,0,0,0,0,0,0,0,0,0,0,0,0,0,0,0,0,0,0,0,0,0,0,0,0,0,0,0,0,0,0,0,0,0,0,0,0,0,0,0,0,0,0,0,0,0,0,0,0,0,0,0,0,0,0,0.15663,0,0,0,1,0.42278,0.16389,0,0,0,0,0,0,0,0,0,0,0,0.15795,0,0,0.42055,0.17239,0,0,0.4493,0,0.30231,0.76819,0.96747,0.56496,0.1975,0.4728,1,1,0.91288,0.34573,0.43521,1,1,1,0.72788,0.60923,0.85631,0.75183,1,1,1,0,0.15385,0.44358,0.22837,0.17748,0,0,0,0,0,0,0,0,0,0,0,0,0,0,1,1,1,1,1,1,0.93274,1,1,1,0.50299,1,1,1,1,1,0.52609,0.88156,0.7986,1,1,1,0.53711,0.84494,0.82129,1,1,0.76123,1,0.52506,0.41178,0.46332,0.60291,0.19345,0.17238,0.6847,1,0.86372,0.17522,0.97124,1,1,1,1,0.26972,1,0.70882,0.29958,0.25807,0,0,1,1,1,1,1,1,1,0.49231,0.90295,0.37592,1,1,1,1,1,1,1,0.70374,0.2472,1,1,0.559,0.73185,0.45032,1,1,1,1,1,1,1,1,1,1,0,0.22822,0.50869,0,0,0.17976,0.34628,0,0,0,0,0,0,0,0,0,0,0,0,0,0,0,0,0,0,0,0,0,0,0,0,0,0,0
0,0,0,0,0,0,0,0,0,0,0,0,0,0,0,0,0,0,0,0,0,0,0,0,0,0,0,0,0,0,0,0,0,0,0,0,0,0,0,0,0,0,0,0,0,0,0,0,0,0,0,0,0,0,0,0,0,0,0,0,0,0,0,0,0,0,0,0,0,0,0,0,0,0,0,0,0,0,0,0,0,0,0,0,0,0,0,0,0,0,0,0,0,0,0,0,0,0,0,0,0,0,0,0,0,0,0,0,0,0,0,0,0,0,0,0,0,0,0,0,0,0,0,0,0,0,0,0,0,0,0,0,0,0,0,0,0,0,0,0,0,0,0,0,0,0,0,0,0,0,0,0,0,0,0,0,0,0,0,0,0,0,0,0,0,0,0,0,0,0,0,0,0,0,0,0,0,0,0,0,0,0,0,0,0,0,0,0,0,0,0,0,0,0,0,0,0,0,0,0,0,0,0,0,0,0,0,0,0,0,0,0,0,0,0,0,0,0,0,0,0,0,0,0,0,0,0,0,0,0,0,0,0,0,0,0,0,0,0,0,0,0,0,0,0,0,0,0,0,0,0,0,0,0,0,0,0,0,0,0,0,0,0,0,0,0,0,0,0,0,0,0,0,0,0,0,0,0,0,0,0,0,0,0,0,0,0,0,0,0,0,0,0,0,0,0,0,0,0,0,0,0,0,0,0,0,0,0,0,0,0,0,0,0,0.86698,0.54547,0.22277,0.15661,1,1,0.82503,0.43123,0,0,0,0,0,0,0,0.17782,0.21035,0.15913,0.24997,0.16212,0,0.46522,0.16133,0,0,0.35745,0.35573,0.66551,0.84189,1,1,0.68063,0.89899,1,1,1,1,1,1,1,1,1,1,1,1,1,1,1,0.44235,0.86425,1,1,0.88244,0.54937,0.30073,0.19323,0,0.17567,0.23141,0,0,0,0,0.48229,0,0,0,1,1,1,1,1,1,0.88036,1,1,1,0.22655,0.88107,1,0.58838,1,1,0.20462,0.39383,0.26599,0.70355,1,0.95352,0.14381,0.18604,0.1642,0.32885,0.37551,0.12608,1,0.97364,0.72888,0,0.77661,0.40979,0.17083,1,1,1,0.681,0.30079,0.83663,1,1,0.83905,0.17283,0.6624,0.34753,0.14581,0,0,0,1,1,1,1,1,0.73566,0.48102,0.16457,0.27549,0,1,0.94574,0.95076,0.89921,0.76184,0.54727,0.29909,0.16663,0,0.45399,0.23121,0,0,0,1,1,1,1,1,1,1,1,1,1,0,0,0,0,0,0,0,0,0,0,0,0,0,0,0,0,0,0,0,0,0,0,0,0,0,0,0,0,0,0,0,0,0,0
0,0,0,0,0,0,0,0,0,0,0,0,0,0,0,0,0,0,0,0,0,0,0,0,0,0,0,0,0,0,0,0,0,0,0,0,0,0,0,0,0,0,0,0,0,0,0,0,0,0,0,0,0,0,0,0,0,0,0,0,0,0,0,0,0,0,0,0,0,0,0,0,0,0,0,0,0,0,0,0,0,0,0,0,0,0,0,0,0,0,0,0,0,0,0,0,0,0,0,0,0,0,0,0,0,0,0,0,0,0,0,0,0,0,0,0,0,0,0,0,0,0,0,0,0,0,0,0,0,0,0,0,0,0,0,0,0,0,0,0,0,0,0,0,0,0,0,0,0,0,0,0,0,0,0,0,0,0,0,0,0,0,0,0,0,0,0,0,0,0,0,0,0,0,0,0,0,0,0,0,0,0,0,0,0,0,0,0,0,0,0,0,0,0,0,0,0,0,0,0,0,0,0,0,0,0,0,0,0,0,0,0,0,0,0,0,0,0,0,0,0,0,0,0,0,0,0,0,0,0,0,0,0,0,0,0,0,0,0,0,0,0,0,0,0,0,0,0,0,0,0,0,0,0,0,0,0,0,0,0,0,0,0,0,0,0,0,0,0,0,0,0,0,0,0,0,0,0,0,0,0,0,0,0,0,0,0,0,0,0,0,0,0,0,0,0,0,0,0,0,0,0,0,0,0,0,0,0,0,0,0,0,0,0,0.1357,0,0,0,1,0.39663,0,0,0,0,0,0,0,0,0,0,0,0,0,0,0,0.20856,0,0,0,0.21661,0,0.18025,0.47641,0.96486,0.49402,0.12532,0.24107,1,1,0.78227,0.22797,0.23885,1,1,0.85671,0.5435,0.40207,0.61867,0.47869,0.85532,1,1,0,0.15774,0.52453,0.27822,0.20142,0,0,0,0,0,0,0,0,0,0,0,0,0,0,1,1,1,1,1,1,1,1,1,1,0.79666,1,1,1,1,1,0.81047,1,1,1,1,1,0.78121,1,0.95563,1,1,0.83518,1,0.74865,0.66512,0.68587,0.87761,0.3347,0.31261,0.85689,1,0.97956,0.2317,1,1,1,0.94235,0.75022,0.15783,0.82498,0.41904,0.17056,0.15823,0,0,1,1,1,1,1,1,0.7717,0.24072,0.65832,0.20608,1,1,1,1,1,1,0.87441,0.4868,0.1681,1,1,0.60683,0.72677,0.4662,1,1,1,1,1,1,1,1,1,1,0,0.21983,0.39684,0,0,0,0.21592,0,0,0,0,0,0,0,0,0,0,0,0,0,0,0,0,0,0,0,0,0,0,0,0,0,0,0
0,0,0,0,0,0,0,0,0,0,0,0,0,0,0,0,0,0,0,0,0,0,0,0,0,0,0,0,0,0,0,0,0,0,0,0,0,0,0,0,0,0,0,0,0,0,0,0,0,0,0,0,0,0,0,0,0,0,0,0,0,0,0,0,0,0,0,0,0,0,0,0,0,0,0,0,0,0,0,0,0,0,0,0,0,0,0,0,0,0,0,0,0,0,0,0,0,0,0,0,0,0,0,0,0,0,0,0,0,0,0,0,0,0,0,0,0,0,0,0,0,0,0,0,0,0,0,0,0,0,0,0,0,0,0,0,0,0,0,0,0,0,0,0,0,0,0,0,0,0,0,0,0,0,0,0,0,0,0,0,0,0,0,0,0,0,0,0,0,0,0,0,0,0,0,0,0,0,0,0,0,0,0,0,0,0,0,0,0,0,0,0,0,0,0,0,0,0,0,0,0,0,0,0,0,0,0,0,0,0,0,0,0,0,0,0,0,0,0,0,0,0,0,0,0,0,0,0,0,0,0,0,0,0,0,0,0,0,0,0,0,0,0,0,0,0,0,0,0,0,0,0,0,0,0,0,0,0,0,0,0,0,0,0,0,0,0,0,0,0,0,0,0,0,0,0,0,0,0,0,0,0,0,0,0,0,0,0,0,0,0,0,0,0,0,0,0,0,0,0,0,0,0,0,0,0,0,0,0,0,0,0,0.20403,0,1,0.96654,0.41585,0.3094,1,1,1,0.67373,0,0,0,0,0,0,0.15201,0.22011,0.21166,0.13249,0.1634,0,0,0.17447,0,0,0,0,0.36561,0.45311,0.39502,1,1,0.70183,0.72536,1,1,1,1,0.97719,1,1,1,1,1,1,0.68416,1,1,0.98068,0.97078,1,1,1,1,1,0.93224,0.6006,0.27897,0.66962,0.90063,0.44405,0.18982,0,0.19941,1,0.14349,0.15884,0,1,1,1,1,1,1,0.86872,1,1,1,0.16915,0.63517,0.80282,0.19827,0.92985,0.83006,0,0.19263,0.14065,0.28794,0.56081,0.38939,0,0,0,0,0,0,1,1,1,0,0.97133,0.77493,0.20462,1,1,1,1,0,0.67272,1,0.43394,0.24578,0,0.15796,0,0,0,0,0,0.93074,0.83327,0.70372,0.36385,0.26279,0.16459,0,0,0,0,0.45093,0.27912,0.25127,0.22233,0.1701,0,0,0,0,0,0,0,0,0,0.67744,0.84996,1,1,1,1,1,1,1,1,0,0,0,0,0,0,0,0,0,0,0,0,0,0,0,0,0,0,0,0,0,0,0,0,0,0,0,0,0,0,0,0,0,0
0,0,0,0,0,0,0,0,0,0,0,0,0,0,0,0,0,0,0,0,0,0,0,0,0,0,0,0,0,0,0,0,0,0,0,0,0,0,0,0,0,0,0,0,0,0,0,0,0,0,0,0,0,0,0,0,0,0.24087,0,0,0,0,0,0,0,0,0,0,0.21317,0,0,0,0,0,0,0,0,0,0,0,0,0,0,0,0,0,0,0,0,0,0,0,0,0,0,0,0,0,0,0,0,0,0,0,0,0,0,0,0,0,0,0,0,0,0,0,0,0,0,0,0,0,0,0,0,0,0,0,0,0,0,0,0,0,0,0,0,0,0,0,0,0,0,0,0,0,0,0,0,0,0,0,0,0,0,0,0,0,0,0,0,0,0,0,0,0,0,0,0,0,0,0,0,0,0,0,0,0,0,0,0,0,0,0,0,0.81158,1,0.66385,0.46159,0.46022,0.5886,0.13174,0.23801,1,0.86983,0,0,0,0,0,0,0,0.84411,0.56875,0,0,0,0,0,0,0,0,0,0,0,0,0,0,0,0,0,0,0,0,0,0,0,0,0,0,0,0,0,0,0,0,0,0,0,0,0,0,0,0,0,0,0,0,0,0,0,0,0,0,0,0,0,0,0,0,0,0,0,0,0,0,0,0,0,0,0,0,0,0,0,0,0,0,0,0,0,0,0,0,0,0,0,0,0,0,0,0,0,0,0,0,0,0,0,0,0,0,0,0,0,0,0,0,0,0,0,0,0,0,0,0,0,0,0,0,0,0,0,0,0,0,0,0,0,0,0,0,0,0,0,0,0,0,0,0,0,0,0,0,0,0,0,0,0,0,0,0,0,0,0,0,0,0,0,0,0,0,0,0,0,0,0,0,0,0,0,0,0,0,0,0,0,0,0,0,0,0,0,0,0,0,0,0,0,0,0.12992,0,0,0.15808,0.80662,0.24705,0.43254,0,0.2038,0.2665,0.42034,0.55593,0.80343,0.55565,1,1,1,1,1,0,0,0,0.8522,0,0,0,0,0,0,0,0.78796,0,0,0,0,0,0,0,0,0,0,0,0.39586,0.51342,0.49097,0.62368,0.31036,0.20622,0,0,0.19707,0,0.87572,1,1,1,1,0.87665,0.71103,0.42115,0.16713,1,1,1,1,1,0.30768,0,0,0,0,0,0,0,0,0,1,1,1,1,1,0.61855,0.59239,1,1,1,1,1,1,0.56724,0,1,1,1,0.85971,0.49072,0.193,0.17365,0.20433,0,0,0,0,1,0.26095,1,1,1,0.93013,0.69417
0,0,0,0,0,0,0,0,0,0,0,0,0,0,0,0,0,0,0,0,0,0,0,0,0,0,0,0,0,0,0,0,0,0,0,0,0,0,0,0,0.16651,0,0,0.16695,0.13456,0,0,0,0,0,0,0,0,0,0,0,0,0.62002,0,0,0,0,0,0,0,0,0,0,0.51128,0,0,0,0,0,0,0,0,0,0,0,0,0,0,0,0,0,0,0,0,0,0,0,0,0,0,0,0,0,0,0,0,0,0,0,0,0,0,0,0,0,0,0,0,0,0,0,0,0,0,0,0,0,0,0,0,0,0,0,0,0,0,0,0,0,0,0,0,0,0,0,0,0,0,0,0,0,0,0,0,0,0,0,0,0,0,0,0,0,0,0,0,0,0,0,0,0,0,0,0,0,0,0,0,0,0,0,0,0,0,0,0,0,0,0,0,0.85539,1,0.51266,0.24596,0.34172,0.64312,0.12701,0.38,0.9131,0.70388,0,0,0,0,0,0,0,1,0.775,0,0,0,0,0,0,0,0,0,0,0,0,0,0,0,0,0,0,0,0,0,0,0,0,0,0,0,0,0,0,0,0,0,0,0,0,0,0,0,0,0,0,0,0,0,0,0,0,0,0,0,0,0,0,0,0,0,0,0,0,0,0,0,0,0,0,0,0,0,0,0,0,0,0,0,0,0,0,0,0,0,0,0,0,0,0,0,0,0,0,0,0,0,0,0,0,0,0,0,0,0,0,0,0,0,0,0,0,0,0,0,0,0,0,0,0,0,0,0,0,0,0,0,0,0,0,0,0,0,0,0,0,0,0,0,0,0,0,0,0,0,0,0,0,0,0,0,0,0,0,0,0,0,0,0,0,0,0,0,0,0,0,0,0,0,0,0,0,0,0,0,0,0,0,0,0,0,0,0,0,0,0,0,0,0,0.15712,0.23262,0,0,0.21041,0.87647,0.50914,0.73772,0,0.19577,0.23693,0.48658,0.76261,1,0.41164,1,1,1,1,1,0,0,0,0.66779,0,0,0,0,0,0,0,0.75746,0,0,0,0,0,0.2575,0.1375,0,0,0,0,0.76425,0.93726,1,1,1,0.85276,0.58704,0.28224,0.84624,0.46641,1,1,1,1,1,1,1,1,0.74895,1,1,1,1,1,0.93242,0.13466,0.2606,0,0.27329,0,0.22822,0,0.21983,0,1,1,1,1,1,1,1,1,1,1,1,1,1,1,0.38586,1,1,1,1,0.94824,0.73881,0.64774,0.69303,0.15505,0.29286,0.23198,0.21769,1,0.74602,1,1,1,1,1
0,0,0,0,0,0,0,0,0,0,0,0,0,0,0,0,0,0,0,0,0,0,0,0,0,0,0,0,0,0,0,0,0,0,0,0,0,0,0.17135,0.77651,0.88765,0,0,0.8552,0.67638,0.3454,0.58014,0,0,0,0,0,0,0,0,0,0,0.96694,0.21744,0,0,0,0.19784,0,0,0,0,0.50248,0.83056,0,0,0,0,0,0,0,0,0,0,0,0,0,0,0,0,0,0,0,0,0,0,0,0,0,0,0,0,0,0,0,0,0,0,0,0,0,0,0,0,0,0,0,0,0,0,0,0,0,0,0,0,0,0,0,0,0,0,0,0,0,0,0,0,0,0,0,0,0,0,0,0,0,0,0,0,0,0,0,0,0,0,0,0,0,0,0,0,0,0,0,0,0,0,0,0,0,0,0,0,0,0,0,0,0,0,0,0,0,0,0,0,0,0,0,0,0.70501,1,0.22733,0,0.18668,0.5298,0,0.4303,0.37671,0.34075,0,0,0,0,0,0,0,1,0.83557,0,0,0,0,0,0,0,0,0,0,0,0,0,0,0,0,0,0,0,0,0,0,0,0,0,0,0,0,0,0,0,0,0,0,0,0,0,0,0,0,0,0,0,0,0,0,0,0,0,0,0,0,0,0,0,0,0,0,0,0,0,0,0,0,0,0,0,0,0,0,0,0,0,0,0,0,0,0,0,0,0,0,0,0,0,0,0,0,0,0,0,0,0,0,0,0,0,0,0,0,0,0,0,0,0,0,0,0,0,0,0,0,0,0,0,0,0,0,0,0,0,0,0,0,0,0,0,0,0,0,0,0,0,0,0,0.15024,0,0,0,0,0,0,0,0,0,0,0,0,0,0,0,0,0,0,0,0,0,0,0,0,0,0,0,0,0,0,0,0,0,0,0,0,0,0,0,0,0,0,0,0,0,0,0,0,0,0.14906,0.24338,0,0,0.15747,0.55064,0.4599,0.71526,0,0,0,0.23151,0.60814,0.85262,0.13733,0.83174,1,1,1,1,0,0,0,0.20479,0,0,0,0,0,0,0,0.3399,0,0,0.48058,0.46445,0.30165,1,0.78903,0.65603,0.76818,0.27789,0.18017,0.82931,1,1,1,1,1,1,1,1,1,1,1,1,1,1,1,1,1,1,1,1,1,1,1,1,0.60802,0.83275,0.16612,0.76303,0.13288,0.50869,0,0.39684,0,1,1,1,1,1,1,1,0.54654,1,1,1,1,1,1,1,1,1,1,1,1,1,1,1,0.58791,1,0.94825,0.86183,0.83409,1,1,1,1,1,1
0,0,0,0,0,0,0,0,0,0,0,0,0,0,0,0,0,0,0,0,0,0,0,0,0,0,0,0,0,0,0,0,0,0,0,0,0,0,0,0,0,0,0,0,0,0,0,0,0,0,0,0,0,0,0,0,0,0.61385,0,0,0,0,0,0,0,0,0,0,0.5537,0,0,0,0,0,0,0,0,0,0,0,0,0,0,0,0,0,0,0,0,0,0,0,0,0,0,0,0,0,0,0,0,0,0,0,0,0,0,0,0,0,0,0,0,0,0,0,0,0,0,0,0,0,0,0,0,0,0,0,0,0,0,0,0,0,0,0,0,0,0,0,0,0,0,0,0,0,0,0,0,0,0,0,0,0,0,0,0,0,0,0,0,0,0,0,0,0,0,0,0,0.18671,0,0,0,0,0,0,0,0,0,0,0,0,0,0,0,1,1,1,1,1,1,0.51319,0.75593,1,1,0,0,0,0,0,0,0,1,1,0,0,0,0,0,0,0,0,0,0,0,0,0,0,0,0,0,0,0,0,0,0,0,0,0,0,0,0,0,0,0,0,0,0,0,0,0,0,0,0,0,0,0,0,0,0,0,0,0,0,0,0,0,0,0,0,0,0,0,0,0,0,0,0,0,0,0,0,0,0,0,0,0,0,0,0,0,0,0,0,0,0,0,0,0,0,0,0,0,0,0,0,0,0,0,0,0,0,0,0,0,0,0,0,0,0,0,0,0,0,0,0,0,0,0,0,0,0,0,0,0,0,0,0,0,0,0,0,0,0,0,0,0,0,0,0,0,0,0,0,0,0,0,0,0,0,0,0,0,0,0,0,0,0,0,0,0,0,0,0,0,0,0,0,0,0,0,0,0,0,0,0,0,0,0,0,0,0,0,0,0,0,0,0,0,0,0,0,0,0,0.22099,0,0,0,0,0,0,0.14214,0.22594,0.14112,0.74931,1,0.83336,0.9309,1,0,0,0,0.24152,0,0,0,0,0,0,0,0.21449,0,0,0,0,0,0,0,0,0,0,0,0,0.14825,0.16549,0.22991,0.14896,0,0,0,0.12727,0,0.27994,0.48593,0.53203,0.56939,0.59941,0.54256,0.45923,0.25555,0.14001,1,1,1,1,1,0,0,0,0,0,0,0,0,0,0,1,1,1,1,1,0.61176,0.50942,1,1,1,1,1,1,0.68942,0,1,1,1,1,0.81966,0.23174,0.22889,0.33391,0,0,0,0,1,0.57491,1,1,1,1,0.87728
0,0,0,0,0,0,0,0,0,0,0,0,0,0,0,0,0,0,0,0,0,0,0,0,0,0,0,0,0,0,0,0,0,0,0,0,0,0,0,0.24096,0.40457,0,0,0.47406,0.48087,0.20702,0.2392,0,0,0,0,0,0,0,0,0,0,1,0.39871,0,0,0,0.40466,0,0,0,0,0.17157,1,0,0,0,0,0,0,0,0,0,0,0,0,0,0,0,0,0,0,0,0,0,0,0,0,0,0,0,0,0,0,0,0,0,0,0,0,0,0,0,0,0,0,0,0,0,0,0,0,0,0,0,0,0,0,0,0,0,0,0,0,0,0,0,0,0,0,0,0,0,0,0,0.34734,0.24555,0,0,0,0,0,0,0,0,0,0,0,0,0,0,0,0,0,0,0,0,0,0,0,0,0,0,0,0.31108,0.18408,0,0,0,0,0,0,0,0,0,0,0,0,0,0,1,1,1,0.73499,0.91604,1,0.53678,1,1,1,0.15928,0,0,0,0,0,0,1,1,0,0,0,0,0,0,0,0,0,0,0,0,0,0,0,0,0,0,0,0,0,0,0,0,0,0,0,0,0,0,0,0,0,0,0,0,0,0,0,0,0,0,0,0,0,0,0,0,0,0,0,0,0,0,0,0,0,0,0,0,0,0,0,0,0,0,0,0,0,0,0,0,0,0,0,0,0,0,0,0,0,0,0,0,0,0,0,0,0,0,0,0,0,0,0,0,0,0,0,0,0,0,0,0,0,0,0,0,0,0,0,0,0,0,0,0,0,0,0,0,0,0,0,0,0,0,0,0,0,0,0,0,0,0,0,0,0,0,0,0,0,0,0,0,0,0,0,0,0,0,0,0,0,0,0,0,0,0,0,0,0,0,0,0,0,0,0,0,0,0,0,0,0,0,0,0,0,0,0,0,0,0,0,0,0,0,0,0,0,0,0.21325,0,0.19612,0,0,0,0,0.18926,0.32717,0,0.58201,0.86552,0.84576,1,1,0,0,0,0.13724,0,0,0,0,0,0,0,0.16868,0,0,0,0,0,0.24876,0.1596,0.13556,0.17911,0,0,0.2171,0.35676,0.60484,0.9084,0.79892,0.77132,0.60859,0.44124,0.91143,0.67488,0.56693,0.81013,0.95462,1,1,1,1,1,1,1,1,1,1,1,0.57346,0,0.14878,0,0.1317,0,0,0,0,0,1,1,1,1,1,1,1,1,1,1,1,1,1,1,0.84385,1,1,1,1,1,1,1,1,0.64555,0.82962,0.78333,0.77668,1,1,1,1,1,1,1
0,0,0,0,0,0,0,0,0,0,0,0,0,0,0,0,0,0,0,0,0,0,0,0,0,0,0,0,0,0,0,0,0,0,0,0,0,0,1,1,1,0.50701,0.68594,1,1,1,1,0.68613,0.56981,0.35358,0.23818,0.17755,0.14371,0,0,0,0,1,0.92344,0.35946,0,0,0.80633,0.23733,0,0,0,1,1,0,0,0,0,0,0,0,0,0,0,0,0,0,0,0,0,0,0,0,0,0,0,0,0,0,0,0,0,0,0,0,0,0,0,0,0,0,0,0,0,0,0,0,0,0,0,0,0,0,0,0,0,0,0,0,0,0,0,0,0,0,0,0,0,0,0,0,0,0,0,0,0.32061,0.4583,0.17871,0,0,0,0,0,0,0,0,0,0,0,0,0,0,0,0,0,0,0,0,0,0,0,0,0,0,0.13868,0,0,0,0,0,0,0,0,0,0,0,0,0,0,0,0.64757,0.93225,0.16378,0,0.14555,0.54064,0,0.64511,0.14676,0.19907,0.18104,0,0,0,0,0,0,1,0.99868,0,0,0,0,0,0,0,0,0,0,0,0,0,0,0,0,0,0,0,0,0,0,0,0,0,0,0,0,0,0,0,0,0,0,0,0,0,0,0,0,0,0,0,0,0,0,0,0,0,0,0,0,0,0,0,0,0,0,0,0,0,0,0,0,0,0,0,0,0,0,0,0,0,0,0,0,0,0,0,0,0,0,0,0,0,0,0,0,0,0,0,0,0,0,0,0,0,0,0,0,0,0,0,0,0,0,0,0,0,0,0,0,0,0,0,0,0,0,0,0,0,0,0,0.23547,0,0,0,0,0,0,0,0.18819,0.22233,0.1593,0.22602,0.46775,0,0,0.19064,0,0,0,0,0,0,0,0,0,0,0,0,0,0,0,0,0,0,0.16073,0,0,0,0,0,0,0,0,0,0,0,0,0,0,0,0,0,0,0,0,0,0,0,0,0,0,0,0,0,0,0,0,0,0,0.14248,0,0,0,0,0,0.15514,0,0,0.18573,0.23489,0.44034,0.53578,0,0,0,0,0,0,0,0,0,0,0,0,0,0,0.75683,0.81884,0.94932,1,1,1,1,1,0.88218,0.19818,0.3567,0.87024,1,1,1,1,1,1,1,0.33473,0.56464,0.80646,1,1,1,1,1,1,1,1,0.71965,1,0.98631,1,0.68026,0.64306,0,0.46422,0,0.17976,0,0,0,0.61855,1,1,0.61176,1,1,1,0,0.46163,1,1,1,1,1,1,0.64554,0.94701,1,1,1,1,1,1,1,1,1,1,0.44642,1,1,0.969,1,1,1
0,0,0,0,0,0,0,0,0,0,0,0,0,0,0,0,0,0,0,0,0,0,0,0,0,0,0,0,0,0,0,0,0,0,0,0,0,0,1,1,1,0.4473,0.5855,1,1,1,1,0.45249,0.40661,0.241,0.16784,0,0,0,0,0,0,1,0.61829,0.19404,0,0,0.49418,0.14162,0,0,0,1,0.99502,0,0,0,0,0,0,0,0,0,0,0,0,0,0,0,0,0,0,0,0,0,0,0,0,0,0,0,0,0,0,0,0,0,0,0,0,0,0,0,0,0,0,0,0,0,0,0,0,0,0,0,0,0,0,0,0,0,0,0,0,0,0,0,0,0,0,0,0,0,0,0,0.16616,0.21344,0,0,0,0,0,0,0,0,0,0,0,0,0,0,0,0,0,0,0,0,0,0,0,0,0,0,0,0,0,0,0,0,0,0,0,0,0,0,0,0,0,0,0,0.37287,0.66336,0,0,0,0.25499,0,0.33696,0,0,0,0,0,0,0,0,0,0.87127,0.69855,0,0,0,0,0,0,0,0,0,0,0,0,0,0,0,0,0,0,0,0,0,0,0,0,0,0,0,0,0,0,0,0,0,0,0,0,0,0,0,0,0,0,0,0,0,0,0,0,0,0,0,0,0,0,0,0,0,0,0,0,0,0,0,0,0,0,0,0,0,0,0,0,0,0,0,0,0,0,0,0,0,0,0,0,0,0,0,0,0,0,0,0,0,0,0,0,0,0,0,0,0,0,0,0,0,0,0,0,0,0,0,0,0,0,0,0,0,0,0,0,0,0,0,0.3419,0,0,0,0,0,0,0,0.31992,0.38558,0.22824,0.3548,0.71224,0,0,0.34956,0,0,0,0,0,0,0,0,0,0,0,0,0,0,0,0.13205,0,0.16812,0.28596,0,0,0,0,0,0,0,0,0,0,0,0,0,0,0,0,0,0,0,0,0,0,0,0,0,0,0,0,0,0,0,0,0,0.14252,0.22722,0,0,0,0,0.15947,0.22981,0,0.15434,0.23289,0.37467,0.61205,0.65257,0,0,0,0,0,0,0,0,0,0,0,0,0,0,1,1,1,1,1,1,1,1,1,0.3597,0.6243,1,1,1,1,1,1,1,1,0.57031,0.79173,1,1,1,1,1,1,1,1,1,0.80495,1,1,1,0.99625,0.96445,0.23175,0.78209,0.1695,0.34628,0,0.21592,0,0.59239,1,1,0.50942,1,1,1,0,0.30132,0.9226,1,1,1,1,1,0.4523,0.73883,1,1,1,1,1,1,1,1,1,1,0.24356,1,0.92528,0.71993,1,1,1
0,0,0,0,0,0,0,0,0,0,0,0,0,0,0,0,0,0,0,0,0,0,0,0,0,0,0,0,0,0,0,0,0,0,0,0,0,0,0,0,0,0,0,0,0,0,0,0,0,0,0,0,0,0,0,0,0,0.21912,0,0,0,0,0,0,0,0,0,0,0.21123,0,0,0,0,0,0,0,0,0,0,0,0,0,0,0,0,0,0,0,0,0,0,0,0,0,0,0,0,0,0,0,0,0,0,0,0,0,0,0,0,0,0,0,0,0,0,0,0,0,0,0,0,0,0,0,0,0,0,0,0,0,0,0,0,0,0,0,0,0,0,0,0,0,0,0,0,0,0,0,0,0,0,0,0,0,0,0,0,0,0,0,0,0,0,0,0,0,0,0,0,0.17277,0,0,0,0,0,0,0.1612,0,0,0,0,0,0,0,0,1,1,1,1,1,1,0.60095,0.56749,1,1,0,0,0,0,0,0,0,0.99381,0.78851,0,0,0,0,0,0,0,0,0,0,0,0,0,0,0,0,0,0,0,0,0,0,0,0,0,0,0,0,0,0,0,0,0,0,0,0,0,0,0,0,0,0,0,0,0,0,0,0,0,0,0,0,0,0,0,0,0,0,0,0,0,0,0,0,0,0,0,0,0,0,0,0,0,0,0,0,0,0,0,0,0,0,0,0,0,0,0,0,0,0,0,0,0,0,0,0,0,0,0,0,0,0,0,0,0,0,0,0,0,0,0,0,0,0,0,0,0,0,0,0,0,0,0,0,0,0,0,0,0,0,0,0,0,0,0,0,0,0,0,0,0,0,0,0,0,0,0,0,0,0,0,0,0,0,0,0,0,0,0,0,0,0,0,0,0,0,0,0,0,0,0,0,0,0,0,0,0,0,0,0,0,0,0,0,0,0,0,0,0,0,0,0,0,0,0,0,0,0,0,0,0.2363,0.43396,0.23116,0.24845,0.76268,0,0,0,0,0,0,0,0,0,0,0,0,0,0,0,0,0,0,0,0,0,0,0,0,0,0,0,0,0,0,0,0,0,0,0,0,0,0,0,0,0,0,0.23696,0.47495,1,0.86408,1,0,0,0,0,0,0,0,0,0,0,1,1,0.54654,1,1,0,0,1,1,1,1,0.78438,0.3927,0.15556,0,1,1,0.80426,0.67971,0.27294,0,0,0,0,0,0,0,1,0.17462,1,1,1,0.42884,0.23029
0,0,0,0,0,0,0,0,0,0,0,0,0,0,0,0,0,0,0,0,0,0,0,0,0,0,0,0,0,0,0,0,0,0,0,0,0,0,0,0,0,0,0,0,0,0,0,0,0,0,0,0,0,0,0,0,0,0.85372,0,0,0,0,0.1464,0,0,0,0,0,0.82239,0,0,0,0,0,0,0,0,0,0,0,0,0,0,0,0,0,0,0,0,0,0,0,0,0,0,0,0,0,0,0,0,0,0,0,0,0,0,0,0,0,0,0,0,0,0,0,0,0,0,0,0,0,0,0,0,0,0,0,0,0,0,0,0,0,0,0,0,0,0,0,0.24466,0.14702,0,0,0,0,0,0,0,0,0,0,0,0,0,0,0,0,0,0,0,0,0,0,0,0,0,0,0,0.54332,0.26769,0.14368,0,0.21654,0,0,0.37322,0,0,0.20924,0,0,0,0,0,1,1,1,1,1,1,1,1,1,1,0,0,0,0,0,0,0,1,1,0,0,0,0,0,0,0,0,0,0,0,0,0,0,0,0,0,0,0,0,0,0,0,0,0,0,0,0,0,0,0,0,0,0,0,0,0,0,0,0,0,0,0,0,0,0,0,0,0,0,0,0,0,0,0,0,0,0,0,0,0,0,0,0,0,0,0,0,0,0,0,0,0,0,0,0,0,0,0,0,0,0,0,0,0,0,0,0,0,0,0,0,0,0,0,0,0,0,0,0,0,0,0,0,0,0,0,0,0,0,0,0,0,0,0,0,0,0,0,0,0,0,0,0,0,0,0,0,0,0,0,0,0,0,0,0,0,0,0,0,0,0,0,0,0,0,0,0,0,0,0,0,0,0,0,0,0,0,0,0,0,0,0,0,0,0,0,0,0,0,0,0,0,0,0,0,0,0,0,0,0,0,0,0,0,0,0,0,0,0,0,0,0,0,0,0,0,0,0,0,0.22457,0.43359,0.26042,0.36496,0.85976,0,0,0,0,0,0,0,0,0,0,0,0,0,0,0,0,0,0,0,0,0,0,0,0,0,0,0,0,0,0,0,0,0,0,0.14745,0.16882,0.19165,0.2148,0.21641,0.20842,0.16392,0,0.52406,0.78431,1,1,1,0,0,0,0,0,0,0,0,0,0,1,1,1,1,1,0.46163,0.30132,1,1,1,1,1,1,0.64894,0,1,1,1,1,0.97996,0.2236,0.23631,0.40416,0,0,0,0,1,0.73079,1,1,1,1,0.88387
0,0,0,0,0,0,0,0,0,0,0,0,0,0,0,0,0,0,0,0,0,0,0,0,0,0,0,0,0,0,0,0,0,0,0,0,0,0,0,0,0,0,0,0.16159,0.20429,0,0,0,0,0,0,0,0,0,0,0,0,1,0.39029,0,0,0,0.45661,0,0,0,0,0,1,0,0,0,0,0,0,0,0,0,0,0,0,0,0,0,0,0,0,0,0,0,0,0,0,0,0,0,0,0,0,0,0,0,0,0,0,0,0,0,0,0,0,0,0,0,0,0,0,0,0,0,0,0,0,0,0,0,0,0,0,0,0,0,0,0,0,0,0,0,0,0,0.62092,0.39652,0,0,0,0,0,0,0,0,0,0,0.16591,0,0,0,0,0,0,0,0,0,0,0,0,0,0,0,0,0.7717,0.49798,0.21456,0,0.29411,0,0,0.43061,0,0,0.22129,0.12632,0,0.12552,0,0,1,1,1,1,1,1,1,1,1,1,0.24631,0.19049,0,0,0,0,0,1,1,0,0,0,0,0,0,0,0,0,0,0,0,0,0,0,0,0,0,0,0,0,0,0,0,0,0,0,0,0,0,0,0,0,0,0,0,0,0,0,0,0,0,0,0,0,0,0,0,0,0,0,0,0,0,0,0,0,0,0,0,0,0,0,0,0,0,0,0,0,0,0,0,0,0,0,0,0,0,0,0,0,0,0,0,0,0,0,0,0,0,0,0,0,0,0,0,0,0,0,0,0,0,0,0,0,0,0,0,0,0,0,0,0,0,0,0,0,0,0,0,0,0,0,0,0,0,0,0,0,0,0,0,0,0,0,0,0,0,0,0,0,0,0,0,0,0,0,0,0,0,0,0,0,0,0,0,0,0,0,0,0,0,0,0,0,0,0,0,0,0,0,0,0,0,0,0,0,0,0,0,0,0,0,0,0,0,0,0,0,0,0,0,0,0,0,0,0,0,0,0,0.22652,0.45836,0.3581,0.50772,0.94857,0,0,0,0,0,0,0,0,0,0,0,0,0,0,0,0,0,0,0,0,0,0,0,0,0,0.12752,0.2215,0.17971,0.17223,0,0,0.22714,0.16638,0.15025,0.22798,0.29456,0.426,0.55737,0.63843,0.67066,0.58822,0.36765,0.85045,1,1,1,1,0,0,0,0,0,0,0,0,0,0,1,1,1,1,1,1,0.9226,1,1,1,1,1,1,1,0.32475,1,1,1,1,1,0.82968,0.86344,1,0.45467,0.39305,0.41519,0.46539,1,1,1,1,1,1,1
0,0,0,0,0,0,0,0,0,0,0,0,0,0,0,0,0,0,0,0,0,0,0,0,0,0,0,0,0,0,0,0,0,0,0,0,0,0,0,0.46103,0.66492,0,0,0.76492,0.81597,0.45449,0.51771,0.1836,0,0,0,0,0,0,0,0,0,1,0.76964,0.17134,0,0,0.77117,0.15317,0,0,0,0.27994,1,0,0,0,0,0,0,0,0,0,0,0,0,0,0,0,0,0,0,0,0,0,0,0,0,0,0,0,0,0,0,0,0,0,0,0,0,0,0,0,0,0,0,0,0,0,0,0,0,0,0,0,0,0,0,0,0,0,0,0,0,0,0,0,0,0,0,0,0,0,0,0,0.67589,0.58988,0.14498,0,0,0.14013,0,0,0,0,0,0,0.18545,0,0,0,0,0,0,0,0,0,0,0,0,0,0,0,0,0.57855,0.32914,0.15816,0,0.17671,0,0,0.18631,0,0,0,0,0,0,0,0,1,1,1,0.79742,1,1,0.73352,1,1,1,0.31267,0.17947,0,0,0,0,0,1,1,0,0,0,0,0,0,0,0,0,0,0,0,0,0,0,0,0,0,0,0,0,0,0,0,0,0,0,0,0,0,0,0,0,0,0,0,0,0,0,0,0,0,0,0,0,0,0,0,0,0,0,0,0,0,0,0,0,0,0,0,0,0,0,0,0,0,0,0,0,0,0,0,0,0,0,0,0,0,0,0,0,0,0,0,0,0,0,0,0,0,0,0,0,0,0,0,0,0,0,0,0,0,0,0,0,0,0,0,0,0,0,0,0,0,0,0,0,0,0,0,0,0,0,0,0,0,0,0,0,0,0,0,0,0,0,0,0,0,0,0,0,0,0,0,0,0,0,0,0,0,0,0,0,0,0,0,0,0,0,0,0,0,0,0,0,0,0,0,0,0,0,0,0,0,0,0,0,0,0,0,0,0,0,0,0,0,0,0,0,0,0,0,0,0,0,0,0,0,0.17892,0,0.24543,0.51871,0.52062,0.7181,1,0,0,0,0,0,0,0,0,0,0,0,0,0,0,0,0,0,0.30676,0.19434,0.1851,0.23173,0,0,0.13722,0.21069,0.44111,0.78213,0.74578,0.78216,0.67567,0.58114,0.99007,0.83336,0.30333,0.54995,0.71726,0.92791,1,1,1,1,1,1,1,1,1,1,0.45524,0,0,0,0,0,0,0,0,0,1,1,1,1,1,1,1,1,1,1,1,1,1,1,1,1,1,1,1,1,1,1,1,1,1,1,1,1,1,1,1,1,1,1
0,0,0,0,0,0,0,0,0,0,0,0,0,0,0,0,0,0,0,0,0,0,0,0,0,0,0,0,0,0,0,0,0,0,0,0,0,0,0.22261,0.77111,0.98809,0,0.15884,1,1,0.80833,0.86217,0.39261,0.17675,0,0,0,0,0,0,0,0,1,1,0.32416,0,0,1,0.25549,0,0,0,0.60748,1,0,0,0,0,0,0,0,0,0,0,0,0,0,0,0,0,0,0,0,0,0,0,0,0,0,0,0,0,0,0,0,0,0,0,0,0,0,0,0,0,0,0,0,0,0,0,0,0,0,0,0,0,0,0,0,0,0,0,0,0,0,0,0,0,0,0,0,0,0,0,0,0.85504,0.82297,0.235,0,0,0.21441,0.18128,0,0,0,0,0,0.25032,0.14171,0,0,0,0,0,0,0,0,0,0,0,0,0,0,0,0.66025,0.42764,0.19348,0,0.19841,0,0,0.19209,0,0,0,0,0,0,0,0,1,1,1,0.65096,0.93093,1,0.72246,1,0.98561,1,0.50754,0.23257,0,0,0,0,0,1,1,0,0,0,0,0,0,0,0,0,0,0,0,0,0,0,0,0,0,0,0,0,0,0,0,0,0,0,0,0,0,0,0,0,0,0,0,0,0,0,0,0,0,0,0,0,0,0,0,0,0,0,0,0,0,0,0,0,0,0,0,0,0,0,0,0,0,0,0,0,0,0,0,0,0,0,0,0,0,0,0,0,0,0,0,0,0,0,0,0,0,0,0,0,0,0,0,0,0,0,0,0,0,0,0,0,0,0,0,0,0,0,0,0,0,0,0,0,0,0,0,0,0,0,0,0,0,0,0,0,0,0,0,0,0,0,0,0,0,0,0,0,0,0,0,0,0,0,0,0,0,0,0,0,0,0,0,0,0,0,0,0,0,0,0,0,0,0,0,0,0,0,0,0,0,0,0,0,0,0,0,0,0,0,0,0,0,0,0,0,0,0,0,0,0,0,0,0,0,0,0,0.16099,0.26213,0.29562,0.50548,0.78647,0,0,0,0,0,0,0,0,0,0,0,0,0,0,0,0,0.13472,0.47738,0.29365,0.30238,0.44845,0.21048,0,0,0.17645,0.39788,0.7701,0.805,0.90042,0.84679,0.8161,1,1,0.21856,0.40326,0.59317,0.83944,1,1,1,1,1,1,1,1,1,1,0.45709,0,0.13597,0,0,0,0,0,0,0,1,1,1,1,1,1,1,0.78438,1,1,1,1,1,1,1,1,1,1,1,1,1,1,1,1,1,1,1,1,1,1,1,1,1,1
0,0,0,0,0,0,0,0,0,0,0,0,0,0,0,0,0,0,0,0,0,0,0,0,0,0,0,0,0,0,0,0,0,0,0,0,0,0,0.55092,1,1,0.19345,0.31673,1,1,1,1,0.60544,0.32014,0.18204,0.19576,0,0,0,0,0,0,1,1,0.44053,0,0,1,0.33985,0.12532,0,0,1,1,0,0,0,0,0,0,0,0,0,0,0,0,0,0,0,0,0,0,0,0,0,0,0,0,0,0,0,0,0,0,0,0,0,0,0,0,0,0,0,0,0,0,0,0,0,0,0,0,0,0,0,0,0,0,0,0,0,0,0,0,0,0,0,0,0,0,0,0,0,0,0,0.73482,0.78086,0.24589,0,0,0.19909,0.17928,0,0,0,0,0,0.22036,0,0,0,0,0,0,0,0,0,0,0,0,0,0,0,0,0.43441,0.24074,0.12913,0,0,0,0,0,0,0,0,0,0,0,0,0,1,1,0.62876,0.26781,0.56678,1,0.41701,1,0.57599,0.73811,0.41534,0.18804,0,0,0,0,0,1,1,0,0,0,0,0,0,0,0,0,0,0,0,0,0,0,0,0,0,0,0,0,0,0,0,0,0,0,0,0,0,0,0,0,0,0,0,0,0,0,0,0,0,0,0,0,0,0,0,0,0,0,0,0,0,0,0,0,0,0,0,0,0,0,0,0,0,0,0,0,0,0,0,0,0,0,0,0,0,0,0,0,0,0,0,0,0,0,0,0,0,0,0,0,0,0,0,0,0,0,0,0,0,0,0,0,0,0,0,0,0,0,0,0,0,0,0,0,0,0,0,0,0,0,0,0,0,0,0,0,0,0,0,0,0,0,0,0,0,0,0,0,0,0,0,0,0,0,0,0,0,0,0,0,0,0,0,0,0,0,0,0,0,0,0,0,0,0,0,0,0,0,0,0,0,0,0,0,0,0,0,0,0,0,0,0,0,0,0,0,0,0,0,0,0,0,0,0,0,0.12747,0,0.13198,0.22213,0.24866,0.46951,0.68062,0,0,0,0,0,0,0,0,0,0,0,0,0,0,0.21769,0.2337,0.30766,0.84293,0.68377,0.70751,0.85517,0.54178,0.26936,0.13084,0.21354,0.57023,0.96853,1,1,1,1,1,1,0.23693,0.45531,0.66902,0.95146,1,1,1,1,1,1,1,0.92057,1,1,0.676,0.2086,0.22515,0,0.17893,0,0,0,0,0,1,1,1,1,1,1,1,0.3927,1,1,1,1,1,1,1,1,1,1,1,1,1,1,1,1,1,1,1,1,1,1,1,1,1,1
0,0,0,0,0,0,0,0,0,0,0,0,0,0,0,0,0,0,0,0,0,0,0,0,0,0,0,0,0,0,0,0,0,0,0,0,0,0,0.98559,1,1,0.53386,0.7772,1,1,1,1,1,0.77825,0.50801,0.52128,0.29784,0.21109,0,0.19575,0,0,1,1,0.79594,0,0.23863,1,0.66971,0.24405,0,0,1,1,0,0,0,0,0,0,0,0,0,0,0,0,0,0,0,0,0,0,0,0,0,0,0,0,0,0,0,0,0,0,0,0,0,0,0,0,0,0,0,0,0,0,0,0,0,0,0,0,0,0,0,0,0,0,0,0,0,0,0,0,0,0,0,0,0,0,0,0,0,0,0,0.84817,0.97841,0.52245,0.129,0,0.30676,0.28866,0.13039,0,0,0,0,0.32329,0.18059,0.13041,0,0,0,0,0,0,0,0,0,0,0,0,0,0,0.42879,0.2491,0.14476,0,0,0,0,0,0,0,0,0,0,0,0,0,1,1,0.38105,0.17201,0.35079,0.98144,0.30176,1,0.24424,0.46445,0.56878,0.22619,0,0,0,0,0,1,1,0,0,0,0,0,0,0,0,0,0,0,0,0,0,0,0,0,0,0,0,0,0,0,0,0,0,0,0,0,0,0,0,0,0,0,0,0,0,0,0,0,0,0,0,0,0,0,0,0,0,0,0,0,0,0,0,0,0,0,0,0,0,0,0,0,0,0,0,0,0,0,0,0,0,0,0,0,0,0,0,0,0,0,0,0,0,0,0,0,0,0,0,0,0,0,0,0,0,0,0,0,0,0,0,0,0,0,0,0,0,0,0,0,0,0,0,0,0,0,0,0,0,0,0.14546,0,0,0,0,0,0,0,0,0,0,0,0.18097,0,0,0,0,0,0,0,0,0,0,0,0,0,0,0,0,0,0,0,0,0,0,0,0,0,0,0,0,0,0,0,0,0,0,0,0,0,0,0,0,0,0,0,0,0,0,0,0,0,0,0,0,0,0,0,0,0,0,0,0,0,0,0,0,0,0,0,0.2002,0.27026,0,0,0,0,0,0,0,0,0,0,0,0,0,0,0.26412,0.34075,0.56313,0.95729,0.87589,0.96733,1,0.89218,0.61375,0,0.1311,0.37877,0.79709,0.99535,1,1,1,1,1,0.13733,0.21681,0.38042,0.68907,1,1,1,1,1,0.87304,0.94756,0.4946,0.93391,0.78967,0.53798,0.22052,0.20531,0,0.1469,0,0,0,0,0,0.56724,1,1,0.68942,1,1,1,0.15556,0.64894,1,1,1,1,1,1,0.89118,1,1,1,1,1,1,1,1,1,1,1,0.74135,1,1,1,1,1,1
0,0,0,0,0,0,0,0,0,0,0,0,0,0,0,0,0,0,0,0,0,0,0,0,0,0,0,0,0,0,0,0,0,0,0,0,0,0,1,1,1,1,1,1,1,1,1,1,1,1,1,0.88993,0.84245,0.41178,0.60578,0.28843,0.20852,1,1,0.91209,0.19817,0.54153,1,0.7126,0.39947,0.61638,0,1,1,0,0,0,0,0,0,0,0,0,0,0,0,0,0,0,0,0,0,0,0,0,0,0,0,0,0,0,0,0,0,0,0,0,0,0,0,0,0,0,0,0,0,0,0,0,0,0,0,0,0,0,0,0,0,0,0,0,0,0,0,0,0,0,0,0,0,0,0,0,0,0,0.36482,0.64607,0.44515,0.14704,0,0.18607,0.21344,0,0,0,0,0,0.15724,0,0,0,0,0,0,0,0,0,0,0,0,0,0,0,0,0,0,0,0,0,0,0,0,0,0,0,0,0,0,0,0,0.2211,0.40667,0,0,0,0.20577,0,0.37626,0,0,0.22748,0,0,0,0,0,0,0.70498,0.63877,0,0,0,0,0,0,0,0,0,0,0,0,0,0,0,0,0,0,0,0,0,0,0,0,0,0,0,0,0,0,0,0,0,0,0,0,0,0,0,0,0,0,0,0,0,0,0,0,0,0,0,0,0,0,0,0,0,0,0,0,0,0,0,0,0,0,0,0,0,0,0,0,0,0,0,0,0,0,0,0,0,0,0,0,0,0,0,0,0,0,0,0,0,0,0,0,0,0,0,0,0,0,0,0,0,0,0,0,0,0,0,0,0,0,0,0,0,0,0,0,0,0,0,0.86895,0,0,0,0,0,0,0,0.3255,0.57402,0.43735,0.72591,0.75162,0,0,0.23995,0,0,0,0,0,0,0,0,0,0,0,0,0,0,0,0,0,0,0.15354,0,0,0,0,0,0,0,0,0,0,0,0,0,0,0,0,0,0,0,0,0,0,0,0,0,0,0,0,0,0,0,0,0,0,0,0,0,0,0,0,0,0,0,0,0,0,0,0,0,0,0,0,0,0,0,0,0,0,0,0,0,0.74927,0.88045,1,1,1,1,1,1,1,0,0,0.23702,0.63317,0.99871,1,1,1,1,1,0,0,0.16717,0.34461,0.69799,1,1,1,1,0.38135,0.37222,0,0.24894,0.17829,0.47022,0.49521,0.25046,0,0.16975,0,0,0,0,0,0,0.38586,1,0,0.84385,1,1,0,0,0.32475,1,1,1,1,1,0.136,0.24402,1,1,1,1,1,1,1,1,1,1,0,1,0.48096,0.36689,0.65874,1,1
0,0,0,0,0,0,0,0,0,0,0,0,0,0,0,0,0,0,0,0,0,0,0,0,0,0,0,0,0,0,0,0,0,0,0,0,0,0,0,0,0,0,0,0,0,0,0,0,0,0,0,0,0,0,0,0,0,1,0.23702,0,0,0,0.31041,0,0,0,0,0,1,0,0,0,0,0,0,0,0,0,0,0,0,0,0,0,0,0,0,0,0,0,0,0,0,0,0,0,0,0,0,0,0,0,0,0,0,0,0,0,0,0,0,0,0,0,0,0,0,0,0,0,0,0,0,0,0,0,0,0,0,0,0,0,0,0,0,0,0,0,0,0,0.61289,0.31956,0,0,0,0,0,0,0,0,0,0,0.17027,0,0,0,0,0,0,0,0,0,0,0,0,0,0,0,0,0.90325,0.62686,0.28523,0.13489,0.48749,0,0,0.68498,0,0,0.43052,0.20952,0,0.21832,0,0,1,1,1,1,1,1,1,1,1,1,0.24517,0.21178,0,0,0,0,0,1,1,0,0,0,0,0,0,0,0,0,0,0,0,0,0,0,0,0,0,0,0,0,0,0,0,0,0,0,0,0,0,0,0,0,0,0,0,0,0,0,0,0,0,0,0,0,0,0,0,0,0,0,0,0,0,0,0,0,0,0,0,0,0,0,0,0,0,0,0,0,0,0,0,0,0,0,0,0,0,0,0,0,0,0,0,0,0,0,0,0,0,0,0,0,0,0,0,0,0,0,0,0,0,0,0,0,0,0,0,0,0,0,0,0,0,0,0,0,0,0,0,0,0,0,0,0,0,0,0,0,0,0,0,0,0,0,0,0,0,0,0,0,0,0,0,0,0,0,0,0,0,0,0,0,0,0,0,0,0,0,0,0,0,0,0,0,0,0,0,0,0,0,0,0,0,0,0,0,0,0,0,0,0,0,0,0,0,0,0,0,0,0,0,0,0,0,0,0,0,0,0,0.14026,0.23007,0.18273,0.2249,0.64811,0,0,0,0,0,0,0,0,0,0,0,0,0,0,0,0,0,0,0,0,0,0,0,0,0,0,0,0,0,0,0,0,0,0,0,0.13024,0.1657,0.20237,0.22257,0.23054,0.20369,0.13543,0.43345,0.68467,0.95887,1,1,0,0,0,0,0,0,0,0,0,0,1,1,1,1,1,0.64554,0.4523,1,1,1,1,1,1,0.89118,0.136,1,1,1,1,1,0.42919,0.48957,0.70411,0.22554,0.16897,0.1856,0.21021,1,1,1,1,1,1,1
0,0,0,0,0,0,0,0,0,0,0,0,0,0,0,0,0,0,0,0,0,0,0,0,0,0,0,0,0,0,0,0,0,0,0,0,0,0,0,0,0,0,0,0.13686,0.19687,0,0,0,0,0,0,0,0,0,0,0,0,1,0.50701,0,0,0,0.59472,0,0,0,0,0,1,0,0,0,0,0,0,0,0,0,0,0,0,0,0,0,0,0,0,0,0,0,0,0,0,0,0,0,0,0,0,0,0,0,0,0,0,0,0,0,0,0,0,0,0,0,0,0,0,0,0,0,0,0,0,0,0,0,0,0,0,0,0,0,0,0,0,0,0,0,0,0,0.83481,0.57471,0,0,0,0.16415,0,0,0,0,0,0,0.23973,0,0,0,0,0,0,0,0,0,0,0,0,0,0,0,0,1,0.76537,0.41404,0.17393,0.57897,0,0,0.72762,0.12774,0,0.46226,0.22484,0,0.22539,0,0,1,1,1,1,1,1,1,1,1,1,0.45359,0.31445,0,0,0,0,0,1,1,0,0,0,0,0,0,0,0,0,0,0,0,0,0,0,0,0,0,0,0,0,0,0,0,0,0,0,0,0,0,0,0,0,0,0,0,0,0,0,0,0,0,0,0,0,0,0,0,0,0,0,0,0,0,0,0,0,0,0,0,0,0,0,0,0,0,0,0,0,0,0,0,0,0,0,0,0,0,0,0,0,0,0,0,0,0,0,0,0,0,0,0,0,0,0,0,0,0,0,0,0,0,0,0,0,0,0,0,0,0,0,0,0,0,0,0,0,0,0,0,0,0,0,0,0,0,0,0,0,0,0,0,0,0,0,0,0,0,0,0,0,0,0,0,0,0,0,0,0,0,0,0,0,0,0,0,0,0,0,0,0,0,0,0,0,0,0,0,0,0,0,0,0,0,0,0,0,0,0,0,0,0,0,0,0,0,0,0,0,0,0,0,0,0,0,0,0,0,0,0,0.13007,0.22246,0.18653,0.23552,0.65222,0,0,0,0,0,0,0,0,0,0,0,0,0,0,0,0,0,0,0,0,0,0,0,0,0,0,0.12815,0,0,0,0,0.15681,0,0,0.12718,0.16476,0.21053,0.27285,0.3743,0.43048,0.38246,0.23528,0.5522,0.79192,0.96583,1,1,0,0,0,0,0,0,0,0,0,0,1,1,1,1,1,0.94701,0.73883,1,1,1,1,1,1,1,0.24402,1,1,1,1,1,0.75641,0.81992,1,0.49916,0.33647,0.38768,0.4607,1,1,1,1,1,1,1
0,0,0,0,0,0,0,0,0,0,0,0,0,0,0,0,0,0,0,0,0,0,0,0,0,0,0,0,0,0,0,0,0,0,0,0,0,0,0.19619,0.6063,0.85327,0,0.16294,1,1,0.84617,0.81085,0.56981,0.20647,0,0.17675,0,0,0,0,0,0,1,1,0.59605,0,0.13179,1,0.55456,0.18383,0,0,0.49253,1,0,0,0,0,0,0,0,0,0,0,0,0,0,0,0,0,0,0,0,0,0,0,0,0,0,0,0,0,0,0,0,0,0,0,0,0,0,0,0,0,0,0,0,0,0,0,0,0,0,0,0,0,0,0,0,0,0,0,0,0,0,0,0,0,0,0,0,0,0,0,0,1,1,0.54221,0,0,0.5266,0.40661,0.14153,0,0,0,0,0.65204,0.32094,0.19159,0,0,0,0,0,0,0,0,0,0,0,0,0,0,1,0.85337,0.5059,0.20169,0.51905,0,0,0.48967,0,0,0.23899,0.16654,0,0.14058,0,0,1,1,1,0.95782,1,1,1,1,1,1,0.9091,0.61385,0.17447,0,0,0,0,1,1,0,0,0,0,0,0,0,0,0,0,0,0,0,0,0,0,0,0,0,0,0,0,0,0,0,0,0,0,0,0,0,0,0,0,0,0,0,0,0,0,0,0,0,0,0,0,0,0,0,0,0,0,0,0,0,0,0,0,0,0,0,0,0,0,0,0,0,0,0,0,0,0,0,0,0,0,0,0,0,0,0,0,0,0,0,0,0,0,0,0,0,0,0,0,0,0,0,0,0,0,0,0,0,0,0,0,0,0,0,0,0,0,0,0,0,0,0,0,0,0,0,0,0,0,0,0,0,0,0,0,0,0,0,0,0,0,0,0,0,0,0,0,0,0,0,0,0,0,0,0,0,0,0,0,0,0,0,0,0,0,0,0,0,0,0,0,0,0,0,0,0,0,0,0,0,0,0,0,0,0,0,0,0,0,0,0,0,0,0,0,0,0,0,0,0,0,0,0,0,0,0,0.13655,0.13967,0.20715,0.43487,0,0,0,0,0,0,0,0,0,0,0,0,0,0,0,0,0,0.21047,0.16162,0.17846,0.22937,0.14591,0,0,0,0.15745,0.34665,0.39715,0.51712,0.49778,0.52804,0.81615,0.80288,0,0.16354,0.225,0.41575,0.66588,0.92635,1,1,1,0.73639,0.90413,0.71939,1,1,0.17869,0,0,0,0,0,0,0,0,0,1,1,1,1,1,1,1,0.80426,1,1,1,1,1,1,1,1,1,1,1,1,1,1,1,1,1,1,1,1,1,1,1,1,1,1
0,0,0,0,0,0,0,0,0,0,0,0,0,0,0,0,0,0,0,0,0,0,0,0,0,0,0,0,0,0,0,0,0,0,0,0,0,0,0.20343,0.56531,0.82862,0,0.19013,1,1,0.93383,0.84166,0.74699,0.24923,0.13631,0.23577,0.13708,0,0,0,0,0,1,1,0.82595,0,0.20374,1,0.79828,0.29009,0,0,0.48625,1,0,0,0,0,0,0,0,0,0,0,0,0,0,0,0,0,0,0,0,0,0,0,0,0,0,0,0,0,0,0,0,0,0,0,0,0,0,0,0,0,0,0,0,0,0,0,0,0,0,0,0,0,0,0,0,0,0,0,0,0,0,0,0,0,0,0,0,0,0,0,0,1,1,0.80295,0.20029,0,0.80189,0.67674,0.22998,0,0,0,0,0.92906,0.59787,0.3495,0.1765,0,0,0,0,0,0,0,0,0,0,0,0,0,1,1,0.76557,0.36674,0.76179,0.20093,0,0.70736,0.19513,0,0.43738,0.24425,0.15404,0.2147,0,0,1,1,1,1,1,1,1,1,1,1,1,0.88756,0.29476,0,0,0,0,1,1,0,0,0,0,0,0,0,0,0,0,0,0,0,0,0,0,0,0,0,0,0,0,0,0,0,0,0,0,0,0,0,0,0,0,0,0,0,0,0,0,0,0,0,0,0,0,0,0,0,0,0,0,0,0,0,0,0,0,0,0,0,0,0,0,0,0,0,0,0,0,0,0,0,0,0,0,0,0,0,0,0,0,0,0,0,0,0,0,0,0,0,0,0,0,0,0,0,0,0,0,0,0,0,0,0,0,0,0,0,0,0,0,0,0,0,0,0,0,0,0,0,0,0,0,0,0,0,0,0,0,0,0,0,0,0,0,0,0,0,0,0,0,0,0,0,0,0,0,0,0,0,0,0,0,0,0,0,0,0,0,0,0,0,0,0,0,0,0,0,0,0,0,0,0,0,0,0,0,0,0,0,0,0,0,0,0,0,0,0,0,0,0,0,0,0,0,0,0,0,0,0,0,0,0,0.22062,0,0,0,0,0,0,0,0,0,0,0,0,0,0,0,0,0,0.15469,0,0.14302,0.19513,0.128,0,0,0,0,0.19913,0.22374,0.31575,0.32584,0.40231,0.64153,0.68183,0,0,0.13435,0.21632,0.40659,0.68379,0.89906,1,1,0.46272,0.62788,0.44883,0.77526,0.76683,0,0,0,0,0,0,0,0,0,0,0.85971,1,1,1,1,1,1,0.67971,1,1,1,1,1,1,1,1,1,1,1,1,1,1,1,1,1,1,1,1,1,1,1,1,1,1
0,0,0,0,0,0,0,0,0,0,0,0,0,0,0,0,0,0,0,0,0,0,0,0,0,0,0,0,0,0,0,0,0,0,0,0,0,0,0.45093,0.83835,1,0.2113,0.45407,1,1,1,1,1,0.65071,0.30777,0.6133,0.3186,0.18092,0,0.23334,0,0,1,1,1,0.23844,0.49959,1,1,0.65383,0,0,0.79774,1,0,0,0,0,0,0,0,0,0,0,0,0,0,0,0,0,0,0,0,0,0,0,0,0,0,0,0,0,0,0,0,0,0,0,0,0,0,0,0,0,0,0,0,0,0,0,0,0,0,0,0,0,0,0,0,0,0,0,0,0,0,0,0,0,0,0,0,0,0,0,0,1,1,1,0.42701,0,1,0.95598,0.49273,0.18369,0,0,0,1,0.80789,0.59843,0.30375,0.18064,0,0,0.19849,0,0,0,0,0.14131,0,0,0,0,1,1,0.81518,0.43107,0.74874,0.21716,0,0.62681,0.20235,0,0.36751,0.23296,0.1519,0.19425,0,0,1,1,1,0.74814,1,1,1,1,0.78735,1,1,1,0.41519,0,0.14254,0,0,1,1,0,0,0,0,0,0,0,0,0,0,0,0,0,0,0,0,0,0,0,0,0,0,0,0,0,0,0,0,0,0,0,0,0,0,0,0,0,0,0,0,0,0,0,0,0,0,0,0,0,0,0,0,0,0,0,0,0,0,0,0,0,0,0,0,0,0,0,0,0,0,0,0,0,0,0,0,0,0,0,0,0,0,0,0,0,0,0,0,0,0,0,0,0,0,0,0,0,0,0,0,0,0,0,0,0,0,0,0,0,0,0,0,0,0,0,0,0,0,0,0,0,0,0,0,0,0,0,0,0,0,0,0,0,0,0,0,0,0,0,0,0,0,0,0,0,0,0,0,0,0,0,0,0,0,0,0,0,0,0,0,0,0,0,0,0,0,0,0,0,0,0,0,0,0,0,0,0,0,0,0,0,0,0,0,0,0,0,0,0,0,0,0,0,0,0,0,0,0,0,0,0,0,0,0,0,0,0,0,0,0,0,0,0,0,0,0,0,0,0,0,0,0,0.18814,0.16656,0.20869,0.28578,0.21646,0,0,0,0,0.17088,0.21639,0.34657,0.41319,0.56487,0.71875,0.8468,0,0,0,0.1661,0.28452,0.61123,0.87705,1,1,0.2695,0.40758,0.21581,0.50936,0.46442,0,0,0,0,0,0,0,0,0,0,0.49072,0.94824,1,0.81966,1,1,1,0.27294,0.97996,1,1,1,1,1,1,1,1,1,1,1,1,1,1,1,1,1,1,1,1,1,1,1,1,1
0,0,0,0,0,0,0,0,0,0,0,0,0,0,0,0,0,0,0,0,0,0,0,0,0,0,0,0,0,0,0,0,0,0,0,0,0,0,1,1,1,1,1,1,1,1,1,1,1,0.99212,0.93537,0.738,0.60206,0.23635,0.5034,0.219,0.15149,1,1,1,0.21897,0.56567,1,0.90645,0.51764,0.31923,0,1,1,0,0,0,0,0,0,0,0,0,0,0,0,0,0,0,0,0,0,0,0,0,0,0,0,0,0,0,0,0,0,0,0,0,0,0,0,0,0,0,0,0,0,0,0,0,0,0,0,0,0,0,0,0,0,0,0,0,0,0,0,0,0,0,0,0,0,0,0,0,0,0,0.8009,1,0.69845,0.2059,0,0.39011,0.42507,0.19464,0,0,0,0,0.34904,0.20147,0.16948,0,0,0,0,0,0,0,0,0,0,0,0,0,0,0.27069,0.20821,0,0,0,0,0,0,0,0,0,0,0,0,0,0,0.70887,0.95234,0.17083,0,0.16913,0.65976,0.18132,0.90049,0,0.1918,0.57712,0.21774,0,0,0,0,0,1,1,0,0,0,0,0,0,0,0,0,0,0,0,0,0,0,0,0,0,0,0,0,0,0,0,0,0,0,0,0,0,0,0,0,0,0,0,0,0,0,0,0,0,0,0,0,0,0,0,0,0,0,0,0,0,0,0,0,0,0,0,0,0,0,0,0,0,0,0,0,0,0,0,0,0,0,0,0,0,0,0,0,0,0,0,0,0,0,0,0,0,0,0,0,0,0,0,0,0,0,0,0,0,0,0,0,0,0,0,0,0,0,0,0,0,0,0,0,0,0,0,0,0,0,0.32415,0,0,0,0,0,0,0,0,0.18919,0.13948,0.23094,0.27991,0,0,0,0,0,0,0,0,0,0,0,0,0,0,0,0,0,0,0,0,0,0,0,0,0,0,0,0,0,0,0,0,0,0,0,0,0,0,0,0,0,0,0,0,0,0,0,0,0,0,0,0,0,0,0,0,0,0,0,0,0,0,0,0,0,0,0,0,0,0,0,0,0,0,0,0,0,0,0,0,0,0,0,0.37958,0.48625,0.83663,1,1,1,1,1,0.99202,0,0,0.22414,0.59923,0.88196,1,1,1,1,1,0,0,0.19273,0.40608,0.7477,1,1,1,1,0.52759,0.56758,0.18472,0.50914,0.3393,0.38115,0.23232,0.18362,0,0,0,0,0,0,0,0.193,0.73881,1,0.23174,1,1,1,0,0.2236,0.82968,1,1,1,1,1,0.42919,0.75641,1,1,1,1,1,1,1,1,1,1,0.30235,1,1,0.90834,1,1,1
0,0,0,0,0,0,0,0,0,0,0,0,0,0,0,0,0,0,0,0,0,0,0,0,0,0,0,0,0.15255,0,0,0,0,0,0,0,0,0,1,1,1,1,1,1,1,1,1,1,1,1,1,0.86159,0.68894,0.3171,0.64932,0.29497,0.19269,1,1,1,0.3598,0.75462,1,1,0.73318,0.382,0,1,1,0,0,0,0,0,0,0,0,0,0,0,0,0,0,0,0,0,0,0,0,0,0,0,0,0,0,0,0,0,0,0,0,0,0,0,0,0,0,0,0,0,0,0,0,0,0,0,0,0,0,0,0,0,0,0,0,0,0,0,0,0,0,0,0,0,0,0,0,0,0,0,1,1,0.93964,0.34781,0,0.63823,0.67034,0.32154,0.17238,0,0,0,0.59651,0.35273,0.25486,0.18395,0.13475,0,0,0,0,0,0,0,0,0,0,0,0,0.49208,0.35438,0.19234,0,0.14572,0,0,0,0,0,0,0,0,0,0,0,0.85259,1,0.2176,0,0.22061,0.82075,0.24538,1,0.12968,0.23414,0.82341,0.39733,0,0,0,0,0,1,1,0,0,0,0,0,0,0,0,0,0,0,0,0,0,0,0,0,0,0,0,0,0,0,0,0,0,0,0,0,0,0,0,0,0,0,0,0,0,0,0,0,0,0,0,0,0,0,0,0,0,0,0,0,0,0,0,0,0,0,0,0,0,0,0,0,0,0,0,0,0,0,0,0,0,0,0,0,0,0,0,0,0,0,0,0,0,0,0,0,0,0,0,0,0,0,0,0,0,0,0,0,0,0,0,0,0,0,0,0,0,0,0,0,0,0,0,0,0,0,0,0,0,0,0.22091,0,0,0,0,0,0,0,0,0,0,0.1692,0.18563,0,0,0,0,0,0,0,0,0,0,0,0,0,0,0,0,0,0,0,0,0,0,0,0,0,0,0,0,0,0,0,0,0,0,0,0,0,0,0,0,0,0,0,0,0,0,0,0,0,0,0,0,0,0,0,0,0,0,0,0,0,0,0,0,0,0,0,0,0,0,0,0,0,0,0,0,0,0,0,0,0,0,0,0.21191,0.24852,0.62147,0.80677,0.82913,1,1,1,0.82055,0,0,0.14931,0.37386,0.64294,0.94057,1,1,1,1,0,0,0.12688,0.23425,0.53927,0.95573,1,1,1,0.34809,0.40485,0.14383,0.37422,0.24194,0.21583,0.14959,0,0,0,0,0,0,0,0,0.17365,0.64774,1,0.22889,1,1,1,0,0.23631,0.86344,1,1,1,1,1,0.48957,0.81992,1,1,1,1,1,1,1,1,1,1,0.38848,1,1,1,1,1,1
0,0,0,0,0,0,0,0,0,0,0,0,0,0,0,0,0,0,0.13996,0,0,0,0,0,0,0,0,0,0.1809,0,0,0,0,0,0,0,0,0,1,1,1,0.78735,1,1,1,1,1,1,1,0.898,1,0.7977,0.57974,0.24599,0.62038,0.2575,0.17394,1,1,1,0.43513,0.798,1,1,0.83416,0.24926,0,1,1,0,0,0,0,0,0,0,0,0,0,0,0,0,0,0,0,0,0,0,0,0,0,0,0,0,0,0,0,0,0,0,0,0,0,0,0,0,0,0,0,0,0,0,0,0,0,0,0,0,0,0,0,0,0,0,0,0,0,0,0,0,0,0,0,0,0,0,0,0,0,0,1,1,1,0.49098,0,0.86706,0.87223,0.48984,0.21461,0,0,0,0.84975,0.59003,0.4661,0.24622,0.18647,0,0,0.15618,0,0,0,0,0,0,0,0,0,0.79038,0.64757,0.36391,0.16971,0.24429,0,0,0.18454,0,0,0,0,0,0,0,0,1,1,0.43128,0.19078,0.4483,1,0.53652,1,0.2113,0.47227,1,0.66752,0.18949,0,0,0,0,1,1,0,0,0,0,0,0,0,0,0,0,0,0,0,0,0,0,0,0,0,0,0,0,0,0,0,0,0,0,0,0,0,0,0,0,0,0,0,0,0,0,0,0,0,0,0,0,0,0,0,0,0,0,0,0,0,0,0,0,0,0,0,0,0,0,0,0,0,0,0,0,0,0,0,0,0,0,0,0,0,0,0,0,0,0,0,0,0,0,0,0,0,0,0,0,0,0,0,0,0,0,0,0,0,0,0,0,0,0,0,0,0,0,0,0,0,0,0,0,0,0,0,0,0,0,0,0,0,0,0,0,0,0,0,0,0,0,0,0,0,0,0,0,0,0,0,0,0,0,0,0,0,0,0,0,0,0,0,0,0,0,0,0,0,0,0,0,0,0,0,0,0,0,0,0,0,0,0,0,0,0,0,0,0,0,0,0,0,0,0,0,0,0,0,0,0,0,0,0,0,0,0,0,0,0,0,0,0,0,0,0,0,0,0,0,0,0,0,0,0,0,0.1549,0.32221,0.53968,0.54185,0.71719,0.87826,0.80099,0.52172,0,0,0,0.23698,0.44332,0.71457,0.86104,1,1,1,0,0,0,0.19512,0.4101,0.80444,1,1,1,0.27078,0.3534,0.1472,0.36371,0.24869,0.15508,0,0,0,0,0,0,0,0,0,0.20433,0.69303,1,0.33391,1,1,1,0,0.40416,1,1,1,1,1,1,0.70411,1,1,1,1,1,1,1,1,1,1,1,0.62643,1,1,1,1,1,1
0,0,0.24405,0,0,0,0,0,0.24295,0.17769,0,0,0,0,0,0,0,0.15581,0.66029,0.38963,0,0,0,0,0,0,0,0,0.778,0.18071,0,0,0,0,0,0,0,0,1,1,1,1,1,1,1,1,1,1,1,1,1,1,1,0.88755,1,0.95519,0.70241,1,1,1,1,1,1,1,1,0.80594,0.24562,1,1,0,0,0,0,0,0,0,0,0,0,0,0,0,0,0,0,0,0,0,0,0,0,0,0,0,0,0,0,0,0,0,0,0,0,0,0,0,0,0,0,0,0,0,0,0,0,0,0,0,0,0,0,0,0,0,0,0,0,0,0,0,0,0,0,0,0,0,0,0,0,0,1,1,1,1,0.20524,1,1,1,0.85204,0.46613,0.15102,0,1,1,1,0.86151,0.73509,0.19707,0,0.5554,0.21179,0,0,0,0.38062,0.17664,0,0,0,0.88667,0.81951,0.60459,0.30532,0.38814,0.16988,0,0.2067,0.13221,0,0.13586,0,0,0,0,0,0.8125,0.95548,0.21292,0,0.23586,0.85776,0.46152,1,0,0.21096,1,1,0.45046,0,0.20806,0.22358,0,1,1,0,0,0,0,0,0,0,0,0,0,0,0,0,0,0,0,0,0,0,0,0,0,0,0,0,0,0,0,0,0,0,0,0,0,0,0,0,0,0,0,0,0,0,0,0,0,0,0,0,0,0,0,0,0,0,0,0,0,0,0,0,0,0,0,0,0,0,0,0,0,0,0,0,0,0,0,0,0,0,0,0,0,0,0,0,0,0,0,0,0,0,0,0,0,0,0,0,0,0,0,0,0,0,0,0,0,0,0,0,0,0,0,0,0,0,0,0,0,0,0,0,0,0,0,0,0,0,0,0,0,0,0,0,0,0,0,0,0,0,0,0,0,0,0,0,0,0,0,0,0,0,0,0,0,0,0,0,0,0,0,0,0,0,0,0,0,0,0,0,0,0,0,0,0,0,0,0,0,0,0,0,0,0,0,0,0,0,0,0,0,0,0,0,0,0,0,0,0,0,0,0,0,0,0,0,0,0,0,0,0,0,0,0,0,0,0,0,0,0,0,0,0.18718,0.19025,0.22186,0.42457,0.58052,0.68328,0.42294,0,0,0,0,0,0.21178,0.34925,0.70679,0.59103,0.95784,0,0,0,0,0,0.20695,0.47632,0.8562,1,0,0,0,0,0,0,0,0,0,0,0,0,0,0,0,0,0.15505,0.58791,0,0.64555,1,1,0,0,0.45467,1,1,1,1,1,0.22554,0.49916,1,1,1,1,1,1,1,1,1,1,0.22088,1,0.78028,0.80466,0.6866,1,1
0,0,0.13411,0,0,0,0,0,0,0,0,0,0,0,0,0,0,0,0.15041,0,0,0,0,0,0,0,0,0,0.17393,0,0,0,0,0,0,0,0,0,1,1,1,1,1,1,1,1,1,1,1,1,1,1,1,0.62795,0.87994,0.54609,0.36025,1,1,1,0.43195,0.86853,1,1,0.75235,0.76525,0.17501,1,1,0,0,0,0,0,0,0,0,0,0,0,0,0,0,0,0,0,0,0,0,0,0,0,0,0,0,0,0,0,0,0,0,0,0,0,0,0,0,0,0,0,0,0,0,0,0,0,0,0,0,0,0,0,0,0,0,0,0,0,0,0,0,0,0,0,0,0,0,0,0,0,0.70447,1,0.81531,0.30381,0,0.42545,0.51054,0.24419,0.16961,0,0,0,0.33163,0.20902,0.19495,0.14435,0,0,0,0,0,0,0,0,0,0,0,0,0,0.19773,0.1601,0,0,0,0,0,0,0,0,0,0,0,0,0,0,0.36701,0.58947,0,0,0,0.34317,0,0.64461,0,0,0.5375,0.19799,0,0,0,0,0,0.90594,0.87335,0,0,0,0,0,0,0,0,0,0,0,0,0,0,0,0,0,0,0,0,0,0,0,0,0,0,0,0,0,0,0,0,0,0,0,0,0,0,0,0,0,0,0,0,0,0,0,0,0,0,0,0,0,0,0,0,0,0,0,0,0,0,0,0,0,0,0,0,0,0,0,0,0,0,0,0,0,0,0,0,0,0,0,0,0,0,0,0,0,0,0,0,0,0,0,0,0,0,0,0,0,0,0,0,0,0,0,0,0,0,0,0,0,0,0,0,0,0,0,0,0,0,0,0.6224,0,0,0,0,0,0,0,0.15992,0.25216,0.20984,0.43919,0.40555,0,0,0,0,0,0,0,0,0,0,0,0,0,0,0,0,0,0,0,0,0,0,0,0,0,0,0,0,0,0,0,0,0,0,0,0,0,0,0,0,0,0,0,0,0,0,0,0,0,0,0,0,0,0,0,0,0,0,0,0,0,0,0,0,0,0,0,0,0,0,0,0,0,0,0,0,0,0,0,0,0,0,0,0.3796,0.51276,0.98763,1,1,1,1,1,1,0,0,0.1342,0.32825,0.66798,1,1,1,1,1,0,0,0,0.19244,0.42727,0.87231,1,1,1,0.21849,0.22443,0,0.19612,0.13487,0.21519,0.20887,0.13195,0,0,0,0,0,0,0,0,0.29286,1,0,0.82962,1,1,0,0,0.39305,1,1,1,1,1,0.16897,0.33647,1,1,1,1,1,1,1,1,1,1,0.13297,1,0.59969,0.52,0.70617,1,1
0,0,0.18372,0,0,0,0,0,0.13473,0,0,0,0,0,0,0,0,0,0.23029,0.16073,0,0,0,0,0,0,0,0,0.27146,0,0,0,0,0,0,0,0,0,1,1,1,1,1,1,1,1,1,1,1,1,1,1,1,0.76569,1,0.72103,0.51635,1,1,1,0.68044,1,1,1,1,0.84427,0.21446,1,1,0,0,0,0,0,0,0,0,0,0,0,0,0,0,0,0,0,0,0,0,0,0,0,0,0,0,0,0,0,0,0,0,0,0,0,0,0,0,0,0,0,0,0,0,0,0,0,0,0,0,0,0,0,0,0,0,0,0,0,0,0,0,0,0,0,0,0,0,0,0,0,0.95592,1,1,0.57642,0,0.70295,0.79069,0.51009,0.27514,0.12742,0,0,0.6025,0.40368,0.36493,0.23745,0.20689,0,0,0.13173,0,0,0,0,0,0,0,0,0,0.32042,0.24009,0.15949,0,0,0,0,0,0,0,0,0,0,0,0,0,0.49945,0.70216,0,0,0,0.49465,0.15992,0.83099,0,0,0.80367,0.35737,0,0,0,0,0,1,1,0,0,0,0,0,0,0,0,0,0,0,0,0,0,0,0,0,0,0,0,0,0,0,0,0,0,0,0,0,0,0,0,0,0,0,0,0,0,0,0,0,0,0,0,0,0,0,0,0,0,0,0,0,0,0,0,0,0,0,0,0,0,0,0,0,0,0,0,0,0,0,0,0,0,0,0,0,0,0,0,0,0,0,0,0,0,0,0,0,0,0,0,0,0,0,0,0,0,0,0,0,0,0,0,0,0,0,0,0,0,0,0,0,0,0,0,0,0,0,0,0,0,0,0.41678,0,0,0,0,0,0,0,0,0.16701,0.12913,0.23643,0.21316,0,0,0,0,0,0,0,0,0,0,0,0,0,0,0,0,0,0,0,0,0,0,0,0,0,0,0,0,0,0,0,0,0,0,0,0,0,0,0,0,0,0,0,0,0,0,0,0,0,0,0,0,0,0,0,0,0,0,0,0,0,0,0,0,0,0,0,0,0,0,0,0,0,0,0,0,0,0,0,0,0,0,0,0.1999,0.24465,0.72485,0.73241,0.83798,1,1,1,1,0,0,0,0.19636,0.41187,0.75462,0.99677,1,1,1,0,0,0,0,0.23649,0.64668,1,1,1,0.1561,0.168,0,0.1491,0,0.13145,0,0,0,0,0,0,0,0,0,0,0.23198,0.94825,0,0.78333,1,1,0,0,0.41519,1,1,1,1,1,0.1856,0.38768,1,1,1,1,1,1,1,1,1,1,0.15839,1,0.65943,0.6087,0.70823,1,1
0,0,0.20217,0,0,0,0,0,0.1685,0,0,0,0,0,0,0,0,0,0.33989,0.20351,0,0,0,0,0,0,0,0,0.43267,0,0,0,0,0,0,0,0,0,1,1,1,1,1,1,1,1,1,1,1,1,1,1,1,0.80626,1,0.7976,0.57595,1,1,1,0.83894,1,1,1,1,0.83264,0.22353,1,1,0,0,0,0,0,0,0,0,0,0,0,0,0,0,0,0,0,0,0,0,0,0,0,0,0,0,0,0,0,0,0,0,0,0,0,0,0,0,0,0,0,0,0,0,0,0,0,0,0,0,0,0,0,0,0,0,0,0,0,0,0,0,0,0,0,0,0,0,0,0,0,1,1,1,0.7704,0,0.92334,1,0.71405,0.45925,0.18936,0,0,0.82372,0.62449,0.58142,0.42139,0.3172,0,0,0.20285,0,0,0,0,0.14478,0,0,0,0,0.52149,0.42885,0.23092,0.1262,0.16645,0,0,0,0,0,0,0,0,0,0,0,0.63388,0.82048,0.14658,0,0.16042,0.64322,0.2196,1,0,0.15349,1,0.57681,0.16943,0,0,0,0,1,1,0,0,0,0,0,0,0,0,0,0,0,0,0,0,0,0,0,0,0,0,0,0,0,0,0,0,0,0,0,0,0,0,0,0,0,0,0,0,0,0,0,0,0,0,0,0,0,0,0,0,0,0,0,0,0,0,0,0,0,0,0,0,0,0,0,0,0,0,0,0,0,0,0,0,0,0,0,0,0,0,0,0,0,0,0,0,0,0,0,0,0,0,0,0,0,0,0,0,0,0,0,0,0,0,0,0,0,0,0,0,0,0,0,0,0,0,0,0,0,0,0,0,0,0.23943,0,0,0,0,0,0,0,0,0,0,0.16669,0.13952,0,0,0,0,0,0,0,0,0,0,0,0,0,0,0,0,0,0,0,0,0,0,0,0,0,0,0,0,0,0,0,0,0,0,0,0,0,0,0,0,0,0,0,0,0,0,0,0,0,0,0,0,0,0,0,0,0,0,0,0,0,0,0,0,0,0,0,0,0,0,0,0,0,0,0,0,0,0,0,0,0,0,0,0.12736,0.17154,0.50444,0.51967,0.61797,0.87239,1,1,0.83397,0,0,0,0.14178,0.24358,0.56229,0.79142,1,1,1,0,0,0,0,0.18838,0.49386,0.8628,1,1,0,0.13416,0,0,0,0,0,0,0,0,0,0,0,0,0,0,0.21769,0.86183,0,0.77668,1,1,0,0,0.46539,1,1,1,1,1,0.21021,0.4607,1,1,1,1,1,1,1,1,1,1,0.18989,1,0.73721,0.70925,0.74044,1,1
0,0,0,0,0,0,0,0,0,0,0,0,0,0,0,0,0,0,0,0,0,0,0,0,0,0,0,0,0,0,0,0,0,0,0,0,0,0,0,0,0,0,0,0,0,0,0,0,0,0,0,0,0,0,0,0,0,1,0.2712,0,0,0,0.39234,0,0,0,0,0,1,0,0,0,0,0,0,0,0,0,0,0,0,0,0,0,0,0,0,0,0,0,0,0,0,0,0,0,0,0,0,0,0,0,0,0,0,0,0,0,0,0,0,0,0,0,0,0,0,0,0,0,0,0,0,0,0,0,0,0,0,0,0,0,0,0,0,0,0,0,0,0,0.77998,0.44773,0,0,0,0.14454,0,0,0,0,0,0,0.23276,0,0,0,0,0,0,0,0,0,0,0,0,0,0,0,0,1,0.87136,0.53945,0.22298,0.76437,0.16891,0,0.98553,0.19794,0,0.73669,0.43,0.19916,0.46589,0,0,1,1,1,1,1,1,1,1,1,1,0.41071,0.35038,0.13571,0,0,0,0,1,1,0,0,0,0,0,0,0,0,0,0,0,0,0,0,0,0,0,0,0,0,0,0,0,0,0,0,0,0,0,0,0,0,0,0,0,0,0,0,0,0,0,0,0,0,0,0,0,0,0,0,0,0,0,0,0,0,0,0,0,0,0,0,0,0,0,0,0,0,0,0,0,0,0,0,0,0,0,0,0,0,0,0,0,0,0,0,0,0,0,0,0,0,0,0,0,0,0,0,0,0,0,0,0,0,0,0,0,0,0,0,0,0,0,0,0,0,0,0,0,0,0,0,0,0,0,0,0,0,0,0,0,0,0,0,0,0,0,0,0,0,0,0,0,0,0,0,0,0,0,0,0,0,0,0,0,0,0,0,0,0,0,0,0,0,0,0,0,0,0,0,0,0,0,0,0,0,0,0,0,0,0,0,0,0,0,0,0,0,0,0,0,0,0,0,0,0,0,0,0,0,0,0,0,0,0.32092,0,0,0,0,0,0,0,0,0,0,0,0,0,0,0,0,0,0,0,0,0,0,0,0,0,0,0,0,0,0,0,0,0,0,0,0,0,0,0.12571,0.1407,0,0,0.20371,0.36045,0.63107,0.6903,0.88475,0,0,0,0,0,0,0,0,0,0,1,1,0.83409,1,1,0.44642,0.24356,1,1,1,1,1,1,0.74135,0,1,1,1,1,1,0.30235,0.38848,0.62643,0.22088,0.13297,0.15839,0.18989,1,1,1,1,1,1,1
0,0,0,0,0,0,0,0,0,0,0,0,0,0,0,0,0,0,0.13827,0,0,0,0,0,0,0,0,0,0.18948,0,0,0,0,0,0,0,0,0,0.65138,0.98746,1,0.35862,0.68614,1,1,1,1,1,0.89694,0.55108,0.86118,0.56772,0.29132,0.16594,0.44634,0.19284,0,1,1,1,0.43517,0.73334,1,1,0.86806,0.14358,0,0.97513,1,0,0,0,0,0,0,0,0,0,0,0,0,0,0,0,0,0,0,0,0,0,0,0,0,0,0,0,0,0,0,0,0,0,0,0,0,0,0,0,0,0,0,0,0,0,0,0,0,0,0,0,0,0,0,0,0,0,0,0,0,0,0,0,0,0,0,0,0,0,0,0,1,1,1,0.61365,0,1,1,0.66189,0.24768,0.12872,0,0,1,0.90822,0.72811,0.45343,0.23813,0,0,0.24138,0,0,0,0,0.18343,0,0,0,0,1,1,0.80973,0.43938,0.70594,0.21754,0,0.54593,0.19729,0,0.29537,0.21646,0.14153,0.17266,0,0,1,1,0.90687,0.55232,0.93639,1,1,1,0.5532,0.93319,1,1,0.45948,0,0.16693,0.15541,0,1,1,0,0,0,0,0,0,0,0,0,0,0,0,0,0,0,0,0,0,0,0,0,0,0,0,0,0,0,0,0,0,0,0,0,0,0,0,0,0,0,0,0,0,0,0,0,0,0,0,0,0,0,0,0,0,0,0,0,0,0,0,0,0,0,0,0,0,0,0,0,0,0,0,0,0,0,0,0,0,0,0,0,0,0,0,0,0,0,0,0,0,0,0,0,0,0,0,0,0,0,0,0,0,0,0,0,0,0,0,0,0,0,0,0,0,0,0,0,0,0,0,0,0,0,0,0,0,0,0,0,0,0,0,0,0,0,0,0,0,0,0,0,0,0,0,0,0,0,0,0,0,0,0,0,0,0,0,0,0,0,0,0,0,0,0,0,0,0,0,0,0,0,0,0,0,0,0,0,0,0,0,0,0,0,0,0,0,0,0,0,0,0,0,0,0,0,0,0,0,0,0,0,0,0,0,0,0,0,0,0,0,0,0,0,0,0,0,0,0,0,0,0,0,0.20125,0.19093,0.2427,0.38893,0.29781,0.17286,0,0,0,0.14646,0.204,0.33981,0.44119,0.64025,0.7369,0.9206,0,0,0,0.12907,0.22922,0.5398,0.83204,1,1,0.21097,0.2553,0.1511,0.33221,0.26851,0,0,0,0,0,0,0,0,0,0,0.26095,0.74602,1,0.57491,1,1,1,0.17462,0.73079,1,1,1,1,1,1,1,1,1,1,1,1,1,1,1,1,1,1,1,1,1,1,1,1,1
0,0,0,0,0,0,0,0,0,0,0,0,0,0,0,0,0,0,0,0,0,0,0,0,0,0,0,0,0,0,0,0,0,0,0,0,0,0,0,0,0.16768,0,0,0.22276,0.36405,0.17018,0.15154,0,0,0,0,0,0,0,0,0,0,1,0.77895,0.16307,0,0,0.85983,0.16691,0,0,0,0,1,0,0,0,0,0,0,0,0,0,0,0,0,0,0,0,0,0,0,0,0,0,0,0,0,0,0,0,0,0,0,0,0,0,0,0,0,0,0,0,0,0,0,0,0,0,0,0,0,0,0,0,0,0,0,0,0,0,0,0,0,0,0,0,0,0,0,0,0,0,0,0,1,0.82036,0.1929,0,0,0.23991,0.17537,0,0,0,0,0,0.43143,0.19432,0,0,0,0,0,0,0,0,0,0,0,0,0,0,0,1,0.91729,0.56121,0.22075,0.69348,0.14958,0,0.79914,0.16392,0,0.52768,0.25474,0.14619,0.24517,0,0,1,1,1,1,1,1,1,1,1,1,0.67218,0.50325,0.15892,0,0,0,0,1,1,0,0,0,0,0,0,0,0,0,0,0,0,0,0,0,0,0,0,0,0,0,0,0,0,0,0,0,0,0,0,0,0,0,0,0,0,0,0,0,0,0,0,0,0,0,0,0,0,0,0,0,0,0,0,0,0,0,0,0,0,0,0,0,0,0,0,0,0,0,0,0,0,0,0,0,0,0,0,0,0,0,0,0,0,0,0,0,0,0,0,0,0,0,0,0,0,0,0,0,0,0,0,0,0,0,0,0,0,0,0,0,0,0,0,0,0,0,0,0,0,0,0,0,0,0,0,0,0,0,0,0,0,0,0,0,0,0,0,0,0,0,0,0,0,0,0,0,0,0,0,0,0,0,0,0,0,0,0,0,0,0,0,0,0,0,0,0,0,0,0,0,0,0,0,0,0,0,0,0,0,0,0,0,0,0,0,0,0,0,0,0,0,0,0,0,0,0,0,0,0,0,0.185,0.15827,0.21242,0.55615,0,0,0,0,0,0,0,0,0,0,0,0,0,0,0,0,0,0,0,0,0,0,0,0,0,0,0.14956,0.12749,0.13788,0,0,0.21196,0.1767,0,0,0.16289,0.21787,0.32413,0.4671,0.55896,0.55091,0.41344,0.55534,0.78147,0.86796,1,1,0,0,0,0,0,0,0,0,0,0,1,1,1,1,1,1,0.92528,1,1,1,1,1,1,1,0.48096,1,1,1,1,1,1,1,1,0.78028,0.59969,0.65943,0.73721,1,1,1,1,1,1,1
0,0,0,0,0,0,0,0,0,0,0,0,0,0,0,0,0,0,0,0,0,0,0,0,0,0,0,0,0,0,0,0,0,0,0,0,0,0,0,0,0.12896,0,0,0.19211,0.32266,0.15934,0.12618,0.12814,0,0,0,0,0,0,0,0,0,1,0.88374,0.19957,0,0,0.98815,0.21028,0,0,0,0,1,0,0,0,0,0,0,0,0,0,0,0,0,0,0,0,0,0,0,0,0,0,0,0,0,0,0,0,0,0,0,0,0,0,0,0,0,0,0,0,0,0,0,0,0,0,0,0,0,0,0,0,0,0,0,0,0,0,0,0,0,0,0,0,0,0,0,0,0,0,0,0,1,0.99435,0.24638,0,0,0.42361,0.23746,0,0,0,0,0,0.65363,0.30525,0.15988,0,0,0,0,0,0,0,0,0,0,0,0,0,0,1,1,0.83272,0.43651,0.9775,0.24305,0,1,0.27685,0.14911,0.81924,0.54511,0.24258,0.5272,0.13971,0,1,1,1,1,1,1,1,1,1,1,0.88693,0.74794,0.24578,0,0,0,0,1,1,0,0,0,0,0,0,0,0,0,0,0,0,0,0,0,0,0,0,0,0,0,0,0,0,0,0,0,0,0,0,0,0,0,0,0,0,0,0,0,0,0,0,0,0,0,0,0,0,0,0,0,0,0,0,0,0,0,0,0,0,0,0,0,0,0,0,0,0,0,0,0,0,0,0,0,0,0,0,0,0,0,0,0,0,0,0,0,0,0,0,0,0,0,0,0,0,0,0,0,0,0,0,0,0,0,0,0,0,0,0,0,0,0,0,0,0,0,0,0,0,0,0,0,0,0,0,0,0,0,0,0,0,0,0,0,0,0,0,0,0,0,0,0,0,0,0,0,0,0,0,0,0,0,0,0,0,0,0,0,0,0,0,0,0,0,0,0,0,0,0,0,0,0,0,0,0,0,0,0,0,0,0,0,0,0,0,0,0,0,0,0,0,0,0,0,0,0,0,0,0,0,0,0,0,0.27232,0,0,0,0,0,0,0,0,0,0,0,0,0,0,0,0,0,0,0,0,0,0,0,0,0,0,0,0,0,0,0,0.13858,0,0,0,0,0,0.18115,0.23362,0.31082,0.33146,0.24486,0.26525,0.49019,0.58489,0.76038,0.87907,0,0,0,0,0,0,0,0,0,0,1,1,1,1,1,0.969,0.71993,1,1,1,1,1,1,1,0.36689,1,1,1,1,1,0.90834,1,1,0.80466,0.52,0.6087,0.70925,1,1,1,1,1,1,1
0,0,0,0,0,0,0,0,0,0,0,0,0,0,0,0,0,0,0,0,0,0,0,0,0,0,0,0,0,0,0,0,0,0,0,0,0,0,0,0.16209,0.23198,0,0,0.31019,0.40401,0.18079,0.1901,0,0,0,0,0,0,0,0,0,0,1,0.54671,0,0,0,0.58643,0,0,0,0,0,1,0,0,0,0,0,0,0,0,0,0,0,0,0,0,0,0,0,0,0,0,0,0,0,0,0,0,0,0,0,0,0,0,0,0,0,0,0,0,0,0,0,0,0,0,0,0,0,0,0,0,0,0,0,0,0,0,0,0,0,0,0,0,0,0,0,0,0,0,0,0,0,0.64185,0.47425,0,0,0,0,0,0,0,0,0,0,0.17127,0,0,0,0,0,0,0,0,0,0,0,0,0,0,0,0,0.68591,0.41979,0.18736,0,0.22407,0,0,0.26231,0,0,0.16334,0,0,0,0,0,1,1,1,1,1,1,0.95761,1,1,1,0.26371,0.18284,0,0,0,0,0,1,1,0,0,0,0,0,0,0,0,0,0,0,0,0,0,0,0,0,0,0,0,0,0,0,0,0,0,0,0,0,0,0,0,0,0,0,0,0,0,0,0,0,0,0,0,0,0,0,0,0,0,0,0,0,0,0,0,0,0,0,0,0,0,0,0,0,0,0,0,0,0,0,0,0,0,0,0,0,0,0,0,0,0,0,0,0,0,0,0,0,0,0,0,0,0,0,0,0,0,0,0,0,0,0,0,0,0,0,0,0,0,0,0,0,0,0,0,0,0,0,0,0,0,0,0,0,0,0,0,0,0,0,0,0,0,0,0,0,0,0,0,0,0,0,0,0,0,0,0,0,0,0,0,0,0,0,0,0,0,0,0,0,0,0,0,0,0,0,0,0,0,0,0,0,0,0,0,0,0,0,0,0,0,0,0,0,0,0,0,0,0,0,0,0,0,0,0,0,0,0.14577,0,0.26738,0.55056,0.49175,0.6624,1,0,0,0,0,0,0,0,0,0,0,0,0,0,0,0,0,0,0,0,0,0,0,0,0,0.14267,0.22098,0.46619,0.36859,0.36303,0.24261,0.20304,0.53825,0.35813,0.2187,0.39617,0.52887,0.68987,0.84934,0.96325,1,0.94626,0.72527,1,1,1,1,1,0.21053,0,0,0,0,0,0,0,0,0,1,1,1,1,1,1,1,1,1,1,1,1,1,1,0.65874,1,1,1,1,1,1,1,1,0.6866,0.70617,0.70823,0.74044,1,1,1,1,1,1,1
0,0,0,0,0,0,0,0,0,0,0,0,0,0,0,0,0,0,0,0,0,0,0,0,0,0,0,0,0,0,0,0,0,0,0,0,0,0,0.51734,1,1,0.19606,0.3523,1,1,1,1,0.76438,0.41306,0.20529,0.245,0.16017,0,0,0,0,0,1,1,0.65848,0,0.17016,1,0.57284,0.19879,0,0,0.94209,1,0,0,0,0,0,0,0,0,0,0,0,0,0,0,0,0,0,0,0,0,0,0,0,0,0,0,0,0,0,0,0,0,0,0,0,0,0,0,0,0,0,0,0,0,0,0,0,0,0,0,0,0,0,0,0,0,0,0,0,0,0,0,0,0,0,0,0,0,0,0,0,1,1,0.49108,0,0,0.37274,0.30319,0,0,0,0,0,0.44428,0.21143,0.14466,0,0,0,0,0,0,0,0,0,0,0,0,0,0,0.71724,0.50801,0.22483,0,0.21441,0,0,0.19071,0,0,0,0,0,0,0,0,1,1,0.83259,0.46852,0.78728,1,0.67661,1,0.71136,0.9265,0.69921,0.35153,0,0,0,0,0,1,1,0,0,0,0,0,0,0,0,0,0,0,0,0,0,0,0,0,0,0,0,0,0,0,0,0,0,0,0,0,0,0,0,0,0,0,0,0,0,0,0,0,0,0,0,0,0,0,0,0,0,0,0,0,0,0,0,0,0,0,0,0,0,0,0,0,0,0,0,0,0,0,0,0,0,0,0,0,0,0,0,0,0,0,0,0,0,0,0,0,0,0,0,0,0,0,0,0,0,0,0,0,0,0,0,0,0,0,0,0,0,0,0,0,0,0,0,0,0,0,0,0,0,0,0,0,0,0,0,0,0,0,0,0,0,0,0,0,0,0,0,0,0,0,0,0,0,0,0,0,0,0,0,0,0,0,0,0,0,0,0,0,0,0,0,0,0,0,0,0,0,0,0,0,0,0,0,0,0,0,0,0,0,0,0,0,0,0,0,0,0,0,0,0,0,0,0,0,0,0,0,0,0.15062,0.17066,0.24359,0.47214,0,0,0,0,0,0,0,0,0,0,0,0,0,0,0.13554,0.15477,0.20717,0.59965,0.46871,0.52476,0.67751,0.41706,0.21322,0,0,0.28329,0.68052,0.79066,0.9511,0.96273,1,1,1,0.1476,0.22952,0.39692,0.67261,0.95906,1,1,1,1,0.93399,1,0.72769,1,1,0.38799,0,0.13081,0,0,0,0,0,0,0,0.93013,1,1,1,1,1,1,0.42884,1,1,1,1,1,1,1,1,1,1,1,1,1,1,1,1,1,1,1,1,1,1,1,1,1,1
0,0,0,0,0,0,0,0,0,0,0,0,0,0,0,0,0,0,0,0,0,0,0,0,0,0,0,0,0,0,0,0,0,0,0,0,0,0,0.74759,1,1,0.3281,0.59511,1,1,1,1,0.9878,0.65422,0.35903,0.46248,0.23803,0.17125,0,0.17685,0,0,1,1,0.84384,0,0.23871,1,0.74315,0.27939,0,0,1,1,0,0,0,0,0,0,0,0,0,0,0,0,0,0,0,0,0,0,0,0,0,0,0,0,0,0,0,0,0,0,0,0,0,0,0,0,0,0,0,0,0,0,0,0,0,0,0,0,0,0,0,0,0,0,0,0,0,0,0,0,0,0,0,0,0,0,0,0,0,0,0,1,1,0.63493,0.15794,0,0.4722,0.42641,0.16702,0,0,0,0,0.51641,0.24,0.18106,0,0,0,0,0,0,0,0,0,0,0,0,0,0,0.69204,0.5003,0.22627,0,0.20589,0,0,0.17148,0,0,0,0,0,0,0,0,1,1,0.67268,0.30763,0.64414,1,0.58877,1,0.50529,0.753,0.76732,0.39544,0,0,0,0,0,1,1,0,0,0,0,0,0,0,0,0,0,0,0,0,0,0,0,0,0,0,0,0,0,0,0,0,0,0,0,0,0,0,0,0,0,0,0,0,0,0,0,0,0,0,0,0,0,0,0,0,0,0,0,0,0,0,0,0,0,0,0,0,0,0,0,0,0,0,0,0,0,0,0,0,0,0,0,0,0,0,0,0,0,0,0,0,0,0,0,0,0,0,0,0,0,0,0,0,0,0,0,0,0,0,0,0,0,0,0,0,0,0,0,0,0,0,0,0,0,0,0,0,0,0,0,0,0,0,0,0,0,0,0,0,0,0,0,0,0,0,0,0,0,0,0,0,0,0,0,0,0,0,0,0,0,0,0,0,0,0,0,0,0,0,0,0,0,0,0,0,0,0,0,0,0,0,0,0,0,0,0,0,0,0,0,0,0,0,0,0,0,0,0,0,0,0,0,0,0,0,0,0,0,0,0.18863,0.28143,0,0,0,0,0,0,0,0,0,0,0,0,0,0,0.16262,0.18631,0.26967,0.68197,0.58696,0.67387,0.82999,0.60817,0.32884,0,0,0.2391,0.62636,0.78241,0.9824,1,1,1,1,0,0.18704,0.27954,0.571,0.87517,1,1,1,1,0.79973,0.90446,0.52703,0.9404,0.83358,0.34952,0.13482,0.13059,0,0,0,0,0,0,0,0.69417,1,1,0.87728,1,1,1,0.23029,0.88387,1,1,1,1,1,1,1,1,1,1,1,1,1,1,1,1,1,1,1,1,1,1,1,1,1
