0,155.03,163.69,106.47,187.84,373.69,456.22,550.52,643.31,728.03,344.31,233.24,226.72,285.04,402.55,469.85,553.71,670.47,736.98,633.09,560.32,466.65,423.38,371.1,370.16,403.07,480.8,603.1,699.31,727.16,618.45,558.46,516.19,474.05,541.53,520.65,586.9,682.36,793.36,304.38,292.03,758.35,968.28,953.96,595.51,594.97,914.84,860.31,768.58,842.34,663.84,549.74,490.65,522.29,438.59,377.69,286.53,426.07,337.21,257.66,758.03,604.41,571.32,797.41,691.16,315.13,112.75,874.01,670.87,657.22,617.45,735.67,780.73,927.16,936.62,815.22,811.6,949.22,929.75,1087.9,915.24,1051.5,1249.5,1311.6,768.35,1170.5,755.89,1345.2,1322,1275.4,1794,1088.8,1223.7,1345.5,1409.6,1021.8,1144.8,1281.9,1394.8,1453.8,1134.8,1209.8,1339.5,1478.5,1306,1393.8,1431.2,1544.1,1374.8,1478.1,1534.3,1592.1,1621.8,1624,1463.2,1583.8,1654.1,1465.1,1525.7,1600.5,1650.7,1558.4,1656.8,1765.3,1729,1380.3,814.13,1039,1143.1,1217.8,1362.3,992.64,1156.9,1232.2,1290.2,1329.9,818.02,986.37,1227.8,1374.1,817.04,1013.7,1079,1212.7,1261.1,1323.6,1180.2,1310.1,893.93,1170.4,1309.3,1055.8,1306.7,1275.9,912.96,1037,1175.8,1334.6,1464.3,1451.2,1456.2,1355.1,1361.2,1374.1,882.02,819.25,787.16,747.06,1031.3,947.2,860.89,743.86,786.57,804.39,838.45,1084,1000.7,933.47,838.51,899.41,895.33,1081.9,1020.3,942.98,965.24,1024.7,947.8,887.82,1079.1,1038.9,1071.7,1119.2,1149.4,1294.7,1392.4,1365.1,1233.5,1166.2,1176.2,1068.8,1080,1145.7,1166.9,1203.9,1221.2,1283.5,1305.7,1364.1,1387.9,1457.5,1462.6,1484.9,1498.2,1515,1528.7,1538.2,1645.8,1582.7,1600.8,1592.3,1541.5,1703.4,1745.7,1653.8,1715.2,1722.1,1766.1,1837.1,1767.1,1793.9,1848.8,1880.6,1961.2,1685.3,1586.8,1621.5,1721.6,1835.1,1893.3,1558.2,1846.8,1923,1973.9,1069.4,1021.1,1083.1,1098.1,1143,1302.7,1156,1171.1,1196.8,1245.8,1300.2,1361,1422,1499,1430.7,1574,1226.7,1240.4,1266.2,1300.2,1345.4,1394.8,1423.6,1480.1,1550.3,1615.4,1285.9,1300,1328.2,1363.6,1477.8,1533.6,1599.7,1662.2,1403.8,1405.1,1439.8,1483.9,1542.1,1597.9,1659.7,1716.5,1442.5,1468.6,1504.9,1558.3,1601.5,1630.5,1665.3,1719.1,1530.4,1565.6,1614.3,1670.5,1718.5,1769.9,1593.1,1581.2,1626.1,1666.4,1714.1,1770.9,1620.8,1651.6,1689.8,1711.9,1853.9,1734.1,1736.7,1770.2,1800.6,1797.3,1828,1853.8,1891.1,1853,1763.2,985.32,1172.4,976,982.3
155.03,0,291.62,181.4,89.805,222.8,302.83,395.92,488.54,573.01,433.08,316.12,256.77,206.4,273.12,323.69,406.16,519.29,582.79,700.76,664.9,559.26,459.79,370.48,327.88,317.51,370.92,468.74,552.79,584.73,727.17,628.16,545.82,473.9,540.92,478.01,492.59,563.69,660.4,157.08,137.18,894.9,1108.6,1098.9,730.51,740.14,1063.8,1014,921.59,990.77,817.57,703.65,640.54,675.19,592.94,531.66,440.91,575.1,482.25,404.12,903.61,729.72,711.69,939.24,825.82,462.03,267.48,1015,705.22,674.27,617.54,683.52,705.62,832.69,819.27,836.3,793.61,908.62,861.54,1003.3,920.51,988.34,1158.8,1227.6,658.89,1093.2,727.57,1253,1243.5,1200.8,1691.4,948.99,1080.7,1199.4,1262.4,896.53,1012.1,1143.7,1253.2,1310.6,1019.8,1083.2,1206.8,1340.4,1184,1264.5,1304.9,1410.4,1258.9,1356.1,1409.8,1462.2,1494.4,1485.2,1352.8,1464.3,1529.4,1367.5,1419.6,1489.9,1537,1462.6,1553.1,1638.7,1610.4,1279,660.93,888.45,993.07,1067.6,1212.7,838.93,1004.1,1079.8,1138.7,1177.4,663.06,831.45,1073.7,1220.5,664.17,859.24,924,1057.6,1106.3,1168.8,1025.3,1155.1,742.95,1016.3,1154.7,905.39,1152.9,1123.7,771.6,890.84,1027.1,1184.1,1325.1,1308.1,1311,1205.5,1209,1220.5,1019.2,950.28,909.54,827.51,1163.9,1079.1,983.06,855.04,883.86,880.17,891.19,1211.8,1123.9,1049.4,947.35,986.8,971.29,1197.9,1130.8,1048.6,1058.3,1102.9,1005,996.82,1148,1144.8,1167.9,1206.7,1225.2,1374.7,1472.9,1467.7,1344.2,1273.5,1274.5,1125.4,1126.2,1205.3,1209.9,1265,1266.3,1347.5,1350,1429.3,1431.3,1528.3,1520.4,1528.7,1530.9,1582.9,1586.5,1584.4,1724.7,1641,1648.8,1630,1570.9,1783.7,1819.1,1705.8,1765.4,1767.1,1847.5,1916.7,1836,1858.4,1909.6,1937.8,2028.6,1720.6,1679.1,1689.8,1780.6,1886,1920.8,1634.4,1915.6,1984.8,2028.5,1071.3,1052.2,1116.7,1109.9,1138.2,1251.7,1188.2,1186.7,1194.6,1226.2,1265.2,1314,1365.7,1433.2,1363,1499.2,1258.5,1257,1266.1,1287.2,1323.8,1364.5,1380,1427.2,1487.8,1545.4,1317,1318,1329.5,1352,1437.7,1483.9,1540.7,1595.2,1407.4,1418.3,1429.7,1458.6,1505.1,1552.1,1604.2,1654.2,1464.5,1475.4,1496.4,1535.1,1569.4,1592.2,1621.5,1667.2,1537.6,1558.2,1593.2,1638.6,1677.1,1721.1,1609.2,1589.1,1620.1,1646.5,1684.4,1731.9,1641.7,1665.9,1683.2,1698.9,1806.7,1742.7,1734.1,1751.8,1772.4,1795.1,1810.9,1828.4,1868.1,1851.1,1704.7,1086.1,1292.4,1102.5,1102
163.69,291.62,0,119.22,277.48,481.27,567.39,665.41,758.03,846.05,194.49,109.77,175.07,322.6,473.75,562,645.11,768.02,845.82,486.17,397.72,309.38,313.21,307.05,350.39,423.47,519.88,667.97,783.87,802.18,455.03,412.16,404.09,394.56,456.21,480.24,598.61,720.14,849.16,410.56,417.33,743.3,938.24,911,591.08,562.28,858.66,779.77,695.22,789.59,547.21,476.25,445.58,403.28,333.79,315.46,195.45,293.75,196.6,125.67,614.45,442.6,420.42,648.08,534.6,302.24,110.07,844.25,546.94,548.44,526.26,690.79,759.33,924.03,964.2,697.7,728.92,884.65,895.31,1068.7,808.51,1008.4,1235,1287.9,789.95,1141.1,685.44,1331.1,1291.4,1241,1789.3,1151.7,1291.8,1420.1,1486.5,1059.5,1193.1,1339.1,1458.1,1520.3,1154.8,1246.7,1385.7,1533.7,1334.4,1433.3,1465.1,1590.3,1393,1504.7,1564.3,1630.9,1656,1679.8,1472.2,1605.4,1683.5,1456.5,1528.1,1608.4,1662.8,1546.6,1654.4,1797.1,1748.2,1377.8,945.91,1177,1282,1356.3,1501.8,1121.8,1289.2,1365.2,1425.7,1462.6,933.36,1106.9,1354.2,1502.8,918.14,1121.8,1193.8,1330,1382.4,1444.8,1292.1,1425,987.03,1274.2,1417.4,1144.9,1408,1370.2,981.64,1114.5,1258.9,1422.1,1616.4,1599.7,1602.3,1494.5,1494.5,1502.8,727.67,660.4,624.76,591.53,873.55,788.98,698.52,580.18,624.79,650.51,697.23,923.73,838.77,770.04,674.89,740.14,740.65,918.55,856.62,779.53,804.03,868.39,802.51,724.18,926.55,875.36,909.55,959.18,993.49,1136.8,1234,1201.7,1069.8,1002.5,1013.5,922.84,940.08,997.55,1028.3,1054.6,1080.9,1132.4,1165.3,1212.1,1247.5,1302.7,1313.8,1343.8,1364,1361.2,1379.7,1395.6,1487.6,1433.4,1456.8,1454.6,1409.3,1544.7,1589.3,1507.5,1569.6,1579.5,1606.9,1678.4,1612.5,1641.1,1697.6,1731,1806.8,1548.5,1424.9,1467.3,1571.5,1688.9,1760.8,1401.1,1692.1,1771.2,1825.3,962.55,892.01,951.54,982.73,1040.8,1242,1024.6,1051.9,1091.7,1155.2,1223.4,1295.3,1365.4,1451.8,1386.5,1536.3,1095,1119.6,1158.4,1203.1,1255.4,1312.3,1353.7,1419.2,1498.8,1571.7,1154.1,1177.4,1218.5,1264.6,1404,1468.9,1544.1,1614.7,1291.6,1285.3,1338.7,1395.9,1464.5,1528.6,1599.8,1663.4,1316,1353.2,1401.8,1467.7,1518.8,1553.5,1593.4,1654.9,1414.3,1461.1,1521.2,1587,1643.7,1702.1,1469.9,1464.3,1520,1572,1628.2,1693.5,1494,1529.3,1583.8,1611.2,1784.1,1615.6,1627,1673.7,1712.7,1687,1730,1763,1797.9,1742.2,1705.6,1027.5,1181.7,976.79,995.38
106.47,181.4,119.22,0,158.27,362.06,448.17,546.19,638.82,726.84,256.67,139.82,120.62,216.09,359.49,444.25,527.8,650.11,726.86,537.57,485.15,382.6,318.23,266.08,275.84,327.27,416.83,557.02,668.3,688.96,546.73,463.3,410.7,368.14,435.41,422.25,509.23,619.41,742.1,291.34,299.88,824.33,1027.6,1006.2,665.32,650.71,959.33,889.15,801.8,888.56,665,581.41,538.45,521,447.8,413.55,301.76,412.75,315.81,243.03,732.61,548.77,536.97,764.49,647.22,375.62,153.4,933.13,566.59,551.04,511.14,637.55,690.38,844.76,869.17,709.59,706.28,847.08,835.54,999.52,808.8,954.97,1163.3,1222,696.98,1078.6,652.16,1259.4,1230,1182,1712.6,1043.1,1181.8,1308.2,1374.1,960.26,1089.8,1232.8,1349.8,1411,1064,1148.3,1283.6,1428.4,1239.9,1334.1,1368.3,1488.5,1303.6,1411.4,1469.4,1532.2,1559.4,1574.4,1387.6,1514.6,1589.1,1381.7,1447.1,1524.6,1576.8,1473.8,1576.3,1701.8,1658.7,1299.4,827.76,1059.9,1165,1239.1,1384.8,1003.1,1170.9,1247,1307.9,1344.3,814.16,987.72,1235.2,1383.9,800,1003.1,1074.6,1210.8,1263.1,1325.6,1173.2,1305.9,870.21,1156,1298.9,1029.1,1290.3,1253.6,870.77,1001.4,1144.6,1307,1504.9,1486.1,1487.5,1377.5,1376.2,1383.9,841.26,770.15,728.18,657.64,983.91,899.03,801.68,674.38,706.85,712.97,738.77,1030.7,942.55,868.27,767.24,814.03,804.25,1016.9,950.5,869.39,883.23,934.97,849.73,816.73,985.43,965.59,991.78,1034.2,1058.8,1206.2,1304.2,1289.7,1164,1094.1,1097.8,970.84,979.12,1048.8,1065.4,1107.6,1120.3,1188.3,1204.7,1269.5,1286.7,1365.1,1365.5,1383.9,1394.9,1421.5,1431.7,1437.9,1557.2,1485.9,1501,1490.1,1437.7,1615.4,1654.7,1555.1,1616,1621.6,1678.7,1748.9,1674.3,1699.4,1753,1783.7,1867.8,1582.6,1505.1,1528.3,1625.1,1736.3,1789.4,1468.2,1754,1827.6,1876.2,962.93,917.02,979.55,992.01,1036.6,1202,1052.3,1065.4,1090.4,1140.1,1196.3,1259.2,1322.4,1402,1334.6,1480,1123,1134.8,1159.7,1194,1239.8,1290.1,1321,1379.5,1452.2,1519.6,1182.1,1194.5,1221.8,1257.4,1374.6,1432.3,1500.6,1565.3,1297.5,1299.3,1333.5,1378.6,1438.2,1495.6,1559.5,1618.1,1337.6,1362.4,1398.5,1452.7,1496.9,1526.8,1562.6,1618,1424.2,1459.2,1508.5,1565.8,1615.2,1668,1487.6,1475.1,1519.7,1560.5,1609.1,1667.2,1515.8,1545.9,1583.4,1605.6,1751.7,1628,1630.2,1664.1,1695.4,1690.9,1721.9,1748.3,1785.3,1746.6,1663.7,1076.2,1251.1,1050.4,1062.1
187.84,89.805,277.48,158.27,0,203.8,289.91,387.99,480.55,568.66,382.2,269.94,190.97,117.65,214.85,289.13,373.23,494.04,568.9,632.74,616.6,506.13,384.44,286.68,238.3,232.44,297.2,415.48,516.58,541.56,680.52,562.11,466.54,388.33,454.57,388.21,412.2,496.61,605.53,133.18,149.5,946.04,1156.1,1140.9,782.9,782.19,1099.9,1038.5,948.85,1027.8,822.29,728.61,675.81,678.36,602.75,557.61,453.55,570.95,474.07,400.72,889.63,695.42,692.72,919.71,799.05,502.4,288.39,1061.8,625.43,590.37,530.76,594.5,620.32,753.66,751.82,752.35,704.26,819.05,775.14,921.21,833.39,901.24,1078.9,1145.6,586.35,1009.2,637.83,1173.8,1160,1116.2,1616.8,901.74,1037.6,1161,1225.8,834.83,956.94,1094.4,1208,1267.6,951.13,1022.7,1151.7,1290.9,1120.1,1206.3,1244.2,1356.3,1191,1292.3,1347.8,1404.6,1434.7,1436.5,1281.8,1398.8,1467.6,1290.5,1346.5,1419.1,1467.9,1385,1478.9,1578.4,1544.4,1203.5,671.99,905.83,1011.1,1084.9,1230.8,846.19,1014.5,1090.7,1152.3,1187.8,655.9,829.56,1077.5,1226.5,643.34,845.43,916.43,1052.6,1104.9,1167.4,1015.1,1147.7,715.71,999.11,1141.3,876,1133.9,1099,726.49,852.81,993.75,1154.6,1360,1337.7,1337.2,1223.4,1219.9,1226.5,993.47,918.69,870.71,763.76,1132.4,1047.4,943.45,808.45,828.31,813.8,815.73,1175.5,1084.2,1004.5,898.32,925.11,904.31,1152.2,1081.5,996.8,999.06,1036.1,930.38,947.51,1077.1,1092.6,1109.7,1143.8,1156.9,1307.7,1405.8,1412.1,1294.1,1221.5,1217.1,1050.1,1047.6,1130.7,1130,1190.7,1186.9,1274,1270.1,1356,1351,1456.9,1444.4,1448.3,1447.8,1510.3,1510.2,1504.6,1656.3,1564.8,1569.5,1547.9,1487,1715.7,1748.3,1627.5,1686.5,1686.7,1779.9,1848.3,1763.4,1784.1,1833.8,1860.8,1955.1,1637.9,1617.2,1617.1,1704.4,1807.2,1836.1,1565,1842.7,1909.3,1950.7,983.42,969.7,1034.6,1023.4,1049.5,1163.2,1105.6,1100.7,1106.1,1136.6,1175.5,1225.1,1277.9,1347,1277.1,1415,1175.7,1171,1177.7,1197.8,1234,1274.8,1290.9,1338.9,1401,1460.2,1233.8,1232.3,1241.3,1262.6,1348.3,1395.3,1453.4,1509.3,1319.4,1331.6,1340.4,1368.8,1415.6,1463.2,1516.4,1567.5,1379.3,1387.7,1407.2,1445.3,1479.7,1502.7,1532.5,1579,1449.9,1469.1,1503.4,1548.9,1587.9,1632.6,1522.7,1501.4,1531,1556.7,1594.7,1642.5,1556,1579.2,1594.1,1609.4,1718,1655.1,1645.2,1662.1,1682.6,1706.2,1721.2,1738.6,1778.3,1762.3,1617.4,1158.9,1355.9,1161.7,1165.5
373.69,222.8,481.27,362.06,203.8,0,86.145,184.35,276.76,365.02,568.86,464.31,372.53,213.57,115.16,105.21,184.39,296.92,366.03,786.59,800.77,687.03,531.29,413.88,326.08,244.97,229.56,264.02,331.02,366.17,865.53,721.94,596.27,495.15,550.88,435.83,359.82,380.57,452.02,71.063,94.626,1115.7,1330.4,1321.6,951.19,962.91,1286.4,1233.8,1142.3,1213.5,1025.2,923.23,862.86,881.36,804.01,751.23,653.34,774.68,677.87,604.16,1092.5,890.47,894.72,1121,997.76,684.74,483.19,1237,746.08,693.91,618.95,600.33,584.64,675.23,628.86,849.75,753.56,828.58,742.44,854.88,906.83,871.64,998.31,1075.2,485.7,952.84,677.06,1089.1,1098.5,1062,1510,730.82,859.91,977.06,1039.8,694.39,800.4,926.33,1033.1,1089.6,829.14,877.71,994.16,1122.8,982.94,1055,1098.3,1196.2,1064.4,1153.9,1204.8,1251.4,1285.9,1266.7,1164.3,1264.4,1323.6,1195,1235.8,1300.2,1343.3,1291.4,1371.4,1430.7,1410.7,1102.6,473.49,709.82,815.03,888.03,1034,644.83,814.03,890.25,953.09,986.95,452.12,625.92,874.61,1024.1,443.6,643,712.79,848.79,901.24,963.71,811.94,944.15,520.54,798.11,939,682.77,933.86,902.24,552.86,668.71,804.29,961.57,1177.8,1149.9,1146.2,1026.5,1019.2,1024.1,1192.1,1114.2,1061.2,923.39,1327.2,1242.4,1132.9,992.14,1000.6,967.35,946,1366.7,1272.8,1188.5,1078.5,1086.3,1055.2,1334.5,1260,1172.6,1163.7,1185.8,1061.2,1126.9,1216.3,1267.1,1275.2,1300.4,1301.6,1454.2,1551.5,1579.9,1470.3,1395.6,1382.9,1176.7,1162.8,1258.7,1239.4,1319.1,1297.2,1403.9,1377.8,1485.9,1456.2,1591.4,1564.7,1552.3,1538.3,1641,1629.6,1610.4,1797.4,1683.9,1676.7,1642.9,1572.9,1857.7,1882.4,1738.7,1794.8,1788.8,1922.5,1988.4,1892.4,1907.9,1952.9,1975.5,2080.7,1729,1772.8,1747,1822.7,1915,1915.1,1704.1,1970.8,2028.9,2061.7,1046.3,1069.7,1135.5,1097.7,1101.2,1145.1,1202.9,1177.4,1159.5,1165.4,1181.2,1211.9,1249.3,1302.6,1230.8,1355.3,1270.6,1247.2,1232.1,1234.2,1257.5,1285,1281.4,1314.5,1361,1407.5,1326.6,1308.9,1295.9,1299.3,1342.8,1374.7,1417.9,1460.8,1375.4,1400,1377.5,1384.2,1413.5,1447.3,1485.3,1525.5,1457.8,1446.7,1445.3,1462.3,1483.5,1497.3,1518.6,1552.5,1508.2,1507.6,1522.6,1552.1,1576.9,1610.1,1591.4,1559.7,1570.4,1576.7,1600.4,1634.2,1630.3,1644.7,1631.8,1638,1696.7,1712.2,1687.6,1682.7,1689.3,1748.3,1742.9,1748.6,1791.1,1804.1,1580.6,1285.5,1503.9,1318.4,1314.1
456.22,302.83,567.39,448.17,289.91,86.145,0,98.27,190.65,278.89,651.57,549,455.63,290.87,157.87,76,122.43,218.55,281.14,859.28,882.08,767.84,604.7,485.06,391.75,297.71,252.61,228.76,262.65,304.9,946.91,796.83,663.98,558.51,609.6,483.24,373.15,358.65,403.09,156.92,167.11,1189.4,1405.2,1398.8,1024.9,1040.8,1365.8,1316.5,1224.3,1292.6,1110.8,1005.9,943.14,967.05,889.07,833.87,738.03,860.71,763.98,690.07,1178.5,974.57,980.58,1206.7,1082.8,764.15,566.9,1312.4,808.94,752.01,673.48,625.61,593.01,661.04,592.91,903.68,791.74,849.95,747.73,842.84,951.59,875.86,977.65,1058.4,466.57,943.98,713.1,1065.6,1085.6,1052.7,1473.4,665.94,790.19,903.26,964.58,647.52,743.18,861.73,964.2,1018.8,790.18,826.08,934.88,1057.2,934.52,998.71,1044.6,1134.6,1020.7,1103.6,1151.9,1193.2,1229.8,1199.8,1124.4,1215.5,1269.7,1165.6,1198.8,1258.9,1298.9,1262.2,1335.1,1374.6,1361.6,1071.3,390.42,627.59,732.57,805.06,950.97,559.76,729.29,805.49,868.88,901.95,366.08,539.79,788.73,938.37,361.36,558.18,626.92,762.75,815.09,877.56,726.43,858.32,441.48,714.2,854.11,604.29,850.46,820.96,488.36,596.23,727.77,882.5,1101.8,1071.2,1065.9,943.41,934.28,938.37,1277,1198.3,1143.9,997.07,1411,1326.3,1215.1,1072.9,1077.9,1038.9,1010.1,1449.3,1354.6,1269,1158,1159.8,1125.5,1414.4,1338.7,1250.6,1238.1,1255.2,1124.8,1206.1,1282.1,1344.5,1349.7,1371.8,1368.9,1521.7,1618.5,1654.5,1548,1472.7,1457.3,1238.3,1220.4,1320.3,1294.5,1380.7,1352.5,1465.7,1431.7,1547.5,1508.8,1654.3,1622.5,1604.1,1585.2,1702.4,1686.9,1662.8,1862.3,1741,1729.3,1691.1,1617.8,1922.8,1944.6,1792.6,1847.5,1839.2,1987.7,2052.6,1952.7,1966.2,2009.3,2030.2,2139.4,1775.4,1843,1807.8,1879.1,1967.2,1956.2,1768.4,2030.6,2085.3,2114.8,1085.6,1122.6,1188.1,1140.8,1135.7,1151,1253.8,1220.9,1194.2,1190.4,1196.7,1219.2,1249.6,1295.7,1223.5,1341.3,1320.3,1290,1266.6,1261.6,1279.7,1301.5,1289.7,1316.1,1355.6,1396.3,1375.2,1351.5,1330.2,1326.4,1352.3,1377.6,1414.1,1451.1,1409.7,1438.9,1404.3,1402.2,1424.1,1451.8,1483.1,1518.3,1500.4,1481.7,1472,1480.5,1496.1,1505.9,1523.6,1551.8,1542.7,1534.3,1541.3,1564,1582.7,1611,1629.5,1594,1597.1,1595.5,1613.1,1640.9,1670.5,1681.4,1657.5,1660.1,1697.7,1745.4,1715,1701.3,1702.1,1775.3,1761.7,1762.5,1806.1,1830.8,1575.4,1342.9,1568.5,1386.8,1379.5
550.52,395.92,665.41,546.19,387.99,184.35,98.27,0,93.086,180.68,747.93,646.7,552.47,385.05,239.73,136.47,111.76,144.69,187.42,947.25,977.18,862.68,694.14,573.47,477.12,376.19,311.32,230.02,206.6,258.12,1042,886.83,748.44,640.1,686.8,552.44,414.92,363.2,369.49,254.85,258.77,1272.8,1489.6,1485.8,1108.8,1129.1,1455.4,1409.8,1317,1382,1207.9,1099.5,1034.1,1064.3,985.52,927.57,834.12,958.54,861.97,787.71,1276.7,1071.7,1078.8,1304.8,1180.5,854.55,662.09,1397.5,888.41,827.51,746.38,671.41,622.09,663.48,570.35,974.39,848.09,888.66,770.58,844.86,1013.2,895.85,968.1,1052.8,468.8,948.52,768.2,1051.9,1084.2,1055.9,1441.7,602.54,718.62,825.14,884.22,609.51,689.7,796.97,892.82,944.48,760.26,779.27,876.93,990.01,890.94,944.31,993.31,1072.5,982.56,1056.5,1101.2,1135.3,1174.5,1130.3,1090.3,1169.7,1217.2,1144,1167.8,1222.2,1258.3,1240.3,1304.4,1318.8,1314.8,1048.1,296.01,533.54,638.05,709.85,855.53,462.31,632.11,708.27,772.22,804.46,268.6,441.59,690.51,840.24,272.93,463.32,529.74,665.09,716.96,779.45,630.01,761.16,358.22,620.79,758.81,520.5,757.74,731.73,428.51,522.16,646.37,796.58,1014.5,980.64,973.53,847.92,836.85,840.24,1374.6,1295.4,1239.9,1085.6,1507.8,1423.2,1310.8,1167.4,1169.5,1125.5,1090,1545.2,1450,1363.2,1251.4,1247.9,1210.7,1507.9,1431.3,1342.6,1327,1339.4,1203.8,1299.2,1362.8,1435.9,1438.4,1457.8,1451,1603.7,1699.9,1743.2,1639.5,1563.7,1545.8,1315.1,1293.4,1397.1,1364.8,1457.2,1422.8,1542.3,1500.5,1623.6,1576.1,1731.8,1694.9,1670.4,1646.5,1778.3,1758.6,1729.5,1941.3,1812.4,1796.3,1753.5,1677.1,2002,2021,1860.7,1914.4,1903.7,2067.1,2130.8,2027.1,2038.6,2079.7,2098.9,2212,1835.8,1927.2,1883,1949.7,2033.5,2010.9,1847.1,2104.4,2155.7,2181.8,1141,1191.2,1256.4,1199.9,1186,1170.4,1320.1,1279.9,1244.4,1230.4,1226.4,1239.7,1262.4,1299.8,1227.7,1337,1385.2,1348.1,1316.2,1303.8,1316.1,1331.8,1311.1,1329.9,1361.2,1395,1438.8,1409.1,1379.3,1368,1374.7,1392.5,1421.3,1451.3,1458.5,1492.5,1445.3,1433.6,1447.3,1468.2,1491.7,1521.1,1557.6,1531.1,1512.7,1511.8,1521.3,1526.6,1540.2,1562,1591.3,1574.6,1573,1588.2,1600,1622.6,1681.8,1642.2,1637.2,1627.1,1638,1659,1724.7,1732,1696.4,1695,1709.1,1792,1755.5,1732.3,1726.8,1815.4,1792.7,1788.2,1832.8,1870.4,1580.3,1408.2,1641.4,1464.2,1453.6
643.31,488.54,758.03,638.82,480.55,276.76,190.65,93.086,0,89.185,835.79,736.8,641.31,471.48,319.56,214.29,156.4,99.464,98.082,1024.9,1063.1,948.35,774.16,653.09,554.72,449.61,372.01,252.93,172.63,227.9,1127.9,966.83,823.2,712.78,754.99,614.87,457.45,375.83,344.19,347.55,351.36,1360.2,1577.5,1575.1,1196.6,1219.3,1546,1502.1,1409.1,1472.6,1301,1192,1125.6,1157.4,1078.6,1020.1,927.17,1051.3,954.62,880.61,1368.5,1160.6,1170.2,1395.8,1270.6,945.83,755.03,1485.7,957.56,893.11,810.06,711.08,647.44,663.19,548.15,1034.5,895.4,919.08,787.6,841.29,1064.3,908.64,952.2,1039.9,473.86,946.17,815.14,1031.3,1075.1,1051.2,1402.1,538.74,645.63,745.52,802.44,571.08,634.6,729.87,819,867.83,727.23,729.61,815.7,919.59,843.28,885.99,937.6,1006.3,939.32,1004.4,1045.4,1072.7,1114.2,1057.2,1050.2,1118,1159.2,1115.4,1130.2,1178.9,1211.1,1210.9,1266.3,1257.4,1261.8,1018.6,218.69,453.63,556.64,626.83,771.74,374.92,544.99,620.88,686.05,716.25,175.56,349.5,599.72,749.92,188.3,371.06,436.66,572.15,624.58,687.04,537,668.08,277.72,529.24,666.14,437.38,666.48,643,372.22,448.69,564.65,710.35,943.33,904.84,894.84,764.05,748.77,749.92,1464.4,1384.1,1326.9,1163.6,1596,1511.5,1397.3,1252.3,1250.8,1201.2,1158.8,1631.9,1535.8,1447.6,1334.8,1325.1,1284.9,1591.3,1513.6,1424.2,1404.9,1412.1,1271.4,1382.2,1431.8,1516.8,1516.1,1532.3,1521.3,1673.8,1769.2,1820.6,1720.4,1644,1623.2,1380.2,1354.7,1461.8,1423.2,1521.6,1480.9,1606.7,1556.9,1687.4,1630.9,1796.7,1754.6,1724,1695,1841.5,1817.5,1783.4,2007.8,1871,1850.3,1803,1723.6,2068.6,2084.4,1915.9,1968.1,1955,2133.6,2196.2,2088.4,2097.8,2136.9,2154.2,2271.2,1883.1,1999.4,1945.3,2007.2,2086.3,2052.1,1913.2,2165.1,2212.7,2235.2,1185.5,1248.4,1313,1247.6,1225.3,1180.3,1374.6,1327.3,1283.3,1259.6,1245.8,1250.4,1265.5,1294.6,1222.9,1323.5,1438.1,1394.3,1354.3,1334.8,1341.5,1351.2,1322.1,1333.7,1357,1384.1,1490.2,1454.7,1416.6,1398.1,1386.4,1397,1418.3,1441.6,1495.3,1533.8,1474.4,1453.7,1459.4,1473.7,1489.8,1513.6,1602.2,1568.2,1541.4,1531.5,1535,1536.1,1545.6,1561.3,1627.4,1602.7,1592.9,1600.8,1606,1623.1,1721.2,1677.8,1665,1646.6,1651.2,1665.5,1766,1769.8,1722.8,1717.6,1709.2,1825.8,1783.4,1751,1739.4,1842.6,1811.3,1801.6,1847.1,1897,1574.5,1483.7,1721.8,1547.7,1535
728.03,573.01,846.05,726.84,568.66,365.02,278.89,180.68,89.185,0,924.86,825.96,730.49,560.45,407.41,302.42,238,142.3,61.4,1110.6,1151.7,1037,861.06,739.99,641.06,534.73,452.41,317.62,204.53,254.66,1216.5,1053.5,907.8,796.62,836.5,693.93,526.81,427.54,365.55,435.5,436.14,1434.5,1652.2,1652.2,1271.6,1297.9,1625.3,1585,1491.4,1551.8,1387.8,1275.3,1206.7,1244.3,1164.7,1103.7,1013,1139.1,1042.6,968.1,1457.3,1249.8,1259.1,1484.8,1359.7,1026.8,840.24,1561.2,1039.1,972.84,888.96,775.52,702.36,697.35,564.55,1110.7,963.83,975.36,834.55,870.28,1134.6,951.09,968.75,1058.6,516.5,975.3,883.73,1042.7,1097.2,1077.5,1392,508.14,600.35,689.26,742.35,570.21,613.21,691.79,770.82,815.23,729.22,713.24,784.34,875.4,827.86,857.58,911.93,967.25,927.95,982.37,1018.9,1037.8,1081.8,1008.8,1041.3,1096,1129.4,1118.1,1123.5,1165.8,1193.6,1212.3,1258.3,1223.2,1237.3,1021.1,142.89,370.19,471.6,540.56,684.81,286.68,456.62,532.35,597.98,627.39,90.934,260.91,510.57,660.74,140.43,291.57,351.01,485.12,536.31,598.8,452.81,582.1,230.49,451.12,583.74,379.01,588.65,571.22,357.21,406.42,506.72,643.12,864.64,822.83,810.87,677.08,659.95,660.74,1553.6,1473.2,1415.8,1249.2,1685,1600.6,1486,1340.7,1337.8,1285.8,1239.8,1720.7,1624.4,1535.8,1422.7,1410.4,1368.6,1679.1,1601,1511.4,1490.5,1495.1,1351.6,1469.9,1512.6,1603.6,1601.4,1616,1602.8,1755,1849.9,1905.7,1807.1,1730.5,1708.3,1458.8,1430.9,1540.1,1497.5,1599.6,1555,1684.6,1629.8,1764.9,1702.6,1874.7,1829.4,1794.8,1762.3,1918.5,1891.8,1854.3,2086.7,1944.9,1921.1,1870.7,1789.3,2147.5,2161.3,1987.4,2038.6,2023.8,2212.5,2274.3,2164,2172.1,2209.7,2225.7,2345.4,1949.3,2081.6,2021.7,2080.3,2156.2,2113.5,1991.9,2240.3,2285.4,2305.3,1250.9,1322.3,1386.4,1315.1,1286.8,1218.7,1446.4,1394.3,1344.4,1313.4,1291.7,1289.1,1297.5,1319,1248.1,1340.1,1508.7,1460.3,1414.6,1389.7,1392,1396.9,1360.8,1366,1382.1,1402.9,1559.8,1520.2,1476,1452.1,1425.4,1429.8,1444.2,1461.2,1554.2,1596,1527.5,1499.5,1498.6,1507.1,1516.5,1535,1666.8,1627.1,1593.9,1576.7,1575.3,1572.7,1578.7,1588.9,1685.6,1654.7,1638.1,1639.9,1639.4,1651.5,1781.7,1735.4,1716.5,1691.4,1690.6,1699.2,1827.9,1828.9,1773.2,1764.8,1737,1881.7,1834.8,1795,1778.1,1893.3,1855,1841,1887.2,1947.2,1597.4,1542.6,1786.4,1616.5,1601
344.31,433.08,194.49,256.67,382.2,568.86,651.57,747.93,835.79,924.86,0,117.29,196.36,364.62,521.43,623.93,699.55,822.93,912.14,291.88,234.4,126.25,162.19,229.65,318.13,421.86,524.7,688.71,821.56,827.05,298.46,217.71,236.7,271.8,316.86,394.71,562.15,704.69,848.09,504.95,531.49,865,1039.5,999.71,728.24,677.45,934.51,828.73,757.96,872.08,555.97,556.14,559.01,425.71,393.32,430.46,312.66,312.87,234.06,225.52,558.26,326.01,360.7,573.01,440.6,457.69,303.2,948.67,361.3,375.9,373.63,580.24,671.75,849.81,924.24,514.2,575.54,744.79,787.02,971.87,631.52,887.31,1139.4,1181.5,750.92,1031.4,546.62,1234.3,1177.9,1124.2,1696.8,1148.7,1292.4,1426.5,1495,1028.5,1171.2,1324.9,1449.6,1514.7,1100.1,1209.8,1357,1513.8,1285.4,1395.8,1420.5,1558.5,1331.1,1450.8,1513.5,1589.7,1609.1,1658.7,1398.7,1544.3,1630.6,1363.8,1446.3,1531.8,1590.2,1449.2,1566,1745.8,1682.6,1292.8,1041.9,1278.6,1383.8,1456.5,1602.5,1210,1379.9,1456.1,1520.1,1551.9,1005.6,1182.4,1434.4,1585,971.53,1179.1,1259.1,1396.9,1454.2,1516.1,1351.6,1486.8,1027.6,1322.4,1469.5,1176,1450.6,1403.6,991.09,1131.1,1279.3,1445.6,1741.3,1716.9,1714.5,1594.9,1584.4,1585,631.93,548.68,492.42,402.94,760.19,675.71,564.07,426.28,450.89,460.1,502.84,797.87,704.18,622.46,516.38,557.58,551.03,770.06,699.73,616.14,626.6,680.66,608.19,565.67,735.14,712.21,735.43,777.79,805.18,951.18,1049,1034.7,912.69,841.07,841.72,728.69,745.7,804,833.98,861.47,886.44,940.16,970.86,1020.4,1053,1113.2,1120.6,1149.3,1170.3,1170.8,1186.6,1201.1,1302.3,1240.4,1262.4,1260.3,1216,1360.2,1401.5,1313.6,1375.6,1385.1,1423.2,1493.8,1422.9,1450,1505.6,1538.2,1616.9,1354.3,1248.4,1277.3,1378.9,1495,1567.3,1214.2,1502.6,1579.5,1632.1,783.69,700.56,759,798,864.57,1099.2,832.02,864.51,912.92,986.93,1066.1,1147.2,1224.9,1319.3,1257.6,1412.2,902.12,931.17,977.43,1029.3,1086.8,1149.3,1201.2,1274.2,1361.8,1441.5,961.21,988.02,1036.1,1089.1,1247.5,1319.9,1402.8,1480.4,1107.3,1096.9,1161.3,1227.8,1304.4,1375.1,1454.1,1523.4,1124.6,1167,1222.8,1297.3,1354.1,1393.3,1437.2,1505.1,1227.5,1280.9,1348.7,1421.3,1484.9,1548.8,1279.6,1277,1338.6,1398.2,1460.5,1532.2,1302.3,1339.4,1402.2,1432.9,1628.6,1427.2,1443.2,1498.1,1543.1,1502.8,1553.2,1591.2,1624.2,1557.5,1561.2,1186,1313.6,1105.3,1133.5
233.24,316.12,109.77,139.82,269.94,464.31,549,646.7,736.8,825.96,117.29,0,100,272.34,430.91,529.12,608.54,732.71,817.86,400.18,349.29,243.53,204.47,203.89,263.7,352.85,454.53,612.73,738.78,750.27,412.31,325.61,296.42,285.78,346.59,379.52,516.05,647.84,784.53,397.51,419.34,844.3,1033.6,1001.9,695.65,660.37,944.63,854.46,775.02,877.72,601.3,560.63,542.05,460.84,406.35,410.44,287.33,345.39,249.84,203.03,636.32,426.55,436.61,659.81,533.86,409.37,216.17,940.31,444.01,440.7,416.52,586.17,660.77,830.39,883.18,592.79,619.16,775.87,792.04,968.85,700.97,902.66,1135.9,1185.9,708.25,1038.1,576.43,1231.8,1187.8,1136.6,1691.8,1087.6,1229.9,1361.3,1428.9,982.61,1120.6,1270.4,1392.3,1456,1068.8,1168,1310.8,1462.9,1251.1,1354.8,1383.8,1514.5,1305,1419.9,1480.8,1551.3,1574.2,1608.8,1380.4,1518.1,1599.4,1358.6,1433.6,1515.7,1571.6,1447.5,1558.1,1713.8,1659.5,1282,937.58,1173.1,1278.4,1351.8,1497.8,1108.8,1278.2,1354.4,1417.4,1451,909.51,1085.7,1336.5,1486.6,882.79,1089.6,1166.5,1304,1359.5,1421.7,1261.6,1396.1,944.66,1237.1,1382.9,1098,1368.1,1325.2,922.88,1059.9,1206.7,1371.9,1629.9,1607.5,1606.5,1490.3,1483.3,1486.6,727.96,650.24,600.77,517.99,863.61,778.69,673.53,540.37,568.14,573.78,605.47,905.63,814.3,735.81,631.81,674.24,665.01,883.99,815.26,732.58,743.81,795.47,714.56,681.23,847.19,828.73,852.71,894.46,919.5,1066.6,1164.6,1151.8,1028.5,957.49,959,835.61,847.42,912.63,934.68,970.95,988.62,1050.9,1073.1,1131.8,1155.3,1226.4,1229.5,1252.2,1267.7,1283.3,1295.6,1305.3,1417.6,1349.7,1367.7,1360.6,1311.8,1475.8,1515.6,1420.6,1482,1489.2,1539,1609.3,1535.8,1561.7,1616.1,1647.6,1729.6,1453.8,1365.5,1389.9,1488.7,1601.9,1663.6,1328.9,1615.5,1690.4,1740.7,855.26,792.34,853.3,877.65,932.7,1133.3,926.37,948.17,984.16,1045.8,1113.6,1186,1257,1344.6,1279.9,1430.7,996.98,1016.5,1051.5,1094.4,1146,1202.6,1244.2,1310.3,1391,1465,1056.2,1075.1,1112.1,1156.2,1294.3,1359.6,1435.7,1507.3,1185.9,1182,1230.7,1286.4,1354.7,1419,1490.9,1555.2,1215.5,1248.5,1294.2,1358.5,1409.1,1443.7,1483.7,1545.7,1309.9,1353.7,1412.2,1477.3,1534,1592.6,1368,1360.2,1413,1463.1,1518.7,1583.7,1393.8,1427.2,1476.8,1503.2,1674.4,1512.1,1520.9,1565.1,1603.3,1581.1,1621.7,1653.9,1689,1636.4,1596.8,1136.7,1286.3,1080.3,1101.1
226.72,256.77,175.07,120.62,190.97,372.53,455.63,552.47,641.31,730.49,196.36,100,0,173.12,331.79,431.47,509.83,633.93,720.35,444.46,429.42,317.03,205.94,146.18,175.32,255.16,355.8,512.88,638.91,650.31,493.96,372.59,296.08,247.52,314.84,310.22,424.86,551.63,686.21,308.89,338.3,917.31,1113.3,1085.7,762.97,737.21,1032,947.58,865.71,963.53,699.68,648.46,620.66,558.19,499.12,490.37,369.27,443.28,346.44,291.24,735.73,519.37,535.93,757.86,629.92,472.42,257.16,1019.3,454.47,433.37,390.75,524.21,586.19,749.1,791.46,593.46,585.8,728.96,725.9,895.92,689.61,842.38,1061.6,1116.4,616.79,970.79,532.8,1157.8,1121.8,1072.4,1615,989.41,1131.3,1262.2,1329.7,888.77,1025,1173.5,1294.7,1358,980.52,1075.2,1216.2,1366.8,1161,1261.9,1292.5,1420.4,1218.3,1330.9,1390.9,1459.1,1483.3,1512.8,1297.2,1430.9,1509.9,1282.5,1353.1,1433.3,1487.7,1373.1,1479.9,1623.8,1573.4,1203.1,845.73,1082.3,1187.5,1260.4,1406.4,1014.8,1184.6,1260.7,1324.5,1356.9,812.78,989.28,1240.8,1391.2,783.78,990.84,1068.6,1206.2,1262.4,1324.5,1163,1297.8,844.86,1137.7,1283.6,998.02,1268.3,1225.2,823.59,960.17,1106.9,1272,1546,1520.9,1518.2,1398.8,1389.3,1391.2,823.36,742.98,688.71,573.51,955.42,870.73,760.42,621.29,637.64,624.68,635.45,994.16,900.49,817.69,709.64,734.44,715.57,964.7,892.44,806.9,808.12,847.34,748.73,758.6,891.25,902.44,918.76,953.44,969.06,1119.1,1217.3,1221.3,1104.5,1031.4,1026.1,869.39,872.53,948.95,957.41,1008.5,1013.2,1090.8,1097.3,1172.6,1179,1271.5,1264.5,1276.4,1283.2,1326.1,1330.6,1331.3,1468.7,1385.1,1395.2,1380.1,1324.9,1527.8,1562.5,1451.2,1511.3,1514.6,1591.7,1660.6,1579.3,1601.9,1653.4,1682.2,1771.9,1471.9,1426.8,1433,1524.6,1631.8,1676.1,1378,1658.8,1728.5,1773.5,843.48,804.36,867.83,874.23,916.47,1084.9,940.2,948.48,970.56,1019.5,1076.6,1141.2,1206.3,1288.3,1221.7,1369.3,1010.8,1018.2,1040.2,1073.5,1119.2,1169.9,1202.3,1262.5,1337.4,1407,1069.7,1078.4,1102.5,1136.9,1255.3,1314.5,1384.8,1451.6,1178.6,1182.1,1213.1,1258,1318.5,1377,1442.8,1502.9,1222.6,1244,1278.3,1332.2,1376.7,1407.2,1443.6,1500.3,1306,1339.1,1387.9,1445.6,1495.9,1549.7,1371.2,1357,1399.7,1439.9,1488.7,1547.6,1400.6,1429.2,1463.4,1485.2,1633.1,1510.1,1510.7,1543.5,1574.9,1571.4,1601.3,1627.7,1664.7,1627.1,1547.4,1188,1352.7,1149.1,1165.1
285.04,206.4,322.6,216.09,117.65,213.57,290.87,385.05,471.48,560.45,364.62,272.34,173.12,0,158.68,259.38,336.76,460.82,547.99,573.47,592.16,477.62,318.2,203.21,129.84,118.56,200.8,345.73,467.05,481.3,657,508.38,387.51,294.15,356.41,273.59,302.03,403.53,527.19,163.37,211.29,1037.3,1242.7,1222.2,876.39,866.1,1175.2,1101.9,1016,1104.6,865.59,796.01,754.48,722.5,656.32,629.38,515.15,609.31,511.35,447.54,908.63,690.22,708.88,930.92,802.34,589.04,367.4,1148.2,541.91,497.31,430.22,477.13,504,642.99,654.84,657.68,593.34,702.51,658.02,807.2,729.95,783.78,966.78,1031.5,484.42,893.52,524.42,1062.1,1044.6,1000.1,1509.2,829.27,969.24,1097.7,1164.4,744.41,873.86,1017.6,1135.8,1197.7,851.41,932.49,1067.5,1212.9,1025.4,1118.1,1152.9,1272.4,1091.4,1197.1,1254.6,1316.3,1343.9,1359,1178.5,1301.4,1374.3,1180.8,1240.7,1315.7,1366.4,1274.6,1371.8,1486.6,1446.2,1095.5,680.61,918.06,1022.8,1094.9,1240.6,846.14,1016.2,1092.2,1156.8,1187.7,641.11,817.83,1069.8,1220.4,610.67,817.73,895.84,1033.5,1090.2,1152.1,989.95,1124.7,672.63,964.79,1110.6,827.27,1095.9,1054,659.15,792.98,938.42,1102.8,1391,1361.8,1356.8,1233,1220.2,1220.4,995.29,913.27,855.47,709.94,1124.7,1040.3,926.01,782.41,787.58,754.56,739.15,1160.5,1065,978.38,867.1,872.79,842.94,1123.5,1047.9,959.96,950.16,973.96,854.52,915.21,1007.2,1054.1,1061.7,1087.5,1091.1,1243.4,1341,1366.3,1257.5,1182.5,1169.4,971.94,962.88,1053.5,1042.5,1114,1100,1198.3,1182.2,1280.5,1262,1384.4,1363.3,1358.9,1352.5,1435.4,1428.7,1416.2,1588.4,1483.3,1481.8,1454.7,1390,1648.5,1675.8,1541.9,1599.5,1596.8,1713.2,1779.8,1687.7,1705.4,1752.5,1777.2,1877.6,1543.2,1560.3,1541.8,1622.6,1720.1,1737.1,1495.7,1766.6,1828.3,1865.3,877.38,877.28,942.79,921.02,940.68,1045.6,1012.4,999.43,997.89,1023.3,1059.3,1107.7,1160.2,1229.9,1160.2,1299,1081.7,1069.8,1070,1086,1120.1,1159.1,1173.6,1221.3,1283.7,1343.5,1139.1,1131.3,1133.7,1151,1231.3,1277.8,1335.9,1392.3,1212.4,1228.2,1229,1253.8,1298.9,1345.7,1398.8,1450.2,1279.4,1281.7,1296.1,1330.7,1363.5,1385.9,1415.1,1461.3,1343.8,1358.2,1389.2,1432.8,1470.7,1515,1419.8,1395.4,1420.4,1442.7,1478.8,1525.5,1455,1475.3,1483.2,1496.8,1600.4,1548.9,1535.4,1548.2,1567,1596.4,1607.6,1623.4,1663.4,1652.5,1499.9,1268.2,1457.1,1259.4,1267.1
402.55,273.12,473.75,359.49,214.85,115.16,157.87,239.73,319.56,407.41,521.43,430.91,331.79,158.68,0,105.31,178.32,302.23,390.88,707.6,745.02,630.26,455.15,334.21,237.39,139.85,116.1,200.64,310.41,329.52,809.69,647.91,509.01,401.8,451.81,327.01,247.32,291.5,391,129.5,184.23,1160.2,1370.8,1355.7,996.65,997.02,1313.7,1248.3,1160.1,1241.9,1020.1,939.64,889.99,876.49,806.68,769.81,661.14,764.59,666.51,599.43,1067.2,847.42,867.5,1089.5,960.46,717.24,501.54,1276.6,651.66,594.14,515.8,485.19,472.09,573.39,546.62,746.19,640.93,713.44,630.32,750.45,797.2,759.56,898.93,972.78,390.48,846.21,563.65,991.44,993.62,955.18,1422.3,687.16,823.9,949.06,1014.7,623.8,742.75,879.51,993.62,1053.7,747.41,810.96,937.6,1076.1,910.97,993.38,1032.6,1142,986.07,1083.1,1137.2,1191.4,1222.6,1221.7,1081.2,1191.2,1256.9,1101.8,1149.4,1218.1,1264.4,1197.6,1283.8,1366.7,1337.3,1011.4,534.5,771.62,875.45,946.2,1091.3,694.08,864.03,939.71,1005.4,1034.3,485.02,661.79,914.21,1065,451.99,659.11,737.79,875.56,932.84,994.63,831.39,966.27,515.03,806.31,951.97,671.44,937.94,897.41,512.68,641.89,785.32,948.39,1254.1,1220.2,1212.4,1083.6,1067,1065,1153,1069.9,1009.8,846.03,1280.4,1196.3,1079.5,933.38,931.41,885.77,853.05,1314.2,1217.4,1128.4,1015.3,1008.2,971.22,1271.8,1194.1,1104.8,1087.5,1100.2,967.51,1062.7,1125.3,1197.6,1198.8,1218.2,1212.8,1365.6,1462.1,1503.6,1401.2,1325,1306.2,1080.6,1062.5,1162.6,1136.9,1223,1194.9,1308,1274.4,1389.7,1351.7,1496.8,1464.7,1447.3,1430.1,1544.7,1529.1,1505.8,1705.1,1583.2,1572.3,1535.5,1463.7,1765.6,1786.9,1635.3,1690.5,1682.9,1830.6,1895.2,1794.8,1808.4,1851.6,1872.8,1981.5,1620.6,1688.1,1650,1721.5,1810.4,1804.2,1611.2,1872.8,1927.6,1957.7,934.32,965.38,1031,987.36,987.68,1032.2,1097.2,1067.3,1046.1,1050.4,1066.4,1098.5,1137.9,1194.2,1122.6,1250.6,1164.1,1136.8,1118.6,1119.4,1142.4,1170,1167.7,1202.6,1251.8,1301.1,1219.4,1198.4,1182.5,1184.5,1228.8,1262.4,1308,1353.6,1262,1288,1262.7,1269.1,1299.3,1334.5,1374.7,1417,1347.4,1333.5,1330.4,1347.2,1368.9,1383.4,1405.6,1441.2,1394.9,1392.8,1407.5,1437.6,1463.6,1498.3,1479.2,1446.3,1455.6,1461.6,1485.7,1520.7,1518.9,1532.1,1516.8,1522.9,1584.8,1598.6,1572.9,1567.6,1574.7,1633.6,1627.8,1633.8,1676.3,1689.3,1471.1,1358.5,1564.8,1373.2,1374.4
469.85,323.69,562,444.25,289.13,105.21,76,136.47,214.29,302.42,623.93,529.12,431.47,259.38,105.31,0,84.172,206.02,288.88,812.27,849.42,734.66,560.35,439.34,341.81,239.74,180.69,162.29,229.61,261.71,914.16,753.1,612.41,503.7,550.51,417.97,297.7,287.09,347.4,166.78,199.83,1218.4,1432.3,1421.9,1054,1062.9,1384.6,1327.2,1236.9,1312,1109.1,1017,960.47,965.09,891.37,845.46,742.65,855.31,757.48,687.09,1164.5,949.6,965.19,1188.9,1061.4,783.7,576.21,1338.7,751.97,691.57,611,551.36,517.02,588.02,528.67,839.86,720.68,774.73,671.81,769.49,882.82,800.03,907,986.54,394.55,869.99,641.51,996.03,1012.6,978.88,1410.2,626.42,756.98,876.27,939.92,590.56,695.2,821.74,929.68,986.93,728,773.04,888.96,1018.3,878.95,949.87,993.43,1091.1,961.76,1049.5,1100,1146.2,1180.8,1162.5,1063,1160.4,1218.7,1098.6,1135.8,1198.5,1240.5,1195.2,1271.8,1325.6,1306.7,1005.2,429.54,666.47,770.2,840.89,985.97,589,759.01,834.78,900.24,929.67,381.73,558.47,810.59,961.25,356.28,561.43,637.38,774.91,830.97,893.02,732.99,867.21,426.6,712.28,856.25,587.07,846.07,809.96,448.61,567.63,706.03,865.81,1150.6,1115.7,1107.4,978.29,962.25,961.25,1254.6,1172.6,1113.8,950.79,1383.8,1299.5,1183.8,1038.3,1036.7,989.83,953.56,1418.5,1322,1233.4,1120.5,1112.8,1074.7,1377,1299.4,1210.1,1192.2,1203.1,1067.5,1167.9,1226.3,1302.8,1303.5,1321.9,1314.6,1467.3,1563.5,1608.2,1506.5,1430.2,1410.8,1179.1,1158.3,1261,1230.6,1321.2,1288.6,1406.4,1366.9,1487.8,1443.2,1595.7,1560,1538,1516.6,1642.5,1624,1596.9,1805,1677.9,1663.6,1623,1548.4,1865.7,1885.1,1727.5,1781.7,1772.2,1930.7,1994.6,1891.7,1903.8,1945.6,1965.5,2077.1,1706.4,1790.9,1747.4,1815.5,1901.1,1885.1,1710.8,1969.2,2021.6,2049.1,1014.5,1057.6,1123,1071.1,1063,1075.1,1187.6,1151.2,1121.5,1115.5,1120.8,1143.2,1174.3,1221.4,1149.3,1268.8,1253.3,1220,1193.8,1187.1,1204.4,1225.7,1213.8,1240.6,1281.1,1323.1,1307.6,1281.3,1257.2,1251.8,1276.3,1302,1339.3,1377.5,1336.7,1367.3,1329.7,1326.4,1348.1,1376.1,1408.1,1444.2,1430.1,1408.9,1397.4,1404.7,1420.1,1429.9,1447.8,1476.6,1469.7,1459.6,1465.6,1488,1506.9,1535.6,1557.6,1520.9,1522.3,1519.7,1537.1,1565,1599.1,1609,1582.6,1584.7,1622.3,1671.9,1640.3,1625.5,1626.1,1700.6,1685.9,1686.5,1730.1,1756,1500.9,1390.5,1608.9,1422.9,1419.1
553.71,406.16,645.11,527.8,373.23,184.39,122.43,111.76,156.4,238,699.55,608.54,509.83,336.76,178.32,84.172,0,124.17,213.93,873.12,921.36,806.68,625.28,504.46,404.83,297.38,215.67,119.42,146.7,183.81,985.84,817.25,669.9,558.62,599.17,458.47,306.74,253.24,281.02,249.9,277.82,1300.1,1514.5,1504.9,1135.5,1146,1468.3,1411.4,1321,1395.6,1192.3,1101.1,1044.2,1048.3,975.21,929.59,826.71,938.04,840.1,770.41,1244.7,1025.6,1045.1,1267.7,1138.8,867.12,660.37,1421.1,801.8,736.81,653.67,562.84,510.47,555.34,474.07,878.37,743.12,777.88,658.9,737.2,910.5,784.43,865.26,948.28,360.07,840.2,662.94,951.19,978.03,948.09,1352.9,547.43,675.53,793.22,856.47,525.38,621.51,743.17,848.81,905.18,669.6,703.67,813.91,939.31,812.12,876.95,922.42,1014.6,898.81,981.19,1029.7,1072,1108.1,1082.9,1003.2,1093.1,1147.6,1048,1078.3,1137.3,1176.8,1144.5,1214.8,1252.9,1239.2,953.02,374.78,607.84,709.6,778.31,922.05,522.92,691.99,767.04,833.77,860.44,309.2,485.46,738,888.78,274.43,481.04,559.54,697.32,754.99,816.65,653.2,788,342.59,629.92,774.74,502.9,763.01,726.01,369.42,484.68,622.11,781.64,1099.6,1060,1048.8,914.3,893.09,888.78,1331.3,1247.8,1186.7,1011.8,1457.9,1373.9,1255.7,1108.4,1101.9,1047.9,1002.8,1490.4,1392.9,1302.5,1188.5,1172.6,1130.6,1444.6,1365.5,1275.5,1252.9,1257.2,1115.3,1235.2,1275.8,1367.1,1363.7,1378,1365.6,1518,1613.2,1667.8,1570.5,1493.6,1470.5,1223.8,1198.4,1305.4,1267.4,1365.2,1325.2,1450.3,1401.6,1531,1476.1,1640.3,1598.6,1569.6,1542.6,1685.1,1661.7,1628.9,1851.4,1715.2,1695.7,1650.2,1572.1,1912.2,1928,1761,1813.7,1801.4,1977.3,2039.8,1932.2,1942,1981.5,1999.3,2115.4,1731.4,1844,1789,1851.7,1932.2,1903.7,1756.8,2009,2057.4,2080.9,1034.9,1092.8,1157.6,1095.4,1077.8,1059.1,1219.8,1175.3,1136.1,1119.6,1114.6,1128.4,1152.3,1191.9,1119.8,1232.1,1283.8,1242.9,1207.7,1193.4,1204.8,1220.1,1199.7,1219.6,1252.9,1289,1336.5,1303.6,1270.5,1257.4,1263.2,1282.1,1312.5,1344.8,1349.6,1385.2,1334.5,1321.9,1335.7,1357.5,1382.6,1413.7,1451.7,1422.3,1401.9,1400.1,1409.6,1415.3,1429.4,1452.6,1482.2,1463.7,1461.3,1476.6,1489.2,1512.8,1573.8,1533,1526.3,1515.3,1526.4,1548.1,1617.5,1623.5,1585.3,1583.5,1599.5,1682.4,1644.6,1620.6,1615.2,1704.4,1681,1676.5,1721.1,1759.3,1472.3,1463.7,1686.4,1502.2,1496.9
670.47,519.29,768.02,650.11,494.04,296.92,218.55,144.69,99.464,142.3,822.93,732.71,633.93,460.82,302.23,206.02,124.17,0,98.595,987.61,1042.9,928.44,743.44,623.32,523.26,414.47,323.3,176.82,73.164,128.46,1107.2,934.26,782.74,670.4,705.66,560.36,386.42,286.3,244.75,366.31,385.25,1407.9,1623.8,1617,1243.5,1258.8,1583.1,1530.2,1439,1510,1315,1219.7,1159.7,1171,1096.8,1047.8,947.38,1061.3,963.47,893.04,1368.9,1148.9,1169.3,1391.7,1262.6,981.31,779.11,1530.9,907.63,839.03,754.38,633.37,560.8,565.96,448.74,973.06,822.35,833.69,695.85,743.02,993.6,814.74,852.74,940.48,379.33,848,742.36,931.97,975.98,952.61,1306.8,457.85,575.27,685.26,746.13,474.61,546.59,652.34,749.53,802.4,629.52,638.35,732.57,845.72,751.08,800.55,850.3,927.81,845.17,914.8,958.23,990.81,1030.4,986.54,954.9,1028.2,1073.6,1017,1034.1,1084.9,1118.9,1112.7,1170.4,1174.5,1172.9,920.36,285.05,505.72,603.79,669.54,811.03,412.15,578.58,652.46,720.28,743.96,193.67,366.78,618.63,769.18,150.4,356.91,436.4,574.17,632.81,694.14,529.15,664.08,223.66,506.29,650.68,386.17,640.15,605.71,284.54,379.58,509.22,664.8,1003.1,958.14,943.4,803.23,776.58,769.18,1454.8,1370.8,1308.6,1126,1580.3,1496.5,1377.1,1228.8,1219.1,1159.7,1107.1,1611.7,1513.6,1422.1,1307.5,1285.6,1240.4,1563,1483.1,1392.6,1366.3,1365.1,1217.7,1353.7,1379.3,1483.3,1476.7,1487.5,1470.4,1622.1,1716.2,1779.8,1686.3,1609,1582.9,1322.9,1293,1403.9,1358.2,1463.1,1415.6,1547.9,1489.6,1627.8,1561.9,1738.1,1690.3,1653.7,1620.3,1780.8,1752.3,1713.2,1950.8,1805.2,1780.1,1728.8,1647.1,2011.6,2023.6,1846.6,1897.4,1882.2,2076.6,2137.6,2025.3,2032.5,2069.3,2084.8,2205.7,1807.1,1950,1883.5,1940.2,2014.7,1971.3,1855.9,2101.2,2145,2164,1108.8,1182.8,1246.6,1173.2,1144.5,1084.9,1305.9,1252.4,1202.1,1172.4,1153.8,1155.2,1168.1,1195.8,1124.2,1224.1,1367.6,1318.2,1272.4,1248.5,1252.2,1259.1,1226.9,1236.5,1258.2,1284.8,1418.4,1378,1334,1311.1,1291.3,1299.9,1319.7,1342.3,1412.2,1453.7,1386.9,1361.7,1364.4,1376.8,1391.3,1414.4,1524.5,1485.1,1453.4,1439.3,1440.5,1440.3,1448.7,1463.1,1543.7,1514.4,1500.6,1505.9,1509.2,1525,1639.6,1593.7,1576.4,1554.2,1556.3,1568.8,1685.7,1686.9,1633.5,1626.5,1611,1740.3,1694.7,1658.2,1644.3,1753.5,1718.4,1706.8,1752.6,1807.6,1475.5,1552.2,1783.3,1603.8,1594.9
736.98,582.79,845.82,726.86,568.9,366.03,281.14,187.42,98.082,61.4,912.14,817.86,720.35,547.99,390.88,288.88,213.93,98.595,0,1084.5,1135.2,1020.5,838.55,717.95,618.09,509.87,421.02,274.49,149.47,196.47,1199.7,1030.1,880.03,767.89,804.01,658.92,483.82,375.26,305.2,437.07,445.81,1458.2,1675.3,1672.5,1294.4,1316.3,1642.7,1596.8,1504.2,1569.3,1391,1286.4,1221.6,1247.2,1170,1114.4,1019.1,1139.6,1042.2,969.62,1452.6,1238,1253.5,1477.7,1350.2,1042,847.99,1583.5,1006.1,937.62,852.97,727.77,649.83,638.2,503.32,1071.3,918.2,922.77,778.56,810.03,1090,893.53,907.4,997.3,460.11,915,838.42,981.33,1036.1,1016.8,1333,454.01,553.25,649.25,705.27,509.35,556.3,641.2,725.62,772.81,668.23,655.17,731.04,828.07,769.7,803.27,856.74,917.45,868.99,926.09,964.1,986.18,1029.2,963.93,981.96,1039.8,1075.8,1057.2,1063.8,1107.4,1136.2,1151.5,1198.9,1171.4,1181.9,960.2,194.64,407.77,505.26,570.98,712.72,313.64,480.68,554.97,622.47,647.35,95.88,271.54,524.08,674.85,91.837,277.05,348.86,486.17,542.2,604.17,446.3,579.49,182.88,433.56,573.02,340.15,570.36,545.19,297.93,357.15,467.74,612.28,905.74,859.85,844.83,704.93,680,674.85,1543.3,1460.7,1400.4,1223,1671.3,1587.2,1469.6,1322.3,1314.9,1257.3,1205.7,1704.3,1606.8,1516.3,1402.2,1383,1338.5,1658.1,1578.7,1488.5,1463.6,1463.4,1316.3,1448.7,1477.9,1579.6,1574.1,1585.6,1569,1720.7,1814.8,1877.5,1782.8,1705.6,1680.5,1421.4,1391.1,1502.3,1455.8,1561.5,1513.1,1646.2,1586.6,1726,1658.5,1836.5,1787.9,1749.8,1714.9,1879,1849.7,1809.4,2049.2,1902.5,1876.2,1823.6,1740.8,2110,2121.7,1943,1993.4,1977.4,2175,2235.9,2123.1,2129.8,2166.1,2181.1,2303,1901,2048.5,1981.5,2037.1,2110.4,2062.5,1954.3,2198.8,2241.7,2259.7,1202.8,1280.3,1343.9,1268.2,1236.3,1159.9,1402.6,1347.1,1293.6,1259.2,1234.9,1230.3,1237.4,1258,1187.2,1278.7,1463.9,1412.4,1363.3,1336,1336.6,1339.8,1301.9,1306,1321.1,1341.6,1514.1,1471.8,1424.4,1398,1366.6,1369.8,1383.4,1400,1502.2,1545.7,1473,1442.4,1439.8,1447.2,1455.7,1473.8,1617.8,1575.1,1539.1,1519.5,1516.8,1513.4,1518.8,1528.2,1633.1,1599.6,1580.8,1581.1,1579.5,1590.9,1730.4,1682.7,1661.3,1634.1,1631.8,1639.4,1777.3,1776.9,1717.5,1708.1,1676.3,1828.2,1779.4,1737.3,1719.2,1837.7,1797.2,1782.1,1828.5,1891.4,1536.2,1579.8,1819.3,1645.7,1632.7
633.09,700.76,486.17,537.57,632.74,786.59,859.28,947.25,1024.9,1110.6,291.88,400.18,444.46,573.47,707.6,812.27,873.12,987.61,1084.5,0,191.44,189.95,255.31,374.25,470.46,575.85,664.77,825.06,966.29,955.77,216.67,74.632,205.91,318.55,299.37,445.39,642.89,793.14,941.63,734.47,774.11,1078.2,1222.3,1169.1,963.23,893.41,1091.5,959.54,911.09,1040.5,668.78,747.82,782.08,580.99,591.8,667.8,567.95,497.53,463.15,490.98,579.85,322.34,435.91,560.56,429.66,721.76,593.86,1138.9,155.64,226.3,291.21,534.16,653.11,833.14,955.97,282.34,432.02,611.53,715.25,905.43,410.76,781.11,1065.3,1085.7,800.46,937.4,445.74,1153.5,1068.9,1011.8,1609.2,1220.5,1362.8,1500.5,1569.8,1066.3,1214.6,1373,1501.5,1569,1096.9,1228.7,1382.4,1547.1,1282.3,1406.2,1419.1,1572.6,1305.6,1433.8,1499.3,1588.4,1598.3,1686.1,1351.5,1512.9,1609.7,1285,1383.6,1475.2,1538.7,1359.4,1488.5,1724.5,1640.1,1230.1,1241.8,1478.4,1581.5,1651.1,1795.2,1396,1564.8,1639.4,1706.6,1731.5,1180.4,1354.3,1605.4,1755.4,1125.7,1329.1,1416.3,1552.1,1614.4,1674,1498.8,1633.4,1163.2,1456.2,1604,1292.7,1573.2,1515.5,1088.5,1230.6,1377.8,1542.6,1960.9,1927.8,1919.5,1787.4,1764.2,1755.4,571.44,473.43,386.39,138.68,648.2,574.54,436.55,285.28,238.66,181.57,214,657.22,555.04,454.27,337.88,300.66,271.6,583.99,500.34,408.99,380.04,403.42,316.34,378.34,448.14,496.65,491.27,514.13,524.6,674.97,773.11,796,699.01,621.41,598.6,436.84,455.92,512.74,544.72,570.81,595.93,650.86,680.15,731.92,762.21,828.26,829.57,858.15,883.07,884.07,895.62,909.48,1024.2,949.64,970.59,970.39,930.11,1083.4,1118.7,1021.8,1083.7,1093.3,1147.4,1216.2,1137,1161.8,1215.9,1247.5,1330.4,1064.8,987.3,990.88,1088.5,1203.2,1280.2,933.64,1216.7,1290.3,1341,547.29,424.86,478.04,543.22,632.29,935.72,550.07,599.91,672.07,770.61,872.5,970.7,1061.6,1168.9,1116.4,1275.2,618.86,662.19,728.88,798.16,866.53,940.3,1013.6,1100.1,1201.4,1292,677.37,715.34,782.34,852.04,1050.3,1136.5,1232.7,1322.1,847.51,826.21,918.19,1005.5,1097.9,1181,1274.3,1353.3,845.06,901.37,974.85,1068.1,1136.9,1184.8,1236.3,1315.9,959.97,1029.3,1114.1,1200.8,1277.6,1351.8,1002.4,1007.6,1083.6,1160.1,1235,1319.1,1021.1,1062.8,1146.2,1184.3,1425.9,1154.4,1181.6,1254.7,1312.5,1239.5,1306.8,1355.1,1384,1293,1381.8,1432.6,1526.4,1318.4,1357.2
560.32,664.9,397.72,485.15,616.6,800.77,882.08,977.18,1063.1,1151.7,234.4,349.29,429.42,592.16,745.02,849.42,921.36,1042.9,1135.2,191.44,0,114.77,310.65,423.56,522.68,631.48,731.32,896.81,1034.5,1033.8,64.846,165.47,318.89,414.15,424.42,551.2,742.03,891.6,1039.5,738.29,765.87,895.42,1032.9,978.49,789.56,713.41,900.3,768.25,720,850.11,477.49,563.31,606.59,392.77,413.36,502.3,419.21,319.68,307.94,357.58,401.93,138.8,244.68,393.89,256.73,572.01,491.52,950.79,339.99,398.92,444.29,686.69,798.26,980.87,1084.8,473.78,612.69,793,881,1071.9,602.2,957.88,1235.5,1262.1,918.71,1112.3,614.55,1326.2,1248.5,1191.9,1785.5,1332.5,1476.4,1613,1682.2,1193.6,1340.5,1497.7,1625,1691.7,1242.2,1365.7,1517.6,1679.5,1428.9,1548,1565.8,1713.6,1461,1586.7,1651.4,1735.9,1749.5,1821.8,1514.8,1671.4,1764.8,1457.8,1552,1642.1,1704.2,1535.5,1661.7,1880.2,1803,1397.8,1272.4,1509.7,1614.6,1686.9,1832.7,1438,1608,1684,1748.9,1779.1,1229.9,1406.6,1659.1,1809.9,1189.1,1396.3,1479,1616.6,1675.8,1737,1568.5,1704,1238.7,1534.4,1682.3,1380.5,1658.8,1607.2,1185.8,1327.8,1476.5,1642.9,1975.3,1950.1,1947,1825.1,1811.7,1809.9,428,335.26,265.8,221.18,538.67,456.17,334.44,191.95,227.71,283.09,380.47,569.16,472.8,388.29,282.53,348.49,364.88,535.68,465.97,384.3,407.45,483.63,459.2,331.97,552.58,480.5,511.88,564.34,608.34,745.55,841.58,805.49,679.3,608.91,615.9,570.51,607.63,635.53,695.79,687.62,740.95,758.77,822.52,835.08,902.72,917.98,944.31,995.02,1034.3,978.68,1008.9,1041.5,1094.9,1061,1098.2,1112.9,1083.9,1150.9,1199.9,1142.2,1205.7,1222.9,1212.4,1284.5,1226.6,1259.1,1319.1,1356.1,1421,1208,1027.2,1083.2,1196.3,1322.2,1428.7,1010.7,1305.8,1390.9,1452.4,736.93,600.21,646.63,728.29,822.1,1124.8,715.79,779.83,860.07,961.64,1063.8,1161.2,1251,1356.9,1302.8,1461.4,781.39,838.6,914.41,987.44,1057,1131.5,1204.8,1290.6,1390.8,1480.2,838.01,888.29,965.64,1040,1241.7,1327.6,1423.1,1511.5,1027.6,999.61,1104.3,1195.4,1289.1,1372.4,1465.3,1543.9,1009.6,1077.8,1159.2,1256.9,1327.2,1375.8,1427.6,1507.3,1134.6,1212.1,1301.6,1390.6,1468.6,1543.2,1168.4,1180.6,1264.6,1346.7,1424,1509.6,1181.9,1229,1326.5,1367.6,1617.1,1323.7,1358.8,1439.6,1500.5,1415.6,1490.4,1541.7,1569.4,1467.9,1572.9,1260.4,1341.3,1134.3,1175.9
466.65,559.26,309.38,382.6,506.13,687.03,767.84,862.68,948.35,1037,126.25,243.53,317.03,477.62,630.26,734.66,806.68,928.44,1020.5,189.95,114.77,0,203.35,311.05,409.35,517.82,618.36,783.88,920.91,921.26,179.51,125.25,232.11,312.87,334.44,448.89,635.02,783.37,930.51,625.43,654.84,901.06,1057.4,1009.6,779.01,714.32,936.95,816.04,756.62,880.53,529.31,575.54,600.02,419.42,414.51,481.3,378.28,322.01,275.49,301.24,489.23,233.31,306.41,491.35,353.96,531.9,412.66,970.56,302.21,342.29,368.92,602.92,708.36,890.55,984.88,451.69,556.14,734.21,804.01,993.73,577.26,891,1159.6,1192.6,815.93,1042.1,544.8,1252.4,1183.2,1127.6,1714.2,1226,1370,1506,1575.1,1092.5,1238.4,1394.7,1521.4,1587.7,1149,1268,1418.6,1579.1,1335.7,1451.9,1472.2,1616.8,1372.8,1496.5,1560.6,1642.2,1658,1722.4,1431.9,1584.7,1675.5,1383.5,1473.3,1561.8,1622.6,1464.6,1587.2,1791,1719,1318.9,1158.1,1395.4,1500.3,1572.5,1718.2,1323.3,1493.3,1569.2,1634.2,1664.3,1115.1,1291.8,1544.3,1695.1,1074.9,1282.3,1364.6,1502.3,1561.2,1622.6,1454.5,1590,1125.5,1421.2,1569,1268.8,1546.4,1495.8,1076.2,1217.9,1366.5,1533,1862.8,1836.8,1833.2,1710.6,1696.9,1695.1,535.89,446.01,380.11,282.19,652.36,569.24,449.2,305.13,324.64,341.66,403.5,683.92,587.45,501.46,392.61,432.9,431.39,647.89,575.53,490.8,500.68,559.1,500.94,441.62,617.89,586.71,609.24,652.91,684.15,828.24,925.78,908.51,787.94,715.66,715.47,619.45,644.08,691.71,733.06,747.66,783.02,824.18,866.81,903.43,948.59,993.37,1006.9,1043.7,1072,1052,1072.5,1093.6,1179.3,1125.9,1153.4,1157.7,1119.5,1236.8,1280.2,1202,1264.6,1277,1299.4,1370.5,1303.1,1332,1389,1423.2,1497.5,1252.3,1122.6,1158,1263.5,1383.2,1469,1092.1,1382.7,1462.4,1518,722.95,613.93,667.93,726.41,806.79,1078.7,740.02,786.64,850.48,938.8,1030.4,1120.7,1205.3,1306.4,1248.8,1406.1,808.78,850.27,910.59,973.14,1037.1,1106,1169.4,1249.6,1344.3,1429.6,867.22,904.31,966.11,1029.7,1211,1290.8,1380.7,1464.4,1033.4,1014.9,1098.5,1177.5,1263.1,1340.7,1427.4,1501.8,1035,1089,1157.1,1243.3,1307.1,1351.2,1399.4,1473.7,1148.1,1212.9,1291.6,1372.6,1443.8,1513.4,1192.2,1196.2,1268.4,1339,1409,1487.9,1211,1252.6,1331.5,1367.2,1590.4,1343.7,1368.5,1435.8,1488.8,1426.9,1489,1533.6,1564.1,1480.7,1535,1246.6,1350.9,1142.3,1177.5
423.38,459.79,313.21,318.23,384.44,531.29,604.7,694.14,774.16,861.06,162.19,204.47,205.94,318.2,455.15,560.35,625.28,743.44,838.55,255.31,310.65,203.35,0,121.08,220.48,328.98,425.01,589.73,729.23,725.43,372.03,192.76,93.086,113.46,154.87,246.52,432.06,581.12,728.9,479.77,521.21,1024.5,1201.4,1161.9,883.92,837.37,1096.4,988.24,919.25,1034.2,710.63,718.3,718.59,585.04,555.5,588.62,467.95,473.85,396.04,379.73,690.41,436.66,500.85,694.6,557.3,605.1,420.64,1110.3,248.92,236.6,216.32,419.09,515.02,695.43,782.56,392,419.89,584.84,625.45,811.38,496.81,725.16,978.8,1019.6,612.78,869.42,385.78,1073.4,1015.7,962.06,1536,1023,1167,1303.2,1372.4,889.68,1035.3,1191.5,1318.1,1384.3,950.49,1066.5,1216.4,1376.3,1136.9,1251.1,1272.9,1415.5,1177.9,1299.8,1363.3,1442.8,1459.9,1519.9,1242,1390.7,1479.3,1203.2,1287.5,1374.1,1433.3,1287.9,1405.9,1594.7,1527.3,1133.7,989.59,1226.8,1330.5,1401,1545.8,1147.5,1317,1392.2,1458.7,1485.7,934.23,1109.8,1362,1512.6,886.25,1092.4,1177.2,1314.3,1374.9,1435.5,1264,1399.3,931.58,1227,1375.1,1070.8,1349.7,1297.1,875.17,1017.2,1165.8,1332.2,1706.5,1674.7,1667.5,1538,1518.3,1512.6,737.74,645.89,574.06,392.44,847.43,765.94,639.08,487.82,476.81,436.38,431.71,872.24,772.61,679.12,564.09,555.23,525.11,819.61,740.26,650.37,633.44,656.45,546.06,610.29,693.4,742.6,744.95,769.34,775,926.79,1024.7,1049.8,946.2,869.9,852.56,666.05,666.93,746.4,751.52,806.38,807.43,889.55,891.45,971.59,973.08,1072.8,1060.8,1070.5,1077.8,1125.9,1126.8,1125.6,1273.7,1181.4,1189.7,1174.3,1120,1333.5,1364.2,1246.1,1305.9,1308.8,1397.9,1465.5,1378.9,1399.8,1450.2,1478,1570.6,1266.2,1242.2,1232.7,1321,1426.5,1471.5,1181.8,1458.3,1525.5,1568.8,651.2,599.26,662.33,675.81,728.25,940.72,734.88,748,779.95,842.16,913.66,990.57,1065.9,1158.6,1096.4,1250.5,805.56,817.12,847.68,889.97,942.41,1000.6,1046.5,1116.6,1202.1,1280.5,864.58,876.58,908.68,951.74,1094.8,1163.8,1244.2,1320.1,983.13,982,1026.2,1083,1153.8,1221,1296.9,1364.6,1019.4,1046.7,1089.8,1154.6,1206.7,1242.9,1284.5,1349.5,1108.3,1149.5,1208,1274.6,1333.7,1394.8,1169.7,1158.9,1209,1258.8,1315.5,1382.5,1197.6,1228.3,1272.8,1298.8,1475.7,1311.4,1317.5,1360.6,1399.7,1377.9,1417.2,1449.9,1484.7,1433.3,1403.7,1334.9,1471.9,1264,1290
371.1,370.48,307.05,266.08,286.68,413.88,485.06,573.47,653.09,739.99,229.65,203.89,146.18,203.21,334.21,439.34,504.46,623.32,717.95,374.25,423.56,311.05,121.08,0,100.09,209.15,307.78,473.25,611.4,610.32,486.8,313.77,184.46,105,173.05,175.86,332.58,476.71,622.01,366.53,412.17,1047.9,1237.1,1204.4,897.82,864.25,1145.1,1048.7,972.8,1079.2,783,761.61,745.91,648.4,603.71,614.29,491.15,533.16,443.5,405.91,785.53,541.34,589.59,796,660.44,609.24,400.38,1144,340.81,303.94,250.02,383.74,457.41,629.58,695.2,465.98,440.5,583.25,588.7,765.01,552.44,701.42,932.11,982.2,521.46,834.66,386.63,1028,984.73,933.99,1488.4,920.83,1064.7,1199.6,1268.4,798.95,941.59,1095.5,1220.5,1285.9,874.11,980.82,1127.5,1284.2,1058.5,1167.1,1192.9,1329.4,1107.8,1225.4,1287.3,1361.8,1382.2,1429.1,1179.9,1321.1,1405.1,1155.1,1231.5,1314.6,1371.3,1243.7,1355,1520,1461.1,1079.4,868.7,1105.8,1209.5,1279.9,1424.7,1026.5,1196,1271.3,1337.7,1364.9,813.54,989.33,1241.7,1392.3,767.26,974,1058,1195.3,1255.4,1316.3,1145.9,1281.3,815.18,1110.9,1258.8,957.74,1235.4,1184.9,766.71,907.92,1056.5,1223,1586.6,1554.1,1546.6,1417,1397.5,1392.3,846.35,757.06,689.05,512.29,962.2,879.67,755.82,606.01,597.85,554.04,536.26,989.84,890.96,798.77,684.26,674.83,641.36,940.15,861.18,771.4,753.62,771.9,651.61,730.81,804,863.67,865.06,887.12,888.19,1040.6,1138.1,1169.9,1067.3,990.92,972.57,769.56,762.97,850.98,844.36,911.36,901.46,995.55,984.37,1077.7,1065,1181.3,1162,1162.2,1161.2,1232.6,1227.7,1218.8,1385.2,1282.2,1283.9,1261.2,1200.7,1445.3,1472.7,1342.8,1401.2,1400.6,1510,1576.6,1485.1,1503.5,1551.5,1577.2,1675.4,1351.2,1359.1,1339.1,1421.7,1521.9,1550.3,1292.5,1564.1,1627.2,1666.2,705,683.03,747.96,740.41,775.55,939.74,818.96,816.65,830.62,874.87,930.41,995.41,1061.7,1145.7,1079.9,1229.3,889.01,886.88,901.16,930.43,974.38,1024,1056.2,1117.3,1193.8,1265.2,947.23,947.81,964.02,994.27,1109.1,1168.8,1240.3,1308.8,1041.1,1049,1071,1112.8,1172.3,1231,1297.7,1359,1094.1,1107.9,1136.7,1187.3,1230.8,1261,1297.5,1354.7,1170.1,1197.9,1243.4,1299.7,1349.7,1403.8,1239.4,1221.4,1258.9,1295.7,1343.1,1401.4,1271.4,1296.5,1322.5,1342.6,1487,1374.9,1371.1,1399.7,1429.5,1431.9,1457.8,1482.7,1520.1,1487.8,1402.6,1331.1,1488.5,1283.1,1302.4
370.16,327.88,350.39,275.84,238.3,326.08,391.75,477.12,554.72,641.06,318.13,263.7,175.32,129.84,237.39,341.81,404.83,523.26,618.09,470.46,522.68,409.35,220.48,100.09,0,109.11,209.12,374.6,511.85,512.29,586.26,412.54,272.24,169.2,228.08,152.78,252.37,388.15,530.09,287.76,339.37,1091.8,1288.6,1260.8,936.09,912.4,1206.2,1118.2,1038.2,1138.2,861.52,822.29,795.97,723.02,669.94,665.64,544.21,607.29,513.13,464.26,876.39,637.43,678.43,889.86,755.47,645.28,425.91,1194.6,420.02,370.31,300.78,366.14,414.77,574.09,619.49,529.42,466.05,585.02,560.26,724.27,600.12,681.36,888.88,946.32,444.56,802.8,399.89,985.03,954.21,906.5,1440.8,831.45,974.84,1108.5,1177,719.43,858.83,1010.4,1133.9,1198.4,806.18,904.38,1047.9,1201.5,987.69,1091.2,1120.2,1251.3,1043.4,1157,1217.5,1287.6,1310.6,1347.1,1121.9,1256.2,1336.3,1108.7,1178.1,1258,1312.4,1200,1305.3,1450.5,1398.4,1028.4,771.32,1008,1111.3,1181.4,1325.9,927.29,1096.7,1171.8,1238.4,1265.2,713.75,889.39,1141.7,1292.3,667.27,874.14,957.91,1095.3,1155.3,1216.2,1046.1,1181.6,716.2,1011.9,1159.7,860.55,1137.3,1088,673.01,813.3,961.67,1128.1,1491.4,1457.4,1449.1,1318.1,1297.9,1292.3,943.28,855.1,788.39,609.03,1061.3,978.52,855.57,706.04,697.13,648.38,620.08,1089.7,990.98,898.85,784.26,771,734.09,1040,960.71,870.72,850.47,863.48,735.21,830.68,891.05,962.54,961.74,980.89,977.35,1130.1,1227,1266.4,1166,1089.4,1069,850.72,838.13,932.62,916.34,993.08,974.04,1077.9,1055.6,1159.9,1134.9,1265.4,1239.6,1231.6,1223.5,1314.9,1304.7,1289.2,1471.9,1359.2,1355,1326.1,1260.6,1532.2,1556.4,1415.9,1473,1469.2,1597.1,1662.6,1566.5,1582.5,1628.3,1652,1755.2,1414.2,1451.3,1421,1498.2,1593.4,1607.3,1378.4,1645,1704.2,1739.2,747.93,749.39,815.02,791.18,812.19,934.81,884.11,869.61,869.14,898.39,940.21,994.64,1052.8,1128.8,1060.6,1204.8,953.07,939.99,941.07,959.53,996.09,1038.3,1058.9,1111.8,1180.2,1245.4,1010.2,1001.5,1004.8,1024.4,1115,1166.4,1230.2,1292,1083.3,1098.4,1102.2,1131.4,1181.2,1232.3,1290.9,1346.6,1149.6,1152.3,1169,1207.6,1243.8,1268.9,1300.8,1351.3,1214.4,1231,1265.6,1313.1,1355.2,1403.3,1290,1266,1293,1318.8,1358.3,1409,1325.1,1345.6,1356,1371.1,1488,1419.6,1407.5,1424,1446,1468.6,1483.1,1501.5,1540.8,1524.6,1393.8,1351.9,1524.6,1322.1,1336.2
403.07,317.51,423.47,327.27,232.44,244.97,297.71,376.19,449.61,534.73,421.86,352.85,255.16,118.56,139.85,239.74,297.38,414.47,509.87,575.85,631.48,517.82,328.98,209.15,109.11,0,103,267.17,403.09,405.39,695.2,520.19,373.63,264.02,312.06,191.02,183.87,296.99,431.71,226.57,284.18,1151.4,1354.6,1331.6,991.64,977.58,1281.6,1201.7,1118.5,1212,954.13,899.72,864.06,813.17,753.6,736.57,618.75,698.02,601.52,544.89,979.05,744.32,780.04,994.83,861.48,702.74,480.48,1260.1,512.58,454.3,376.27,372.97,388.23,524.45,542.4,606.9,511.1,601.61,544.1,689.22,661.93,671.27,848.29,913.6,369.72,776.74,436.48,943.6,927.56,883.89,1390.9,734.77,877.14,1009.1,1077,636.11,770.35,918.38,1039.6,1103.2,736.7,823.5,962.35,1111.9,913.16,1009.9,1042.6,1166.9,976.37,1084.4,1142.9,1207.7,1233.6,1257.9,1061.7,1187.3,1262.4,1062.3,1123,1198.8,1250.2,1156,1253.7,1375.4,1331.5,977.27,667.49,903.23,1005.9,1075.3,1219.3,820.29,989.32,1064.2,1131.1,1157.2,605.66,780.9,1033.1,1183.6,558.16,765.08,848.81,986.15,1046.3,1107.1,937.14,1072.6,607.96,903.56,1051.2,754.26,1029.9,981.86,571.4,710.14,858,1024.1,1390.1,1354,1344.4,1211.6,1189.8,1183.6,1050.5,963.15,897.25,714.52,1170.1,1087.1,964.62,815.15,805.03,751.6,714.12,1198.8,1100.1,1007.8,893.03,875.7,835.59,1148.6,1068.8,978.6,955.75,963.59,828.31,939.25,986.72,1069.9,1066.7,1082.9,1074.8,1227.5,1323.8,1371.1,1273.2,1196.3,1173.7,940.95,922.74,1023,997.44,1083.3,1055.4,1168.4,1135.2,1250,1212.9,1357.2,1324.9,1308.7,1293.5,1404.9,1389.3,1367.1,1565.9,1443.5,1433.5,1398.2,1328,1626.5,1647.2,1496.1,1551.7,1544.7,1691.6,1755.9,1655,1668.6,1712,1733.5,1841.7,1484.1,1551.3,1510.2,1581.8,1671.7,1670.5,1471.9,1732.9,1788,1818.8,802.55,826.42,892.12,852.87,859.66,936.99,958.83,932.57,917.77,931.34,958.22,1000.6,1049.3,1115.7,1045.5,1182.6,1026.2,1002.4,990.31,997.53,1026,1059.9,1067.9,1111.5,1170.4,1228.1,1082,1064.1,1054.3,1062.7,1126.9,1169,1223.7,1277.7,1133.6,1156.1,1141,1156.8,1195.7,1238.4,1287.7,1336.8,1213,1204.4,1208.6,1234.3,1262.4,1281.7,1308.5,1351.4,1266.1,1270.9,1293.7,1331.5,1365,1406.2,1347.6,1317.7,1333.5,1347.6,1378.5,1420.7,1385.9,1401.4,1395.6,1405.3,1492.1,1470.6,1450,1453.5,1467.1,1510.9,1513.3,1524.7,1565.9,1566.8,1387.7,1386.8,1574.3,1375.7,1384.5
480.8,370.92,519.88,416.83,297.2,229.56,252.61,311.32,372.01,452.41,524.7,454.53,355.8,200.8,116.1,180.69,215.67,323.3,421.02,664.77,731.32,618.36,425.01,307.78,209.12,103,0,165.53,304.22,303.21,794.55,613.33,459.55,347.11,384.11,242.99,131.24,202.81,330.5,242.17,298.84,1237,1443.3,1423,1075.3,1066.8,1375.6,1299.5,1214.9,1305.1,1055.5,995.32,955.27,913.9,852.19,829.75,714.19,799.08,702.1,643.12,1082,846.31,883.04,1097.6,963.89,789.24,568.01,1348.8,586.69,521.14,438.12,374.21,355.98,463.24,455.83,664.04,540,600.84,514.22,637.75,702.61,643.46,789.49,861.07,289.21,732.02,460.93,883.1,880.33,840.84,1320.9,633.69,775.49,906.82,974.57,543.66,673.7,819.33,939.34,1002.3,654.28,731.77,867.03,1013.8,825.67,917.31,952.39,1071.9,894.28,997.67,1054.5,1115.6,1143.4,1159.9,984.62,1103,1174.3,996.64,1049.8,1121.9,1170.8,1091.8,1182.7,1286.2,1248.3,908.17,590.44,822.6,923.46,991,1133.6,734.22,901.68,975.74,1043.4,1067.1,516.73,689.64,940.63,1090.8,461.94,667.51,752.93,889.67,950.92,1011.2,838.96,974.3,507.39,803.08,950.98,651.77,928.2,879.31,468.71,607.16,755,921.09,1315.2,1275.2,1263,1125.8,1099.7,1090.8,1152.3,1064.2,996.82,802.97,1270,1187.4,1063.3,912.73,897.88,836.38,787.45,1297,1197.6,1103.8,988.34,962.28,917.55,1242.9,1161.9,1071.1,1043.1,1043.1,899.66,1033.8,1060.3,1161,1153.4,1164.8,1150.4,1302.7,1397.7,1456.6,1363.7,1286.2,1259.6,1008.2,983.74,1089.9,1054,1149.7,1111.9,1234.8,1189.3,1315.7,1264.8,1424.7,1384.6,1359.1,1336.3,1469.9,1448,1418.2,1635.8,1501.7,1485,1442.9,1367.8,1696.6,1712.8,1549.5,1603.1,1592.6,1761.6,1824.2,1717.6,1728.2,1768.7,1787.6,1901.6,1526,1629.3,1574.1,1638.8,1722.2,1704.5,1541.2,1794.7,1844.7,1870.4,833.84,880.08,945.21,890.51,883.12,916.15,1008.8,970.62,941.65,939.76,952.02,982.6,1021.9,1079,1007.5,1137.2,1074,1039.3,1014,1010.1,1030.5,1056.1,1052,1086.5,1136.3,1186.8,1127.9,1100.6,1077.6,1075,1113.2,1146.3,1192.2,1238.8,1157.1,1186.8,1153.1,1155.7,1184,1218.4,1258.8,1301.7,1249.4,1229.1,1220.8,1233.9,1254,1267.8,1289.6,1325.1,1290.1,1283.2,1294.3,1322.5,1347.7,1382.2,1377.2,1341.4,1346,1348.5,1370.9,1404.8,1418.5,1428.9,1406.7,1411.1,1468.7,1492.8,1463.7,1454.5,1459.9,1524.1,1514.7,1519.3,1562,1579.7,1355.5,1455.2,1652.5,1456.8,1462.2
603.1,468.74,667.97,557.02,415.48,264.02,228.76,230.02,252.93,317.62,688.71,612.73,512.88,345.73,200.64,162.29,119.42,176.82,274.49,825.06,896.81,783.88,589.73,473.25,374.6,267.17,165.53,0,141.32,138.36,959.96,776.34,619.16,506.5,535.96,388.57,209.6,133.84,191.67,314.43,357.11,1360.2,1571.3,1556.3,1196.4,1197.7,1513.9,1446,1358.8,1442.2,1210.8,1138.3,1090.4,1068,1001.8,969.27,858.61,954.36,856.58,793.18,1244.8,1011.4,1045.3,1261.7,1128.6,917.88,701.69,1477.1,736.39,665.81,580.7,459.06,396.06,436.4,366.39,796.92,646.23,666.61,541.34,618.36,817.05,665.97,749.36,831.11,241.05,721.07,566.12,836.85,859.82,829.14,1248,486.82,624.73,752.11,818.71,430.94,543.49,678.87,793.46,854.1,565.82,615.8,738.3,875.45,719.51,795.89,837.15,942.29,800.39,890.84,942.89,993.47,1026.1,1021.1,900.92,1000.8,1062.1,937.3,973.49,1036.5,1079.3,1033.9,1109.5,1170.6,1147.2,843.44,460.41,682.24,779.31,843.74,983.59,586.31,750.15,822.64,891.2,911.65,367.35,534.3,782.55,931.77,301.29,504.23,591.26,727.09,789.41,848.96,674.87,810.03,341.99,637.63,785.59,487.33,762.82,714.97,313.85,447.58,593.97,759.29,1179.9,1134.3,1118.6,975.78,944.11,931.77,1317.6,1229.7,1162.2,962.45,1435.4,1352.9,1228.5,1077.6,1060.2,992.95,934.4,1462,1362.3,1267.8,1152,1119.9,1071.5,1405.7,1324,1233,1201.1,1194.3,1043.9,1197,1205.8,1321.7,1310.6,1317.8,1297.5,1448.7,1542.2,1612.3,1523.8,1445.9,1416,1147.6,1116.6,1228.4,1181.5,1287.4,1238.8,1372.1,1312.8,1451.7,1385.2,1562.3,1513.5,1477.2,1445,1604.5,1575.5,1536.7,1775.2,1628.4,1603.6,1553.3,1472.5,1836.1,1847.2,1670,1721,1706.3,1901,1961.6,1848.6,1855.7,1892.6,1908.2,2028.9,1632.4,1777.4,1707,1763.4,1838.5,1799.5,1680.3,1924.4,1968.2,1987.7,934.23,1006,1069.8,997.68,972.58,940.36,1129.1,1077.1,1030.5,1007.6,998.26,1009.8,1032.9,1072.9,1000.7,1114.6,1191.1,1143.4,1101.5,1082.5,1090.9,1103.8,1081.2,1100.3,1133.7,1170.8,1242.1,1203.5,1163.6,1145.9,1144.8,1162.8,1193.2,1226.3,1242.4,1281.3,1222.6,1205.9,1217.5,1238.3,1263.2,1294.9,1350.6,1315.2,1289.7,1284,1291.8,1296.6,1310.2,1333.2,1374.5,1351.2,1345.3,1358.5,1370.1,1393.4,1468.4,1424.9,1413.6,1399.2,1408.5,1429,1513.5,1516.9,1472,1468.5,1480,1573.1,1532.1,1504.2,1497.1,1591.5,1564.6,1558.7,1603.5,1646.1,1353.2,1547.8,1760.7,1571.1,1570.5
699.31,552.79,783.87,668.3,516.58,331.02,262.65,206.6,172.63,204.53,821.56,738.78,638.91,467.05,310.41,229.61,146.7,73.164,149.47,966.29,1034.5,920.91,729.23,611.4,511.85,403.09,304.22,141.32,0,55.317,1098.1,916.97,760.42,647.74,676.92,529.15,343.74,226.12,171.61,396.24,423.98,1446.7,1661.2,1651.4,1282.2,1292.4,1614.1,1555,1465.4,1541.5,1330.5,1245.2,1190,1186.8,1116.1,1074,969,1075,976.9,909.53,1374.3,1146.2,1174.5,1393.8,1262.2,1013.3,804.71,1567.7,876.76,805.25,719.93,580.83,500.43,495.14,375.62,932.46,772.77,773.33,630.08,671.05,945.31,746.78,779.58,867.39,311.97,776.09,693.45,858.9,903.12,880.25,1237,403.32,529.09,646.7,710.33,404.41,484.41,599.09,702.64,758.58,557.93,572.72,673.93,794.58,684.35,739.66,787.65,872.44,776.58,850.09,895.46,932.45,970.41,937.49,885.24,963.13,1012,944.77,963.75,1016.3,1051.8,1040.6,1100.2,1115,1108.4,848.21,343.93,552.03,645.7,707.86,845.82,451.31,612.07,683.59,752.45,771.47,234.27,394.85,641.63,790.6,160.18,363.43,449.97,586.02,648.12,707.8,534.74,670.1,206.18,500.97,648.37,361.09,629.68,587.1,226.02,338.09,477.17,638.68,1050.5,1001.4,983.61,838.01,803.85,790.6,1452.6,1366,1300.2,1103.8,1573.1,1490.1,1367.2,1216.9,1201.1,1134.2,1073.9,1601.1,1501.8,1408,1292.4,1261.2,1212.3,1546.5,1465,1374,1342.4,1334.6,1182.5,1337.6,1344.6,1462.9,1451.8,1458.5,1436.6,1587.5,1680.4,1753.3,1665.1,1587.2,1557.1,1284.4,1251.2,1364.8,1313.6,1423.4,1370.5,1507.8,1442.9,1586.9,1513.7,1697.9,1645.6,1604.3,1567.4,1739,1706.8,1663.9,1911.5,1759.2,1730.6,1676.3,1592.8,1972.3,1981.3,1797.9,1847.5,1830.6,2037.1,2096.9,1981.2,1986.6,2021.7,2035.7,2159.5,1753,1916.7,1840.6,1893,1964,1913.3,1816.5,2056.4,2097.1,2113.4,1055,1138.1,1201,1121.4,1087.4,1015.4,1258.3,1199.9,1144.6,1109.9,1087.2,1085.8,1096.9,1123.2,1051.7,1150.9,1318.6,1264.7,1214.1,1186.6,1187.8,1192.4,1157.5,1165.3,1185.8,1211.7,1368.1,1323.9,1275.1,1248.6,1222,1228.9,1247.4,1269.3,1352.8,1396.8,1323.8,1295,1295.2,1305.9,1319.1,1341.6,1469.4,1425.7,1390,1372.3,1371.6,1370.2,1377.7,1391,1483.7,1450.6,1433.6,1436.6,1438.3,1453.1,1581.1,1533.3,1512.4,1487,1487.2,1498,1628.2,1627.5,1568.8,1560.3,1539,1678.8,1630.6,1590.7,1574.9,1689,1650.7,1637.6,1683.6,1742.8,1402.8,1605,1831,1648.1,1641.8
727.16,584.73,802.18,688.96,541.56,366.17,304.9,258.12,227.9,254.66,827.05,750.27,650.31,481.3,329.52,261.71,183.81,128.46,196.47,955.77,1033.8,921.26,725.43,610.32,512.29,405.39,303.21,138.36,55.317,0,1096.6,909.79,750.06,637.88,661.91,513.42,320.98,188.62,116.3,427.66,460.49,1479.6,1692.9,1680.9,1315.2,1321.9,1641.3,1577.9,1489.4,1569.1,1346.9,1268.9,1217.2,1203.7,1135.7,1098.7,990.65,1090.6,992.65,927.73,1383.1,1149.5,1183.5,1400.1,1266.9,1042.2,829.8,1599.1,858.94,785.36,699.93,546.01,458.76,442.81,320.3,906.45,739.67,730.66,582.67,617.32,912.8,697.07,724.35,812.3,264.28,722.4,661.28,803.59,848.34,826.05,1183.8,364.73,496.61,619.7,685.18,351.42,438.32,560.16,668.51,726.72,503.61,523.35,630.18,756.64,633.86,693.87,740.34,830.87,724.5,801.03,847.91,888.36,924.96,900.85,832.27,913.67,965.28,889.9,910.21,964.08,1000.7,985.84,1046.7,1069.7,1059.4,793.43,390.57,589.1,679.21,738.54,873.4,484.49,639.93,709.33,778.56,794.14,272.64,421.45,661.84,808.76,185.46,375.7,465.55,598.65,662.74,720.77,543.32,677.69,207.42,501.81,649.89,348.97,625.12,576.61,186.94,312.43,457.12,621.77,1086.7,1034.7,1014.7,865.61,826.2,808.76,1455.5,1367.2,1298.9,1092.1,1572.2,1489.9,1364.5,1213,1192.4,1119.8,1053.5,1597.5,1497.4,1402,1285.8,1247.4,1195.8,1538.4,1455.8,1364.6,1328.9,1315.9,1160.2,1330.1,1322.5,1452,1437.3,1440.7,1415.1,1565,1657,1737.2,1653.2,1574.9,1541.8,1259.4,1223.4,1339.1,1283.4,1397.1,1340,1481.1,1410.8,1559.4,1480.3,1670.9,1615,1569.9,1530.2,1710.6,1675.5,1629.5,1885,1727.5,1696.1,1639.3,1554.3,1945.8,1952.5,1763.9,1812.6,1794.2,2010.5,2069.2,1950.9,1954.8,1988.5,2001.4,2127.4,1714.6,1895,1811.3,1860.3,1928.3,1871.6,1790,2025.4,2063.7,2077.8,1017.7,1108.2,1170.3,1085.5,1047.1,964.05,1225.8,1163.4,1103.8,1064.8,1038.5,1034.4,1043.8,1068.7,997.37,1095.7,1284.8,1227.2,1172.6,1142,1140.9,1143.4,1106.1,1112.3,1131.4,1156.7,1333.2,1285.8,1233,1203.4,1170.7,1175.9,1193.1,1214.3,1310.2,1356.2,1278,1246,1243.9,1253.1,1265,1286.8,1430.3,1383.1,1343.9,1323,1320.7,1318.2,1324.8,1337,1440.5,1404.2,1384.4,1385.3,1385.5,1399.3,1539.2,1489.7,1465.7,1437.6,1435.9,1445.2,1587.1,1584.6,1521.5,1511.7,1485.1,1634.1,1583.7,1540.9,1523.5,1641.8,1600.8,1586.3,1632.5,1695.4,1348.2,1647.4,1869.7,1684.5,1680.1
618.45,727.17,455.03,546.73,680.52,865.53,946.91,1042,1127.9,1216.5,298.46,412.31,493.96,657,809.69,914.16,985.84,1107.2,1199.7,216.67,64.846,179.51,372.03,486.8,586.26,695.2,794.55,959.96,1098.1,1096.6,0,210.86,372.38,472.34,477.62,609.16,801.89,951.95,1100.2,802.85,829.9,903.24,1029,971.04,807.12,725.48,890.02,752.13,711.27,843.93,462.9,571.16,624.09,396.55,430.91,529.09,457.29,340.38,345.86,403.71,363.24,109.48,233.21,346.79,213.36,607.01,544.4,950.17,371.73,437.64,490.72,734.9,849.08,1031.4,1140.3,493.47,647.82,827.73,924.8,1115.6,621,996.01,1277.6,1300.6,976.03,1151.7,656.29,1367,1284.9,1227.9,1824.3,1391.5,1535.3,1672.2,1741.4,1249.6,1397,1554.6,1682.2,1749.1,1293.8,1419.7,1572.2,1734.9,1480.4,1600.9,1617.3,1766.8,1509.5,1636.2,1701.3,1787.2,1799.7,1876.5,1560.3,1719,1813.7,1498.6,1595.2,1686.1,1748.9,1574.4,1702.3,1928.9,1848.8,1441.3,1337.3,1574.5,1679.5,1751.7,1897.5,1502.8,1672.8,1748.7,1813.7,1843.8,1294.5,1471.1,1723.7,1874.4,1253.1,1460.2,1543.2,1680.8,1740.1,1801.3,1632.3,1767.8,1301.9,1597.6,1745.5,1442.7,1721.4,1669.2,1246.8,1389,1537.5,1703.9,2039.7,2014.8,2011.7,1889.9,1876.4,1874.4,371.06,276,202.3,203.35,475.63,393.91,269.9,128.06,178.84,262.19,377.83,504.58,407.97,324.01,220.69,305.81,334.66,471.81,403.79,324.53,357.11,444.54,442.58,270.17,519.16,420.48,457.65,515.61,567.53,699.41,794.08,746.65,617.32,548.18,559.68,547.18,591.4,606.84,677.96,656,719.76,723.25,799.33,797.3,878.05,875.54,909.47,968.18,1013.7,937.25,973.17,1012.4,1046.5,1024.4,1067.1,1087.8,1064.4,1101.5,1153.7,1108.2,1172,1192.1,1162.2,1234.9,1182.5,1217.2,1278.7,1317.4,1376.7,1182.8,972.56,1040.6,1157.8,1287.1,1405.3,964.23,1261.4,1349.6,1414.2,748.08,597.53,638.85,732.8,833.19,1151.1,705.44,778.88,867.67,975.9,1083.4,1184.3,1276.6,1384.8,1332.8,1491.7,768.54,834.35,918.38,996.8,1069.2,1146.4,1224.9,1313.5,1416.4,1507.8,823.61,881.16,966.86,1046.8,1259.1,1348.1,1446.4,1537.1,1025.5,992.17,1108.3,1205.8,1303.7,1389.9,1486.1,1566.7,996.33,1072.3,1160.8,1264.7,1338.4,1389.3,1443,1525.5,1127.5,1211.8,1307.3,1400.4,1482,1559.2,1155.2,1172.2,1262.5,1350.8,1432,1521.1,1165.7,1215.8,1323.6,1367.5,1631.2,1312.1,1353,1441.2,1506.4,1408.7,1490.5,1545.6,1571.5,1460.1,1593.4,1277.2,1344.8,1139.4,1184.5
558.46,628.16,412.16,463.3,562.11,721.94,796.83,886.83,966.83,1053.5,217.71,325.61,372.59,508.38,647.91,753.1,817.25,934.26,1030.1,74.632,165.47,125.25,192.76,313.77,412.54,520.19,613.33,776.34,916.97,909.79,210.86,0,165.51,273.36,269.05,407.3,603.67,754.48,903.33,667.55,705.31,1024.8,1176.9,1126.8,904.2,838.53,1051.9,925.37,871.15,997.8,635.47,697.38,724.86,536.16,537.83,606.54,502.1,444.42,400.67,422.47,567.17,304.18,404.68,556.34,420.43,655,520.33,1091.4,181.69,234.09,280.26,524.12,638.37,820.58,932.42,327.71,448.72,628.85,716.05,906.95,454.43,792.59,1070.2,1096.7,770.94,946.87,449.11,1160.8,1083.5,1027,1620.1,1189.1,1332.4,1469.8,1539.1,1042.2,1190,1348,1476.1,1543.2,1083.2,1210.2,1363.1,1526.4,1269.7,1390.7,1406.6,1556.8,1298.8,1425.4,1490.4,1576.5,1588.9,1667.3,1350.6,1508.5,1602.9,1292.3,1387,1477.3,1539.7,1370.1,1496.3,1718.1,1639,1232.8,1182.3,1419.5,1523.3,1593.6,1738.3,1339.8,1509.2,1584.3,1650.9,1677.4,1125.8,1300.9,1552.9,1703.3,1075.3,1280.4,1366.3,1502.9,1564.3,1624.5,1451.2,1586.3,1116.9,1411.5,1559.5,1251.3,1531.4,1475.9,1050.4,1192.8,1340.8,1506.6,1898.6,1867.3,1860.2,1730.6,1710,1703.3,580.61,484.1,403,202.31,673.25,595.24,461.61,308,284.88,252.12,285.85,690.53,589.29,492.33,376.02,364.88,343.14,629.54,548.81,458.42,441.78,474.83,390.59,420.65,522.15,550.02,553.28,582.03,597.17,746.64,844.83,857.98,753.56,677.15,660.99,511.27,528.56,587.36,617.11,645.43,669.04,725.36,753.4,806.32,835.54,902.04,904.2,931.73,954.61,958.2,970.25,983.43,1096.6,1024.3,1044.8,1043.2,1001,1155.5,1192.1,1096.3,1158.1,1167.3,1219.4,1288.6,1211,1236.2,1290.5,1322.2,1404.5,1137.4,1055.6,1065,1163.1,1277.7,1351.7,1006.5,1290.7,1364.8,1415.6,598.39,490.73,546.39,601.16,682.52,965.52,618.99,661.88,725.57,816.21,911.27,1004.7,1092,1196,1140.5,1298.8,688.45,726.04,785.37,848.89,913.92,984.34,1051.2,1133.9,1231.6,1319.3,747.27,780.73,840.87,904.98,1091,1173.3,1265.9,1352.1,908.37,891.04,973.39,1054,1141.7,1221.2,1310.5,1386.9,913.34,964.43,1031.9,1119.1,1184.2,1229.5,1278.8,1355,1023.8,1087.7,1166.9,1249.3,1322.2,1393.4,1069.9,1072.2,1143.2,1214.2,1285.2,1365.5,1090.1,1130.1,1206.3,1241.9,1469.4,1220.4,1243.6,1310.7,1364.5,1302.2,1363.8,1408.9,1439.1,1356.1,1418.2,1371.8,1474.3,1265.9,1302.1
516.19,545.82,404.09,410.7,466.54,596.27,663.98,748.44,823.2,907.8,236.7,296.42,296.08,387.51,509.01,612.41,669.9,782.74,880.03,205.91,318.89,232.11,93.086,184.46,272.24,373.63,459.55,619.16,760.42,750.06,372.38,165.51,0,112.7,105.55,242.4,439.53,590.27,739.09,550.87,596.47,1101,1271.3,1228.3,964.86,913.28,1159.3,1044,980.2,1099.7,759.83,787.03,795.15,643.02,623.57,667.11,548.98,536.8,467.92,461.3,716.95,455.29,538.47,712.62,575.12,690.84,512.46,1181.6,159.4,144.37,140.12,371.23,479.77,662.4,768.1,299.04,339.23,511.41,571.99,761.62,404.59,661.84,927.62,961.85,605.52,811.25,316.4,1020.6,954,898.99,1482.6,1023.6,1166.9,1304.3,1373.6,877.55,1025.2,1183,1311,1378.1,923.34,1047.5,1199.8,1362.5,1110.1,1229.2,1246.9,1395,1143.5,1268.5,1333,1417,1431,1504.1,1200.5,1354.7,1447,1151.6,1241.2,1329.9,1390.9,1233.2,1355.2,1562.4,1488,1086.9,1041.1,1276.8,1379.3,1448.2,1591.7,1192.4,1360.6,1435,1502.4,1526.7,975.87,1149.2,1399.9,1549.9,919.92,1123.2,1210.4,1346.2,1408.5,1468.1,1292.9,1427.6,957.48,1250.8,1398.8,1088.6,1369,1312.4,886.17,1028.5,1176.3,1341.8,1762.9,1727.6,1718,1584,1559.3,1549.9,743.43,647.79,568.17,343.53,838.76,760.59,627.07,473.44,442.72,378.05,351.81,855.08,753.5,655.12,538.44,502.98,462.28,788.68,705.76,614.5,583.61,591.28,467.16,581.32,620.18,702.56,694.1,709.45,705.47,858.13,955.3,997.94,904.72,826.94,800.71,585.32,581.04,666.63,664.11,726.98,720.65,811.11,804.22,893.26,885.44,996.89,978.5,982.85,987.26,1048.1,1044.3,1038.6,1201.4,1098.8,1103.2,1084.9,1028.8,1261.6,1288.3,1161,1220.1,1221.3,1326.4,1392.6,1300.7,1319.4,1368,1394.4,1491.1,1176.2,1179.2,1154.7,1238.4,1340.8,1380.1,1108.4,1379.7,1443.6,1484.2,558.84,508.34,572.05,582.72,636.68,863.66,644.25,655.01,687.79,753.43,829.58,910.74,989.69,1086.2,1026,1182,714.84,724.22,755.12,799.32,853.59,913.98,964.49,1038.1,1127.3,1208.9,773.71,783.83,815.91,860.6,1011,1083.3,1167.2,1246.4,890.16,889,934.6,994.45,1068.4,1138.4,1217.8,1288,927.09,953.59,997.87,1065.2,1119.4,1157.4,1200.7,1268.4,1015.2,1057.3,1118,1187,1248.8,1312.1,1076.9,1065.8,1116.6,1168.4,1227.1,1296.6,1105.3,1135.4,1180.4,1207.1,1392.1,1218.3,1224.7,1269.7,1310.7,1285,1326,1360.1,1394.4,1340.4,1325,1420.5,1550,1341.6,1370.2
474.05,473.9,394.56,368.14,388.33,495.15,558.51,640.1,712.78,796.62,271.8,285.78,247.52,294.15,401.8,503.7,558.62,670.4,767.89,318.55,414.15,312.87,113.46,105,169.2,264.02,347.11,506.5,647.74,637.88,472.34,273.36,112.7,0,68.066,137.06,330.8,481.52,630.32,455.78,505.44,1125,1306.9,1269.6,979.82,938.97,1205.8,1100.2,1029.7,1142.6,823.85,825.58,820.05,696.97,663.77,688.89,566.41,584.66,503.21,478.68,801.8,545.13,613.86,803.63,665.94,695.07,494.78,1215,251.01,203.42,145.01,308.91,401.69,581.97,672.19,364.74,338.79,490.14,516.02,700.08,447.59,620.47,867.67,910.86,504.62,761.23,290.9,962.65,909.01,856.31,1425.1,919.2,1063,1199.9,1269.2,780.22,926.72,1083.7,1210.9,1277.5,837.53,955.17,1105.8,1266.7,1024,1139.2,1160.3,1304,1064.5,1186.5,1250.1,1330.2,1346.9,1409.7,1128.8,1277.2,1366,1092,1175,1261.1,1320.2,1177.6,1294.2,1481.3,1413.9,1021.3,931.09,1166.1,1268.2,1336.8,1480,1080.6,1248.5,1322.8,1390.4,1414.2,863.69,1036.7,1287.3,1437.2,807.22,1010.6,1097.7,1233.6,1295.9,1355.5,1180.5,1315.3,845.27,1139.1,1287,977.97,1258.1,1202.6,777.35,919.74,1067.9,1233.9,1654.1,1617.6,1607.3,1472.2,1446.8,1437.2,842.06,748.22,672.05,456.21,944.4,864.71,733.6,580.33,554.56,489.52,451.72,963.77,862.64,765.41,648.89,615.17,572.11,900.51,818,726.81,695.99,699.62,566.6,692.57,723.6,815.21,806.26,819.52,811.07,963.82,1060.3,1109.7,1017.4,939.63,912.62,681.6,669.36,763.53,748.45,823.99,806,908.82,888.03,990.79,967.87,1096.6,1070.6,1064.8,1060.3,1145.9,1135.8,1122,1303.8,1190.2,1187.7,1161.5,1099,1364.3,1387.5,1247.9,1305.4,1302.8,1429.2,1494.3,1397.3,1413.4,1459.5,1483.5,1586,1250.7,1287.3,1251.8,1329.4,1426,1447.8,1210.1,1475.8,1535.3,1571.3,600,583.61,648.99,636.09,670.72,847.55,719.11,712.78,725.66,771.95,831.56,900.89,971.21,1059.6,995.62,1147.9,788.72,783.09,796.16,826.36,871.73,923.41,959.96,1024.7,1105.4,1180.5,846.53,844.19,859.01,889.99,1011.3,1074.5,1149.9,1222.1,936.12,944.63,966.51,1010.7,1073.3,1134.9,1205.3,1269.5,991,1003.1,1032.1,1084.7,1130.2,1162.2,1200.3,1260.5,1065.2,1093.1,1140.3,1199,1251.6,1308.2,1135.3,1116.6,1154.1,1192.4,1241.8,1302.5,1167.9,1192.2,1217.7,1238.3,1390.6,1270.1,1266.1,1296.1,1327.7,1327,1354,1380.3,1417.2,1382.9,1311.1,1422.1,1569.9,1363,1385.8
541.53,540.92,456.21,435.41,454.57,550.88,609.6,686.8,754.99,836.5,316.86,346.59,314.84,356.41,451.81,550.51,599.17,705.66,804.01,299.37,424.42,334.44,154.87,173.05,228.08,312.06,384.11,535.96,676.92,661.91,477.62,269.05,105.55,68.066,0,148.5,344.82,494.36,642.57,515.8,567.19,1178.7,1356.2,1316.4,1036.5,991.82,1250.1,1139.4,1072.3,1188.5,858.2,872.98,872.97,736.67,710.01,742.61,621.2,627.04,550.86,533.02,821.62,560.5,640.52,818.07,680.51,754.45,558.79,1265.2,202.63,143.03,77.006,269.25,374.72,557.29,663.4,301.4,273.41,431.41,473.47,661.48,379.89,570.5,828.34,866.41,502.84,716.01,231.81,922.21,861.45,807.53,1384.8,922.2,1065,1202.6,1272,773.11,921,1079,1207.2,1274.4,817.86,942.1,1094.6,1257.5,1004.6,1123.7,1141.5,1289.5,1038.9,1163.5,1227.9,1311.5,1325.7,1398.9,1097.6,1250.5,1342.1,1052.7,1140,1227.9,1288.4,1136,1255.9,1457.5,1384.5,985.74,973.67,1206.7,1307.5,1374.7,1516.7,1117.6,1284.1,1357.5,1425.6,1447.4,899.32,1069.8,1318.5,1467.5,837.1,1037.2,1125.9,1260.3,1323.8,1382.4,1205.1,1339.1,868.85,1159.9,1307.3,994.54,1275,1216.5,789.35,931.36,1078.4,1243.3,1698.2,1659.2,1647.1,1508.9,1479.9,1467.5,848.59,752.66,672.01,432,941.33,864.08,729.33,575.78,538.01,457.95,403.83,955.03,853.06,753.2,636.58,585.53,535.51,882.85,798.45,707.07,667.01,659.43,517.11,677.69,676.83,791.91,775.51,782.13,766.43,918.8,1014.2,1076.4,991.92,913.5,880.38,628.91,611.95,710.9,688.84,771.21,746.65,856.31,827.8,937.93,906.91,1045.3,1014,1003.6,996.2,1092.8,1078.8,1061.2,1254.5,1133.1,1127.2,1098.3,1034.1,1315.2,1335.2,1188.3,1245.1,1241.1,1380.3,1444.1,1343.1,1357.4,1402,1424.8,1530.4,1186.8,1245.2,1198.2,1271.9,1365.6,1382.1,1160.3,1421.2,1478,1511.6,532.02,521.31,586.94,568.96,602.68,788.26,656.14,646.09,657.6,705.06,767.49,839.84,912.89,1004.2,941.67,1095.7,725.28,716.46,728.12,758.71,804.99,858.01,897.58,964.81,1048.4,1126,782.67,777.7,791,822.22,947.86,1013.4,1091.4,1166.1,868.19,877.43,898.64,944.36,1008.9,1072.4,1145.3,1211.5,924.94,935.28,964.1,1017.9,1064.8,1097.9,1137.2,1199.3,997.46,1025.1,1073.3,1133.4,1187.8,1246,1068.3,1048.8,1086.1,1125.2,1175.8,1238,1101.5,1125,1149.7,1170.5,1327.9,1202.4,1198,1228.7,1261.4,1258.9,1286.5,1313.6,1350.2,1314.8,1251.7,1483.1,1625.4,1417.9,1442.7
520.65,478.01,480.24,422.25,388.21,435.83,483.24,552.44,614.87,693.93,394.71,379.52,310.22,273.59,327.01,417.97,458.47,560.36,658.92,445.39,551.2,448.89,246.52,175.86,152.78,191.02,242.99,388.57,529.15,513.42,609.16,407.3,242.4,137.06,148.5,0,197.52,348.04,496.79,414.66,470.94,1222.8,1413,1380.1,1071.2,1039.7,1320.2,1221.3,1147,1254.7,950.62,937.05,921.54,819.31,778.25,789.95,666.85,704.91,617.59,581.76,936.92,681.71,746.58,940.11,802.51,781.46,567.23,1319.8,347.85,278.96,195.21,215.33,281.6,455.83,536.11,421.99,322.25,432.3,415.76,589.37,471.01,532.89,756.34,807.62,367.6,661.05,251.02,852.32,811.77,762.17,1312.5,782.66,926.3,1063.4,1132.7,643.62,789.85,946.66,1073.9,1140.5,705.91,820.03,969.96,1130.2,891.78,1004.8,1027.5,1169,936.46,1056.3,1119.2,1197.1,1215.3,1273.6,1005.8,1149.7,1236,979.21,1056.2,1140,1197.3,1067.9,1179.2,1351.3,1288.4,903.78,833.07,1063.8,1163.6,1229.9,1371.1,972.49,1138,1211,1279.3,1300.2,753.75,922.82,1170.8,1319.5,689.32,888.74,977.6,1111.9,1175.4,1234,1056.6,1190.6,720.36,1011.7,1159.3,847.34,1127.8,1070.4,643.85,786.16,933.91,1099.4,1557.8,1516.6,1503.3,1363.3,1332.7,1319.5,979.1,885.11,808.23,579.83,1080,1000.9,868.74,715.2,683.78,606.43,546.77,1097.5,995.91,897.34,780.64,734.03,683.26,1029.4,945.53,854.13,815.51,805.76,657.82,822.98,819.13,939.88,923.96,929.33,910.04,1061.8,1156.2,1224.5,1140.3,1061.9,1028.7,765.35,741.11,846.95,812.65,906.76,870.61,991.86,949.02,1072.7,1025.7,1181.8,1142.5,1120.9,1103.2,1227,1206.2,1179.6,1393.1,1260.1,1246.2,1208.5,1137.3,1453.9,1469.8,1309.7,1364.4,1356,1518.9,1581.3,1474.9,1486.2,1527.6,1547.6,1659.5,1293.8,1389.7,1331.2,1397.6,1484,1479.5,1298.4,1552.1,1603.6,1631.7,611.99,639.73,705.2,661.86,670.93,782.55,770.55,741.6,728.75,749.73,787.9,841.98,901.36,979.78,912.46,1059.2,837.19,811.44,801.19,813.1,846.5,886.61,906.1,959.72,1030.1,1097.6,892.37,873.11,865.13,878.18,962.23,1014,1079.1,1143,944.31,965.31,956.33,980.62,1028.6,1079.6,1139.1,1196.2,1022,1014.6,1023.6,1057.3,1091.8,1116.2,1148,1199.1,1076.5,1085.8,1115.7,1161,1202.5,1250.7,1156.9,1128.2,1148.2,1169.1,1206.6,1256.3,1194.9,1211,1210.7,1223.4,1335.3,1281.3,1263.8,1274.6,1294.5,1324.8,1334,1350.4,1390.2,1380.8,1242.5,1497.4,1661.6,1457,1474.7
586.9,492.59,598.61,509.23,412.2,359.82,373.15,414.92,457.45,526.81,562.15,516.05,424.86,302.03,247.32,297.7,306.74,386.42,483.82,642.89,742.03,635.02,432.06,332.58,252.37,183.87,131.24,209.6,343.74,320.98,801.89,603.67,439.53,330.8,344.82,197.52,0,150.81,299.67,372.52,429.68,1333.4,1534.6,1509.5,1174.4,1157.7,1456.8,1370.5,1290.1,1388.1,1112.5,1073.3,1042.8,974.93,922.17,913.81,793.78,859.19,765.45,715.71,1117.2,868.17,922.08,1125.2,988.49,884.8,662.63,1440.3,538.59,464.42,379.01,256.49,224.9,341.55,367.15,588.8,438.02,477.09,383.02,510.91,607.87,512.27,666.8,735.08,192.23,602.92,357.76,761.6,752.22,711.42,1207.1,591.01,735.02,871.17,940.31,467.72,609.14,762.97,888.31,953.98,556.35,652.05,796.42,951.82,736.11,838.84,868.02,999.36,795.19,906.15,965.99,1035.3,1058.6,1096.9,878.48,1007.1,1085.1,879.02,939.2,1015.5,1067.6,973.09,1069.9,1199,1150.5,793.48,669.35,891.58,987.87,1051.2,1189.6,794.15,955.8,1027,1096,1113.8,575.6,738.29,982.34,1129.7,502.29,696.46,786.53,919.1,983.55,1041.2,862.31,995.58,526.12,815.31,962.64,649.9,930.4,872.89,446.75,589.13,737.2,903.08,1389.4,1343.2,1326.6,1181.7,1146,1129.7,1169.7,1077.1,1002.5,776.8,1275.1,1195.1,1064.4,911.1,881.31,801.52,732.55,1294.2,1192.8,1094.6,977.95,929.39,875.72,1226.9,1142.9,1051.5,1010.9,995.04,839.69,1020.5,1002,1136.7,1118.5,1120,1094.4,1244.7,1337.2,1417.1,1336.5,1257.9,1222.2,940.73,907.94,1021.1,971.97,1079.7,1029.2,1164.2,1103.2,1243.4,1175.8,1354.3,1304.1,1268,1237.6,1395.8,1365.9,1327.5,1567.8,1418.8,1394.4,1345.6,1266.3,1628.6,1638.4,1460.6,1512,1497.9,1693.5,1753.4,1639.3,1646.1,1683,1698.9,1819.3,1425.8,1574.3,1498,1553.8,1629.7,1597,1472.8,1715,1758.7,1778.8,728.52,796.51,860.16,790.14,771.23,785.32,919.63,869.86,829.6,818.2,824.32,852.09,890.61,948.44,877.17,1008.7,981.95,936.96,901.35,890.45,906.66,928.91,921.74,955.28,1005.4,1057.2,1033.4,997.49,964.35,954.93,983.35,1015.2,1061.1,1108.7,1043.6,1078.4,1032.6,1029.2,1054.4,1087.5,1127.6,1171,1145.3,1116.2,1100.3,1107.5,1125.2,1137.7,1158.8,1193.9,1176.4,1162.4,1168.3,1193.5,1217,1251,1267.2,1227.3,1225.1,1222.5,1242.2,1274.4,1310.7,1317.2,1285.1,1287,1337.5,1377.4,1343.2,1328.3,1331.2,1403.4,1388.7,1391,1434.2,1458.7,1224.5,1569.8,1758,1559,1568.3
682.36,563.69,720.14,619.41,496.61,380.57,358.65,363.2,375.83,427.54,704.69,647.84,551.63,403.53,291.5,287.09,253.24,286.3,375.26,793.14,891.6,783.37,581.12,476.71,388.15,296.99,202.81,133.84,226.12,188.62,951.95,754.48,590.27,481.52,494.36,348.04,150.81,0,148.85,418.71,468.6,1439.5,1646.1,1625.6,1277.5,1269.6,1577.4,1498.7,1415.3,1507.3,1248.6,1196.3,1157.8,1108.7,1050.5,1031.8,915.16,993.19,897.41,841.88,1262.1,1016.1,1065.4,1272.2,1136,991.98,770.81,1551.6,684.35,608.21,523.36,357.39,274.85,303.05,255.7,721.63,551.17,547.88,411.89,485.06,724.35,534.44,619.92,699.82,107.97,587.4,473.05,709.36,727.19,695.64,1131.8,444.15,587.98,723.1,792.02,340.88,473.39,622.71,745.72,810.35,456.15,528.97,665.53,815.24,623.68,714.65,749.63,870.23,695.35,795.83,852.07,912.84,940.58,961.18,789.69,902.24,971.88,814.51,858.39,926.62,973.28,910.84,993.18,1083.6,1047.9,722.51,569.02,776.55,867.71,927.12,1061.4,672.95,828.13,896.83,966.11,980.09,459.02,609.63,846.64,991.62,374.04,556.85,648.21,777.71,843.2,899.34,718.76,850.61,384.47,668.29,814.92,500.4,780.81,722.36,295.94,438.32,586.42,752.38,1274.7,1223.3,1203.3,1053.6,1011.9,991.62,1318.8,1226.8,1152.9,926.24,1425.7,1345.4,1215.1,1061.9,1031.7,949.28,874.36,1445,1343.6,1245.3,1128.6,1077.2,1021.4,1377,1292.8,1201.4,1158.7,1138.2,978.5,1171,1140.6,1285.9,1265.4,1264,1233.8,1382.6,1473.5,1562.2,1484.8,1406.2,1368.3,1074.8,1036.9,1153.9,1095.6,1211.4,1151.9,1295,1222.4,1372.9,1291.7,1484.6,1427,1381.3,1342.3,1523.4,1487.2,1440.9,1699,1539.1,1507.5,1451.4,1367.1,1759.6,1765,1575.3,1624.1,1606,1824.3,1882.3,1762.8,1766.4,1799.9,1812.8,1938.9,1527.4,1713,1623.7,1671.7,1739.9,1687.3,1604,1837.2,1875.1,1889.4,829.8,920.5,982.23,897.07,861.3,808.04,1037.3,975.22,918.45,886.14,869.97,877.72,899.23,939.25,867.07,982.63,1096.2,1039.4,988.08,962.3,966.36,975.48,949.23,966.75,999.93,1038.1,1144.6,1098.3,1049.2,1024.8,1013.2,1029.4,1059.4,1093.3,1127.1,1170.6,1100.6,1077.9,1086,1105,1129.4,1161.4,1243.5,1200,1167.2,1155.7,1160.9,1164.3,1177,1199.3,1258.2,1228.3,1217.1,1227.2,1237,1259.7,1355.1,1308,1290.3,1270.9,1277.3,1296,1402.1,1401.8,1347.7,1341.8,1346.3,1454.2,1408.7,1375.5,1365.8,1467.6,1435.8,1427.7,1472.8,1521.8,1219.5,1649.7,1852.4,1658.1,1662
793.36,660.4,849.16,742.1,605.53,452.02,403.09,369.49,344.19,365.55,848.09,784.53,686.21,527.19,391,347.4,281.02,244.75,305.2,941.63,1039.5,930.51,728.9,622.01,530.09,431.71,330.5,191.67,171.61,116.3,1100.2,903.33,739.09,630.32,642.57,496.79,299.67,148.85,0,505.68,546.23,1551.2,1761.6,1745.3,1387.6,1387.1,1701.1,1628.9,1543.2,1629.8,1385.7,1323.1,1278.5,1244.4,1182.2,1155.6,1042.3,1129.5,1032.6,973.13,1406.3,1162.7,1208.5,1418,1282.3,1107.6,889.62,1667.3,830.06,752.92,668.71,483.36,380.74,334.94,204.02,858.71,677.58,645.55,487.03,504.83,850.15,594.58,608.15,696.38,177.14,609.81,602.6,687.36,733.09,712.14,1073.4,303.2,445.48,578.45,646.89,244.43,351.92,490.66,609.05,671.83,390.95,425.69,546.77,686.52,532.02,604.37,646.47,751,617.8,702.2,752.77,801.83,834.8,832.49,722.87,813.35,871.68,775.12,799.16,856.43,895.81,871.29,935.72,979.44,959.66,678.93,495.39,676.64,759.61,813.27,941.2,567.13,710.81,775.43,844.51,853.51,368.79,494.8,718.43,859.37,270.93,426.4,518.35,642.2,708.74,762.61,580.54,709.77,254.95,525.18,670.37,353.87,633.67,573.89,147.09,289.47,437.63,603.73,1169.1,1112,1088,933.52,884.59,859.37,1466.3,1374.8,1301.4,1074.2,1574.3,1493.9,1363.9,1210.7,1180.2,1096,1017,1593.8,1492.5,1394.1,1277.4,1223.9,1166.5,1525.4,1441,1349.6,1305.4,1281.3,1118.7,1319.6,1280.3,1433.5,1411.3,1407.5,1373.9,1521.3,1610.7,1706.4,1631.7,1553.1,1513.4,1211.2,1169.4,1289,1223.8,1345.6,1279.1,1428.3,1346.5,1504.7,1412.8,1616.8,1553.3,1499.7,1453.9,1653.3,1612,1559.3,1831.6,1663,1625.4,1563.3,1475.3,1892.1,1893.6,1694.2,1740.6,1719.3,1956.4,2012.7,1888.9,1889.6,1920.1,1930.4,2061.2,1635.4,1851.8,1751.8,1793.2,1854.5,1784.7,1736.8,1961.9,1994.7,2003.9,943.08,1050,1109.8,1013.8,965.43,856.66,1161.2,1090,1020.8,971.97,937.24,927.05,932.27,954.15,883.01,979.63,1216.9,1151.3,1087.8,1050.1,1043.8,1041.4,998.55,1000.8,1017,1040.8,1262.7,1208.3,1146.5,1110,1063.3,1064.7,1079,1098.7,1222.5,1272.9,1183.1,1143.8,1136.4,1142.1,1151.1,1171.5,1350.2,1295,1248,1220.1,1213.9,1209,1213.6,1223.4,1351,1307.5,1281.3,1277.5,1274.4,1286,1452.4,1399.3,1368.3,1334.1,1328.4,1334.3,1501.9,1495.8,1422.8,1410.1,1371.6,1541.1,1485.9,1436.4,1415.4,1543.1,1496.1,1478.5,1525.1,1596,1233.2,1737.5,1952.2,1762.8,1762
304.38,157.08,410.56,291.34,133.18,71.063,156.92,254.85,347.55,435.5,504.95,397.51,308.89,163.37,129.5,166.78,249.9,366.31,437.07,734.47,738.29,625.43,479.77,366.53,287.76,226.57,242.17,314.43,396.24,427.66,802.85,667.55,550.87,455.78,515.8,414.66,372.52,418.71,505.68,0,58.31,1052,1265.6,1255.2,887.58,896.19,1218.5,1163.9,1072.7,1145.7,954.11,853.35,794.55,810.31,733.02,681.45,582.49,703.79,607.12,533.17,1022.6,824.06,825.31,1052,929.9,617.22,412.92,1171.9,704.87,658.02,587.44,596.81,595.72,702.77,672.35,817.01,736.57,825.97,754.07,879.26,882.59,883.07,1028.4,1101.9,519.51,974.16,662.81,1120.9,1122.2,1083,1550.4,792.02,923.62,1042.9,1106.4,744.61,856.73,986.88,1096.1,1153.6,873.29,930.17,1051.2,1183.6,1032.9,1110.1,1151.6,1254.4,1110.9,1204.6,1257.2,1307.3,1340.4,1328.2,1207.8,1313.9,1376.5,1230.9,1277.1,1344.5,1389.6,1326.8,1411.8,1485,1460.2,1140.2,540.5,775.64,880.95,954.38,1100.4,713.6,882.33,958.52,1020.7,1055.5,523.01,696.39,944.42,1093.6,513.97,714.01,783.78,919.67,971.8,1034.3,883,1015.2,589.61,868.88,1010,751.37,1004.4,971.99,614.55,734.33,871.8,1030.3,1237.4,1212,1209.8,1092.9,1087.6,1093.6,1124.3,1047.7,996.71,869.74,1261.1,1176.2,1068.8,930.1,942.69,915.91,902.5,1302,1209.1,1126.5,1017.8,1032.4,1004.9,1273.3,1200.2,1113.6,1108.8,1136.2,1017.9,1066.6,1170.4,1208.7,1220.1,1248.5,1253.9,1406.1,1503.8,1524.2,1411.4,1337.5,1327.8,1135.2,1125.1,1216.8,1204,1277.2,1261.6,1361.6,1343.3,1443.8,1422.7,1547.8,1526,1519.4,1510.1,1598.7,1591.4,1576.9,1751.6,1645.8,1642.8,1613.3,1546.4,1811.6,1839.2,1703.5,1760.7,1756.9,1876.3,1943.1,1851,1868.4,1915.1,1939.3,2040.7,1700.9,1721.8,1705.1,1785.1,1881.2,1891.5,1658.9,1929.8,1990.9,2026.9,1026.3,1037.1,1102.7,1074,1085.3,1153.8,1171.6,1153.1,1143.3,1157.7,1181.7,1219,1261.9,1320.9,1249.6,1379.1,1240.3,1223.3,1215.7,1224.1,1252,1284.2,1287.5,1325.9,1377.9,1429,1297.2,1285,1279.7,1289.3,1347.6,1384.9,1433.4,1481,1358.9,1379.2,1367.6,1381.8,1417.4,1456,1499.4,1543.5,1433.6,1429.3,1435.1,1459.6,1485.4,1502.5,1526.8,1565.1,1491.2,1497.5,1519.3,1554.4,1584.2,1621.5,1570.9,1542.8,1560.1,1573.2,1601.9,1640.6,1607.9,1625.4,1622.2,1631.6,1707.8,1695.9,1676.5,1679.1,1690.6,1737.4,1739.1,1748.9,1790.5,1793.3,1596.9,1234.3,1446.6,1258.5,1256.5
292.03,137.18,417.33,299.88,149.5,94.626,167.11,258.77,351.36,436.14,531.49,419.34,338.3,211.29,184.23,199.83,277.82,385.25,445.81,774.11,765.87,654.84,521.21,412.17,339.37,284.18,298.84,357.11,423.98,460.49,829.9,705.31,596.47,505.44,567.19,470.94,429.68,468.6,546.23,58.31,0,1023.6,1238.9,1231.8,859.03,873.73,1198.8,1151.1,1058.4,1125.6,952.69,840.75,776.36,809.71,728.86,668.8,577,707,612.18,535.59,1031.8,844.12,836.82,1064.4,946.11,597.18,404.1,1145.8,752.47,708.54,640.05,655.05,653.39,757.14,719.95,868.59,793.12,884.2,811.77,934.65,937.16,940.84,1082.2,1156.8,571.46,1030.3,719.94,1174.1,1177.9,1139.3,1600,824.98,953.07,1068.7,1130.7,787.97,895.01,1020.6,1126.5,1182.4,920.65,971.87,1088.8,1216.9,1076.6,1149.6,1192.7,1290.8,1156.9,1247.7,1299,1346,1380.4,1360.7,1255.7,1357.9,1417.9,1282.6,1326.2,1391.9,1435.8,1378.7,1461.4,1525.2,1504.3,1191,528.74,760,865.13,939.28,1085,705.44,872.16,948.1,1008.4,1045.6,526,695.26,939.22,1086.9,528.14,722.1,787.04,921.05,970.47,1032.9,888.14,1018.2,608.52,879.37,1017.5,771.28,1016.1,987.84,646.97,760.79,894.29,1049.6,1210.5,1188.7,1188.9,1077.6,1077.4,1086.9,1140.4,1067.1,1020.1,907.57,1280.8,1195.9,1092.9,957.77,975.8,955.67,948.23,1324.7,1233.6,1153.9,1047.3,1069.7,1045.4,1301.6,1230.4,1145.2,1144.8,1177.1,1063.5,1096.4,1214.1,1240.7,1255.8,1287.3,1296.2,1447.9,1545.8,1559,1442.7,1369.7,1363.4,1181.7,1173.9,1263.1,1253.8,1323.5,1311.3,1407.5,1393.5,1489.7,1473.3,1592.6,1573.9,1570.2,1562.8,1644.5,1639.5,1627.4,1794.9,1694,1693.1,1665.4,1599.7,1854.7,1884.2,1753.1,1810.8,1808,1919.1,1986.6,1897.1,1915.6,1963.3,1988.3,2087.5,1753.6,1760.8,1751.1,1833.4,1931.4,1945.7,1702.7,1976.2,2039.1,2076.6,1082,1088.4,1153.9,1128.5,1141.8,1211.8,1223.3,1207.5,1199.7,1215.5,1240,1277.2,1319.6,1377.8,1306.4,1434.8,1292.4,1277.8,1272.1,1281.6,1310,1342.4,1345.7,1383.7,1435.1,1485.3,1349.6,1339.4,1336.1,1346.7,1405.9,1442.9,1490.8,1537.5,1415.2,1434.5,1425,1440,1475.7,1514.1,1557,1600.5,1487.8,1485.4,1492.6,1517.7,1543.7,1560.7,1584.9,1622.8,1547.3,1554.9,1577.4,1612.7,1642.3,1679.4,1626.1,1598.9,1617.5,1631.3,1660.2,1698.9,1662.6,1680.9,1679.6,1689.4,1765.7,1752.2,1733.7,1737.2,1748.9,1794.6,1797.1,1807.1,1848.7,1850.6,1654.2,1191.3,1409.3,1224.4,1219.6
758.35,894.9,743.3,824.33,946.04,1115.7,1189.4,1272.8,1360.2,1434.5,865,844.3,917.31,1037.3,1160.2,1218.4,1300.1,1407.9,1458.2,1078.2,895.42,901.06,1024.5,1047.9,1091.8,1151.4,1237,1360.2,1446.7,1479.6,903.24,1024.8,1101,1125,1178.7,1222.8,1333.4,1439.5,1551.2,1052,1023.6,0,217.91,233.07,164.54,187.78,250.6,336.07,275.2,195.58,485.01,332.43,306.01,506.79,487.05,436.25,558.66,580.94,633.76,646.37,676.13,802.37,676.2,741.82,766.62,448.72,670.98,131,1203,1234.8,1238.6,1430.2,1502.6,1665.8,1692.1,1352.5,1440.2,1609.3,1636.3,1811.9,1478.3,1745.3,1978.3,2030.1,1521,1882.4,1410.3,2074.4,2032,1980.3,2532.3,1843.7,1975.4,2092.2,2154,1779.7,1902.9,2038,2148.1,2205.2,1888.1,1967.8,2097.7,2234.7,2062.5,2152.1,2189,2302.2,2127.8,2234.4,2291.5,2350.4,2379.8,2379.8,2211.5,2338.5,2411.3,2199.7,2269.6,2348.2,2401,2289.9,2397,2523,2482.9,2120.2,1483.1,1672,1766.2,1838.4,1971,1658.3,1803.9,1873.5,1919.4,1968,1524.9,1674.8,1891,2024.5,1545.7,1726,1776.6,1900.1,1937.5,1997.7,1880.4,2000.5,1629.8,1885.6,2013.8,1792.6,2023.1,2003.2,1666.5,1784.2,1917,2069.4,1992.4,2006.1,2026.4,1965.1,1996.1,2024.5,838.63,861.01,910.18,1106.5,979.99,930.26,955.21,956.77,1057,1165.1,1275.7,1060.6,1039.4,1046,1028.1,1182.5,1230.6,1150.6,1143.1,1117.3,1202.7,1320,1345.7,1059.5,1404.3,1185,1266.3,1349.6,1430.7,1531.6,1612.1,1464.4,1304.7,1273.3,1336.2,1446.2,1494.3,1498.4,1580.1,1541,1619.4,1596.7,1696.3,1661,1772.4,1716.9,1780,1858,1912.5,1781,1839.1,1896.9,1843.4,1885.7,1945.7,1979.8,1964.1,1888.1,1961.6,1977.4,2041.2,2069.7,1938.7,2012.7,2003.3,2049,2117.3,2163,2189.2,2073.9,1717.1,1874.3,2008.5,2148.9,2298.3,1779.1,2077,2181,2261,1623.1,1495.6,1540.7,1621.3,1707.3,1964.2,1608.3,1675.1,1749.5,1839.7,1927.5,2011.7,2089.9,2183,2120.1,2272.9,1671.8,1733.9,1807.1,1873.7,1938.1,2006.2,2064.4,2139,2226.5,2304.7,1726.7,1782.9,1859.9,1929.3,2108.7,2184,2267.8,2344.6,1923,1894.1,1996.3,2078.6,2162.8,2237.4,2318.8,2388.4,1899.5,1973,2052.9,2143.9,2208.1,2251.3,2297.9,2368.7,2029.4,2106.7,2191.4,2273.7,2343.6,2410.9,2058.4,2074.7,2159.8,2238,2310,2388.6,2067.7,2118.9,2221.9,2262,2489.2,2215.4,2254,2332.9,2389.2,2310.4,2384.6,2432.9,2462.1,2362.4,2426,398.78,450.02,241.3,281.22
968.28,1108.6,938.24,1027.6,1156.1,1330.4,1405.2,1489.6,1577.5,1652.2,1039.5,1033.6,1113.3,1242.7,1370.8,1432.3,1514.5,1623.8,1675.3,1222.3,1032.9,1057.4,1201.4,1237.1,1288.6,1354.6,1443.3,1571.3,1661.2,1692.9,1029,1176.9,1271.3,1306.9,1356.2,1413,1534.6,1646.1,1761.6,1265.6,1238.9,217.91,0,79.076,380.93,377.04,166.15,319.45,322.1,187.03,573.25,484.26,492.67,641.53,647.72,623.62,746.38,736.47,805.4,831.34,741.7,921.72,795.83,802.32,860.86,654.47,875.32,94.515,1358.2,1398.2,1410.9,1615.1,1694.3,1862.1,1896.8,1502.8,1608.9,1782.6,1822.2,2002,1630.7,1926.4,2169.2,2217.1,1724.2,2067.9,1585.7,2265.1,2215.9,2162.9,2725.4,2056.3,2189.2,2307.4,2369.6,1986.9,2112.7,2249.9,2361.4,2419.2,2090.8,2175,2307.3,2446.6,2267.6,2360.2,2395.6,2512.1,2329.8,2439,2497,2558.5,2586.6,2592,2410.4,2541.6,2616.7,2392.1,2466,2546.6,2600.8,2480.7,2591.4,2729.3,2685.1,2315.1,1700.8,1888.1,1981.5,2053.4,2184.8,1875.8,2020.5,2089.7,2134.7,2183.8,1742.6,1892.7,2108.1,2240.8,1762.6,1943.7,1994.5,2117.9,2155,2215.1,2098.3,2218.3,1846.2,2103.3,2231.7,2009,2240.8,2220.5,1879.6,1999.1,2133,2286.2,2198.7,2215.1,2236.7,2179,2211.6,2240.8,886.62,930.99,995.86,1230.3,1007.2,973.84,1027.8,1059.8,1164.1,1285.1,1406.8,1088.1,1087.3,1113.9,1118.1,1282.9,1340.6,1197.1,1205.2,1195.2,1290.4,1414.9,1464.3,1141.8,1502.4,1250.2,1338.7,1426.3,1516.5,1601,1673.6,1499.3,1340.8,1321.6,1395,1555.4,1610.6,1599.2,1693,1636.2,1727.3,1683.6,1799.8,1741.3,1872.1,1785.2,1861.8,1952.4,2016.4,1849,1917.3,1986.4,1890.7,1960.6,2030.3,2075.1,2069,1930.5,2010.5,2055.5,2118.4,2152.1,1976.2,2049.1,2056.8,2106.6,2176.9,2225.6,2236,2167.4,1750,1936,2075.9,2220.4,2392.2,1835,2127.1,2236.4,2322.8,1769.5,1626.5,1665.9,1760.2,1854.6,2133.6,1730.2,1807.9,1892.9,1992.1,2087.6,2177.5,2260,2357.4,2296.7,2451.7,1789.9,1862.7,1946.3,2020.2,2088.7,2161,2226.8,2306.1,2398.2,2480,1842.2,1907.7,1995.7,2072.8,2267.8,2348.1,2436.6,2517.5,2054.2,2018.1,2136.3,2227.8,2318.5,2397.8,2484.4,2557.6,2014.9,2099.4,2189.7,2289.8,2359.1,2406,2455.7,2531,2153.3,2240.8,2334.3,2423.1,2498.7,2570.3,2172.8,2196.4,2291.2,2378.8,2456.9,2541.1,2177,2232.8,2351.9,2396.5,2646.3,2331.5,2379.5,2470.1,2533.2,2434,2519.5,2573.7,2600.3,2484.2,2592.1,436,339.59,183.96,258.63
953.96,1098.9,911,1006.2,1140.9,1321.6,1398.8,1485.8,1575.1,1652.2,999.71,1001.9,1085.7,1222.2,1355.7,1421.9,1504.9,1617,1672.5,1169.1,978.49,1009.6,1161.9,1204.4,1260.8,1331.6,1423,1556.3,1651.4,1680.9,971.04,1126.8,1228.3,1269.6,1316.4,1380.1,1509.5,1625.6,1745.3,1255.2,1231.8,233.07,79.076,0,384.33,359.09,89.677,244.52,259.86,129.07,510.76,444.04,467.8,590.76,606.4,595.65,716.58,691.55,766.44,798.92,672.01,862.7,738.08,731.25,795.98,638.84,855.93,104.4,1308.5,1351.6,1368.3,1578.5,1661.7,1832.2,1873.9,1450.8,1564,1739.5,1785.6,1967.7,1579,1886.9,2135.2,2180.5,1700.3,2030.7,1544,2230.8,2177.6,2123.9,2692.2,2042.7,2177.6,2298.1,2361.3,1966.5,2095.2,2235.1,2348.7,2407.7,2065.8,2154.4,2289.4,2431.5,2244.5,2340.3,2374.1,2494.3,2304,2415.3,2474.4,2538.5,2565.2,2577.3,2381.9,2516.4,2593.8,2358.8,2435.5,2517.5,2572.8,2446.2,2559.3,2707,2659.1,2283.7,1707,1900.5,1995.8,2068.4,2202.1,1883.5,2031.7,2102,2149,2197.1,1742.9,1896.9,2117.4,2252.5,1758.4,1943.7,1997.5,2123.2,2162.3,2223,2101.1,2223.3,1840.2,2103.1,2234,2003,2240.6,2217.5,1866.9,1989.5,2125.7,2281.2,2225.5,2239,2259,2196,2225.4,2252.5,813.12,860.75,928.24,1170.7,930.82,899.38,957.48,995.65,1100.5,1224.3,1348.7,1011.5,1013,1042.5,1050.7,1217.2,1276.9,1122.3,1132.6,1125.3,1222,1347.6,1402.5,1072.9,1435.6,1177.9,1267.4,1355.5,1447.1,1528.7,1600,1422.8,1264.6,1246.8,1321.5,1491,1547.8,1532.8,1629.2,1568.5,1662.2,1614.1,1733.6,1670.6,1804.9,1712.5,1791.1,1884,1949.9,1776.2,1846,1917,1815.2,1888.7,1960,2006.7,2002.7,1854.3,1935.1,1984,2046.8,2081.2,1899.6,1972.3,1981.8,2032.1,2102.6,2151.6,2160.2,2098.6,1673.1,1862.1,2002.7,2147.7,2323.2,1760.5,2051.6,2161.5,2248.7,1715.3,1567.7,1605.4,1703.6,1800.5,2088,1668.6,1749.3,1837.5,1939.7,2038.1,2130.2,2214.5,2313.9,2254.3,2410.2,1727.2,1802.7,1889.4,1965.6,2035.5,2109.2,2177.9,2259.1,2353.3,2436.8,1778.7,1846.6,1937.7,2017.1,2217.6,2299.8,2390.3,2473.1,1994.7,1956.6,2079.4,2173.9,2266.8,2347.9,2436.7,2511.4,1951.2,2038.5,2131.7,2234.7,2305.7,2353.9,2404.7,2481.8,2091.7,2181.9,2278.1,2369,2446.7,2519.8,2108.7,2134.1,2231.4,2321.8,2401.9,2488.1,2111.6,2168.4,2291.7,2337.5,2594.8,2267.6,2317.9,2411.9,2477.2,2371.9,2460.6,2516.6,2542.3,2421.6,2544.4,509.52,416,260.95,334.96
595.51,730.51,591.08,665.32,782.9,951.19,1024.9,1108.8,1196.6,1271.6,728.24,695.65,762.97,876.39,996.65,1054,1135.5,1243.5,1294.4,963.23,789.56,779.01,883.92,897.82,936.09,991.64,1075.3,1196.4,1282.2,1315.2,807.12,904.2,964.86,979.82,1036.5,1071.2,1174.4,1277.5,1387.6,887.58,859.03,164.54,380.93,384.33,0,102.86,376.34,406.45,318.21,306.2,447.53,253.18,183.18,422.03,376.75,299.2,416.16,469.88,504.63,504.29,641.11,714.89,594.05,707.07,702.3,290.81,512.02,289.71,1077.7,1102.9,1099.8,1281.4,1349.2,1509.2,1530.9,1229.6,1303,1467.9,1486.4,1658.9,1352.9,1598.3,1824.5,1878.8,1360.7,1732.1,1268.3,1920.7,1882.5,1831.8,2376.7,1679.4,1810.9,1927.7,1989.5,1617.2,1739.4,1873.8,1983.6,2040.7,1727.8,1805.3,1934.2,2070.6,1901,1989.2,2026.6,2138.6,1967.7,2073,2129.6,2187.5,2217.3,2215.6,2052.9,2177.8,2249.4,2044.8,2112.3,2189.9,2241.9,2135.9,2240.8,2360.8,2322.6,1963.9,1323.1,1516.4,1612.2,1685,1819.7,1499.4,1647.4,1717.9,1765.3,1813.1,1362.1,1513.8,1733.1,1868.3,1381.7,1563.2,1615,1739.7,1778.3,1838.8,1718.8,1840,1465.5,1722.7,1852,1628.4,1860.3,1839.6,1502.1,1619.7,1752.6,1905.3,1851.9,1861.9,1880.2,1813.5,1841.6,1868.3,809.26,812.91,847.41,1007.7,961.63,900.79,901.71,878.25,972.67,1068.3,1168.5,1039.7,1003.1,993.64,958.5,1101,1140.9,1112.6,1093,1055.1,1131,1240.7,1247.5,995.19,1321.4,1131.6,1205.7,1284.1,1357.2,1469.3,1555,1429.6,1271.7,1231.4,1285,1354.3,1396.3,1412.3,1483.9,1458.9,1526.8,1520.3,1606.4,1589.1,1684.8,1653.6,1705.9,1773.8,1820.7,1717.3,1767.3,1816,1794.9,1816,1868.2,1894.2,1871.2,1843,1910.9,1904.7,1968.7,1993,1896.8,1971.1,1948.9,1991.2,2057.4,2100.8,2138.5,1989,1680.9,1814.8,1943.7,2080,2212,1724.8,2024.8,2124,2198.7,1501.2,1386.5,1435.4,1505.1,1584.5,1824.5,1505.2,1563.1,1629.2,1712.4,1794.3,1874.3,1949.4,2039.4,1975.2,2126.4,1570.9,1624.7,1689.6,1750.6,1811.7,1876.6,1929.2,2000.5,2084.7,2160.3,1627.4,1676.2,1744.7,1808.1,1975.8,2047.4,2127.8,2201.8,1810.7,1787.5,1877.4,1952.7,2032.2,2103.3,2180.9,2248,1799.2,1864.1,1936,2020.2,2080.5,2121,2165.4,2232.9,1922,1991.6,2069.6,2147.1,2212.8,2277,1957.9,1968.8,2046.6,2117.6,2185,2259.5,1971,2018.6,2109.4,2146.1,2356.8,2113,2144.6,2214.8,2266.1,2202.3,2268,2311.9,2342.9,2255.3,2287.6,470.86,590.7,386.1,406.18
594.97,740.14,562.28,650.71,782.19,962.91,1040.8,1129.1,1219.3,1297.9,677.45,660.37,737.21,866.1,997.02,1062.9,1146,1258.8,1316.3,893.41,713.41,714.32,837.37,864.25,912.4,977.58,1066.8,1197.7,1292.4,1321.9,725.48,838.53,913.28,938.97,991.82,1039.7,1157.7,1269.6,1387.1,896.19,873.73,187.78,377.04,359.09,102.86,0,327.87,324.23,230.33,254.33,345.7,158.11,118.93,332.54,301.62,250.32,373.4,395.93,445.98,460.42,539.84,628.69,504.9,605.96,607.4,279.85,498.82,282.64,1016,1047.1,1051.1,1245.2,1320.5,1486.3,1519.8,1166,1252.5,1422,1451.8,1629.1,1291.4,1559.4,1795.9,1846.1,1347.2,1697.9,1223.1,1892,1847,1794.9,2351.1,1683.8,1818.5,1939.1,2002.5,1610.5,1737.5,1876.5,1989.7,2048.6,1713.7,1798.6,1932,2073,1890.6,1984,2019,2136.8,1952.9,2062,2120.2,2182.3,2210,2218.7,2034,2164.5,2239.8,2018.2,2090.3,2170.4,2224.2,2107.6,2216.6,2352.5,2308.1,1940,1359.3,1561.2,1659.4,1733,1870.3,1537.3,1690.1,1762,1812,1858.2,1388.8,1546.4,1772.6,1911.1,1401.2,1589,1645.5,1773.4,1814.9,1876.2,1748.8,1873.1,1482.2,1748.1,1881.1,1644.9,1885.5,1860.7,1507.9,1630.5,1767.2,1923.3,1915.2,1921.4,1937.5,1864,1887.5,1911.1,707.74,714.36,752.6,927.99,859.33,799.44,804.61,788.85,885.89,987.64,1093.8,937.65,902.89,896.48,866.13,1013.3,1056.9,1012.8,995.5,960.64,1039.7,1152.4,1167.8,901.22,1234.6,1034.9,1111,1191,1266.9,1375.5,1459.8,1329.6,1171.3,1132.4,1188,1271.6,1316.7,1327,1403.4,1372,1444.6,1431.2,1523,1498.5,1600.4,1560.2,1616.1,1688,1738.4,1624.1,1676.8,1728.9,1697.8,1724.8,1779.8,1809.1,1789.4,1745.1,1814.4,1814.6,1878.6,1904.4,1798.4,1872.7,1853.3,1896.5,1963.4,2007.4,2042.1,1903.7,1581.3,1720.5,1851,1988.7,2127.4,1629,1928.7,2029.2,2105.4,1436.9,1313.3,1359.9,1436.6,1521,1776.6,1428.5,1491.8,1563.8,1652.6,1739.7,1823.9,1902.4,1996,1933.4,2086.7,1493,1551.7,1622.1,1687.4,1751.2,1818.8,1876.6,1951.3,2039.2,2117.8,1548.7,1601.7,1675.7,1743.4,1921,1996.2,2080.2,2157.5,1739.8,1713,1811.1,1891.7,1975.3,2049.7,2131.1,2200.9,1721.1,1791,1868.2,1957.5,2021,2063.8,2110.3,2180.9,1848,1922.6,2005.4,2086.8,2156.1,2223.1,1880.1,1894,1976.4,2052.4,2123.3,2201.3,1891.1,1940.7,2038.7,2077.7,2301.6,2036.2,2072,2148,2203,2128.9,2200.2,2247.2,2276.9,2181.3,2238.3,554.15,637.59,428.89,463.81
914.84,1063.8,858.66,959.33,1099.9,1286.4,1365.8,1455.4,1546,1625.3,934.51,944.63,1032,1175.2,1313.7,1384.6,1468.3,1583.1,1642.7,1091.5,900.3,936.95,1096.4,1145.1,1206.2,1281.6,1375.6,1513.9,1614.1,1641.3,890.02,1051.9,1159.3,1205.8,1250.1,1320.2,1456.8,1577.4,1701.1,1218.5,1198.8,250.6,166.15,89.677,376.34,327.87,0,154.87,180.71,73.553,427.73,384.02,424.22,517.6,542.42,545.85,663.22,623.16,703.31,742.1,583.77,781.1,657.85,642.36,710.34,601.75,812.19,148.6,1233.5,1279.2,1299.4,1514.6,1601.4,1774.4,1822.8,1373.7,1492.8,1669.5,1721.5,1905.5,1502.1,1820,2073.1,2115.9,1648.5,1965.8,1475.6,2168.3,2111.5,2057.2,2630.5,2000.7,2137.4,2260.3,2324.4,1917.7,2049.1,2191.6,2307.3,2367.3,2012.3,2105.1,2242.6,2387.5,2192.8,2291.6,2323.8,2447.5,2249.4,2362.8,2422.7,2489.4,2514.7,2533.6,2324.7,2462.3,2541.9,2297.2,2376.4,2459.7,2516,2383.4,2498.6,2655.7,2604,2223.8,1686.9,1887,1984.3,2057.6,2193.6,1864.8,2016.6,2088.1,2137.1,2184,1716.3,1874.2,2099.9,2237.7,1726.8,1916.2,1973.3,2101.2,2142.6,2203.8,2076.6,2201,1806.7,2075.1,2208.7,1969.1,2212.5,2186.5,1826.2,1951.8,2090.3,2247.9,2228.2,2238.2,2256.2,2187.3,2213,2237.7,723.53,772.12,840.82,1088.2,841.47,809.71,868.81,910.21,1015.2,1140.8,1267,922.26,923.36,953.42,963.37,1130.7,1191.6,1032.6,1043.1,1036.7,1134,1260.2,1318.2,984.75,1348.3,1088.5,1178.3,1266.6,1358.7,1439.3,1510.4,1333.5,1175.2,1157.1,1231.9,1405,1462.9,1445.7,1543.6,1480.8,1575.8,1525.6,1646.6,1581.6,1717.4,1623,1702.2,1795.9,1862.7,1686.6,1756.8,1828.5,1725.6,1799.4,1871.1,1918.6,1915.6,1764.9,1845.5,1894.8,1957.5,1992.2,1810.4,1883.1,1892.2,1942.4,2013,2061.9,2070.7,2010.3,1584,1772.4,1913.1,2058.2,2234.8,1670.8,1962.1,2071.9,2159,1636.4,1485.4,1521.9,1622.8,1721.6,2015.6,1584.3,1667,1757.5,1861.9,1962.5,2056.4,2142.2,2243.1,2184.5,2341.1,1642.2,1719.5,1808.2,1886.1,1957,2031.8,2102.8,2185.5,2281.3,2366.2,1693.2,1762.6,1855.7,1936.8,2141.3,2225.1,2317.2,2401.4,1911.7,1872.2,1998.1,2094.8,2189.4,2271.9,2362.3,2438.2,1865.5,1954.5,2049.6,2154.6,2227,2276.1,2327.8,2406.3,2007.2,2099.3,2197.2,2289.7,2368.9,2443.2,2022.7,2049.2,2148.1,2240.5,2321.9,2409.5,2024.9,2082.3,2208.1,2254.8,2517.4,2181.7,2233.5,2329.6,2396.4,2287.1,2377.8,2435,2460.2,2336.5,2470,580.99,505.17,340.8,412.75
860.31,1014,779.77,889.15,1038.5,1233.8,1316.5,1409.8,1502.1,1585,828.73,854.46,947.58,1101.9,1248.3,1327.2,1411.4,1530.2,1596.8,959.54,768.25,816.04,988.24,1048.7,1118.2,1201.7,1299.5,1446,1555,1577.9,752.13,925.37,1044,1100.2,1139.4,1221.3,1370.5,1498.7,1628.9,1163.9,1151.1,336.07,319.45,244.52,406.45,324.23,154.87,0,96.509,152.11,290.77,310.59,383.18,403.23,448.51,482.62,587.42,516.44,605.89,656.84,431.57,642.66,523.63,488.7,563.49,561.13,751.17,279.66,1106,1156.6,1183.4,1407.2,1500.3,1677.1,1737.6,1241.7,1371.4,1550.1,1612.8,1799.6,1370,1705.8,1967,2005.3,1562.7,1854.8,1359.8,2061.3,1998,1942.8,2524,1931.2,2070.7,2197.3,2263,1836.3,1972.1,2118.8,2237.7,2299.6,1922.1,2022.2,2163.7,2313.2,2105.2,2209,2238.3,2368,2156.5,2273.4,2334.7,2405.7,2428.5,2459.3,2226.9,2369.8,2453,2191.4,2275,2360.4,2418.4,2275.4,2394.1,2567.7,2509.5,2121.4,1658.2,1868.6,1968.7,2042.9,2182.4,1837.3,1994.7,2068,2120.5,2165,1675.6,1839.7,2073.4,2215.2,1677.3,1873.1,1935.6,2067,2112.1,2174,2037.8,2165.7,1753.2,2030.4,2168.1,1914.3,2166.9,2135.9,1759.8,1890.1,2032.2,2193,2236.2,2240.3,2254.9,2175.9,2195,2215.2,568.68,618.86,689.88,946.41,688.01,654.9,715.39,763.14,868.33,997.06,1126.6,769,768.53,799.21,812.4,981.09,1044.1,877.94,888.43,883.32,981.75,1108.8,1172.7,832.23,1197.2,933.89,1024,1112.5,1205.5,1284.6,1355.5,1180.1,1021.4,1002.4,1077,1256.3,1315.8,1294.9,1395.3,1328.8,1426.1,1372.3,1495.8,1427.5,1565.7,1468.2,1548.1,1643.2,1711.6,1531.8,1602.5,1675.1,1571.3,1644.8,1717.2,1765.9,1764.5,1611,1691.1,1740.4,1802.9,1838,1657.1,1730,1737.6,1787.7,1858.2,1907.1,1916.6,1857.3,1431.1,1617.6,1758.3,1903.4,2081.6,1516,1807.7,1917.2,2004.2,1500.2,1343.2,1377.5,1483.2,1585.3,1890.9,1438.4,1524.6,1619.2,1727.6,1832,1929,2017.3,2120.9,2064.3,2222,1495,1575.4,1667.9,1748.7,1821.3,1898,1973.1,2058.4,2156.9,2244.2,1545.1,1617,1713.8,1797.7,2009.5,2095.9,2190.6,2277.4,1767.9,1726.1,1857.3,1957.9,2055.4,2140.3,2233.6,2311.5,1716.9,1808.9,1907.4,2015.9,2090.5,2141.3,2194.5,2275.3,1860.7,1955.9,2057.1,2152.2,2234.1,2310.4,1873.5,1901.9,2003.6,2099.3,2183.2,2273.2,1874.5,1932.9,2063,2111.1,2383.2,2032.7,2086.9,2186.8,2256.2,2139.8,2234,2293.4,2317.5,2188.7,2341.2,711.77,659.04,485.37,553.86
768.58,921.59,695.22,801.8,948.85,1142.3,1224.3,1317,1409.1,1491.4,757.96,775.02,865.71,1016,1160.1,1236.9,1321,1439,1504.2,911.09,720,756.62,919.25,972.8,1038.2,1118.5,1214.9,1358.8,1465.4,1489.4,711.27,871.15,980.2,1029.7,1072.3,1147,1290.1,1415.3,1543.2,1072.7,1058.4,275.2,322.1,259.86,318.21,230.33,180.71,96.509,0,135.07,251.51,220.49,287.29,337.56,369.2,391.45,500.91,445.41,529.43,574.49,423.56,602.85,478.46,486.47,538.76,466.03,660.73,256.76,1052.8,1098.8,1120.2,1338.1,1427.5,1602.3,1657.1,1193.2,1312.6,1489.8,1544.7,1729.8,1321.5,1641.5,1897.4,1938.6,1482.2,1788.3,1296.6,1992.3,1933.3,1878.7,2454.8,1844.8,1983.5,2109.1,2174.4,1754.2,1888.3,2033.7,2151.5,2212.8,1843.9,1940.8,2080.8,2228.7,2025.9,2127.6,2158.1,2285.4,2079.7,2195,2255.6,2324.8,2348.7,2374.8,2152.6,2292.9,2374.4,2121.7,2202.7,2286.9,2344.1,2207.1,2323.6,2488.7,2433.6,2049.7,1563,1772.6,1872.6,1946.7,2086.1,1742.1,1899,1972.2,2024.4,2069.1,1582.1,1745.4,1978.2,2119.6,1585.5,1780.1,1841.7,1972.7,2017.3,2079.1,1944.1,2071.6,1662.3,1937.8,2074.8,1823.8,2074.5,2044.5,1672.4,1801.4,1942.5,2102.6,2139.9,2143.8,2158.3,2079.5,2099,2119.6,577.01,612.89,674.63,910.87,710.85,667.17,709.4,737.77,842.23,964.68,1088.8,791.96,779.02,797.35,796.56,960.85,1018.7,890,891.06,876.05,969.47,1093.3,1143.2,821.56,1180.5,935.03,1021.5,1108,1196.3,1285.3,1361,1199.7,1040.1,1014,1082.8,1233.4,1289.1,1277.2,1371.2,1314.7,1405.2,1363.4,1477.8,1422.6,1550.3,1470.2,1542.9,1631.2,1694.4,1534.2,1599.4,1666,1585,1643.7,1711,1753.8,1747,1627.4,1704.2,1737.8,1801,1833.3,1676,1749.6,1748.3,1796.3,1865.8,1913.3,1931,1846.5,1452.2,1623.7,1761.6,1904.8,2071.3,1525,1820.3,1927.2,2010.9,1456.5,1307.8,1345.8,1444,1541.7,1835.1,1409.3,1489.4,1578.1,1681.6,1781.8,1875.7,1961.7,2062.9,2004.7,2161.6,1468.4,1543,1629.6,1706.5,1776.9,1851.4,1922.1,2004.9,2100.9,2186.1,1520.4,1587.2,1677.8,1757.6,1960.7,2044.4,2136.5,2221,1735,1697.3,1819.6,1915,2009,2091.3,2181.6,2257.6,1693.1,1779,1871.8,1975.3,2047,2095.8,2147.3,2225.6,1832.4,1922.1,2018.4,2110,2188.6,2262.6,1850.9,1875.1,1971.7,2062.1,2142.5,2229.5,1854.9,1910.8,2032,2077.7,2337,2009.6,2058.7,2152,2217.5,2112.9,2200.7,2256.8,2282.5,2162.9,2289.3,668.59,654.45,463.57,525.34
842.34,990.77,789.59,888.56,1027.8,1213.5,1292.6,1382,1472.6,1551.8,872.08,877.72,963.53,1104.6,1241.9,1312,1395.6,1510,1569.3,1040.5,850.11,880.53,1034.2,1079.2,1138.2,1212,1305.1,1442.2,1541.5,1569.1,843.93,997.8,1099.7,1142.6,1188.5,1254.7,1388.1,1507.3,1629.8,1145.7,1125.6,195.58,187.03,129.07,306.2,254.33,73.553,152.11,135.07,0,386.31,317.71,351.97,461.71,478.87,475.51,594.34,562.92,639.39,674.79,556.58,736.08,610.76,618.34,673.83,528.74,740.52,129,1179.5,1222.6,1239.8,1451.5,1536.2,1708,1753.7,1322,1435.1,1610.8,1658.6,1841.4,1450.2,1758.9,2009,2053.3,1579.5,1903.4,1415.6,2104.4,2049.9,1996,2566.2,1929,2065.4,2187.9,2251.9,1847.8,1978.4,2120.3,2235.5,2295.3,1944,2035.4,2172.1,2316.4,2124,2221.7,2254.4,2377,2181.6,2294.3,2353.8,2419.6,2445.4,2462.3,2258.1,2394.4,2473.1,2232.8,2310.7,2393.4,2449.2,2319.8,2433.8,2586.7,2536.5,2158.5,1613.5,1814,1911.4,1984.8,2121.1,1791.4,1943.4,2015.1,2064.3,2111,1642.8,1800.7,2026.5,2164.5,1653.6,1842.8,1899.7,2027.7,2069.1,2130.4,2003,2127.5,1733.7,2001.7,2135.2,1896.2,2139,2113.3,1754.3,1879.3,2017.5,2174.8,2157.9,2167.1,2184.8,2114.9,2140.1,2164.5,705.77,746.03,809.33,1044.5,833.22,794.6,842.71,872.78,977.17,1098.8,1221.7,914.42,907.43,929.84,931.39,1095.9,1153.6,1018,1022.4,1009.8,1104,1228.2,1277.7,955.83,1315.5,1066.9,1154.3,1241.4,1330.6,1417.6,1491.8,1324.5,1165.2,1142.3,1213.4,1368.4,1423.8,1412.3,1506.1,1449.6,1540.3,1497.7,1612.9,1556.3,1685.3,1602.2,1676.6,1765.9,1829.4,1666.1,1732.7,1800.4,1712.8,1776.6,1844.9,1888.6,1882,1754,1832.3,1871,1934.1,1967,1801.4,1874.7,1877.4,1926.2,1996.1,2044.1,2058.6,1981.1,1576.3,1754.5,1893.3,2037.1,2205.9,1654.7,1948.7,2056.7,2141.6,1587,1441.1,1479.8,1576.1,1672.2,1959,1543.7,1622.6,1709.6,1811.1,1909.1,2001.1,2085.5,2185.1,2125.7,2281.7,1603.1,1676.8,1762,1837.4,1907,1980.4,2048.9,2130.1,2224.3,2308,1655.3,1721.4,1810.8,1889.3,2088.6,2170.7,2261.3,2344.1,1868.6,1831.6,1952,2045.6,2138,2218.9,2307.6,2382.3,1828,1913.2,2004.8,2106.7,2177.3,2225.2,2275.8,2352.8,1966.9,2055.5,2150.4,2240.8,2318,2390.9,1985.9,2009.8,2105.4,2194.5,2273.9,2359.6,1989.9,2045.8,2166,2211.1,2466,2144.5,2193,2285.1,2349.5,2247.4,2334.2,2389.3,2415.5,2297.5,2415.3,559.7,521.14,336.79,403.27
663.84,817.57,547.21,665,822.29,1025.2,1110.8,1207.9,1301,1387.8,555.97,601.3,699.68,865.59,1020.1,1109.1,1192.3,1315,1391,668.78,477.49,529.31,710.63,783,861.52,954.13,1055.5,1210.8,1330.5,1346.9,462.9,635.47,759.83,823.85,858.2,950.62,1112.5,1248.6,1385.7,954.11,952.69,485.01,573.25,510.76,447.53,345.7,427.73,290.77,251.51,386.31,0,203.63,303.4,144,226.06,319.08,377.55,256.54,354.27,422,194.59,353.67,232.88,260.86,288.6,425.7,551.25,502.21,815.63,867.75,898.08,1127.3,1225.5,1405,1477.9,950.97,1082.8,1262.1,1331.2,1519.7,1079.3,1420.3,1686.5,1721.6,1303.5,1571,1074.1,1780,1712.5,1656.9,2242.3,1688.9,1831,1961.7,2029,1580.2,1720.3,1871.3,1993.6,2057.3,1656,1763.5,1908.9,2063,1841.1,1949.9,1975.8,2111.6,1886.9,2006.8,2069.4,2144.8,2164.8,2208.6,1952.6,2100,2186.6,1910.7,1997.6,2084.6,2144,1993,2114.1,2301.7,2237.6,1843.5,1478,1701.7,1805.2,1879.9,2023.6,1656.4,1820.6,1895.9,1953.3,1993.6,1476.5,1647.8,1891.3,2037.9,1465,1667.7,1737.6,1872.9,1923.1,1985.6,1837.1,1969,1534.2,1821,1963.6,1691.6,1955.1,1917.3,1523,1658.4,1804,1968.1,2109.1,2102.9,2111.5,2016.6,2024.8,2037.9,362.08,376.05,428.27,660.45,514.39,453.88,470.31,486.66,590.88,713.53,839.38,592.16,558.84,561.01,548.84,710.62,767.32,669.45,658.27,633.66,722.88,844.56,891.8,577,931.17,700,781.94,866.23,950.69,1047.1,1127.1,985.52,826.67,790.73,851.4,982.24,1037.6,1027.4,1119.8,1066.2,1154.3,1117.5,1227.6,1179.3,1301,1232.4,1299,1383.2,1444.3,1296.5,1357,1419.4,1359.5,1402.7,1466.1,1505.7,1496.7,1405.1,1477.2,1495.4,1559,1589.2,1456.9,1531.1,1518.5,1564,1632.3,1678.2,1704.9,1598.8,1237.8,1389.4,1524.2,1665.3,1823.7,1294.2,1592.5,1696,1776.1,1210.5,1057.6,1094.7,1195.4,1295.7,1600.7,1157.9,1239.2,1330.6,1437.4,1541.3,1638.4,1727.1,1831.4,1775.5,1933.5,1216.9,1292.1,1380.7,1459.7,1531.5,1607.6,1682.3,1767.8,1866.8,1954.7,1269,1335.9,1428,1509.6,1718.8,1805.1,1900.1,1987.4,1484.2,1445.9,1570.5,1668.6,1765.1,1849.6,1942.8,2021,1441.7,1527.7,1621.9,1727.6,1801,1851.3,1904.1,1984.6,1581,1671.6,1769.8,1863.3,1944.1,2019.9,1599.6,1623.6,1720.8,1812.8,1894.9,1983.7,1604.1,1659.6,1780.9,1827.2,2093,1758.2,1807.3,1901.9,1968.9,1861.4,1950.2,2007.3,2032.4,1911.4,2050.4,882.1,901.44,703.56,758.78
549.74,703.65,476.25,581.41,728.61,923.23,1005.9,1099.5,1192,1275.3,556.14,560.63,648.46,796.01,939.64,1017,1101.1,1219.7,1286.4,747.82,563.31,575.54,718.3,761.61,822.29,899.72,995.32,1138.3,1245.2,1268.9,571.16,697.38,787.03,825.58,872.98,937.05,1073.3,1196.3,1323.1,853.35,840.75,332.43,484.26,444.04,253.18,158.11,384.02,310.59,220.49,317.71,203.63,0,101.86,175.52,163.47,172.05,281.15,253.55,322.48,358.11,392.23,472.05,347.33,457.41,449.87,258.29,440.78,395.47,877.54,914.77,926.74,1134.4,1218.5,1390.7,1439.8,1024.9,1124.8,1298.4,1341.6,1523.9,1151.8,1443.4,1691.4,1736.4,1265.2,1586.7,1101.7,1786.9,1733.8,1680.3,2248.6,1624.5,1763,1888.6,1954,1535.8,1669,1813.6,1931.2,1992.4,1628.5,1722.8,1861.8,2008.9,1809.4,1909.5,1940.8,2066.5,1865.4,1979.2,2039.3,2107,2131.7,2155,1940.9,2078.4,2158.3,1915.2,1993.1,2076,2132.1,2002.3,2116.1,2272.3,2220,1840.8,1351.5,1565.8,1667.3,1741.8,1882.9,1530.8,1690.1,1764.1,1818.1,1861.4,1365.8,1531,1767,1910.1,1366.7,1562.8,1626.1,1758.2,1804.2,1866.3,1728,1856.6,1442.8,1719.9,1858.1,1604,1856.4,1825.3,1451.9,1580.9,1722.4,1882.8,1950,1949.4,1961.4,1876.2,1891.8,1910.1,560.43,559.94,595.09,774.33,715.77,651.22,648.56,630.96,728.66,833.23,943.35,792.17,751.36,740.48,708.06,855.72,900.58,860.3,839.81,803.05,881.58,994.56,1013.7,743.45,1077.2,878.54,953.53,1033.1,1108.8,1217.8,1302.6,1177.3,1019.9,978.5,1031.9,1115.8,1162.5,1170,1248.6,1214.5,1288.9,1273.3,1366.7,1340.4,1443.7,1402.4,1458,1530.8,1582.4,1466.3,1518.7,1571.3,1541.8,1566.7,1622,1652.1,1633.7,1589.8,1657.9,1656.5,1720.5,1746.5,1643.7,1718,1696.3,1739.1,1805.7,1849.6,1885.6,1746.5,1428.2,1562.9,1693,1830.6,1970.5,1472.1,1772,1871.9,1947.5,1294.2,1163.4,1208.3,1290.3,1378.9,1649.6,1276,1343.1,1419.8,1513.6,1605.7,1694,1775.9,1873.2,1812.6,1967.9,1339.6,1401.6,1476.3,1545.1,1611.2,1681.4,1744.2,1822.4,1914,1995.8,1394.8,1450.4,1528.5,1599.8,1786.4,1865.1,1952.7,2033.3,1590.9,1561.7,1665.9,1751.2,1838.6,1916,2001.1,2073.7,1567.5,1640.6,1721.8,1815.3,1881.6,1926.6,1974.9,2048.6,1696.9,1775.1,1861.8,1946.5,2019.2,2088.9,1726.4,1742.3,1827.9,1907.9,1981.8,2062.9,1736.4,1787,1889.8,1930.6,2165.9,1883.2,1921.6,2002,2060.1,1978,2053.3,2102.9,2131.5,2030,2108.7,711.97,778.61,571.05,613.48
490.65,640.54,445.58,538.45,675.81,862.86,943.14,1034.1,1125.6,1206.7,559.01,542.05,620.66,754.48,889.99,960.47,1044.2,1159.7,1221.6,782.08,606.59,600.02,718.59,745.91,795.97,864.06,955.27,1090.4,1190,1217.2,624.09,724.86,795.15,820.05,872.97,921.54,1042.8,1157.8,1278.5,794.55,776.36,306.01,492.67,467.8,183.18,118.93,424.22,383.18,287.29,351.97,303.4,101.86,0,245.12,193.57,131.64,254.81,286.92,328.76,341.55,487.08,533.3,414.82,551.05,528.93,179.9,388.86,398.81,900.72,929.95,932.6,1126.4,1202.5,1369.4,1406.5,1051.6,1134.3,1303.3,1333.1,1510.9,1176.2,1440.5,1677.8,1727.5,1233.1,1579.1,1104.4,1773.9,1728.2,1676.1,2233.4,1577.1,1713.4,1836.1,1900.3,1498.7,1627.7,1768.8,1883.6,1943.4,1599.2,1686.6,1821.8,1964.9,1777.2,1872.5,1906.4,2026.7,1837.9,1948.2,2006.9,2070.7,2097.5,2110.8,1917.8,2049.9,2126.5,1900.3,1973.4,2054,2108.3,1989.5,2099.2,2239.5,2193.1,1822.7,1276,1485.4,1585.6,1659.8,1799.6,1455,1611.7,1684.9,1737.3,1781.8,1297.6,1459.3,1691,1832.3,1304.5,1496.5,1556.4,1686.6,1730.6,1792.4,1659.2,1785.8,1383.4,1654.8,1790.4,1545.6,1791.9,1764.1,1402.3,1527.5,1666.3,1824.4,1859.2,1860.7,1874.1,1793,1811.8,1832.3,654.36,646.25,673.05,824.51,811.42,744.05,731.1,698.12,790.91,885.15,985.97,886.49,840.71,822.71,780.71,919.59,958.11,948.12,922.39,879.55,951.93,1059.5,1064.3,819.13,1139.4,959.23,1030,1106.5,1177.1,1292.3,1379.6,1264.7,1108.7,1064,1112.8,1171.3,1213.2,1229.8,1300.7,1276.8,1343.7,1339.3,1423.4,1409.1,1501.9,1475.8,1525.1,1591.3,1637.6,1539.4,1587,1634,1622.3,1636.2,1686.7,1711.5,1688.1,1671.7,1737.2,1724.1,1788.1,1811.6,1726.9,1801.2,1773.7,1814.8,1880.2,1922.7,1964.5,1806.3,1514.2,1638,1765,1900.2,2029.2,1550,1850.2,1947.7,2020.6,1323,1204.4,1252.8,1324.8,1406.7,1658.2,1322.3,1381.7,1450.4,1536.9,1622.5,1705.9,1783.9,1877.2,1814.5,1967.7,1387.9,1442.7,1509.8,1573,1635.8,1702.5,1759,1833.1,1920.5,1999,1444.3,1493.8,1564.2,1629.7,1803.9,1878.4,1961.8,2038.7,1629.5,1605.1,1698.2,1776.5,1858.8,1932.3,2013,2082.4,1616.2,1682.1,1756.1,1843,1905.3,1947.4,1993.3,2063.2,1739.8,1811.2,1891.6,1971.4,2039.5,2105.9,1775,1786.4,1865.7,1939,2008.5,2085.2,1787.8,1835.6,1928.3,1966,2184.6,1930.2,1962.8,2035.4,2088.7,2020.3,2088.2,2133.7,2164,2073.2,2120.1,653.94,754.95,546.44,577.9
522.29,675.19,403.28,521,678.36,881.36,967.05,1064.3,1157.4,1244.3,425.71,460.84,558.19,722.5,876.49,965.09,1048.3,1171,1247.2,580.99,392.77,419.42,585.04,648.4,723.02,813.17,913.9,1068,1186.8,1203.7,396.55,536.16,643.02,696.97,736.67,819.31,974.93,1108.7,1244.4,810.31,809.71,506.79,641.53,590.76,422.03,332.54,517.6,403.23,337.56,461.71,144,175.52,245.12,0,92.087,204.71,237.55,115.74,211.81,278.01,265.89,296.53,172.49,323.46,284.07,312.57,410.15,558.16,717.78,761.7,782.95,1004,1097.5,1275,1341.4,861.34,975.16,1152.2,1209.9,1396.4,989.27,1304.7,1563.8,1603,1166.7,1452.5,959.38,1658.3,1596.7,1541.9,2120.9,1547.6,1689.3,1819.4,1886.5,1442.4,1581.3,1731.2,1852.8,1916.2,1522.5,1626.8,1770.9,1923.7,1706.7,1813.5,1840.8,1974.3,1755.5,1873.7,1935.7,2009.1,2030.4,2069.5,1824.4,1968.8,2053.5,1788.2,1871.9,1957.5,2015.9,1872.5,1990.9,2168.4,2107.7,1718.3,1336,1561.1,1665,1739.7,1883.8,1514.1,1679,1754.5,1812.5,1852.1,1332.9,1504.5,1748.7,1895.7,1321,1523.8,1593.9,1729.3,1779.9,1842.4,1693.3,1825.4,1390.3,1677,1819.7,1547.9,1811.2,1773.4,1380.6,1515.5,1660.8,1824.7,1975.1,1966.8,1974.2,1876.8,1883.5,1895.7,425.02,404.82,427.93,599.89,584.38,510.89,486.86,456.74,553.38,658.32,771.06,655.19,601.29,578.2,536.63,680.82,725.06,706.7,677.89,634.57,709.01,819.99,838.88,574.25,902.11,714.26,785.06,862.39,935.42,1047.9,1134.7,1022.4,867.8,820.58,867.81,940.29,987.53,994.63,1073.4,1039.4,1113.4,1099.2,1191.2,1167.3,1268.2,1231.8,1284.4,1355.5,1406.9,1295.5,1345.5,1396.4,1377.2,1394.1,1447.6,1476.7,1458.2,1426.8,1492.1,1483.1,1547.1,1572.2,1482.2,1556.5,1528.8,1570.2,1636,1679,1719.4,1571.2,1270.8,1393.5,1521.7,1658,1795.1,1305,1605.2,1703.1,1776.8,1128.3,991.29,1034.8,1121.1,1213.3,1498.1,1101.9,1171.8,1252.4,1350.6,1447.4,1539.6,1624.7,1725.5,1667.2,1824,1165,1229.2,1307.2,1379.1,1447.2,1519.6,1587.2,1668.6,1763.8,1848.6,1219.9,1277.1,1358.2,1432.4,1627.1,1709.1,1800,1883.8,1419.3,1388.2,1497.1,1586.4,1677.1,1757.4,1846,1921.1,1392.7,1467.8,1551.8,1649,1717.6,1764.6,1814.6,1891.1,1523.6,1604.4,1694.2,1781.7,1857.3,1929.5,1551.6,1568.5,1656.4,1739.4,1815.9,1899.6,1561.1,1612.1,1718,1760,2005,1708.7,1748.7,1832.3,1892.9,1804.7,1882.9,1934.5,1962.1,1856.4,1953.7,886.66,949.37,743.17,788.01
438.59,592.94,333.79,447.8,602.75,804.01,889.07,985.52,1078.6,1164.7,393.32,406.35,499.12,656.32,806.68,891.37,975.21,1096.8,1170,591.8,413.36,414.51,555.5,603.71,669.94,753.6,852.19,1001.8,1116.1,1135.7,430.91,537.83,623.57,663.77,710.01,778.25,922.17,1050.5,1182.2,733.02,728.86,487.05,647.72,606.4,376.75,301.62,542.42,448.51,369.2,478.87,226.06,163.47,193.57,92.087,0,117.48,152.07,94.34,160.9,209.09,356.66,343.53,232.69,412.16,357.16,223.04,325.85,558.52,716.71,752,763.28,972.68,1059.2,1233.3,1289.3,865.53,961.46,1134.9,1179.7,1363.1,991.69,1280.5,1530.7,1574.4,1114.4,1424.5,938.33,1626,1571.2,1517.5,2088.1,1485,1625.5,1753.9,1820.3,1387.8,1523.9,1671.4,1791.3,1853.7,1475,1573.8,1715.3,1865.4,1657.5,1760.6,1790.1,1919.5,1710.5,1826.2,1887.1,1957.4,1980.5,2011.5,1783.6,1923.7,2005.7,1754.8,1834.3,1918.1,1975,1841.2,1956.2,2120.1,2064.4,1681.6,1252.6,1475.7,1579.1,1653.9,1797.5,1431.2,1595,1670.2,1727.4,1767.9,1254,1424.1,1666.4,1812.6,1246,1447,1515.2,1649.8,1699.2,1761.7,1615.4,1746.6,1317.8,1601.6,1743,1476.9,1736.7,1701.2,1315.4,1448,1592,1754.7,1885.2,1877.9,1885.9,1790.5,1799.1,1812.6,512.25,484,496.27,630.94,671.57,595.84,560.08,510.45,600,691.63,793.3,740.35,681.3,649.94,596.78,729.01,765.3,783.99,749.15,698.73,765.09,869.02,870.76,637.89,947.72,782.96,848.2,921.52,988.17,1107.8,1197.2,1097.5,945.21,894.31,935.91,977.95,1019.6,1037.2,1107.1,1085.1,1150.2,1149,1230.2,1220,1308.9,1290,1335.1,1398.7,1444.2,1353.2,1397.6,1442.1,1443.2,1447.4,1495.5,1518.6,1494.6,1494.3,1556.4,1534.1,1598.1,1620.5,1551.1,1625.2,1590.9,1630.2,1694.7,1736.1,1783,1613.6,1343.4,1453.2,1577.7,1711.2,1836.2,1368.1,1668.2,1763.2,1833.7,1136,1012.3,1059.9,1135,1220.3,1486.3,1129.1,1190.4,1262.6,1353.3,1443.7,1531.1,1612.6,1709.7,1649.2,1804.5,1194.5,1250.7,1320.6,1386.7,1451.5,1520.5,1581.7,1659.3,1750.6,1832.4,1250.8,1301.3,1374.1,1442.3,1624.6,1702.4,1789.5,1869.9,1438.3,1412.6,1509.6,1591.8,1677.4,1753.9,1838.2,1910.4,1422.8,1490.1,1566.6,1656.9,1721.6,1765.6,1813.3,1886.2,1547.4,1621,1704.3,1787,1858.1,1927,1581.6,1593.7,1674.9,1751.1,1823,1902.5,1594.3,1642.2,1737.3,1776.1,2004.4,1737,1770.9,1846.4,1902.1,1828.1,1898.6,1946,1975.4,1880.8,1945.8,847.48,936.51,728.02,765.39
377.69,531.66,315.46,413.55,557.61,751.23,833.87,927.57,1020.1,1103.7,430.46,410.44,490.37,629.38,769.81,845.46,929.59,1047.8,1114.4,667.8,502.3,481.3,588.62,614.29,665.64,736.57,829.75,969.27,1074,1098.7,529.09,606.54,667.11,688.89,742.61,789.95,913.81,1031.8,1155.6,681.45,668.8,436.25,623.62,595.65,299.2,250.32,545.85,482.62,391.45,475.51,319.08,172.05,131.64,204.71,117.48,0,123.17,190.78,205.99,210.21,470.46,450.97,347.5,527.91,473.82,108.47,269.32,530.05,778.68,804.03,803.51,994.9,1071,1238.5,1278.6,930.77,1006,1173.5,1201.5,1379.3,1053.8,1309.3,1546.3,1595.9,1104.7,1447.6,974.25,1642.3,1596.7,1544.7,2102,1455.9,1593.7,1718.4,1783.4,1372.3,1503.2,1646.2,1762.7,1823.3,1470.1,1559.9,1696.8,1841.9,1649.1,1746.2,1779.1,1901.7,1708.4,1819.7,1878.9,1944.1,1970.2,1988,1787.4,1920.8,1998.3,1768.9,1842.4,1923.4,1978.1,1857.9,1967.9,2111.7,2063.6,1691.5,1181.9,1398.8,1501,1575.6,1717.7,1361.2,1521.8,1596.1,1651.1,1693.6,1194.1,1360,1597.3,1741.2,1194.7,1390.9,1454.6,1587,1633.6,1695.8,1556.4,1685.2,1271,1547.9,1686.2,1432.4,1684.3,1653.4,1282.4,1410.4,1551.2,1711.2,1793.6,1789.8,1800.1,1710.9,1724.2,1741.2,628.81,601.36,611.13,723.25,788.2,713.08,676.24,618.85,703.48,784.93,876.45,857.59,798.66,765.49,707.79,832.46,863.07,900.88,864.36,811.19,873.14,972.24,961.31,750.32,1048.3,897.16,959.75,1030.7,1093.3,1217,1307.8,1213.6,1062,1010.2,1049.6,1072.4,1109.4,1135.2,1197.8,1185.1,1243.2,1251.8,1324.6,1324.6,1404.5,1397.8,1438.1,1496,1536.6,1460.6,1501.3,1541.1,1555.4,1552,1596.1,1614.6,1586.1,1607.1,1667.5,1637,1700.8,1721.1,1664.6,1738.6,1700.8,1738.9,1802.4,1842.8,1893.5,1709.7,1458.6,1561.8,1683.9,1815.2,1930.9,1478.8,1778.6,1871.8,1940.2,1202.5,1092.4,1143.4,1207.7,1285.5,1529,1214.2,1267.3,1330.7,1413.2,1496,1577.6,1654.4,1746.8,1683.9,1836.7,1281.2,1330,1391.7,1451.5,1512.5,1577.6,1631.6,1704.4,1790.7,1868.4,1338.5,1382.7,1447.4,1509.3,1677.4,1750.4,1832.6,1908.6,1514.5,1493.8,1579,1653.5,1733.4,1805.3,1884.5,1953.1,1509.1,1569.1,1638.2,1721.1,1781.3,1822.1,1867,1935.6,1627.7,1694.2,1770.7,1847.9,1914,1979,1667.4,1675.2,1749.7,1818.8,1885.8,1960.5,1682.8,1728,1812.7,1848.3,2058.4,1821,1849.2,1916.5,1967,1907.3,1970,2013.1,2044.3,1960.8,1991.5,765.3,883.37,675.4,703.15
286.53,440.91,195.45,301.76,453.55,653.34,738.03,834.12,927.17,1013,312.66,287.33,369.27,515.15,661.14,742.65,826.71,947.38,1019.1,567.95,419.21,378.28,467.95,491.15,544.21,618.75,714.19,858.61,969,990.65,457.29,502.1,548.98,566.41,621.2,666.85,793.78,915.16,1042.3,582.49,577,558.66,746.38,716.58,416.16,373.4,663.22,587.42,500.91,594.34,377.55,281.15,254.81,237.55,152.07,123.17,0,157.88,111.63,88.233,488.03,399.03,323.05,535.82,452.23,154.26,173.81,653.01,667.97,688.3,683.71,871.88,948.03,1116.2,1159.6,820.95,886.79,1052.5,1078.4,1256.2,941.66,1186.7,1423.2,1472.8,985.31,1324.5,853,1519.2,1473.7,1421.8,1979.1,1344.1,1483.3,1610,1675.8,1254.9,1387.8,1532.8,1650.8,1712.3,1349.8,1442.1,1580.7,1727.8,1529.7,1628.6,1660.6,1785.4,1587.6,1699.9,1759.6,1826.3,1851.5,1873.9,1665.5,1800.2,1878.8,1645.9,1720,1801.3,1856.3,1734.8,1845.1,1992.5,1942.6,1568.8,1100.6,1324.3,1427.9,1502.7,1646.6,1279.2,1443.1,1518.4,1575.8,1616.1,1102.5,1272.2,1514.3,1660.6,1096.2,1296.2,1363.6,1498,1547.2,1609.7,1464.1,1595,1169.2,1451.4,1592.1,1329.2,1586.8,1552.6,1172.4,1303,1445.8,1607.6,1738.6,1729.6,1736.7,1639.5,1647.3,1660.6,629.73,583.99,575.21,638.91,786.43,705.81,645.69,563.1,635.94,700.93,780.43,848.71,778.01,729.97,656.69,762.91,784.09,872.86,825.88,762.76,812.24,900.79,872.21,702.73,971.71,853.85,906.84,971.05,1024.5,1156,1249.7,1177.5,1032.1,973.75,1002.9,987.18,1018.4,1054.3,1107.3,1106.8,1155.2,1177.6,1238,1253.2,1319,1332.8,1363.4,1412.5,1446.7,1394.5,1427.8,1459.9,1500.8,1479.7,1517.1,1529,1495.1,1554.7,1609.8,1561.4,1624.9,1641.8,1614.1,1687.5,1639.6,1674.5,1735.8,1773.9,1833.5,1624,1416,1497.9,1614.3,1741.3,1843,1420.3,1718.3,1806.8,1870.5,1092.2,992.2,1046,1101.4,1174.3,1408.7,1117.8,1163.8,1221.1,1299,1378.6,1458.2,1533.8,1625.2,1561.8,1714.3,1186.1,1228.1,1283.7,1339.8,1398.8,1461.9,1513.1,1584.5,1669.6,1746.5,1244.3,1282.5,1340.8,1398.6,1560,1631.3,1712.1,1787.2,1409.7,1393,1469.6,1539.8,1617,1687.3,1764.8,1832.4,1412.9,1466.5,1530,1608.5,1666.6,1705.9,1749.7,1816.7,1525.9,1587,1659.2,1733.6,1797.5,1861,1570.3,1574.2,1643.5,1708.1,1772.4,1844.8,1588.4,1630.8,1706.8,1740.2,1941.1,1722,1745.3,1806.9,1854.5,1804.1,1861.3,1901.7,1934,1858.1,1871.6,874.44,1004.2,796.8,822.07
426.07,575.1,293.75,412.75,570.95,774.68,860.71,958.54,1051.3,1139.1,312.87,345.39,443.28,609.31,764.59,855.31,938.04,1061.3,1139.6,497.53,319.68,322.01,473.85,533.16,607.29,698.02,799.08,954.36,1075,1090.6,340.38,444.42,536.8,584.66,627.04,704.91,859.19,993.19,1129.5,703.79,707,580.94,736.47,691.55,469.88,395.93,623.16,516.44,445.41,562.92,256.54,253.55,286.92,115.74,94.34,190.78,157.88,0,98.082,171.41,333.66,260.45,167.05,378.74,296.66,281.54,317.3,648.8,624.1,661.73,676.9,892.8,983.99,1160.7,1225.7,772.12,872.86,1047.9,1099.3,1284.7,898.66,1196.8,1452.2,1493.3,1050.9,1343,852.83,1547.1,1488.3,1434.1,2009.6,1432.6,1574.6,1705.2,1772.4,1326.7,1465.7,1615.8,1737.6,1801.1,1407.2,1511.1,1655.2,1808.2,1591.3,1697.8,1725.2,1858.5,1640.6,1758.5,1820.3,1893.5,1914.9,1953.9,1710.5,1854,1938.2,1676.6,1758.9,1844,1902,1761.7,1878.9,2053.1,1993.3,1605.5,1235.3,1463.5,1568,1642.6,1787.4,1412.4,1578.7,1654.5,1713.8,1752.1,1226.8,1399.8,1645.9,1793.9,1211.6,1415.6,1487.4,1623.5,1675.3,1737.8,1585.9,1718.7,1279.2,1567.6,1711.1,1435.9,1701,1662,1266.4,1401.9,1547.7,1712,1888.4,1876.8,1882.3,1780.2,1783.8,1793.9,471.87,428.02,426.33,538.44,628.65,548.39,494.49,428.32,513.06,599.5,699.21,691.71,623.54,581.49,518.17,642.13,675.01,721.27,679.27,622.44,682.42,782.02,777.98,561.66,859.01,710.21,770.15,840.18,902.73,1026.4,1117.5,1030.2,881.65,826.32,861.76,886.43,926.73,947.22,1014.5,996.1,1058.3,1061.8,1138.8,1134.1,1218,1207,1248,1308.5,1352.1,1269.8,1311.1,1352.7,1365.9,1361.5,1407,1427.9,1402.3,1418.1,1477.5,1447,1510.9,1532,1476.1,1550,1510.3,1548.2,1611.6,1652.1,1703.2,1522.9,1272.6,1371.1,1493.2,1625,1745,1288.6,1588.2,1681,1749.5,1042.2,918.01,965.93,1040.8,1126.7,1397.3,1035.4,1096.1,1168.6,1260.4,1352.2,1441,1523.8,1622.4,1562.7,1718.8,1101.1,1156.5,1226.4,1293,1358.3,1428,1490.8,1569.6,1662.2,1745.3,1157.6,1207.2,1279.8,1348.4,1532.9,1611.9,1700.2,1781.8,1344,1318.5,1415.5,1498.5,1585.1,1662.5,1748.1,1821.2,1329.3,1395.8,1472.4,1563.2,1628.6,1673.2,1721.4,1795.2,1453.3,1526.7,1610.4,1693.7,1765.7,1835.3,1488.1,1499.7,1580.5,1657,1729.5,1809.6,1501.3,1548.7,1642.9,1681.8,1912.4,1643.3,1676.7,1752.2,1808.4,1733.9,1804.3,1852,1881.3,1786.6,1855.7,940.74,1030,821.67,859.66
337.21,482.25,196.6,315.81,474.07,677.87,763.98,861.97,954.62,1042.6,234.06,249.84,346.44,511.35,666.51,757.48,840.1,963.47,1042.2,463.15,307.94,275.49,396.04,443.5,513.13,601.52,702.1,856.58,976.9,992.65,345.86,400.67,467.92,503.21,550.86,617.59,765.45,897.41,1032.6,607.12,612.18,633.76,805.4,766.44,504.63,445.98,703.31,605.89,529.43,639.39,354.27,322.48,328.76,211.81,160.9,205.99,111.63,98.082,0,79.649,421.59,292.92,235.48,460.3,360.01,264.19,233.89,714.68,573.13,601.23,606.66,812.11,898.39,1072.9,1132.4,724.94,807.02,978.26,1019.2,1202.2,848.48,1121.2,1369.9,1414,957.54,1264.3,780.53,1465.2,1411.4,1358,1927.2,1335.8,1477.4,1607.7,1674.9,1232.4,1370.4,1519.8,1641.1,1704.4,1316.2,1417.5,1560.6,1712.6,1499.4,1604.3,1632.7,1764.3,1551,1667.5,1728.8,1800.5,1822.8,1858.5,1623.2,1764.3,1847.1,1593.9,1673.5,1757.5,1814.7,1680.4,1795.3,1961.8,1904.5,1520.7,1140.9,1370.5,1475.2,1549.7,1694.9,1317.4,1484.3,1560.2,1620.1,1657.7,1130,1303.4,1550.3,1698.7,1113.8,1318,1390.3,1526.6,1578.9,1641.4,1488.5,1621.5,1181.2,1469.8,1613.5,1337.8,1603.1,1563.9,1168.9,1304.1,1449.8,1614,1801.5,1787.9,1792.2,1687.6,1689.5,1698.7,546.96,490.98,473.04,528.21,699.5,616.64,545.09,454.07,524.62,590.24,673.77,757.03,680.81,626.53,548.43,651.36,672.77,771.62,720.81,654.79,701.49,789.16,762.95,595.25,860.26,747.06,797.38,860.28,912.92,1044.9,1138.9,1072.2,929.43,868.81,894.77,877,909.85,943.33,998.67,995.55,1045.8,1066.1,1128.3,1141.6,1209.1,1221.4,1251.9,1302.1,1338,1282.9,1316.3,1349.1,1390.5,1368.1,1406.1,1419.1,1386.8,1444.7,1498.9,1450,1513.6,1530.8,1504.5,1577.7,1528.3,1563,1624.2,1662.3,1722.4,1514.2,1308.3,1386.4,1502.6,1629.8,1733.8,1309.4,1607.1,1695.3,1758.9,996.63,888.01,940.24,1001.8,1079.8,1331.6,1011.6,1062,1124.8,1208.6,1293.9,1378.2,1457.6,1553,1491.6,1646.3,1079.3,1125.1,1185.7,1246,1307.7,1373.8,1430.6,1505.8,1595,1675.3,1137.2,1178.5,1241.5,1303.5,1475.2,1550.3,1635.1,1713.8,1308.9,1289.3,1373.1,1448.5,1530,1603.7,1685.3,1755.9,1306.7,1364.1,1432.2,1515.7,1576.9,1618.7,1664.5,1734.9,1423,1488.2,1565,1643.2,1710.8,1777.2,1464.6,1470.7,1543.9,1613,1680.7,1756.6,1481.5,1525.2,1606.9,1642.3,1855.9,1617.4,1643.8,1710.5,1761.5,1702.1,1764,1807.3,1838.4,1755.8,1792.6,971.14,1083.4,874.79,906.31
257.66,404.12,125.67,243.03,400.72,604.16,690.07,787.71,880.61,968.1,225.52,203.03,291.24,447.54,599.43,687.09,770.41,893.04,969.62,490.98,357.58,301.24,379.73,405.91,464.26,544.89,643.12,793.18,909.53,927.73,403.71,422.47,461.3,478.68,533.02,581.76,715.71,841.88,973.13,533.17,535.59,646.37,831.34,798.92,504.29,460.42,742.1,656.84,574.49,674.79,422,358.11,341.55,278.01,209.09,210.21,88.233,171.41,79.649,0,500.64,363.82,314.84,539.94,438.07,233.83,155.08,738.47,583.61,601.42,595.55,784.95,863.29,1033.4,1082.6,736.76,798.72,964.25,991.73,1170.6,856.16,1099.1,1337.9,1386.3,907.82,1237.7,764.8,1433.8,1386.6,1334.5,1894.3,1276,1416.6,1545.3,1611.9,1179.9,1315.2,1462.4,1582.2,1644.6,1270.4,1366.4,1507,1656.5,1451.7,1553.2,1583.6,1711.4,1507.3,1621.2,1681.6,1750.3,1774.3,1802.6,1583.3,1720.2,1800.5,1561,1636.6,1718.7,1774.5,1649.4,1760.8,1914.6,1861.9,1484.9,1064,1292.6,1397.2,1471.7,1616.7,1241,1407.4,1483.2,1542.6,1580.8,1056.1,1228.7,1474.6,1622.5,1043,1246,1316.9,1452.8,1504.2,1566.7,1415.9,1548.3,1112.5,1399,1541.8,1270.6,1533.2,1495.8,1106.7,1240,1384.5,1547.8,1721.9,1708.6,1713.1,1609.5,1612.5,1622.5,626.26,568.38,546.08,572.35,778.05,694.82,618.91,519.25,581.82,634,704.73,834.36,756.14,698,614.47,705.73,720.02,844.43,790.45,720.9,760.8,841.12,800.64,662.33,908.12,814.62,860.22,919.14,965.91,1102.1,1197.4,1140.9,1000.9,938.28,959.95,917.67,945,987.32,1034,1041.4,1083.4,1114.8,1166.8,1191.9,1248.3,1275.5,1299.6,1342.8,1373.1,1336.2,1364.6,1391.6,1450.1,1417.2,1450.2,1457.9,1420.7,1505.3,1556.5,1496.6,1559.7,1574.5,1565.9,1638.6,1584,1616.7,1676.5,1713,1778.3,1552.7,1373.6,1440.8,1553.2,1677.2,1770,1367.1,1663.1,1748.5,1809,1007.5,913.19,968.48,1018.7,1089.1,1320.4,1040.8,1082.6,1136.6,1212.4,1290.8,1370,1445.5,1537.1,1473.8,1626.5,1109.8,1147.7,1200,1254.2,1312.3,1374.8,1425.2,1496.3,1581.4,1658.5,1168.3,1203,1257.7,1313.5,1472.3,1543.2,1623.9,1699,1327.5,1313.1,1385.1,1453.3,1529.6,1599.4,1676.6,1744.2,1335.5,1385.4,1446,1522.5,1579.7,1618.6,1662,1728.7,1445.3,1503.4,1573.6,1646.9,1710,1773.1,1492.3,1494,1560.5,1622.9,1686,1757.6,1511.9,1552.5,1623.9,1656.2,1853.3,1642.7,1663.4,1722.2,1768.4,1722.4,1777,1816.2,1848.8,1776.7,1783.4,960.51,1092.4,884.89,910.27
758.03,903.61,614.45,732.61,889.63,1092.5,1178.5,1276.7,1368.5,1457.3,558.26,636.32,735.73,908.63,1067.2,1164.5,1244.7,1368.9,1452.6,579.85,401.93,489.23,690.41,785.53,876.39,979.05,1082,1244.8,1374.3,1383.1,363.24,567.17,716.95,801.8,821.62,936.92,1117.2,1262.1,1406.3,1022.6,1031.8,676.13,741.7,672.01,641.11,539.84,583.77,431.57,423.56,556.58,194.59,392.23,487.08,265.89,356.66,470.46,488.03,333.66,421.59,500.64,0,263.15,199.81,66.287,150.66,578.46,650.73,680.25,734.93,799.17,846.03,1087.3,1196.3,1378.8,1472.9,852.63,1010.8,1190.9,1282.9,1473.8,978.44,1358.3,1637.4,1662.8,1302.4,1513.4,1016.2,1727.9,1647.8,1590.9,2186.4,1706.3,1850.1,1984.6,2053.2,1579.7,1724.6,1879.9,2005.6,2071.2,1638.1,1756.8,1906.8,2066.3,1824.8,1941,1961.4,2105.7,1860.4,1985,2049.3,2131.4,2146.9,2210.2,1916.2,2071.6,2163.7,1859.4,1953.9,2043.9,2105.9,1936.4,2063.3,2279.1,2204.2,1799.7,1560.3,1791.2,1896.1,1970.5,2115.9,1735.7,1903.5,1979.5,2040.2,2076.9,1542.9,1718,1967,2116.2,1519.1,1725.6,1801.5,1938.7,1992.9,2055.3,1897.5,2031.7,1580.4,1873.4,2019.2,1731.8,2003.9,1959.4,1549.3,1689,1837,2003.1,2221.7,2209.2,2213.7,2108.6,2108.8,2116.2,168.31,189.45,258.94,535.28,324.35,259.68,286.15,340.15,444.22,579.42,715.73,399.96,364.48,373.84,381.2,551.12,617.49,475.33,468.56,453.54,550.32,677.25,749.11,400.98,765.78,511.89,597.92,684.84,775.13,861.79,938.55,791.03,632.1,597.36,661.19,826.9,888.93,863.48,966.34,897.25,995.55,942.16,1064.4,999.74,1134.2,1046.8,1120.1,1212.1,1280,1110.8,1176.1,1245,1167.3,1220.2,1288.6,1334.8,1333,1212,1285.6,1314.5,1377.6,1410.5,1263.2,1337.4,1328,1374.8,1443.8,1490.7,1513.1,1426.6,1043.4,1201.3,1338.3,1481.3,1651.2,1104.1,1401.3,1506.3,1588.5,1096.1,926,955.21,1071,1180.2,1512.1,1013.2,1106,1209,1326,1439.1,1543,1637,1746.5,1695.4,1854.4,1067.4,1153.1,1252.7,1339.7,1415.8,1496.3,1580.8,1671.9,1776.7,1869.3,1116.2,1191.9,1295.1,1384.9,1611.8,1704,1804.8,1897.3,1345.4,1299.7,1440.6,1548.8,1652.5,1742.4,1842,1924.5,1287.3,1383.3,1487.6,1602.8,1681.9,1736.3,1792.5,1878.4,1433.6,1533.8,1640.9,1741.3,1828.5,1909.2,1443.2,1473.7,1579.5,1681.1,1769.5,1864.3,1443.3,1502.3,1637.9,1688.3,1978.3,1602.4,1659.5,1765.4,1839.4,1711.5,1810.8,1873.9,1895.9,1759.7,1948.8,1074.4,1077.6,886.09,944.98
604.41,729.72,442.6,548.77,695.42,890.47,974.57,1071.7,1160.6,1249.8,326.01,426.55,519.37,690.22,847.42,949.6,1025.6,1148.9,1238,322.34,138.8,233.31,436.66,541.34,637.43,744.32,846.31,1011.4,1146.2,1149.5,109.48,304.18,455.29,545.13,560.5,681.71,868.17,1016.1,1162.7,824.06,844.12,802.37,921.72,862.7,714.89,628.69,781.1,642.66,602.85,736.08,353.67,472.05,533.3,296.53,343.53,450.97,399.03,260.45,292.92,363.82,263.15,0,126.87,258.52,120.81,539.58,515.71,844.3,475.42,537.03,582.92,824.72,935.06,1117.7,1217.3,601.9,749.99,930.27,1019.8,1210.6,729.74,1096.2,1374.3,1400.5,1049,1250.9,753.29,1465,1386.5,1329.7,1924.1,1459.1,1603.2,1739,1808,1325.3,1471.5,1628,1754.7,1821,1378.2,1499.7,1650.8,1811.8,1565,1682.8,1701.7,1848.1,1598.5,1723.8,1788.3,1871.8,1886.2,1954.8,1653.3,1809.3,1902.2,1596.5,1690.8,1780.8,1842.9,1674,1800.4,2017.6,1941.3,1536.5,1363.9,1599.7,1705,1778.3,1924.3,1534.1,1703.8,1780,1843.4,1876.2,1331.3,1508,1759.8,1910.3,1297.3,1504.9,1585.1,1722.9,1780.2,1842,1677.4,1812.6,1351.9,1647.2,1794.5,1498,1774.2,1725.4,1307.9,1449.2,1597.9,1764.4,2053.3,2032.8,2032.6,1916.8,1908.6,1910.3,306.35,223.77,183.15,308.59,437.08,352.15,256.7,167.89,257.78,364.52,486.04,482.04,396.33,334.23,258.68,386.29,428.56,480.78,427.89,364.16,422.28,526.16,544.83,303.85,606.59,454.84,510.33,579.77,644.65,765.99,857.1,779.31,637.15,575.89,604.26,643.95,692.87,698.34,777.95,744.02,817.12,806.09,894.68,876.55,971.77,947.15,992,1059.5,1110.5,1010.2,1054.2,1101.2,1105.9,1103.9,1153.5,1180.5,1161.9,1158.6,1217.1,1191,1255,1278.3,1217.2,1290.9,1249.9,1288,1351.9,1392.9,1442.7,1275.1,1017,1110.9,1234.3,1367.7,1498.8,1028.1,1327.7,1420.9,1490.4,857.56,705.06,744.46,841.76,942.66,1258,809.69,886.61,976.96,1085.3,1192.2,1292.3,1383.8,1491.2,1438.2,1597,871.28,940.94,1027.1,1106.2,1178.7,1255.8,1333.7,1421.6,1523.6,1614.3,925.29,986.52,1075,1155.9,1368.2,1456.8,1554.4,1644.4,1132.6,1097.2,1217,1315.3,1413.1,1499.1,1594.7,1674.8,1098.3,1178,1269,1373.9,1447.8,1498.8,1552.4,1634.6,1232.6,1319.4,1416.2,1509.8,1591.5,1668.6,1257,1276.5,1369.5,1459.4,1541.2,1630.5,1265.4,1317.4,1430.2,1475,1740.7,1414.7,1458.4,1549.2,1615.3,1513.6,1598.1,1654.1,1679.6,1564.5,1702.1,1182.5,1240.5,1036.3,1083.4
571.32,711.69,420.42,536.97,692.72,894.72,980.58,1078.8,1170.2,1259.1,360.7,436.61,535.93,708.88,867.5,965.19,1045.1,1169.3,1253.5,435.91,244.68,306.41,500.85,589.59,678.43,780.04,883.04,1045.3,1174.5,1183.5,233.21,404.68,538.47,613.86,640.52,746.58,922.08,1065.4,1208.5,825.31,836.82,676.2,795.83,738.08,594.05,504.9,657.85,523.63,478.46,610.76,232.88,347.33,414.82,172.49,232.69,347.5,323.05,167.05,235.48,314.84,199.81,126.87,0,227.67,129.62,445.92,469.35,717.65,583.64,638.24,673.89,909.29,1013.3,1195,1281.3,718.1,853.2,1033.1,1110.1,1300,846.48,1194.3,1465.8,1497.2,1109.3,1346.8,848.59,1558.2,1486.1,1430,2019.5,1509.4,1653,1787,1855.4,1386.9,1530.7,1685.1,1810.1,1875.3,1451.3,1566.2,1714.9,1873,1637.7,1751.4,1773.7,1915.2,1677.5,1800.3,1863.9,1943.5,1960.7,2017.5,1738.1,1889.9,1979.6,1689.4,1779.7,1868.2,1928.9,1769.8,1893.2,2095,2024.9,1625.3,1364.4,1596.8,1701.9,1776.1,1921.8,1538.9,1707.2,1783.4,1844.7,1880.5,1344.2,1519.7,1769.3,1918.8,1319.4,1526.1,1602.4,1739.7,1794.4,1856.7,1698,1832.4,1380.6,1673.6,1819.5,1532.3,1804.1,1759.8,1350.9,1490.2,1638,1804,2034.9,2019.6,2022.7,1914.4,1912.6,1918.8,311.49,261.12,263.73,434.99,465.1,383.32,329.25,284.3,381.41,491.37,611.04,525.73,456.53,418.01,366.08,508.43,554.44,555.24,516.89,466.57,537.24,647.51,671.71,405.8,729.88,550.28,616.5,691.78,763.15,877.73,965.95,866.36,716.03,662.78,703.23,770.1,819.7,822.88,904.61,867.13,943.26,926.69,1020.2,995.08,1096.7,1061,1112,1183.5,1236.3,1124.6,1173.2,1224,1210.9,1222,1275.1,1304.8,1287.9,1261.7,1324.6,1310.7,1374.7,1399.7,1318.4,1392.5,1359.9,1400.3,1465.5,1507.9,1551.4,1399.2,1111.1,1223.4,1350.3,1486,1623.3,1136.7,1436.9,1533.2,1605.8,978.61,830.66,870.98,965.55,1063.8,1368.9,936.49,1012.1,1099.7,1204.9,1308.4,1405.8,1495.2,1600.2,1545.2,1703.5,998.15,1067.1,1151.3,1228.3,1299.4,1375,1449.5,1535.2,1634.9,1723.6,1052.1,1113.1,1200.1,1279.2,1486,1572.3,1667.6,1755.5,1258.5,1223.9,1341.3,1437,1532.6,1616.7,1710,1788.4,1225.1,1304.6,1394,1496.9,1569.2,1618.9,1671.4,1751.7,1359.3,1445,1540,1631.9,1711.7,1787.2,1383.8,1403.3,1495.5,1583.8,1664.1,1751.8,1391.9,1444.2,1556.4,1600.6,1860.5,1541.5,1585.1,1674.4,1739.1,1640.3,1723.7,1778.6,1804.7,1691.3,1817.6,1059,1113.6,909.48,957.1
797.41,939.24,648.08,764.49,919.71,1121,1206.7,1304.8,1395.8,1484.8,573.01,659.81,757.86,930.92,1089.5,1188.9,1267.7,1391.7,1477.7,560.56,393.89,491.35,694.6,796,889.86,994.83,1097.6,1261.7,1393.8,1400.1,346.79,556.34,712.62,803.63,818.07,940.11,1125.2,1272.2,1418,1052,1064.4,741.82,802.32,731.25,707.07,605.96,642.36,488.7,486.47,618.34,260.86,457.41,551.05,323.46,412.16,527.91,535.82,378.74,460.3,539.94,66.287,258.52,227.67,0,137.77,635.08,692.9,743.21,716.19,784.2,836.6,1080.1,1192.2,1374.8,1475.8,825.7,992.54,1171.7,1271.6,1462.4,949.51,1341.6,1624.3,1646.2,1307.3,1497.7,1003.1,1713.5,1629.2,1572,2169.8,1715.9,1859.9,1995.3,2064.2,1583.7,1729.8,1886.1,2012.6,2078.7,1635.9,1758.1,1909.3,2070.3,1822.7,1941.1,1959.5,2106.5,1854.6,1980.6,2045.3,2129.6,2143.4,2213.3,1906.9,2064.7,2158.6,1845,1942,2032.9,2095.6,1920,2048.6,2273.9,2195.3,1788,1591.6,1824.4,1929.5,2003.6,2149.3,1765.6,1934.2,2010.4,2072,2107.4,1569.2,1745.1,1995.3,2145,1541.4,1748.6,1826.3,1963.8,2019.2,2081.5,1920.9,2055.6,1599.9,1894.2,2040.8,1749,2023.2,1976.6,1562.4,1703.1,1851.5,2017.9,2261.6,2247,2250.2,2142,2139.5,2145,103.32,130.55,210.41,501.63,261.61,193.87,226.74,301.71,402.52,541.04,680.06,335.44,298.26,311.64,329.98,501.52,571.61,409.19,404.6,394.66,494.5,623.06,705.15,344.82,712,448.64,536.4,624.29,716.89,799.21,874.57,724.75,565.81,531.51,596.71,777.11,841.61,809.92,916.71,841.46,943.66,883.62,1010.5,939.34,1078.7,983.89,1059.9,1154.8,1225.3,1047.9,1115,1186.4,1101.8,1158.4,1228.8,1277.5,1278.4,1146.2,1220.3,1253.2,1316.1,1350,1197.2,1271.3,1263.1,1310.4,1379.6,1426.9,1447.7,1368.6,977.19,1137.3,1275.2,1418.8,1592.9,1039.4,1336.1,1441.7,1524.6,1061.2,885.38,911.27,1032.4,1144.6,1485.2,966.96,1063.8,1171,1291.4,1407.6,1513.6,1609.3,1720.4,1671.2,1830.1,1019,1108.5,1212.1,1301.8,1379.3,1461.2,1549.1,1642,1748.6,1842.7,1066.4,1145.3,1252.5,1345.1,1578,1672.2,1774.8,1869,1300.4,1252,1398.7,1510.5,1616.6,1708.3,1810,1893.9,1236.4,1336,1444,1562.5,1643.5,1699.3,1756.7,1844.4,1385.1,1488.8,1599,1701.7,1791.1,1873.5,1391.2,1424.1,1533.1,1638,1728.6,1825.5,1389.7,1450,1590.6,1642.6,1941,1550.4,1610.6,1720.4,1796.9,1661.7,1764.8,1829.9,1850.8,1709.1,1916.3,1140.3,1139.5,949.73,1009.4
691.16,825.82,534.6,647.22,799.05,997.76,1082.8,1180.5,1270.6,1359.7,440.6,533.86,629.92,802.34,960.46,1061.4,1138.8,1262.6,1350.2,429.66,256.73,353.96,557.3,660.44,755.47,861.48,963.89,1128.6,1262.2,1266.9,213.36,420.43,575.12,665.94,680.51,802.51,988.49,1136,1282.3,929.9,946.11,766.62,860.86,795.98,702.3,607.4,710.34,563.49,538.76,673.83,288.6,449.87,528.93,284.07,357.16,473.82,452.23,296.66,360.01,438.07,150.66,120.81,129.62,137.77,0,574.42,593.15,790.79,585.01,650.59,700.46,943.37,1054.8,1237.4,1338.1,702.09,861.18,1041,1136.4,1327.3,828.15,1209.3,1490,1513.9,1169.8,1364.8,868.62,1579.9,1498.2,1441.2,2037.6,1579.4,1723.4,1859.1,1928,1446.1,1592.3,1748.7,1875.4,1941.6,1498.4,1620.4,1771.6,1932.6,1685.1,1803.3,1821.9,1968.7,1717.7,1843.4,1908,1992,2006,2075.6,1771,1928.1,2021.5,1711.5,1807.2,1897.7,1960.2,1787.6,1915.3,2136.9,2059.3,1653.1,1470.4,1704.9,1810.2,1883.9,2029.8,1642.5,1811.8,1888,1950.6,1984.7,1442.7,1619.1,1870.3,2020.5,1411.6,1619.2,1698.2,1835.9,1892.3,1954.4,1791.6,1926.6,1468.1,1763,1910,1615.7,1891,1843.2,1427.1,1568.2,1716.7,1883.2,2150.9,2133.3,2134.7,2022.4,2016.9,2020.5,194.43,131.8,145.22,387.58,340.26,256.75,203.33,199.9,305.03,434.89,568.48,397.4,327,294.25,261.63,422.17,481.24,427.11,393.9,353.24,436.15,556.14,609.18,294.01,642.57,430.31,503.67,584.17,664.26,768.15,852.8,740.43,588.24,537.62,583.89,695.01,752.69,738.83,833.32,777.81,866.51,830.56,939.2,894.44,1012.4,953.01,1013.4,1094.9,1155.8,1017,1072.6,1131.8,1093.6,1119.5,1179.5,1217.3,1208.3,1142.8,1208.9,1210.9,1274.7,1303.2,1198.1,1272.4,1246.6,1289.2,1356,1400.1,1436.4,1310.6,987.41,1113.1,1244.1,1383,1535.4,1022.5,1322.5,1422,1498.1,947.65,781.84,814.3,924.82,1032.1,1361.4,874.95,962.77,1062.3,1177.3,1289.3,1392.6,1486.4,1595.8,1544.8,1703.8,932,1012.3,1107.9,1192.7,1268,1347.8,1431,1521.6,1626.1,1718.6,982.91,1053.6,1152,1239.3,1462.6,1554.2,1654.5,1746.8,1204.8,1162.7,1296.6,1402.1,1504.3,1593.4,1692.2,1774.4,1155.3,1245.4,1345.3,1457.4,1535.1,1588.6,1644.2,1729.3,1297.4,1393,1496.8,1595.2,1681,1760.8,1312.7,1339,1440.3,1538,1624.4,1717.7,1316.1,1372.5,1499.5,1548,1830.7,1471.6,1523.7,1624.2,1695.6,1576.9,1670.9,1731.5,1754.8,1626.2,1799.1,1158.6,1190,991.07,1044.3
315.13,462.03,302.24,375.62,502.4,684.74,764.15,854.55,945.83,1026.8,457.69,409.37,472.42,589.04,717.24,783.7,867.12,981.31,1042,721.76,572.01,531.9,605.1,609.24,645.28,702.74,789.24,917.88,1013.3,1042.2,607.01,655,690.84,695.07,754.45,781.46,884.8,991.98,1107.6,617.22,597.18,448.72,654.47,638.84,290.81,279.85,601.75,561.13,466.03,528.74,425.7,258.29,179.9,312.57,223.04,108.47,154.26,281.54,264.19,233.83,578.46,539.58,445.92,635.08,574.42,0,222.27,560.01,817.32,832.84,821.25,992.96,1058.6,1218.5,1243.8,970.48,1024.8,1185,1197,1368.3,1089.2,1310.6,1533.8,1588.6,1072.3,1442.5,985.38,1629.9,1593.1,1543,2085.9,1403.9,1538.7,1659.9,1723.6,1332.6,1458.4,1596.7,1709.9,1768.8,1439.4,1520.8,1652.9,1793.3,1614.4,1705.8,1741.6,1857.7,1679.1,1786.1,1843.6,1904.1,1932.6,1938.9,1763.1,1889.9,1963.3,1754,1821.8,1899.9,1952.4,1845.1,1950.1,2075.5,2034.2,1673.2,1097.1,1308.7,1409.7,1484.1,1624.9,1276.2,1434,1507.5,1560.9,1604.7,1117.7,1279.6,1512.3,1654.3,1125.3,1316.7,1376.6,1506.9,1551.2,1613.1,1479.3,1606,1204.9,1475,1610.5,1367.4,1612.2,1585,1228.1,1351.3,1488.9,1646.1,1693.1,1691.5,1703.2,1618.2,1634.9,1654.3,735.27,703.86,707.7,792.39,894.57,818.29,775.02,706.59,784.77,854.43,934.54,962.77,900.89,862.78,798.21,912.75,936.69,1001.1,960.77,903.19,958.82,1051.5,1026.4,842.54,1123.9,991.65,1049.9,1117.4,1174.5,1303.1,1395.6,1311.5,1161.9,1107.7,1142.9,1141,1172.6,1207.5,1261.6,1259.5,1309.4,1329.4,1392.1,1404.2,1473,1481.7,1515.4,1566.2,1601,1543.8,1579.5,1613.3,1645.3,1631.1,1670.2,1683,1649.3,1698.2,1755.8,1713.7,1777.3,1795,1756.7,1830.4,1787.1,1823.3,1885.5,1924.4,1980.6,1778.1,1554.1,1646.4,1764.9,1893.2,1997.2,1566.6,1865.5,1955.9,2021.2,1241,1145.6,1199.8,1252.5,1322.2,1542.3,1271.8,1316.1,1370.1,1443.9,1518.7,1594.3,1666.3,1753.7,1688.6,1838.5,1340.2,1380.9,1433.8,1487,1543.9,1604.7,1651.2,1719.1,1800.3,1873.9,1398.4,1435.7,1491.5,1546.7,1699.9,1767.8,1844.9,1916.5,1561.3,1546,1618.6,1684.9,1758.7,1825.9,1899.7,1964.5,1566.8,1618.8,1679.6,1754.8,1810.3,1847.7,1889.6,1953.7,1678.6,1737.2,1806.4,1877.8,1938.7,1999.6,1724.1,1727.1,1794.3,1855.9,1917.6,1987.1,1742.5,1784.5,1857.8,1889.9,2080.7,1875.3,1897.1,1955.6,2000.6,1956.1,2010.5,2048.8,2081.9,2010.3,2005.9,729.91,880.3,676.86,693.33
112.75,267.48,110.07,153.4,288.39,483.19,566.9,662.09,755.03,840.24,303.2,216.17,257.16,367.4,501.54,576.21,660.37,779.11,847.99,593.86,491.52,412.66,420.64,400.38,425.91,480.48,568.01,701.69,804.71,829.8,544.4,520.33,512.46,494.78,558.79,567.23,662.63,770.81,889.62,412.92,404.1,670.98,875.32,855.93,512.02,498.82,812.19,751.17,660.73,740.52,551.25,440.78,388.86,410.15,325.85,269.32,173.81,317.3,233.89,155.08,650.73,515.71,469.35,692.9,593.15,222.27,0,780.8,656.91,656.79,630.88,781.35,840.52,997.51,1021.8,807.37,832.19,983.04,982.67,1150.1,917.05,1099.5,1314.7,1371.8,850.11,1227.1,784.97,1410.8,1378.2,1329.2,1865.3,1188.5,1325.4,1449.3,1514.2,1111.7,1239.2,1379.9,1495.1,1555.2,1217.2,1299.8,1433.5,1576.1,1392.5,1485.2,1520.3,1638.4,1456.8,1564.2,1621.9,1683.5,1711.3,1722,1541,1667.7,1741.6,1533.9,1600.3,1677.9,1730.2,1625.6,1729.1,1854,1812,1452.2,926.79,1151,1254.9,1329.6,1473.8,1105.4,1269.4,1344.7,1402.4,1442.4,930.03,1098.9,1340.6,1486.8,926.78,1124.9,1191.1,1325.1,1373.8,1436.2,1292,1422.3,1002.1,1281,1420.7,1163.2,1417,1384.8,1014.2,1141.2,1281.8,1442,1571.1,1559.9,1565.9,1466.7,1473.7,1486.8,780.83,723.35,698.71,694.27,933.11,849.9,771.95,665.38,719.12,754.25,805.93,989.26,910.05,849.03,760.78,838.4,843.52,996.36,939.6,866.75,898.9,969.53,909.95,809.42,1030.5,961.62,1001.9,1055.8,1094.8,1235.8,1332.4,1288.4,1151.3,1086.9,1103.9,1029.9,1048.8,1103.6,1137.1,1160.1,1189.4,1236.8,1273.7,1316,1355.9,1404.6,1419.3,1452,1473.5,1463.8,1485,1503.3,1585.9,1538.5,1564,1563.4,1518.9,1642.2,1689.5,1613.9,1676.3,1687.1,1703.8,1775.9,1714.1,1744.1,1801.6,1835.9,1908.6,1657.4,1517,1569.5,1676.2,1795.2,1870.4,1500.6,1793.6,1874.7,1930.6,1071.3,1002,1061.4,1092.4,1148.9,1339.9,1134.5,1161.8,1200.2,1261.2,1326.1,1394.9,1462.1,1545.3,1478.8,1626.4,1204.7,1229.6,1267.4,1310.4,1361.4,1416.6,1454.6,1517.4,1593.9,1664.1,1263.9,1287.5,1327.8,1372.4,1506.1,1568.4,1640.7,1708.5,1401.1,1395.3,1446.8,1501.6,1567.6,1629.5,1697.9,1759.3,1426,1463,1510.3,1574,1623.3,1656.6,1695.1,1754.4,1524.2,1569.8,1628,1691.7,1746.3,1802.7,1579.9,1574.2,1628.9,1679.1,1733.6,1796.8,1604,1639.4,1692.7,1719.4,1885.4,1725.6,1736.4,1781.2,1818.5,1796.5,1837.8,1869.5,1904.9,1851.7,1803,931.02,1098.8,897.39,910.31
874.01,1015,844.25,933.13,1061.8,1237,1312.4,1397.5,1485.7,1561.2,948.67,940.31,1019.3,1148.2,1276.6,1338.7,1421.1,1530.9,1583.5,1138.9,950.79,970.56,1110.3,1144,1194.6,1260.1,1348.8,1477.1,1567.7,1599.1,950.17,1091.4,1181.6,1215,1265.2,1319.8,1440.3,1551.6,1667.3,1171.9,1145.8,131,94.515,104.4,289.71,282.64,148.6,279.66,256.76,129,502.21,395.47,398.81,558.16,558.52,530.05,653.01,648.8,714.68,738.47,680.25,844.3,717.65,743.21,790.79,560.01,780.8,0,1272.2,1310.2,1321,1522.9,1601,1768.2,1802.3,1418.2,1519.9,1692.7,1729.9,1909,1545.7,1834.9,2076.1,2124.6,1629.8,1975.7,1495.2,2172.1,2124,2071.3,2632,1962.3,2095.5,2214.1,2276.5,1892.4,2018.3,2155.8,2267.5,2325.5,1996.4,2080.5,2212.9,2352.5,2173.1,2265.7,2301.1,2417.7,2235.5,2344.5,2402.5,2464,2492.1,2497.9,2316.4,2447.2,2522.2,2298.9,2372.2,2452.6,2506.7,2387.7,2497.9,2634.7,2590.8,2221.5,1612.2,1802.6,1897,1969.3,2102,1787.9,1934.3,2004.1,2050.2,2098.7,1651.8,1803.3,2021,2155,1670.4,1852.8,1904.7,2029,2067,2127.4,2008.4,2129.3,1753.5,2012.4,2141.6,1916.4,2149.9,2128.7,1785.6,1905.7,2040.1,2193.8,2122.5,2136.7,2157.2,2096.1,2126.8,2155,832.69,869.47,929.35,1152.6,961.94,922.12,965.88,987.94,1091.4,1208.7,1327.3,1043.2,1034.6,1054.1,1050.7,1212.6,1267.4,1145.3,1147.8,1132.2,1224.3,1346.7,1388.7,1077.1,1433.4,1191.8,1278.1,1364.4,1451.6,1542,1617.6,1452.9,1293.5,1269.6,1339.4,1482.9,1535.9,1529.5,1619.5,1568.4,1655.5,1618.6,1729.5,1678.8,1803.1,1726.9,1798.8,1885.3,1946.2,1791,1855.8,1921,1840.4,1900.3,1966.7,2007.8,1998.5,1882,1959.7,1994.2,2057.5,2089.3,1929.7,2003.1,2004.3,2052.7,2122.3,2170,2186.3,2100.8,1704.9,1880.3,2018.4,2161.5,2325.7,1781.3,2076,2183.5,2267.6,1686.2,1547.4,1588.6,1679,1771.1,2044.7,1654,1728.5,1810.6,1907.4,2001,2089.5,2171,2267.5,2206.3,2360.8,1714.9,1784.5,1865.1,1937.1,2004.5,2075.7,2139.6,2217.8,2308.9,2389.9,1768.1,1830.8,1915.6,1990.5,2181.5,2260.6,2348,2428,1975.5,1941.5,2055.1,2144.1,2233.1,2311.2,2396.6,2469,1941,2022.2,2109.4,2207,2275,2320.9,2369.8,2444,2076.9,2161.4,2252.3,2339.4,2413.5,2484,2099.4,2120.7,2212.6,2297.5,2373.9,2456.6,2105.2,2159.6,2273.8,2317,2560.6,2257.6,2302.7,2389.9,2451.1,2357.9,2440,2492.5,2519.9,2408.7,2504.1,435.08,399.25,208.12,274.41
670.87,705.22,546.94,566.59,625.43,746.08,808.94,888.41,957.56,1039.1,361.3,444.01,454.47,541.91,651.66,751.97,801.8,907.63,1006.1,155.64,339.99,302.21,248.92,340.81,420.02,512.58,586.69,736.39,876.76,858.94,371.73,181.69,159.4,251.01,202.63,347.85,538.59,684.35,830.06,704.87,752.47,1203,1358.2,1308.5,1077.7,1016,1233.5,1106,1052.8,1179.5,815.63,877.54,900.72,717.78,716.71,778.68,667.97,624.1,573.13,583.61,734.93,475.42,583.64,716.19,585.01,817.32,656.91,1272.2,0,79.762,161.4,391.13,512.88,689.16,822.52,153.16,276.38,456.03,562.83,752.18,275.5,625.56,910.74,930.07,676.56,782.01,293.82,998.39,913.34,856.24,1453.6,1095.7,1235.9,1373.6,1442.6,932.88,1081,1239.2,1367.8,1435.5,952.68,1088.3,1242.5,1408,1136.7,1262.7,1273,1428.9,1155.7,1284.8,1350.6,1441.6,1449.8,1545,1198.6,1361.5,1459.6,1129.8,1229.2,1321.2,1385,1203.8,1333.1,1574,1487.1,1076.1,1176.3,1409.3,1510,1577,1718.6,1319.7,1485.7,1558.8,1627.1,1648,1101.2,1270.7,1518.3,1666.7,1036.9,1234.6,1324.2,1457.5,1521.7,1579.6,1400.9,1533.9,1064.7,1352.6,1499.3,1183.9,1463.7,1402.1,975.19,1115.7,1260.6,1423.3,1900.7,1861.8,1849.6,1710.8,1680.5,1666.7,724.7,626.62,538,256.12,792.46,722.38,582.99,435.6,372.19,267.33,201.59,794.01,692.07,589,475.61,394.74,337.2,706.26,619.8,529.65,475.93,457.92,315.87,510.12,474.47,607.36,581.24,581.9,563.8,716.21,811.82,878.49,802.6,723.86,683.99,430.73,422.29,512.61,504.78,573.07,561.45,657.85,644.89,739.85,726.06,845.67,821.48,823.46,828.87,894.93,887.01,879.32,1053.4,941.55,944.06,925.77,871.16,1114,1136.4,1002.3,1061.1,1061.9,1179,1243.6,1146.6,1163.5,1210.8,1236.4,1335.8,1017.4,1042.7,1001,1081,1181.8,1222.8,959.52,1225.2,1286.6,1325.6,424.28,350.44,413.42,436.84,506.85,785.22,485.97,504.92,553.11,636.68,729.65,823.28,911.55,1016.9,963.02,1121.7,556.66,572.79,616.49,672.87,735.2,803.87,869.5,952.61,1051.3,1140.2,615.69,631.11,674.81,730.91,909.6,991.62,1084.7,1171.9,746.13,738.43,801.68,875.84,961.02,1039.7,1128.8,1205.7,771.99,806.6,862.34,942.56,1005.1,1049.1,1097.6,1173.3,867.55,919.95,992.02,1070.8,1141.6,1212,924.01,917.43,977.42,1040.5,1107.7,1185.7,950.26,983.16,1041,1072.6,1288.4,1068.7,1082,1139,1188.4,1141.7,1193.4,1234.5,1266.2,1196.5,1236.6,1542,1652.9,1444.3,1478.6
657.22,674.27,548.44,551.04,590.37,693.91,752.01,827.51,893.11,972.84,375.9,440.7,433.37,497.31,594.14,691.57,736.81,839.03,937.62,226.3,398.92,342.29,236.6,303.94,370.31,454.3,521.14,665.81,805.25,785.36,437.64,234.09,144.37,203.42,143.03,278.96,464.42,608.21,752.92,658.02,708.54,1234.8,1398.2,1351.6,1102.9,1047.1,1279.2,1156.6,1098.8,1222.6,867.75,914.77,929.95,761.7,752,804.03,688.3,661.73,601.23,601.42,799.17,537.03,638.24,784.2,650.59,832.84,656.79,1310.2,79.762,0,85.44,312,433.42,610.55,742.76,162.05,215.06,394.89,489,679.35,260.28,559.18,840.15,863.6,597.52,714.29,219.54,929.39,849.62,793.03,1387.3,1016.3,1156.3,1294,1363,853.12,1001.2,1159.4,1288.1,1355.8,874.26,1009.1,1163.2,1328.7,1058.7,1184.1,1195.3,1350.5,1079.8,1208.4,1274,1364.2,1373.1,1466,1125.3,1286.6,1383.8,1061,1158.1,1249.4,1312.7,1137.3,1264.7,1498.5,1413.9,1004.4,1111.6,1342.8,1442.5,1508.5,1649.2,1251.1,1415.9,1488.4,1557,1576.7,1032.2,1199.9,1446.1,1593.9,965.06,1160.9,1250.9,1383.4,1448,1505.4,1326,1458.6,990.17,1276.5,1422.8,1106.8,1386.3,1324,897.48,1037.6,1182.1,1344.4,1836.4,1795.6,1782.2,1641.4,1609.1,1593.9,797.74,699.72,612.32,335.54,870.07,798.75,659.75,510.54,451,346.6,268.65,873.04,771,668.11,554.15,473.62,413.62,786.02,699.54,609.41,554.58,530.65,378.86,589.41,540.32,686.8,658.82,655.95,631.66,783.1,877.32,953.94,881.23,802.49,760.53,487.67,468.94,569.55,546.06,629.69,603.8,714.83,685.27,796.2,764.76,904.32,871.04,861.64,857.42,950.95,935.78,918.99,1114.7,990.09,984.79,958.18,896.75,1175.5,1193.5,1045.6,1102.7,1099.5,1240.6,1303.6,1200.7,1214.5,1259,1281.9,1387.6,1047.7,1111.6,1056,1128.8,1223.2,1246.5,1020.2,1278.6,1335,1368.9,414.61,380.19,445.58,441,492.35,736.47,515.77,515.19,543.47,611.1,692.65,779.32,863.05,964.51,907.79,1065.8,585.53,585.06,611.08,655.37,711.08,773.76,829.9,907.91,1002.1,1087.8,643.53,645.49,672.2,716.38,873.97,950.4,1038.7,1122.2,747.03,748.73,790.24,852.08,929.33,1002.6,1086.4,1159.8,790.85,811.36,853.51,922.05,978.27,1018.1,1063.3,1134.3,873.21,913.03,974.3,1045.4,1110,1176,938,924.07,972.43,1024.5,1084.8,1156.6,968.5,995.87,1036.2,1062.8,1254.7,1077,1081,1125.6,1167.8,1141.4,1181.7,1216.6,1250.5,1196.9,1193.9,1561.8,1684.6,1476,1506.9
617.45,617.54,526.26,511.14,530.76,618.95,673.48,746.38,810.06,888.96,373.63,416.52,390.75,430.22,515.8,611,653.67,754.38,852.97,291.21,444.29,368.92,216.32,250.02,300.78,376.27,438.12,580.7,719.93,699.93,490.72,280.26,140.12,145.01,77.006,195.21,379.01,523.36,668.71,587.44,640.05,1238.6,1410.9,1368.3,1099.8,1051.1,1299.4,1183.4,1120.2,1239.8,898.08,926.74,932.6,782.95,763.28,803.51,683.71,676.9,606.66,595.55,846.03,582.92,673.89,836.6,700.46,821.25,630.88,1321,161.4,85.44,0,244.56,362.01,542.8,666.19,230.82,203.59,371.72,437.22,627.91,303.03,522.44,792.49,823.73,516.14,673.21,176.48,884.41,814.69,759.41,1345.7,935.91,1076.9,1214.6,1283.8,776.64,924.96,1083.3,1212,1279.6,806.38,937.48,1091.2,1256,992.23,1115.3,1129.1,1281.6,1018.9,1146,1211.2,1298.7,1309.9,1394.9,1070.6,1228.3,1323.1,1015.8,1108.1,1197.9,1260,1095.9,1219.6,1438.3,1358.8,953.81,1028.3,1258.7,1358,1423.8,1564.2,1166.3,1330.9,1403.2,1471.9,1491.4,947.35,1114.6,1360.7,1508.5,879.69,1075.5,1165.5,1298,1362.6,1420.1,1240.8,1373.5,904.86,1191.6,1338.2,1022.5,1302.3,1240.7,813.79,954.41,1099.5,1262.5,1753,1711.5,1697.7,1556.4,1523.7,1508.5,858.11,760.68,675.87,412.16,939.39,865.44,727.75,575.92,524.93,428.26,353.99,946.54,844.31,742.27,626.87,555.93,498.05,864.56,778.58,687.83,637.22,616.03,463.38,664.49,625.17,767.71,742.6,741.19,716.8,868.01,961.87,1038.9,963.86,885.12,844.99,570.14,547.3,651.77,621.17,711.63,679.13,796.74,759.07,877.71,837.21,986.62,949.25,933.38,922.82,1032.1,1013.4,991.48,1197.9,1067.5,1057.7,1025.8,959.84,1258.7,1274.9,1120,1175.9,1170.2,1323.7,1386.1,1280.7,1293,1335.8,1357.2,1466.3,1113.6,1196.8,1136.6,1205.7,1296.1,1307,1103.2,1358.2,1411.8,1442.8,455.02,450.79,516.54,492.59,526.02,725.61,584.45,570.13,580.72,630.78,697.74,774.49,851.28,946.52,886.02,1041.9,652.91,640.53,651.15,682.98,730.9,786.09,830.18,900.94,988.34,1069.1,709.74,701.9,714.01,746.23,878.77,947.64,1029.2,1107.1,791.18,800.91,822.39,870.79,938.38,1004.7,1081.1,1149.8,849.52,858.34,887.65,943.72,992.63,1027.4,1068.4,1133.3,920.53,948.57,998.53,1060.9,1118,1178.5,991.95,971.92,1009.4,1050.2,1102.7,1167.3,1025.7,1048.5,1073,1094.5,1259.5,1125.5,1121.2,1153.4,1187.8,1182,1210.9,1239.4,1275.5,1237.9,1188,1551,1686.9,1478.7,1505.8
735.67,683.52,690.79,637.55,594.5,600.33,625.61,671.41,711.08,775.52,580.24,586.17,524.21,477.13,485.19,551.36,562.84,633.37,727.77,534.16,686.69,602.92,419.09,383.74,366.14,372.97,374.21,459.06,580.83,546.01,734.9,524.12,371.23,308.91,269.25,215.33,256.49,357.39,483.36,596.81,655.05,1430.2,1615.1,1578.5,1281.4,1245.2,1514.6,1407.2,1338.1,1451.5,1127.3,1134.4,1126.4,1004,972.68,994.9,871.88,892.8,812.11,784.95,1087.3,824.72,909.29,1080.1,943.37,992.96,781.35,1522.9,391.13,312,244.56,0,122.64,299.05,435.86,381.78,194.61,229.18,207.17,392.56,367.76,318.19,559.81,602.09,310.7,452.87,119.89,654.3,601.82,550.43,1116.9,717.01,853.56,990.46,1059,545.41,692.65,850.31,978.8,1046.5,562.88,697.21,851.34,1017,748.19,872.49,884.99,1038.9,774.68,901.47,966.67,1054.4,1065.3,1154,829.32,984.75,1078.8,784.22,870.73,958.88,1019.7,868.96,987.16,1194,1116.9,716.49,918.38,1132.8,1225,1284.5,1418,1030.2,1185.1,1253,1322.3,1334.5,815,966.66,1200.1,1342.5,731.41,908.45,1000.4,1125.6,1192.1,1245.8,1063.6,1191.4,735.87,1005.4,1147.7,830.19,1104.3,1037.1,618.41,752.53,891.42,1049.4,1631.2,1580.6,1560.6,1410.2,1365.9,1342.5,1102.7,1005.2,919.95,647.25,1181.3,1108.7,970.3,819.41,763,653.91,552.48,1185,1083,980.06,866.11,778.43,711.23,1095.6,1008.8,919.49,857.86,814.98,645.24,901.24,804.71,993.39,957.05,941.83,898.65,1043,1130.4,1241.5,1182.7,1104.3,1053.9,730.83,686.45,807.31,740.73,863.12,796.45,945.33,865.54,1021.4,934.35,1133.6,1071.1,1023.9,987.11,1170,1130.7,1083.6,1348.4,1182.3,1150.2,1095.8,1013.7,1408.8,1410.6,1217.9,1266.9,1249.8,1473.1,1529.3,1406.9,1409.5,1442.5,1455.5,1581.8,1173.7,1373,1268.9,1314.5,1383.2,1341.3,1253.6,1480.7,1517.7,1532.6,475.39,566.61,626.91,540.55,514.94,569.35,680.33,619.34,573.25,565.6,585.29,630.64,686.68,764.55,697.55,845.67,738.76,684.87,644.9,636.04,657.22,687.41,696.56,745.97,814.77,882.81,787.44,744.66,707.85,700.88,754.67,801.35,864.13,927.81,787.14,822.82,778.92,785.18,823,868.68,924.79,980.91,891.55,859.68,846.66,863.06,889.46,909.39,938.02,985.72,919.91,908.97,923,958.54,993.7,1038.5,1011,970.84,971.77,977.03,1005.6,1048.8,1055.1,1060.7,1032.5,1037.7,1123.7,1121.2,1089.5,1083,1094.2,1150,1143.1,1152.1,1193.7,1205.5,1027.7,1712.1,1872.1,1666.4,1686.2
780.73,705.62,759.33,690.38,620.32,584.64,593.01,622.09,647.44,702.36,671.75,660.77,586.19,504,472.09,517.02,510.47,560.8,649.83,653.11,798.26,708.36,515.02,457.41,414.77,388.23,355.98,396.06,500.43,458.76,849.08,638.37,479.77,401.69,374.72,281.6,224.9,274.85,380.74,595.72,653.39,1502.6,1694.3,1661.7,1349.2,1320.5,1601.4,1500.3,1427.5,1536.2,1225.5,1218.5,1202.5,1097.5,1059.2,1071,948.03,983.99,898.39,863.29,1196.3,935.06,1013.3,1192.2,1054.8,1058.6,840.52,1601,512.88,433.42,362.01,122.64,0,182.63,313.64,501.29,304.63,273.03,158.38,309.76,473.94,287.54,475.65,531.64,203.69,390.01,237.95,571.79,541.39,496.15,1031.1,596.65,731.91,868.53,936.87,422.91,570.02,727.67,856.17,923.92,444.92,576.01,730.01,895.32,631.31,753.35,768.25,919.66,664.41,788.75,853.27,938.16,951.27,1033.3,727.18,876.52,967.41,697.83,775.18,860.08,918.63,787.3,897.64,1082.8,1012.3,622.38,843.84,1047.6,1135.6,1191.9,1321.7,941.42,1090.4,1156,1225.1,1234.1,731.33,873.11,1098.9,1238.4,641.53,806.9,898.78,1020,1086.9,1138.9,956.46,1081.6,635.68,895,1035.1,718.53,989.21,920.36,507.65,637.7,773.69,929.79,1544.3,1490,1467.4,1314,1265.1,1238.4,1218.7,1121.6,1037.6,768.94,1301.1,1227.5,1089.7,937.92,884.18,776.47,674.37,1306.3,1204.2,1101.4,987.02,901.07,833.66,1218.1,1131.3,1041.8,980.48,936.08,764.99,1022.8,923.22,1116,1079.4,1062.9,1017.1,1159.6,1245.4,1362.3,1305.2,1226.8,1175.7,846.63,798.53,921.47,847.61,976,901.97,1057,967.25,1131.4,1032.5,1243.7,1175,1119,1074.1,1277.6,1232.8,1178.6,1458.5,1283.4,1244.7,1183.4,1096.7,1518.5,1516.5,1313.5,1360,1339.1,1582.4,1636.8,1510.1,1509.7,1539.5,1549.6,1681,1257,1489,1374.5,1412.8,1474.1,1413.1,1364,1582.4,1614,1623.5,562.5,675.91,733.62,633.11,588.42,560.51,782.25,709.3,645.01,612.22,604.88,627.59,666.25,727.94,657.46,795.06,836.69,771.19,713.99,687.86,694.91,710.19,697.59,730.56,783.53,839.91,882,828.81,774.68,750.76,759.67,790.32,838.1,889.65,852.4,897.47,827.01,811.69,831.22,862.67,903.73,949.67,972.21,925.3,893.95,889.95,903.11,913.72,934,969.47,983.39,955.36,951.12,971,992.34,1026.3,1080.8,1033.1,1017.7,1005.2,1020.1,1049.9,1128.3,1127,1075.9,1073.1,1112.8,1179.5,1136.1,1110.6,1109.1,1195.4,1171,1169.6,1213.4,1250.1,1001.8,1765.4,1938.6,1735.3,1750.6
927.16,832.69,924.03,844.76,753.66,675.23,661.04,663.48,663.19,697.35,849.81,830.39,749.1,642.99,573.39,588.02,555.34,565.96,638.2,833.14,980.87,890.55,695.43,629.58,574.09,524.45,463.24,436.4,495.14,442.81,1031.4,820.58,662.4,581.97,557.29,455.83,341.55,303.05,334.94,702.77,757.14,1665.8,1862.1,1832.2,1509.2,1486.3,1774.4,1677.1,1602.3,1708,1405,1390.7,1369.4,1275,1233.3,1238.5,1116.2,1160.7,1072.9,1033.4,1378.8,1117.7,1195,1374.8,1237.4,1218.5,997.51,1768.2,689.16,610.55,542.8,299.05,182.63,0,178.19,659.35,453.8,353.75,177.43,182.01,608.17,262.97,326.27,399.96,195.35,285.04,401.8,420.35,424.61,392.76,867.9,461.06,584.06,716.67,783.08,272.38,410.82,564.28,691.23,758.66,263.84,401.2,555.17,721.31,449.44,573.59,586.34,739.93,482.56,606.17,670.64,756.07,768.66,856.26,550.34,695.26,785,537.94,604.04,685.35,741.77,631.62,731.63,900.43,832.76,454.68,830.09,1006.3,1083.6,1131.7,1250.9,894.86,1027.1,1085.8,1153.5,1154.7,703.43,817.55,1019.5,1149.3,604.37,733.21,822.36,930.03,997.07,1043.4,863.35,978.72,572.91,793.25,923.65,617.3,869.79,795.62,420.3,527.62,647.45,792.15,1492.1,1430.4,1402.3,1243.4,1184,1149.3,1400.5,1303.3,1218.6,945.03,1480.3,1407.7,1269.4,1118.3,1061.3,948.6,838.3,1483.1,1381.2,1278.1,1164.7,1070.9,1000.2,1390.7,1303.6,1215.2,1148.8,1095.1,920.43,1199,1073.8,1286.1,1244,1221,1166.9,1303.7,1384.8,1518.7,1470.7,1392.9,1336.8,990.89,935.17,1061.2,973.12,1112.2,1024,1189.6,1081.1,1259.8,1138.9,1371.5,1290.5,1218.6,1160,1399.8,1344.4,1277.2,1584.8,1392.3,1341.6,1268.7,1175.4,1643.9,1633.3,1411.9,1453.1,1425.7,1706.4,1756.6,1621.4,1615.2,1638.5,1643.3,1783.3,1333.9,1629.6,1491.7,1515.5,1562.3,1468.7,1491.7,1690.4,1711.3,1710.5,663.67,809.24,860.91,739.44,668.11,521.88,899.85,808.81,719.13,651.3,604.93,592.28,602.27,636.59,564.44,680.84,946.11,862.86,780.91,730.11,715.82,708.12,663.85,670.54,697.7,735.24,984.6,915.31,835.7,787.06,728.57,733.98,757.82,790.24,908.29,966.82,857.46,810.28,801.72,810.87,828.48,858.48,1049.5,979.6,920.84,886.11,879,875.4,882.72,899.28,1032.8,978.98,947.1,942.95,943.24,960.5,1138.2,1079.4,1038.9,999.66,993.72,1002.9,1190.4,1177.8,1091.8,1076.7,1046.8,1216.7,1155.6,1101.6,1081,1212,1161.3,1144,1190.4,1264.2,916.99,1911.2,2095.8,1894.9,1906.5
936.62,819.27,964.2,869.17,751.82,628.86,592.91,570.35,548.15,564.55,924.24,883.18,791.46,654.84,546.62,528.67,474.07,448.74,503.32,955.97,1084.8,984.88,782.56,695.2,619.49,542.4,455.83,366.39,375.62,320.3,1140.3,932.42,768.1,672.19,663.4,536.11,367.15,255.7,204.02,672.35,719.95,1692.1,1896.8,1873.9,1530.9,1519.8,1822.8,1737.6,1657.1,1753.7,1477.9,1439.8,1406.5,1341.4,1289.3,1278.6,1159.6,1225.7,1132.4,1082.6,1472.9,1217.3,1281.3,1475.8,1338.1,1243.8,1021.8,1802.3,822.52,742.76,666.19,435.86,313.64,178.19,0,813.97,613.01,530.21,354.94,316.48,775.54,435.44,404.86,494.1,174.93,419.22,550.97,483.37,533.02,516.38,881.58,287.31,418.7,554.97,623.24,110.45,258.77,417.15,545.78,613.38,200.94,285.63,433.89,594.74,370.79,472.14,501.06,634.3,439.66,542.32,600.46,668.13,691.88,737.51,535.72,647.2,720.03,574.19,607.16,672.17,717.77,670.7,743.08,833.13,792.61,478.97,686.9,844.73,916.69,961.52,1077,732.07,856.42,912.66,979.77,979.12,554.82,651.69,844.26,972.03,453.6,561.32,648.84,753.05,819.96,865.57,686.07,800.55,408.59,615.23,745.67,439.68,692.7,619.5,249.48,349.49,471.31,620.75,1323.2,1259.2,1229.6,1069.6,1008,972.03,1511.4,1415.9,1335.3,1077.6,1603.2,1527,1391.2,1238,1191.1,1088.2,988.01,1612.6,1510.4,1408.5,1292.9,1213.6,1147.1,1528.8,1442.2,1352.2,1293.4,1249.4,1077.5,1330.6,1234.4,1428.2,1392.9,1376.1,1328.1,1468.4,1551.9,1675.4,1618.5,1540.1,1489.3,1155.1,1102.8,1227.7,1144.9,1280.4,1197,1359.4,1256.1,1431.1,1315.3,1543.2,1465.5,1396,1338.1,1573.2,1520.1,1454.7,1757.2,1568.6,1519.3,1446.9,1353.6,1816.6,1808.3,1589.5,1631,1603.9,1879.6,1930.9,1797.4,1792.1,1816.1,1821.3,1960.6,1512,1796.4,1666.4,1692.7,1740.5,1644.6,1663.6,1867,1889.1,1888.7,839.82,977.89,1031.9,915.05,846.17,677.93,1073.6,985.62,897.32,827.2,773,747.63,742.11,755.52,685.23,776.47,1121.7,1040.5,958.92,906,887.89,873.94,818.09,810.57,818.84,838.52,1161.3,1093.3,1013.3,961.71,882.63,874.52,881.42,896.75,1085.3,1144.8,1030.6,975.01,955.2,952.36,954.02,970.5,1227.7,1156.2,1092.8,1049.1,1033.8,1023.3,1023.1,1027,1208.6,1149.8,1109.5,1095,1084,1090.1,1314.9,1254.7,1208.8,1161,1146,1144,1367.5,1353.5,1259.8,1240.8,1175,1389.8,1324.4,1260.7,1231.5,1379.7,1319.5,1295.2,1342.4,1430.9,1033,1905.1,2107.7,1912.6,1917.4
815.22,836.3,697.7,709.59,752.35,849.75,903.68,974.39,1034.5,1110.7,514.2,592.79,593.46,657.68,746.19,839.86,878.37,973.06,1071.3,282.34,473.78,451.69,392,465.98,529.42,606.9,664.04,796.92,932.46,906.45,493.47,327.71,299.04,364.74,301.4,421.99,588.8,721.63,858.71,817.01,868.59,1352.5,1502.8,1450.8,1229.6,1166,1373.7,1241.7,1193.2,1322,950.97,1024.9,1051.6,861.34,865.53,930.77,820.95,772.12,724.94,736.76,852.63,601.9,718.1,825.7,702.09,970.48,807.37,1418.2,153.16,162.05,230.82,381.78,501.29,659.35,813.97,0,206.52,364.19,506.52,685.55,128.43,540.11,832.55,838.6,690.71,696.56,263.35,913.7,814.81,757.23,1357.5,1097.9,1232.7,1368.7,1436.7,921.82,1066.9,1222.6,1350.2,1417.8,915.75,1059.4,1212.6,1378.7,1093.2,1223.6,1226.9,1388.3,1098.6,1229.5,1295.5,1392,1394.7,1509.8,1128.2,1296.5,1398.8,1043.2,1149.5,1243.2,1308.8,1110,1243.7,1511.3,1414.2,999.73,1251.6,1478.8,1576.2,1640,1778.2,1382.8,1544.4,1615.2,1684.2,1700.6,1164.1,1326.5,1567.8,1713.2,1090.2,1278.5,1369.8,1498.8,1564.6,1620.1,1438.6,1568.5,1106,1383.5,1527.2,1209.6,1485.3,1418.7,997.9,1133.7,1273.2,1430.8,1975.3,1931.1,1915.3,1770.4,1732.6,1713.2,818.89,722.31,631.03,329.73,862.51,801.49,662.82,529.3,444.42,310.69,182,850.33,751.58,648.64,545.5,421.07,345.01,743.42,656.83,573.2,495,436.1,263.71,569.48,423.07,634.04,585.57,562.49,516.99,662.68,752.18,861.49,812.43,735.15,677.48,353.21,320.22,432.64,390.85,490.97,448.83,575.35,528.28,654.79,606.42,765.51,720.6,702.73,695.6,807.83,784.21,760.71,979.03,838.07,826.94,796.99,734.7,1039.8,1050.7,889.22,945.06,939.92,1104.7,1164.7,1053.9,1064.2,1105.8,1126.6,1237.6,886.01,993.15,911.01,975.73,1065.3,1084.6,884.02,1130.7,1181.8,1212,271.69,220.15,285.87,285.04,355.13,659.73,354.75,356,400.18,489.28,590.53,690.93,784.4,894.73,846.07,1004.8,424.06,425.2,463.35,521.46,586.4,658.41,731.86,820.12,924.03,1017.2,481.79,484.99,521.94,578.54,767.94,854.91,952.98,1044.7,594.01,590.01,648.73,726.37,816,898.67,992.84,1073.2,629.36,655.75,709.19,791.58,856.8,903.24,954.09,1033.6,717.11,766.81,840.11,921.66,996.01,1069.5,777.98,767.44,824.43,888.08,957.48,1038.4,807.26,836.37,888.05,919.46,1144,919.59,929.7,986.1,1037.1,989.53,1040.4,1082.4,1113.6,1044.6,1100.3,1694.8,1802,1593.5,1629.2
811.6,793.61,728.92,706.28,704.26,753.56,791.74,848.09,895.4,963.83,575.54,619.16,585.8,593.34,640.93,720.68,743.12,822.35,918.2,432.02,612.69,556.14,419.89,440.5,466.05,511.1,540,646.23,772.77,739.67,647.82,448.72,339.23,338.79,273.41,322.25,438.02,551.17,677.58,736.57,793.12,1440.2,1608.9,1564,1303,1252.5,1492.8,1371.4,1312.6,1435.1,1082.8,1124.8,1134.3,975.16,961.46,1006,886.79,872.86,807.02,798.72,1010.8,749.99,853.2,992.54,861.18,1024.8,832.19,1519.9,276.38,215.06,203.59,194.61,304.63,453.8,613.01,206.52,0,180.31,301.01,484.23,173.24,349.67,637.8,653.91,503.41,506.56,80.262,723.57,637.06,580.06,1177.3,899.11,1031.3,1166.5,1233.9,719.29,862.92,1017.8,1145,1212.5,709.23,853.11,1006.2,1172.3,887.09,1017.2,1021.2,1182.1,895.15,1025.7,1091.8,1187.1,1191.1,1303.3,929.81,1096,1196.9,854.7,956.31,1049.1,1113.7,927.62,1057.6,1310.2,1217.4,804.25,1106.6,1324.7,1418,1478.2,1612.3,1223.3,1379.2,1447.4,1516.7,1529.1,1007,1160.8,1394.7,1536.9,925.13,1103,1194.9,1319.7,1386.3,1439.7,1257.4,1384.3,930.46,1198,1339.1,1022.1,1293.8,1224.9,810.56,942.22,1078,1232.7,1823.2,1773.7,1754.3,1604.5,1560.6,1536.9,998.52,900.58,810.82,516.73,1056.3,990.52,850.83,708.04,634.32,508.66,387.74,1049.5,949.22,845.7,737.59,625.02,550.71,947.23,860.33,774.75,700.52,641.37,466.69,766.08,621.63,839.19,792.09,767.17,715.24,855.8,940.89,1065.1,1018.9,941.65,883.32,542.54,494.08,616.86,546.23,671.44,601.85,752.73,671.24,827.93,740.96,940.21,876.5,831.65,799.66,975.78,936.21,891.28,1155,988.01,958.04,907.57,829.14,1215.3,1216.1,1025.1,1075.2,1060.1,1279.4,1335.1,1212.3,1215.2,1249.1,1263.1,1387.8,988.24,1184.7,1074.4,1120.7,1192.4,1164.6,1060.4,1286.2,1324.4,1341.6,293.9,372.6,432.36,352.29,348.75,524.82,486.16,432.18,406.72,434.84,494.49,571.64,651.12,750.34,692.88,850.72,545.83,500.02,479.24,493.63,534.03,584.71,626.62,698.83,789.38,873.52,596,561.05,543.2,558.36,675.33,744.5,828.19,909.05,622.53,647.32,636.13,672.32,735.62,801.12,878.63,949.09,709.63,693.33,703.01,746.84,791.52,824.62,864.91,929.95,755.05,765.01,803.29,860.19,914.84,974.88,838.3,806.63,827.12,855.87,903.01,964.71,878.71,891.19,890.01,905.56,1055.9,959.54,942.12,960.39,989.12,1003.1,1018.9,1042.2,1079.8,1059.2,985.79,1754.5,1889.1,1680.7,1708.7
949.22,908.62,884.65,847.08,819.05,828.58,849.95,888.66,919.08,975.36,744.79,775.87,728.96,702.51,713.44,774.73,777.88,833.69,922.77,611.53,793,734.21,584.84,583.25,585.02,601.61,600.84,666.61,773.33,730.66,827.73,628.85,511.41,490.14,431.41,432.3,477.09,547.88,645.55,825.97,884.2,1609.3,1782.6,1739.5,1467.9,1422,1669.5,1550.1,1489.8,1610.8,1262.1,1298.4,1303.3,1152.2,1134.9,1173.5,1052.5,1047.9,978.26,964.25,1190.9,930.27,1033.1,1171.7,1041,1185,983.04,1692.7,456.03,394.89,371.72,229.18,273.03,353.75,530.21,364.19,180.31,0,176.71,328.03,275.23,175.93,468.56,476.73,469.92,332.52,199.69,549.86,457.5,400.28,998.98,814.81,935.35,1065.3,1130.2,625.48,758.57,906.03,1029.3,1095.5,581.54,730.66,879.19,1043.3,747.42,880.19,876.97,1041.5,741.83,872.83,938.65,1038.2,1037.4,1166.9,765.09,934.8,1038.5,679.97,785.32,878.99,944.61,749.84,881.65,1149.9,1050.3,635.76,1116.9,1318.5,1404.6,1458.8,1585.3,1211.1,1356.1,1419.4,1488.2,1494,1003.3,1140.3,1358.4,1493.5,911.69,1067.6,1158.9,1274.1,1341.3,1390.2,1208.6,1328.1,899.2,1141.7,1275.3,964.67,1222.9,1149.2,759.39,877.46,1001,1145.2,1813.9,1757.6,1733.3,1577.7,1524.3,1493.5,1174.9,1077.2,986.84,689.1,1226,1163.1,1023.7,884.11,805.82,674.66,543.92,1214.5,1115.8,1012.7,908.12,783.67,705.38,1105.3,1019.2,936.92,854.87,779.93,603.44,933.47,745.09,994.14,938,901.74,835.69,964.41,1040.9,1193.1,1163.4,1088,1021.5,655.69,593.28,720.2,623.44,767.88,672.63,842.33,727.7,909.88,785.2,1021,937.08,865.99,811.68,1047.4,990.62,924.82,1233.3,1038.7,989.77,920.89,830.74,1291.9,1279.8,1059.7,1102.5,1077.6,1354.1,1403.3,1267.7,1261.9,1286.5,1292.8,1430.6,990.61,1285.6,1138.3,1162.6,1213.8,1141,1140.9,1336.9,1359.7,1362.7,309.92,466.89,513.28,385.81,320.49,357.4,547.65,455.4,375.25,341.74,356.96,412.23,481.5,574.8,514.97,671.96,592.42,511.38,442.55,415.87,429.8,458.34,474.44,534.6,617.27,697.45,631.13,565.94,502.35,479.53,529.94,585.53,660.09,735.57,579.64,627.41,556.63,556.06,596.56,648.68,715.19,780.07,705.28,652.51,624.05,634,661.3,683.95,716.3,771.5,710.39,685.97,694.1,730.48,770.29,820.94,808.6,760.09,748.64,748.17,777.08,824.01,857.03,854.18,808.2,810.37,904.72,906.85,866.91,854.19,865.57,926.84,914.34,923.13,964.51,982,820.97,1912.1,2056.6,1848.8,1874.1
929.75,861.54,895.31,835.54,775.14,742.44,747.73,770.58,787.6,834.55,787.02,792.04,725.9,658.02,630.32,671.81,658.9,695.85,778.56,715.25,881,804.01,625.45,588.7,560.26,544.1,514.22,541.34,630.08,582.67,924.8,716.05,571.99,516.02,473.47,415.76,383.02,411.89,487.03,754.07,811.77,1636.3,1822.2,1785.6,1486.4,1451.8,1721.5,1612.8,1544.7,1658.6,1331.2,1341.6,1333.1,1209.9,1179.7,1201.5,1078.4,1099.3,1019.2,991.73,1282.9,1019.8,1110.1,1271.6,1136.4,1197,982.67,1729.9,562.83,489,437.22,207.17,158.38,177.43,354.94,506.52,301.01,176.71,0,190.91,439.97,129.25,355.65,394.92,318.46,246.07,269.52,448.83,396.14,346.6,911.31,638.32,758.87,889.52,954.82,448.78,582.75,732.04,856.7,923.39,412.5,559.75,710.78,876.27,586.81,717.81,720.37,881.94,595.03,725.24,791.28,886.11,890.6,1004.4,636.25,798.79,897.88,579.61,671,761.35,824.11,662.63,783.25,1011.9,924.85,516.79,973.08,1163.7,1245.7,1297,1420,1054,1193.2,1254.3,1322.7,1326.1,852.85,979.97,1190.6,1323,757.33,901.62,992.01,1103.6,1170.7,1218.3,1037.4,1154.7,736.38,968.77,1100.6,792.21,1047.2,973.04,590.36,703.65,824.88,968.53,1655.2,1596.1,1569.8,1412.4,1355.9,1323,1286.6,1188.6,1100.6,813.31,1353.1,1284.8,1145.2,998.38,930.99,808.8,688.35,1349,1248.2,1144.6,1034.6,926.03,851.4,1248.2,1161.3,1075.4,1001.3,937.48,761.2,1065,909.81,1140.1,1091.2,1061.9,1001.9,1134.9,1213.7,1357.1,1317.9,1241.1,1179.9,823.64,764.65,891.29,798.74,940.73,848.71,1016.7,904.41,1085.4,961.51,1196.8,1113.8,1041.3,983.61,1223.9,1167.2,1099.8,1409.5,1215,1164.4,1092.5,1000.1,1468.3,1456.5,1234.6,1276.1,1249.5,1530.6,1580,1444.2,1437.8,1461.2,1466.4,1605.9,1159.2,1458.7,1315,1338.1,1386,1299.7,1316.8,1513,1534.1,1534.4,486.5,638.23,687.5,562.51,491.48,403.44,724.01,631.4,543.47,485,458.17,471.42,507.87,571.88,502.22,644.56,769.09,685.61,606.92,563.26,558.29,563.65,542.09,572.27,626.36,686.12,807.2,738.52,663.41,622.97,605.02,632.28,680.21,734.36,737.78,792.96,696.35,666.09,677.24,705.14,745.46,792.74,874.27,809.87,761.71,743.87,750.73,758.24,776.67,811.09,864.9,821.7,805.26,817.88,835.37,868.01,968,912.8,883.09,859,867.56,893.3,1018.9,1009.9,938.92,930.64,954.51,1054.1,1001.1,963.58,956.36,1059.2,1023.9,1017.6,1062.3,1112.8,844.06,1911.8,2077,1871.8,1890.3
1087.9,1003.3,1068.7,999.52,921.21,854.88,842.84,844.86,841.29,870.28,971.87,968.85,895.92,807.2,750.45,769.49,737.2,743.02,810.03,905.43,1071.9,993.73,811.38,765.01,724.27,689.22,637.75,618.36,671.05,617.32,1115.6,906.95,761.62,700.08,661.48,589.37,510.91,485.06,504.83,879.26,934.65,1811.9,2002,1967.7,1658.9,1629.1,1905.5,1799.6,1729.8,1841.4,1519.7,1523.9,1510.9,1396.4,1363.1,1379.3,1256.2,1284.7,1202.2,1170.6,1473.8,1210.6,1300,1462.4,1327.3,1368.3,1150.1,1909,752.18,679.35,627.91,392.56,309.76,182.01,316.48,685.55,484.23,328.03,190.91,0,603.25,164.56,167.63,224.41,377.33,105.08,459.83,263.15,243.58,211,725.04,557.64,654.11,773.2,833.48,371.21,474.02,605.18,721.48,785.34,274.36,422.75,562.81,723.47,422.93,556.17,549.75,715.04,414.1,545.13,611.07,710.13,710,841.86,446.52,611.79,713.28,391.9,480.19,570.46,633.41,478.73,594.6,826.14,734.93,325.92,998.72,1161.1,1231.7,1274.3,1384.9,1048.4,1169,1222.2,1288.1,1283.5,868.58,967.45,1150.2,1270.3,767.82,873.85,958.97,1054,1119.9,1160.5,986.16,1090.3,725,910.28,1027.9,740.86,966.78,888.61,564.85,647.62,744.28,868.49,1636.5,1570.5,1538.9,1377.7,1311.1,1270.3,1476.6,1378.6,1290.2,1000.3,1540.1,1473.1,1333.4,1187.7,1118,992.65,867.27,1533.6,1433.4,1329.9,1221.4,1106.6,1029.9,1429,1342.4,1258,1179.8,1107.9,931.29,1250.3,1072.4,1319.1,1265.3,1229.8,1162.3,1287.5,1360.4,1520.3,1491.1,1415.4,1349.6,981.79,916.76,1043.4,938.68,1088.4,983.72,1159.2,1029.4,1222.3,1077,1331.4,1236.4,1147.7,1076,1352,1284.5,1204.1,1540,1328.8,1265.6,1182,1084.1,1597,1576.1,1336.4,1371.5,1337.9,1657.4,1701.7,1557.8,1545,1561,1560.1,1707.9,1238,1604.2,1436.5,1443.3,1474.4,1352.3,1449.7,1622.2,1631.2,1620,615.16,791.13,832.7,691.86,596.64,362.8,858.07,750.06,638.83,542.8,467.67,431.94,427.68,454.97,382.9,500.49,893.03,793.38,690.39,619.84,588.71,564.4,501.95,496.28,516.52,553.56,922.61,838.49,737.31,669.22,566.38,560.18,577.25,608.29,802.7,871.61,732.38,663.69,638.81,637.82,648.52,676.55,959.6,870.53,791.2,736.12,717.52,707.11,709.12,720.07,918.26,845.53,795.81,778.56,769.92,782.03,1028.1,961.34,902.54,846.6,829.52,829.87,1083.4,1061.5,950.82,927.98,868.01,1089,1016.1,945.21,915.12,1069.8,1003.7,978.73,1026,1119.8,735.43,2073.2,2248.4,2045,2060.4
915.24,920.51,808.51,808.8,833.39,906.83,951.59,1013.2,1064.3,1134.6,631.52,700.97,689.61,729.95,797.2,882.82,910.5,993.6,1090,410.76,602.2,577.26,496.81,552.44,600.12,661.93,702.61,817.05,945.31,912.8,621,454.43,404.59,447.59,379.89,471.01,607.87,724.35,850.15,882.59,937.16,1478.3,1630.7,1579,1352.9,1291.4,1502.1,1370,1321.5,1450.2,1079.3,1151.8,1176.2,989.27,991.69,1053.8,941.66,898.66,848.48,856.16,978.44,729.74,846.48,949.51,828.15,1089.2,917.05,1545.7,275.5,260.28,303.03,367.76,473.94,608.17,775.54,128.43,173.24,275.23,439.97,603.25,0,447.04,738.43,734.88,675.14,599.35,251.86,813.88,706.53,649.27,1247.5,1062.8,1191.3,1324.8,1391.2,878.84,1018.9,1170.8,1296.3,1363.1,852.03,999.71,1150.3,1315.4,1021.7,1154.2,1152,1316.2,1016.8,1147.8,1213.5,1313.4,1312.1,1441,1036.4,1207.4,1312,940.94,1051.1,1145.3,1211.7,1002.5,1138.4,1422.6,1318.8,904.95,1277.2,1497,1590.8,1651.3,1785.5,1396.1,1552.5,1620.7,1690,1702.2,1179.5,1334,1567.7,1709.5,1098.2,1275.9,1367.9,1492,1558.7,1611.7,1429.3,1555.4,1103.5,1368.8,1508.9,1192.5,1462.1,1391.9,981.41,1111.1,1244.3,1396.3,1995.4,1946.6,1927.4,1777.8,1733.6,1709.5,937.88,842.42,751,449.55,971.41,914.84,777.84,650.54,560.4,422,282.89,952.84,856.82,755.49,658.45,519.03,438.42,837.47,752.5,674.11,585.92,505.14,329.01,677.68,470.68,724.65,664.47,626.51,562.24,695.71,776.87,918.58,889.01,814.25,746.42,383.71,327.4,453.01,373.89,504.91,428.98,584.21,498.05,657.61,568.47,769.93,703.38,660.17,633.74,803.84,762.97,719.7,984.61,814.79,786.54,740.35,666.48,1044.6,1043.5,853.05,904.1,890.94,1108.4,1163.2,1039.2,1042.1,1076.4,1091.2,1214.6,823.8,1021.6,901.68,947.79,1022,1009,890.31,1113,1151.9,1171,154.43,202.56,259.88,191.38,233.08,536.48,313.08,270.72,283.2,361.78,462.45,564.58,659.86,772.09,726.28,884.41,374.09,340.8,351.17,398.13,459.81,530.32,603.93,693.47,799.09,893.82,426.03,402.48,412.95,457.59,639.52,727.07,826.38,919.54,489.07,498.46,530.47,600.35,687.87,770.26,865.07,946.25,551.27,555.48,593.32,667.3,729.91,775.33,825.75,905.29,617.64,652.75,717.54,795.39,868.06,941.14,689.87,668.97,712.24,766.71,832.27,911.08,725.42,745.86,776.02,802.81,1015.8,822.52,821.52,866.67,913.2,882.11,922.25,960.07,992.75,937.77,972.39,1816.1,1928.1,1719.5,1754.1
1051.5,988.34,1008.4,954.97,901.24,871.64,875.86,895.85,908.64,951.09,887.31,902.66,842.38,783.78,759.56,800.03,784.43,814.74,893.53,781.11,957.88,891,725.16,701.42,681.36,671.27,643.46,665.97,746.78,697.07,996.01,792.59,661.84,620.47,570.5,532.89,512.27,534.44,594.58,883.07,940.84,1745.3,1926.4,1886.9,1598.3,1559.4,1820,1705.8,1641.5,1758.9,1420.3,1443.4,1440.5,1304.7,1280.5,1309.3,1186.7,1196.8,1121.2,1099.1,1358.3,1096.2,1194.3,1341.6,1209.3,1310.6,1099.5,1834.9,625.56,559.18,522.44,318.19,287.54,262.97,435.44,540.11,349.67,175.93,129.25,164.56,447.04,0,292.75,304.61,435.41,157.19,346.21,374.61,292.25,237.26,828.29,702.88,809.35,932.46,994.17,512.14,629.22,766.43,884.66,949.03,435.74,585.24,727.18,888.02,587.07,720.29,711.98,877.85,571.94,702.5,767.93,869.38,866.01,1005.4,589.88,760.44,865,505.33,609.47,703.08,768.67,578.39,707.99,975.59,874.42,459.91,1087.2,1268.8,1346.6,1394.4,1512.2,1157.6,1289.7,1347.5,1414.9,1414.5,963.23,1080.5,1279.7,1406.4,865.3,995.29,1083.8,1187.9,1254.6,1298.7,1120.6,1231.4,835.88,1047.9,1172.5,874.01,1114.4,1037.6,682.32,782.34,890.96,1023.1,1755,1692.9,1664.2,1504.8,1443.3,1406.4,1348,1250.1,1160.2,863.88,1401.6,1338,1198.5,1057.4,980.91,850.48,719.7,1390.4,1291.6,1188.6,1083.5,959.4,880.81,1280.8,1194.8,1112.8,1030.1,952.02,776.05,1109.3,912.87,1169.3,1111.4,1072.2,1001.7,1124.6,1196.5,1360.1,1336,1261.3,1192.7,820.87,754.36,880.76,774.41,924.79,819.18,994.99,865.1,1057.7,913.81,1166.8,1072.5,986.17,917.75,1187.7,1121.3,1043.1,1375.6,1166.2,1105.5,1024.9,928.4,1432.8,1412.8,1176.2,1213,1181.4,1493.3,1538.1,1395.4,1383.8,1401.6,1402.3,1548.1,1084.5,1440,1272.8,1282.5,1318.1,1209.9,1285.2,1460.7,1472.6,1464.9,450.65,629.36,669.2,527.31,433.63,275.18,693.55,585.96,477.95,393.09,342.7,344.02,378.89,447.49,379.59,528.05,728.72,630.79,533.02,471.69,453.11,446.84,415.24,443.03,499.96,564.73,759.18,677.58,583.44,526.37,478.88,503.08,552.44,610.65,652.69,716.89,595.31,549.36,551.6,576.24,616.85,666.48,803.08,722.7,658.15,626.09,626.51,631.02,647.88,682.01,773.92,716.06,687.36,692.78,706.84,738.77,881.3,819.47,775.97,740.52,742.9,765.05,934.93,918.61,829.07,815.55,825.27,954.59,892.74,843.9,831.39,949.35,903.95,893.28,938.57,1001.8,716.41,2030.2,2188.9,1982.6,2003.6
1249.5,1158.8,1235,1163.3,1078.9,998.31,977.65,968.1,952.2,968.75,1139.4,1135.9,1061.6,966.78,898.93,907,865.26,852.74,907.4,1065.3,1235.5,1159.6,978.8,932.11,888.88,848.29,789.49,749.36,779.58,724.35,1277.6,1070.2,927.62,867.67,828.34,756.34,666.8,619.92,608.15,1028.4,1082.2,1978.3,2169.2,2135.2,1824.5,1795.9,2073.1,1967,1897.4,2009,1686.5,1691.4,1677.8,1563.8,1530.7,1546.3,1423.2,1452.2,1369.9,1337.9,1637.4,1374.3,1465.8,1624.3,1490,1533.8,1314.7,2076.1,910.74,840.15,792.49,559.81,475.65,326.27,404.86,832.55,637.8,468.56,355.65,167.63,738.43,292.75,0,92.228,512.96,140.17,621.39,96.177,141.32,154.18,557.41,577.25,640.74,740.17,792.02,416.64,471.36,568.25,667.03,724.5,270.09,389.55,499.27,644.17,344.69,470.85,448.26,613.47,297.88,423.53,486.9,592.11,582.47,743.86,298.08,470.21,576.46,224.41,318.57,411.34,476.4,311.67,427.67,685.03,581.69,167.19,1087,1224.8,1284.7,1319.3,1417.7,1112,1214.7,1260.2,1322.8,1311.2,953.15,1027.6,1182.4,1289,852.05,924.4,1002.3,1080.2,1143.3,1176.6,1012.6,1101.6,794.74,932.41,1033,776.47,965.88,886.14,633.06,684.2,751.77,850.22,1680.2,1609,1573.2,1410.9,1336.3,1289,1635.3,1537.2,1448,1154.2,1693.1,1628.2,1488.6,1345.3,1271.6,1142.6,1012.4,1682.9,1583.9,1480.7,1374.6,1252.1,1173.5,1573.5,1487.6,1405.5,1322.6,1242.5,1067.1,1401.3,1199.8,1461.8,1402.8,1361,1286.7,1403.5,1470.1,1645.2,1626.5,1552.4,1482,1106,1036.5,1161.4,1047.5,1201.7,1087.5,1267.1,1123.6,1324.3,1162.3,1430.1,1325.4,1223.8,1141.4,1444.6,1368.3,1277.4,1633,1408.8,1335.4,1242.9,1142,1688.1,1658.8,1405.6,1434.6,1395.3,1746.1,1785.3,1635.2,1616.7,1625.9,1619.5,1773.5,1288.6,1711,1522.2,1514.3,1530.1,1378,1545.8,1695.1,1693,1671.6,723.95,913.72,948,798.2,688.86,365.55,963.52,845.99,721.33,602.94,497.05,422.91,378.34,361.09,295.71,371.61,989.24,879.12,760.93,673.11,623.03,575.68,482.74,442.31,424.6,434.33,1011,916.41,797.9,710.88,541.85,503.78,487.94,493.06,853.05,930.81,761.9,664.29,608.54,580.11,560.89,568.25,1021.8,914.7,812.22,727.52,686.99,660.53,646.89,634.63,954.6,859.29,782.63,739.19,706.64,698.79,1067,992.18,910.28,828.5,789.02,765.95,1124.6,1092.2,950.26,915.4,781.23,1104.5,1016.3,918.09,868.43,1064.6,973.19,932.13,980.39,1110.2,632.2,2234.6,2413.4,2210.6,2225
1311.6,1227.6,1287.9,1222,1145.6,1075.2,1058.4,1052.8,1039.9,1058.6,1181.5,1185.9,1116.4,1031.5,972.78,986.54,948.28,940.48,997.3,1085.7,1262.1,1192.6,1019.6,982.2,946.32,913.6,861.07,831.11,867.39,812.3,1300.6,1096.7,961.85,910.86,866.41,807.62,735.08,699.82,696.38,1101.9,1156.8,2030.1,2217.1,2180.5,1878.8,1846.1,2115.9,2005.3,1938.6,2053.3,1721.6,1736.4,1727.5,1603,1574.4,1595.9,1472.8,1493.3,1414,1386.3,1662.8,1400.5,1497.2,1646.2,1513.9,1588.6,1371.8,2124.6,930.07,863.6,823.73,602.09,531.64,399.96,494.1,838.6,653.91,476.73,394.92,224.41,734.88,304.61,92.228,0,592.04,150.6,648.63,87.361,55.172,94.149,523.7,667.92,726.23,820.25,869.25,508.86,560.17,649.05,741.28,795.8,361.29,474.22,572.97,708.93,417.39,536.36,506.16,667.31,353.63,469.23,528.49,635.69,618.89,797.72,324.08,496.24,604.59,206.19,320,414.1,481.07,273.79,405.18,706.69,590.01,191.04,1178.1,1317,1376.7,1410.8,1508.1,1204.2,1306.3,1351.2,1413.5,1401.1,1044.5,1119.8,1272.9,1377.8,943.31,1016.4,1094,1170.3,1232.9,1265.2,1102.8,1189.6,886.79,1022.3,1120.1,867.89,1052.1,972.36,725.01,775.85,840.21,933.29,1771.5,1699.8,1663.6,1501.3,1425.9,1377.8,1651.5,1553.8,1463.5,1165.6,1701.1,1639.4,1500.2,1360.7,1282,1149.2,1014.8,1686.5,1589.1,1486.7,1383.9,1253.3,1173.2,1572.3,1487.4,1408,1320.7,1233.4,1060.3,1407.8,1184.9,1459.2,1395.4,1348.4,1269,1378.9,1440.9,1626.2,1616.5,1544,1469.8,1089.3,1017,1139.7,1020.3,1176.4,1056.7,1237.7,1086.8,1290.8,1119.9,1394.1,1284.1,1176.1,1088.8,1404.8,1323.8,1227.9,1592.7,1362.2,1283.8,1187.5,1085.9,1646.4,1612.6,1353.4,1379.3,1337.5,1703,1739.2,1586.3,1564.9,1570.7,1561.8,1718.2,1228.3,1679,1478.2,1462.5,1471,1307.3,1507.7,1643.6,1636.1,1610.2,701.18,897.68,926.31,772.49,656.53,301.6,935.04,813.05,682.72,555.34,438.32,351.01,294.2,269.01,204.83,284.19,954.72,839.78,715.15,620.41,562.77,506.96,405.19,355.53,332.45,344.49,971.65,872.29,746.5,652.08,461.33,415.65,395.8,402.66,796.05,877.06,697.1,589.96,525.4,491.08,468.73,477,968.55,854.25,743.41,649.35,602.98,573.06,556.77,542.48,890.45,787.3,702.54,652.73,616.16,606.66,1003,925.49,835.75,746.67,702.04,675.21,1061.2,1024.7,872.76,834.55,689.01,1031.4,938.66,833.45,779.94,985.12,887.54,843.46,891.76,1029.2,540.53,2296.7,2468.9,2264.6,2281.5
768.35,658.89,789.95,696.98,586.35,485.7,466.57,468.8,473.86,516.5,750.92,708.25,616.79,484.42,390.48,394.55,360.07,379.33,460.11,800.46,918.71,815.93,612.78,521.46,444.56,369.72,289.21,241.05,311.97,264.28,976.03,770.94,605.52,504.62,502.84,367.6,192.23,107.97,177.14,519.51,571.46,1521,1724.2,1700.3,1360.7,1347.2,1648.5,1562.7,1482.2,1579.5,1303.5,1265.2,1233.1,1166.7,1114.4,1104.7,985.31,1050.9,957.54,907.82,1302.4,1049,1109.3,1307.3,1169.8,1072.3,850.11,1629.8,676.56,597.52,516.14,310.7,203.69,195.35,174.93,690.71,503.41,469.92,318.46,377.33,675.14,435.41,512.96,592.04,0,480.13,430.58,603.38,619.23,588.09,1032.6,420.21,562.37,700.07,769.4,277.7,422.51,579.06,706.34,773.09,367.11,460.14,606.11,763.97,544.41,646.84,675.83,808.12,607.01,715.07,774.3,843.06,866.5,908.24,695.48,817.63,893.62,711.42,760.81,832.77,882.31,807.39,894.3,1007.2,961.96,621.01,654.62,849.03,934.68,989.63,1118.3,741.15,887.59,952.54,1021.6,1030.4,535.49,670.88,895.23,1035.1,442.06,603.21,695.1,817.07,883.91,936.58,754.16,880.93,432.09,694.78,837.09,519.51,794.71,729.15,307.72,443.31,585.33,746.91,1344,1288.1,1264.7,1110.6,1061.4,1035.1,1346.5,1252,1173.6,927.63,1444,1366.1,1232.1,1078.5,1038.2,943.89,855.33,1457.4,1355.3,1254.7,1138.3,1071.1,1009.4,1380.3,1294.5,1203.6,1152.1,1119.5,953.05,1178.1,1113.7,1283.8,1255.4,1246.3,1207.6,1353,1440.9,1546,1478.7,1400,1355.4,1041.3,996.89,1118,1049,1173.7,1104,1255.7,1170.3,1331.3,1236.1,1443.6,1377.6,1322.7,1276.9,1478.9,1435.9,1382.3,1658.4,1486.7,1448.4,1386.2,1298.6,1718.7,1718.5,1517.2,1563.5,1542.2,1782.8,1838.2,1713,1713.1,1743.2,1753.3,1884.5,1458.8,1683.3,1576.7,1616.5,1677.4,1610.4,1563.8,1785.6,1817.7,1826.8,765.94,876,935.01,836.79,789.1,706.48,985.17,912.84,844.82,800.96,775.24,776.56,794.2,831.86,759.7,874.69,1040.2,974.23,912.46,878.44,876.66,880.42,848.22,862.05,892.79,930.13,1085.7,1031.4,971.88,939.51,912.53,925,952.61,985.42,1048.5,1097.2,1013.8,983.02,985.58,1001.2,1022.9,1053.8,1173.7,1121.2,1079.6,1060.4,1061.4,1062.4,1073.2,1093.2,1177.9,1139.9,1121.8,1127,1133.4,1153.9,1278,1226.8,1201.4,1175.2,1177.4,1192.7,1326.9,1322.4,1257.4,1248.3,1240.5,1370.4,1319.5,1279,1265.5,1377.6,1339.2,1327.8,1373.5,1431.2,1112.2,1744.3,1940.7,1743.8,1750.5
1170.5,1093.2,1141.1,1078.6,1009.2,952.84,943.98,948.52,946.17,975.3,1031.4,1038.1,970.79,893.52,846.21,869.99,840.2,848,915,937.4,1112.3,1042.1,869.42,834.66,802.8,776.74,732.02,721.07,776.09,722.4,1151.7,946.87,811.25,761.23,716.01,661.05,602.92,587.4,609.81,974.16,1030.3,1882.4,2067.9,2030.7,1732.1,1697.9,1965.8,1854.8,1788.3,1903.4,1571,1586.7,1579.1,1452.5,1424.5,1447.6,1324.5,1343,1264.3,1237.7,1513.4,1250.9,1346.8,1497.7,1364.8,1442.5,1227.1,1975.7,782.01,714.29,673.21,452.87,390.01,285.04,419.22,696.56,506.56,332.52,246.07,105.08,599.35,157.19,140.17,150.6,480.13,0,498.38,217.44,151.48,109.11,673.24,646.18,731.55,843.13,899.85,465.15,553.66,672.06,780.84,841.77,347.97,488.72,616.1,769.26,466.18,597.13,580.45,746.69,433.27,561.33,625.48,729.76,721.83,876.41,438,610.36,716.61,348.19,453.05,546.96,612.94,423.24,551.14,825.1,719.57,305.66,1103.3,1262.9,1331.6,1372.5,1480.3,1150,1267.2,1318.7,1383.9,1377.4,972.75,1068.3,1245,1361.5,871.83,972.55,1056.2,1147,1212.2,1250.7,1079,1178.8,826.98,1001.6,1114.1,835.4,1050.7,971.61,665.98,741.93,830.14,945.25,1734.8,1667.5,1634.9,1473.2,1404.3,1361.5,1505,1407.1,1317.2,1021,1558.5,1495.2,1355.7,1214.5,1138,1007.1,875.3,1546.6,1448.1,1345.2,1240.5,1114.8,1035.6,1435.6,1349.9,1268.7,1184.4,1102.8,927.69,1266,1059.6,1323.5,1263.4,1221,1146.6,1263.9,1331.5,1505,1486.8,1412.9,1342,965.8,896.43,1021.6,908.61,1062.3,949.53,1128.6,987.9,1186.9,1029.2,1293.6,1191.4,1093.9,1015.5,1309.7,1236,1148.6,1498.2,1277.8,1208.1,1119.1,1019.3,1553.8,1527.2,1278.6,1310.2,1273.3,1612.6,1653.4,1505.4,1489,1501,1496.9,1648.5,1169.6,1573,1389.5,1386.8,1409.1,1272.3,1410.1,1567,1569.4,1552.7,584.62,773.55,808.25,659.35,552.48,267.55,825.1,709.27,587.77,476.68,384.68,334.55,323.21,351.87,279.69,406.08,852.78,745.2,631.65,550.44,509.4,475.21,402.89,391.78,412.68,454.95,876.64,785.12,672.79,594.1,466.69,455.72,472.87,508.04,732.81,806.88,651.95,571.62,538.4,533.48,543.83,574.33,896.87,797.75,707.47,641.65,617.45,604.22,604.59,615.16,841.86,759.19,700.32,677.05,665.41,677.01,953.33,882.56,814.2,749.99,727.97,725.39,1009.8,982.98,859.79,833.17,763.04,1004.2,925.56,846.7,812.76,977.65,904.62,876.52,924.02,1026.4,632.12,2154.6,2322.6,2117.7,2135.7
755.89,727.57,685.44,652.16,637.83,677.06,713.1,768.2,815.14,883.73,546.62,576.43,532.8,524.42,563.65,641.51,662.94,742.36,838.42,445.74,614.55,544.8,385.78,386.63,399.89,436.48,460.93,566.12,693.45,661.28,656.29,449.11,316.4,290.9,231.81,251.02,357.76,473.05,602.6,662.81,719.94,1410.3,1585.7,1544,1268.3,1223.1,1475.6,1359.8,1296.6,1415.6,1074.1,1101.7,1104.4,959.38,938.33,974.25,853,852.83,780.53,764.8,1016.2,753.29,848.59,1003.1,868.62,985.38,784.97,1495.2,293.82,219.54,176.48,119.89,237.95,401.8,550.97,263.35,80.262,199.69,269.52,459.83,251.86,346.21,621.39,648.63,430.58,498.38,0,711.67,638.44,583,1171.5,834.56,969.58,1105.9,1174,659.37,805.3,961.97,1090,1157.7,663.22,803,956.96,1123.1,845.37,973.07,981.17,1139,862.01,991.3,1057.1,1149.1,1156.4,1257.4,905.76,1067.8,1165.8,843.24,938.9,1030,1093.2,921.56,1047.1,1280.2,1194.4,785.08,1026.5,1245.2,1338.9,1399.6,1534.4,1144.3,1301.1,1369.8,1439.1,1452.2,927.63,1082.6,1318.1,1461.2,846.69,1026.9,1118.7,1244.7,1311.1,1365.2,1183.1,1311.1,854.17,1125.2,1267.6,950.08,1224,1156.5,738.29,872.23,1010.5,1167.5,1743.7,1694.7,1675.7,1526.6,1483.9,1461.2,1017.1,919.08,831.24,546.85,1085.7,1016.2,876.74,729.1,664.19,547.26,437.99,1084.4,983.02,879.54,767.87,669.07,598.91,989.17,902.12,814.18,747.19,698.46,527.05,800.1,685.67,884.29,843.69,825.15,779.61,923.3,1010.5,1124.5,1070.1,992.02,938.67,611,566.85,687.43,622.72,743.34,678.92,825.72,749.69,902.14,820.26,1014.3,953.91,911.4,879.91,1051.4,1014.2,971,1229,1066.3,1037.8,987.83,909.23,1289.5,1292.4,1104.7,1155.1,1140.2,1353.8,1410.6,1289.8,1293.6,1328.3,1342.7,1466.4,1068.4,1253.3,1150.9,1199.6,1272.4,1243.7,1134.2,1364.1,1403.7,1421.6,373.08,447.97,509.21,432.52,424.1,556.92,564.9,512.37,482.47,498.9,544.29,610.05,681.19,772.84,711.07,866.24,625.44,580.04,555.03,562.23,596.23,639.88,669.83,733.86,816.6,894.91,676.03,640.95,618.9,627.35,722.5,783.63,859.79,934.39,698.42,725.88,705.56,731.74,786.17,844.67,914.46,979.74,789.37,769.81,772.93,807.8,846.22,874.69,910.86,969.69,831.24,835.21,865.68,915.33,963.14,1017.8,916.44,882.72,897.69,918.92,959.81,1015.1,957.63,968.68,960.06,972.37,1100.6,1035.2,1013.7,1024.2,1047.1,1074.7,1083.4,1102,1141,1130.7,1020.5,1713,1857.2,1649.6,1674.4
1345.2,1253,1331.1,1259.4,1173.8,1089.1,1065.6,1051.9,1031.3,1042.7,1234.3,1231.8,1157.8,1062.1,991.44,996.03,951.19,931.97,981.33,1153.5,1326.2,1252.4,1073.4,1028,985.03,943.6,883.1,836.85,858.9,803.59,1367,1160.8,1020.6,962.65,922.21,852.32,761.6,709.36,687.36,1120.9,1174.1,2074.4,2265.1,2230.8,1920.7,1892,2168.3,2061.3,1992.3,2104.4,1780,1786.9,1773.9,1658.3,1626,1642.3,1519.2,1547.1,1465.2,1433.8,1727.9,1465,1558.2,1713.5,1579.9,1629.9,1410.8,2172.1,998.39,929.39,884.41,654.3,571.79,420.35,483.37,913.7,723.57,549.86,448.83,263.15,813.88,374.61,96.177,87.361,603.38,217.44,711.67,0,137.77,181.42,462.62,621.83,666.23,751.9,797.63,479.05,508.92,582.58,667.46,719.42,322.62,415.4,499.76,628.78,345.26,457.59,423.81,582.8,271.95,383.31,441.71,549.01,531.58,712.93,236.73,409.1,517.4,131.59,237.32,331.65,398.29,215.63,335.48,620.31,506.44,104,1155.9,1281.6,1336,1366.4,1457.9,1169.5,1262.8,1304.1,1364.6,1349.4,1021.3,1084.1,1223.8,1322.7,920.96,977.37,1051,1119.5,1180.6,1209.8,1052.7,1132.9,858.04,971.21,1061.6,824.28,992.04,912.54,698.23,734.21,785.84,868.39,1724.9,1651.3,1613.5,1451.4,1373.1,1322.7,1722.1,1624.1,1534.4,1238.5,1775.9,1712.6,1573.1,1431.6,1355.5,1224.4,1091.8,1763.3,1665.2,1562.3,1457.9,1331,1251.4,1651.1,1565.7,1485.2,1399.7,1314.9,1140.9,1483.2,1268.2,1538.5,1476.5,1431.1,1353.1,1464.5,1527.4,1710.7,1698.5,1625.5,1552.4,1173,1101.4,1224.7,1106.3,1262.2,1143.3,1324.2,1173.9,1377.7,1207.3,1481.2,1371.5,1263.3,1175.5,1492.2,1411.2,1314.9,1680.1,1449.4,1370.5,1273.6,1171.9,1733.8,1699.8,1440,1465.4,1423.1,1790.3,1826.4,1673.3,1651.6,1656.8,1647.3,1804.2,1313.3,1765.8,1565.5,1549.2,1556.2,1387.9,1595,1730.2,1721.8,1694.7,786.02,981.06,1011.1,858.03,743.04,387.33,1021.2,899.76,769.89,642.66,524.63,433.52,367.7,320.66,266.81,303.03,1041.7,927.04,802.49,707.34,648.46,590.03,483.73,424.06,381.47,370.67,1058.9,959.65,833.48,737.96,536.83,480.69,443.63,430.35,882.15,963.66,781.18,669.68,597.54,553.14,515.1,508.33,1055.2,939.47,825.74,725.94,673.48,638.02,615.02,588.26,974.46,867.86,777.15,719.12,672.66,652.41,1087,1008.5,914.6,819.26,767.23,730.35,1145.3,1107.3,949.24,907.93,731.17,1110.9,1014.9,902.07,841.54,1059.5,954.4,904.38,952.61,1102,574.25,2330.2,2509.6,2306.8,2321.1
1322,1243.5,1291.4,1230,1160,1098.5,1085.6,1084.2,1075.1,1097.2,1177.9,1187.8,1121.8,1044.6,993.62,1012.6,978.03,975.98,1036.1,1068.9,1248.5,1183.2,1015.7,984.73,954.21,927.56,880.33,859.82,903.12,848.34,1284.9,1083.5,954,909.01,861.45,811.77,752.22,727.19,733.09,1122.2,1177.9,2032,2215.9,2177.6,1882.5,1847,2111.5,1998,1933.3,2049.9,1712.5,1733.8,1728.2,1596.7,1571.2,1596.7,1473.7,1488.3,1411.4,1386.6,1647.8,1386.5,1486.1,1629.2,1498.2,1593.1,1378.2,2124,913.34,849.62,814.69,601.82,541.39,424.61,533.02,814.81,637.06,457.5,396.14,243.58,706.53,292.25,141.32,55.172,619.23,151.48,638.44,137.77,0,57.585,542.72,718.53,779.98,875.13,924.36,555.04,612.35,703.8,796.45,850.9,411.29,528.1,628.14,763.53,472.56,591.16,560.11,720.29,407.68,521.08,579.16,686.5,667.85,850.53,372.26,542.73,651.13,242.21,360.12,453.06,519.99,295.93,432.46,750.61,629.47,241.54,1219.3,1363.2,1424.7,1460.1,1559,1250.3,1355.3,1401.3,1464.1,1452.5,1086.3,1166.3,1323.6,1430.1,984.95,1064.3,1143,1221.6,1284.6,1317.6,1153.9,1242.4,931.12,1073.7,1173.3,917.39,1105.7,1025.9,769.06,824.91,892.67,987.72,1821.2,1750.2,1714.5,1552.2,1477.6,1430.1,1631.2,1533.8,1443.1,1143.6,1676.2,1616.3,1477.5,1340.5,1259.2,1124.5,988.32,1659.3,1562.9,1461,1360.2,1225.6,1144.8,1542.8,1458.4,1380.6,1291.2,1200.4,1028.9,1382.5,1149.3,1429.1,1363.1,1313.6,1231.9,1338.5,1398.5,1588.1,1582.5,1510.9,1435,1053,979.63,1101,979.49,1136.1,1014.2,1195.5,1041.7,1246.8,1072.8,1349,1237.2,1127,1038.3,1358.3,1275.7,1178.2,1545.9,1313.3,1233.4,1136,1034.3,1599.1,1563.7,1302.8,1327.7,1285.4,1655.1,1690.2,1536.5,1514.3,1519.1,1509.5,1666.6,1175.5,1635.3,1430.1,1411.9,1418.4,1252.6,1461.7,1593,1584,1557.1,663.43,862.27,888.14,733.04,614.65,249.69,893.82,770.27,638.04,507.66,387.23,296.66,239.47,223.19,155.23,257.01,910.9,794.29,667.54,570.63,510.74,452.92,350.05,301.78,286.79,310.98,925.88,824.92,696.82,600.27,406.21,362.71,349.91,367.1,744.53,826.39,643.66,534.99,470.62,438.84,422.86,438.48,917.93,801.71,689.12,594.17,548.4,519.77,505.62,496.4,836.99,732.52,647.43,598.97,565.47,560.28,949.55,871.48,780.71,691.74,648.53,624.87,1007.8,970.56,817.59,779.52,643.86,976.47,883.48,779.09,727.32,930,833.51,790.98,839.25,974.22,500.2,2306,2473.1,2267.9,2286.4
1275.4,1200.8,1241,1182,1116.2,1062,1052.7,1055.9,1051.2,1077.5,1124.2,1136.6,1072.4,1000.1,955.18,978.88,948.09,952.61,1016.8,1011.8,1191.9,1127.6,962.06,933.99,906.5,883.89,840.84,829.14,880.25,826.05,1227.9,1027,898.99,856.31,807.53,762.17,711.42,695.64,712.14,1083,1139.3,1980.3,2162.9,2123.9,1831.8,1794.9,2057.2,1942.8,1878.7,1996,1656.9,1680.3,1676.1,1541.9,1517.5,1544.7,1421.8,1434.1,1358,1334.5,1590.9,1329.7,1430,1572,1441.2,1543,1329.2,2071.3,856.24,793.03,759.41,550.43,496.15,392.76,516.38,757.23,580.06,400.28,346.6,211,649.27,237.26,154.18,94.149,588.09,109.11,583,181.42,57.585,0,600.3,721.47,792.61,894.16,946.19,549.63,620.14,722.19,820.89,877.72,415.18,542.46,652.91,794.82,497.86,621.58,594.79,757.68,442.44,561.34,621.49,728.52,712.64,888.25,418.14,590.38,698.73,296.17,412.44,506.12,573.13,353.29,489.33,800.6,682.39,284.68,1203,1355.1,1420.1,1458,1561,1242.1,1352.9,1401.5,1465.3,1455.9,1071.2,1159.1,1325.4,1436.2,969.96,1059.8,1140.9,1224.9,1288.9,1324.3,1157,1250.3,920.58,1077.8,1182.8,916.97,1116.7,1037.1,758.64,823.79,900.24,1003.3,1820,1750.6,1716.2,1554,1481.8,1436.2,1573.7,1476.3,1385.6,1086,1618.7,1558.7,1420,1283,1201.6,1067,930.89,1602,1505.5,1403.5,1302.6,1168.3,1087.6,1485.8,1401.4,1323.3,1234.2,1144.2,972.26,1325,1094.1,1372.2,1306.7,1258.1,1177.3,1285.7,1347.1,1534,1526.7,1454.8,1379.5,998.02,925.12,1047.2,926.96,1083.3,962.89,1144,992.61,1196.7,1026,1299.9,1190.1,1082.9,996.6,1310.7,1230.1,1135,1498.7,1268.8,1191.4,1096.1,994.75,1552.5,1519.2,1261.2,1288,1247.1,1609.2,1645.8,1493.4,1472.7,1479.4,1471.4,1627,1138.9,1585,1384.5,1370.2,1381.2,1224.3,1413.5,1551.2,1545.4,1521.4,609.01,806.88,834.01,679.58,562.77,212.85,841.53,719.13,588.57,461.7,347.43,268.73,231.19,243.98,171.94,298.94,860.65,745.64,621.41,527.88,472.82,422.04,329.4,298.2,305.79,345.98,877.52,778.45,653.78,561.63,389.71,361.58,367.11,398.93,705.06,785.06,609.72,510.13,458.07,439.28,439.01,465.78,876.46,764.73,658.75,573.96,537.03,515.5,508.84,511.35,802.85,705.24,629.72,592.07,569.51,574.13,915.42,839.45,756.1,676.47,642.51,629.46,973.26,939.26,796.39,762.71,659.47,950.42,862.46,768.19,724.49,911.27,824.33,788.4,836.42,957.42,524.43,2258.2,2422.5,2216.8,2236.3
1794,1691.4,1789.3,1712.6,1616.8,1510,1473.4,1441.7,1402.1,1392,1696.8,1691.8,1615,1509.2,1422.3,1410.2,1352.9,1306.8,1333,1609.2,1785.5,1714.2,1536,1488.4,1440.8,1390.9,1320.9,1248,1237,1183.8,1824.3,1620.1,1482.6,1425.1,1384.8,1312.5,1207.1,1131.8,1073.4,1550.4,1600,2532.3,2725.4,2692.2,2376.7,2351.1,2630.5,2524,2454.8,2566.2,2242.3,2248.6,2233.4,2120.9,2088.1,2102,1979.1,2009.6,1927.2,1894.3,2186.4,1924.1,2019.5,2169.8,2037.6,2085.9,1865.3,2632,1453.6,1387.3,1345.7,1116.9,1031.1,867.9,881.58,1357.5,1177.3,998.98,911.31,725.04,1247.5,828.29,557.41,523.7,1032.6,673.24,1171.5,462.62,542.72,600.3,0,897.8,866.63,882.48,894.39,832.59,783.3,760,769.09,785.46,683.29,680.07,651.45,672.91,565.76,574.73,514.34,571.68,464.08,434.44,429.47,489.2,437.5,659.31,351.96,336.33,382.32,333.4,274.59,228.95,223.27,250.02,138.6,400.6,262.98,413.67,1479.7,1548.8,1577.1,1587.9,1645,1445,1493.7,1514.7,1563,1532.8,1348.1,1360.3,1428.5,1487.6,1255.9,1246.1,1297.1,1321.7,1370,1379.5,1263.3,1300.1,1175.4,1183.4,1223.1,1086.1,1149.8,1080,1035.1,1014,999.75,1007.2,1922,1839.9,1794.3,1639.8,1549,1487.6,2173.6,2076.1,1985.5,1686.3,2218.3,2159,2020.3,1882.9,1801.9,1666.9,1530,2200,2104.3,2002.8,1902.8,1766.1,1684.9,2081,1997.5,1921.3,1829.8,1733.9,1565.6,1924.6,1677.2,1966.7,1897.2,1842.6,1755.2,1849.4,1899.6,2106,2112.6,2043.2,1963.6,1579.9,1504.1,1620.3,1492.3,1649,1519.6,1699.7,1533,1741,1548.9,1834.9,1711.5,1585,1482.8,1834,1739.5,1628.3,2016.3,1768.9,1673.9,1565.3,1465.3,2064.3,2014.8,1738.7,1750.2,1698.6,2114.6,2139,1978.3,1945.7,1936.2,1915.5,2079.4,1581.6,2126.5,1891.4,1846.1,1820.8,1596.6,1939.8,2023.6,1991.9,1943.6,1190.6,1392.6,1411.3,1254.4,1130.5,740.13,1406.4,1278.7,1141.6,1000.9,865.97,749.22,647.01,531.9,545.47,413.68,1411.5,1288.7,1153.2,1045,967.56,885.24,760.85,659.94,548.12,452.09,1415,1306.1,1164.8,1052.1,782.64,680.52,574.58,478.59,1190.2,1278,1066.9,924.31,809.14,715.81,609.27,532.26,1366.2,1229.3,1087.9,947.89,860.23,796.78,740.23,653.88,1245.2,1108.4,977.19,871.11,774.14,699.03,1350.3,1264.1,1134.9,998.84,903.42,811.56,1407.7,1351.6,1145.7,1083.4,738.43,1322,1203.3,1042.9,943.16,1229.2,1076.9,992.79,1034.5,1255.3,582.68,2775.7,2963.7,2762.5,2774.4
1088.8,948.99,1151.7,1043.1,901.74,730.82,665.94,602.54,538.74,508.14,1148.7,1087.6,989.41,829.27,687.16,626.42,547.43,457.85,454.01,1220.5,1332.5,1226,1023,920.83,831.45,734.77,633.69,486.82,403.32,364.73,1391.5,1189.1,1023.6,919.2,922.2,782.66,591.01,444.15,303.2,792.02,824.98,1843.7,2056.3,2042.7,1679.4,1683.8,2000.7,1931.2,1844.8,1929,1688.9,1624.5,1577.1,1547.6,1485,1455.9,1344.1,1432.6,1335.8,1276,1706.3,1459.1,1509.4,1715.9,1579.4,1403.9,1188.5,1962.3,1095.7,1016.3,935.91,717.01,596.65,461.06,287.31,1097.9,899.11,814.81,638.32,557.64,1062.8,702.88,577.25,667.92,420.21,646.18,834.56,621.83,718.53,721.47,897.8,0,144.01,280.71,350.04,191.18,118.15,195.82,306.76,368.7,307.33,222.99,277.22,391.95,333.79,349.46,404.11,470.02,439.28,476.37,510.81,534.03,575.66,536.22,555.02,589.43,621.81,661.17,640.02,669.05,690.63,747.56,769.56,718.69,729.4,568.34,582.76,667.01,715.17,744.62,840.47,557.43,640.95,683.47,745.6,734.51,453.36,471.42,605.1,715.68,367.93,360.07,429.42,503.52,567.51,604.55,435.69,532.91,281.3,356.43,470.54,202.94,411.58,335.48,178.02,117.72,188.11,333.67,1104,1031.9,995.95,833.63,760.35,715.68,1760.4,1667.3,1590.9,1347.7,1862.3,1783.5,1650.7,1497,1458.4,1362.9,1269,1877.2,1775.2,1674.8,1558.3,1489.7,1426,1800.3,1714.5,1623.6,1570.3,1532,1361.6,1598.3,1519.7,1703,1672.1,1658.8,1613.5,1754.9,1839,1958.5,1896.6,1817.9,1770.4,1441.6,1390,1514.7,1432.1,1567.6,1483.9,1646.7,1542.1,1718.4,1599.8,1830.4,1751.5,1678.9,1617.3,1860,1805.4,1737.2,2044.3,1853.3,1801.2,1725.4,1630.2,2103.6,2094.3,1871.6,1911.5,1882.2,2166.5,2217.3,2082.5,2075.8,2098.1,2101.5,2243.3,1787.1,2083.3,1952.6,1975.8,2019,1909.2,1950.8,2151.2,2170.4,2166.5,1124.7,1265.2,1319.1,1200.5,1126.7,913.72,1360.2,1269.7,1175.9,1095.2,1025.2,979.97,952.25,935.87,872.66,922.97,1407.2,1322.7,1234.6,1173.4,1146.2,1120.3,1046.6,1018,998.73,991.79,1445.5,1373.8,1286.2,1225.3,1109.1,1080.3,1061.9,1051.4,1355.3,1419.4,1289.8,1217.7,1178.9,1157.1,1134.3,1129.8,1504.5,1424.7,1348.8,1287.6,1258,1236.2,1224.1,1208,1474.2,1402.8,1345.8,1313.5,1283.9,1272.2,1583,1518.1,1459.1,1394.7,1363.8,1343.1,1637.3,1618.1,1505.8,1478.9,1352.4,1646.6,1571.5,1488.9,1444.8,1623.8,1545.6,1508.6,1556.8,1672.5,1195.9,2008.1,2233.7,2049.2,2044.3
1223.7,1080.7,1291.8,1181.8,1037.6,859.91,790.19,718.62,645.63,600.35,1292.4,1229.9,1131.3,969.24,823.9,756.98,675.53,575.27,553.25,1362.8,1476.4,1370,1167,1064.7,974.84,877.14,775.49,624.73,529.09,496.61,1535.3,1332.4,1166.9,1063,1065,926.3,735.02,587.98,445.48,923.62,953.07,1975.4,2189.2,2177.6,1810.9,1818.5,2137.4,2070.7,1983.5,2065.4,1831,1763,1713.4,1689.3,1625.5,1593.7,1483.3,1574.6,1477.4,1416.6,1850.1,1603.2,1653,1859.9,1723.4,1538.7,1325.4,2095.5,1235.9,1156.3,1076.9,853.56,731.91,584.06,418.7,1232.7,1031.3,935.35,758.87,654.11,1191.3,809.35,640.74,726.23,562.37,731.55,969.58,666.23,779.98,792.61,866.63,144.01,0,137.77,207.04,312.53,180.28,106.89,174.26,230.11,383.63,252.05,215.24,275.07,334,292.48,352.8,369.45,436.65,432.33,449.32,445.42,493.76,411.87,547.29,538.01,546.39,677.91,631.47,640.04,647.84,753.82,749.38,629.76,665.89,593.9,648.4,683.49,711.3,726.62,800.97,583.13,629.1,656.84,711.55,690.1,530.84,500.62,572.3,658.39,462.08,387.06,430.73,465.28,521.52,545.5,402.2,467.59,370.74,320.45,395.38,233.81,326.07,246.42,311.22,197,133.3,214.39,1074.2,996.48,955.5,794.86,711.73,658.39,1904.3,1811.1,1734.4,1489,2005.6,1927.1,1793.9,1640.2,1600.3,1502.8,1406,2019.8,1917.7,1817,1700.7,1629.2,1564.2,1941.4,1855.4,1764.7,1709.5,1668,1496.2,1740.2,1652.9,1843.1,1810.3,1794.7,1746.5,1885.9,1968.2,2094.1,2035.4,1956.8,1907.4,1572.6,1518.7,1644.3,1557,1696,1607.5,1773.7,1662.7,1843.7,1717.5,1955.4,1871.9,1793.5,1727.1,1982.7,1924.2,1851.1,2168.3,1970.9,1914.1,1834.1,1737.1,2227.2,2214.4,1984.8,2022.3,1990.5,2289.4,2338.4,2200.3,2191.2,2210.6,2211.7,2356.8,1891.9,2213,2073.1,2090.4,2127.2,2003.4,2075.5,2267.5,2281.9,2273.4,1244.2,1393,1445,1320.7,1240.2,995.95,1482.9,1387.2,1286.8,1196.9,1115.9,1058.8,1018.9,986.74,929.18,956.59,1526.9,1437.2,1342.2,1273.9,1239.8,1205.9,1121.9,1081.7,1047.7,1026.8,1562.7,1486.1,1390.9,1322.3,1182.1,1141.8,1109.6,1085.6,1456.8,1525,1382.9,1299.7,1249.3,1216.5,1180.5,1164.7,1612.1,1524.4,1439,1366.1,1327.7,1299.3,1280.4,1253.1,1571.2,1490.3,1422.3,1378.9,1338.6,1317,1681.7,1613.1,1544.3,1468.9,1428.3,1396.5,1737.2,1713.5,1587.5,1555.3,1393.3,1735.6,1653.5,1558.7,1505.5,1703.5,1613.5,1568.8,1617.1,1750,1231.4,2126.8,2358.2,2176.9,2169.5
1345.5,1199.4,1420.1,1308.2,1161,977.06,903.26,825.14,745.52,689.26,1426.5,1361.3,1262.2,1097.7,949.06,876.27,793.22,685.26,649.25,1500.5,1613,1506,1303.2,1199.6,1108.5,1009.1,906.82,752.11,646.7,619.7,1672.2,1469.8,1304.3,1199.9,1202.6,1063.4,871.17,723.1,578.45,1042.9,1068.7,2092.2,2307.4,2298.1,1927.7,1939.1,2260.3,2197.3,2109.1,2187.9,1961.7,1888.6,1836.1,1819.4,1753.9,1718.4,1610,1705.2,1607.7,1545.3,1984.6,1739,1787,1995.3,1859.1,1659.9,1449.3,2214.1,1373.6,1294,1214.6,990.46,868.53,716.67,554.97,1368.7,1166.5,1065.3,889.52,773.2,1324.8,932.46,740.17,820.25,700.07,843.13,1105.9,751.9,875.13,894.16,882.48,280.71,137.77,0,69.354,447.2,306.79,172,114.63,130.6,499.05,354.46,257.39,223.22,407.16,321.44,378.13,331.06,497.64,456.21,453.09,416.4,469.7,329.2,596.73,546.18,526.92,742.15,676.12,665.45,659.25,807.03,779.09,589.34,654.36,668.08,713.51,703.41,710.9,711.94,762.51,616.09,624.55,636.43,681.5,650.34,610.36,541.67,549.97,606.53,557.57,436.04,452.6,445.03,488.75,497.23,393.28,417.75,467.99,320.88,340.78,310.27,267.42,199.57,438.78,308.64,182.61,125.77,1039.5,957.58,912.43,757.32,666.88,606.53,2040.8,1947.9,1871.6,1626.8,2143,2064.2,1931.3,1777.7,1738.1,1640.4,1542.9,2157.5,2055.4,1954.7,1838.4,1766.7,1701.4,2079.2,1993.1,1902.4,1846.9,1804.4,1632.1,1878,1788.1,1980.7,1947.4,1931,1881.6,2020,2101.4,2230.2,2172.7,2094.1,2044.2,1706.9,1651.8,1777.8,1688.3,1828.8,1738,1905.8,1791.4,1974.9,1844.3,2086.3,2000.3,1918.5,1849.1,2112.3,2051.5,1975.6,2298.6,2097.4,2037.9,1955.2,1857.1,2357.1,2342.3,2108.6,2144.6,2111,2419,2466.8,2326.8,2316.2,2333.7,2333.3,2480.4,2010.3,2346.3,2201.4,2214.9,2247.5,2114.3,2206.2,2392.9,2404.3,2392.8,1372.9,1525.9,1576.8,1449.7,1365.4,1102.6,1612.9,1514.5,1410.4,1315,1227.4,1162.7,1114.4,1071.1,1018.5,1027.9,1655.2,1562.6,1463.5,1391,1352.5,1313.3,1222.8,1174.5,1129.8,1098.2,1689.5,1610,1510.2,1437,1280.9,1232.4,1190,1155.6,1574,1644.6,1494.7,1404.2,1345.6,1305,1258.9,1234.3,1732.8,1640.2,1548.6,1467.6,1423,1389.8,1365.9,1330.1,1685,1597.8,1522.1,1470.7,1422.4,1393.1,1796.4,1725.4,1649.9,1566.9,1519.1,1479,1852.7,1825.9,1690.4,1654.5,1465.7,1843.3,1756.5,1652.9,1593.1,1804.5,1706,1655.6,1703.8,1849.3,1300.8,2229,2466.4,2288.8,2278.7
1409.6,1262.4,1486.5,1374.1,1225.8,1039.8,964.58,884.22,802.44,742.35,1495,1428.9,1329.7,1164.4,1014.7,939.92,856.47,746.13,705.27,1569.8,1682.2,1575.1,1372.4,1268.4,1177,1077,974.57,818.71,710.33,685.18,1741.4,1539.1,1373.6,1269.2,1272,1132.7,940.31,792.02,646.89,1106.4,1130.7,2154,2369.6,2361.3,1989.5,2002.5,2324.4,2263,2174.4,2251.9,2029,1954,1900.3,1886.5,1820.3,1783.4,1675.8,1772.4,1674.9,1611.9,2053.2,1808,1855.4,2064.2,1928,1723.6,1514.2,2276.5,1442.6,1363,1283.8,1059,936.87,783.08,623.24,1436.7,1233.9,1130.2,954.82,833.48,1391.2,994.17,792.02,869.25,769.4,899.85,1174,797.63,924.36,946.19,894.39,350.04,207.04,69.354,0,514.88,372.39,228.43,133.75,111.45,559.14,411.81,298.06,222.18,452.59,352.43,404.65,328.22,535.93,479.15,466.57,414.44,468.47,299.23,628.09,559.19,526.46,778.36,704.12,684.55,671.66,837.54,798.78,576.32,655.37,709.49,756.9,727.07,724.75,718.63,756.11,646.95,637.7,641.37,680.66,644.79,660.52,577.32,555.65,595.02,614.13,477.34,482.12,454.74,490.49,490.18,410.68,412.35,526.07,346.45,336.16,365.13,265.55,212.88,506.06,373.02,237.93,126.46,1032.7,949.1,902.06,751.47,658.27,595.02,2110,2017.1,1940.9,1695.9,2212.3,2133.6,2000.7,1847,1807.4,1709.4,1611.2,2226.8,2124.7,2024,1907.7,1835.6,1770,2148.3,2062.2,1971.6,1915.7,1872.5,1699.8,1947.3,1855.5,2049.7,2016,1999.1,1948.9,2086.7,2167.6,2298.1,2241.4,2162.8,2112.5,1773.8,1718.1,1844.2,1753.4,1894.9,1802.7,1971.4,1855.2,2040,1907.2,2151.2,2063.9,1980.3,1909.4,2176.5,2114.5,2037.1,2363.1,2160,2099,2015,1916.5,2421.5,2405.5,2169.7,2204.9,2170.5,2483.1,2530.3,2389.3,2377.9,2394.5,2393.2,2541.4,2068.7,2412.6,2264.9,2276.4,2306.8,2168.9,2271,2454.9,2464.6,2451.5,1436.9,1592,1642.3,1513.7,1427.6,1156.3,1677.5,1577.7,1471.8,1373.8,1283.1,1214.9,1163,1114.5,1064.4,1065.4,1718.9,1624.8,1523.8,1449.3,1408.7,1367,1273.5,1221.5,1171.9,1135.5,1752.3,1671.5,1569.4,1493.9,1330.6,1278.2,1231.2,1191.9,1632.1,1703.8,1550.2,1456.3,1394,1349.6,1298.9,1270.1,1792.5,1697.6,1602.9,1518.2,1470.7,1435.3,1408.9,1369.2,1741.3,1651.1,1571.8,1516.6,1464.6,1431.6,1853,1781,1702.3,1615.6,1564.4,1520.4,1909.7,1881.4,1741.4,1703.7,1502.3,1896.5,1807.4,1699.7,1636.7,1854.4,1751.8,1698.8,1746.8,1898.3,1336.3,2284.4,2524.2,2348.4,2337.2
1021.8,896.53,1059.5,960.26,834.83,694.39,647.52,609.51,571.08,570.21,1028.5,982.61,888.77,744.41,623.8,590.56,525.38,474.61,509.35,1066.3,1193.6,1092.5,889.68,798.95,719.43,636.11,543.66,430.94,404.41,351.42,1249.6,1042.2,877.55,780.22,773.11,643.62,467.72,340.88,244.43,744.61,787.97,1779.7,1986.9,1966.5,1617.2,1610.5,1917.7,1836.3,1754.2,1847.8,1580.2,1535.8,1498.7,1442.4,1387.8,1372.3,1254.9,1326.7,1232.4,1179.9,1579.7,1325.3,1386.9,1583.7,1446.1,1332.6,1111.7,1892.4,932.88,853.12,776.64,545.41,422.91,272.38,110.45,921.82,719.29,625.48,448.78,371.21,878.84,512.14,416.64,508.86,277.7,465.15,659.37,479.05,555.04,549.63,832.59,191.18,312.53,447.2,514.88,0,148.34,306.72,435.33,502.93,159.3,188.16,328.72,486.63,288.59,373.92,409.41,531.92,373.74,460.01,513.41,572,600.09,630.58,480.89,569.97,633.1,547.92,559.52,612.95,651.41,642.19,695.87,743.62,716.36,450.92,677.57,808.3,870.6,908.71,1015.2,695.43,803.52,853.7,918.73,912.72,542.87,611.3,779.98,899.18,443.18,510.24,591.83,682.91,748.68,789.67,614.99,720.44,379.3,539.19,660.43,370.33,602.66,526.62,219.28,276.89,379.22,519.84,1270.9,1202.6,1169.7,1008,940.08,899.18,1620.6,1525.3,1445.1,1188,1713.4,1637,1501.3,1348.1,1301.6,1198.3,1097,1723,1620.8,1518.9,1403.4,1323.6,1256.6,1639.1,1552.5,1462.5,1403.2,1357.7,1185,1441.1,1340.9,1538.3,1502.2,1484.3,1434.5,1573.4,1655.7,1783.3,1728.1,1649.7,1598,1260.2,1206.2,1331.7,1245.4,1383.5,1296.4,1461.5,1353.2,1532,1409.9,1643.8,1562.5,1488.3,1426.1,1672.1,1615.9,1546.4,1857.2,1663.5,1610.3,1534.2,1439.1,1916.2,1905.3,1680.8,1720.4,1691.1,1978.8,2028.7,1892.7,1885.4,1907.2,1910.4,2052.6,1596.1,1900.4,1763.7,1785.3,1827.8,1720,1764.1,1961,1979.4,1975.3,935.22,1080.6,1133,1011.3,935.8,731.83,1172.2,1079.6,984.76,904.89,838.47,799.62,780.49,777.35,710.24,781.21,1217.9,1131.9,1043.5,983.26,958,935.58,867.94,847.82,840.95,847.2,1255.4,1182.8,1095.3,1036,931.48,911.17,904.27,906.61,1164.8,1228.3,1101.6,1034.5,1002.7,988.79,977.26,983.18,1313.4,1234.5,1161.5,1106,1081.8,1064.6,1057.8,1051,1284.6,1216.5,1165.1,1139.8,1118.3,1115,1392.9,1329.1,1273.7,1215.1,1190.6,1178.1,1446.9,1428.8,1321.9,1297.8,1197.8,1459.4,1387.3,1311.7,1273.7,1440.7,1369.3,1337.6,1385.5,1490.3,1047.9,1978.7,2188.6,1996.3,1998.2
1144.8,1012.1,1193.1,1089.8,956.94,800.4,743.18,689.7,634.6,613.21,1171.2,1120.6,1025,873.86,742.75,695.2,621.51,546.59,556.3,1214.6,1340.5,1238.4,1035.3,941.59,858.83,770.35,673.7,543.49,484.41,438.32,1397,1190,1025.2,926.72,921,789.85,609.14,473.39,351.92,856.73,895.01,1902.9,2112.7,2095.2,1739.4,1737.5,2049.1,1972.1,1888.3,1978.4,1720.3,1669,1627.7,1581.3,1523.9,1503.2,1387.8,1465.7,1370.4,1315.2,1724.6,1471.5,1530.7,1729.8,1592.3,1458.4,1239.2,2018.3,1081,1001.2,924.96,692.65,570.02,410.82,258.77,1066.9,862.92,758.57,582.75,474.02,1018.9,629.22,471.36,560.17,422.51,553.66,805.3,508.92,612.35,620.14,783.3,118.15,180.28,306.79,372.39,148.34,0,158.38,287.01,354.63,206.23,105.08,194.86,342.76,217.72,255.55,303.71,399.39,322.26,370.06,411.64,451,486.65,488.27,437.93,483.8,527.62,543.41,522.71,555.16,580.5,629.42,653.4,631.41,627.16,451.25,696.47,785,831.45,858.6,949.32,675.58,755.75,795.3,855.72,841.41,564.99,589.57,714.93,817.74,474.66,478,545.26,611.01,672.97,705.29,543.92,630.42,392.24,462.73,562.75,319.76,497.54,418.21,262.61,235.77,280.43,394.55,1216.1,1142.4,1104.9,942.68,865.9,817.74,1767.9,1672.8,1593,1336.2,1861.6,1785,1649.5,1496.2,1449.9,1346.1,1243.3,1871.4,1769.1,1667.2,1551.7,1471.1,1403.4,1787.1,1700.5,1610.6,1550.5,1502.9,1329.4,1589.4,1484.1,1685.9,1648.8,1629.3,1577.4,1714.5,1795.2,1927.9,1874.9,1796.6,1743.8,1401.7,1345.7,1471.8,1381.5,1522.5,1431.2,1599.2,1484.9,1668.1,1538.7,1779.5,1694,1614,1547,1805.7,1745.6,1671.5,1991.9,1792,1734.3,1653.9,1556.8,2050.4,2036.2,1805,1842.3,1810.2,2112.4,2160.5,2021.4,2011.8,2030.7,2031.5,2177,1711.6,2040.2,1895.1,1910.8,1946.9,1824.5,1899.4,2088.2,2101.8,2093.2,1066.5,1219.6,1270.1,1143.1,1060.7,819.6,1306.2,1208.6,1106.9,1016.7,937.34,883.79,849.18,826.09,764.86,808.23,1348.9,1257.8,1161.9,1093.9,1060.7,1028.7,948.37,913.66,888.41,877.49,1383.8,1306.3,1210.6,1142.7,1009.7,975.05,951.24,937.03,1276.7,1344.7,1204,1123.9,1078.1,1051.1,1023.3,1015.7,1431.8,1344.5,1260.8,1191.6,1157,1131.9,1116.9,1096.7,1391.6,1312.8,1248.7,1210.4,1176.1,1161,1501.9,1434,1367.6,1296.3,1260.3,1234.9,1557.3,1534.3,1412,1381.8,1240.1,1557.8,1477.9,1388.2,1339.7,1528.8,1443.9,1403.3,1451.6,1576.2,1082,2084.9,2303.3,2114.6,2113.2
1281.9,1143.7,1339.1,1232.8,1094.4,926.33,861.73,796.97,729.87,691.79,1324.9,1270.4,1173.5,1017.6,879.51,821.74,743.17,652.34,641.2,1373,1497.7,1394.7,1191.5,1095.5,1010.4,918.38,819.33,678.87,599.09,560.16,1554.6,1348,1183,1083.7,1079,946.66,762.97,622.71,490.66,986.88,1020.6,2038,2249.9,2235.1,1873.8,1876.5,2191.6,2118.8,2033.7,2120.3,1871.3,1813.6,1768.8,1731.2,1671.4,1646.2,1532.8,1615.8,1519.8,1462.4,1879.9,1628,1685.1,1886.1,1748.7,1596.7,1379.9,2155.8,1239.2,1159.4,1083.3,850.31,727.67,564.28,417.15,1222.6,1017.8,906.03,732.04,605.18,1170.8,766.43,568.25,649.05,579.06,672.06,961.97,582.58,703.8,722.19,760,195.82,106.89,172,228.43,306.72,158.38,0,128.66,196.35,330.95,183.5,108.56,196.77,240.44,185.61,245.95,276.49,338.2,325.59,343.11,346.43,392.42,342.19,445.53,431.24,443.3,582.2,528.77,533.9,540.95,654.08,644.01,531.81,560.62,502.8,748.96,790.36,817.43,831.06,900.59,689.56,734.65,760.11,813,788.99,627.38,606.58,674.85,753.35,551.76,492.68,537.59,567.63,621.41,641.04,506.12,561.98,461.35,425.01,487.25,336.69,415.21,337.5,373.76,285.49,239.76,285.95,1175.4,1096.4,1054.2,894.71,809.21,753.35,1925.3,1830.5,1751,1494.5,2019.8,1943.1,1807.7,1654.4,1608.3,1504,1399.9,2029.8,1927.5,1825.6,1710.1,1628.7,1560.6,1945.2,1858.6,1768.8,1708,1658.7,1484.5,1747.7,1638,1843.7,1805.7,1784.9,1731,1866.5,1945.8,2082.9,2032,1953.8,1900,1554.3,1496.6,1623.1,1529.4,1672.8,1577.9,1748.2,1628.9,1815.7,1679.9,1926.5,1837.4,1752.4,1681,1950.7,1887.3,1809,2137.8,1932.6,1870.8,1786.6,1688,2195.8,2178.6,1941.5,1976.5,1942.1,2257.2,2303.6,2161.8,2149.9,2166.2,2164.8,2313.1,1840.4,2190.7,2038.2,2048.3,2078.4,1942.6,2046,2227,2236.2,2223.2,1211.1,1370.2,1419.1,1288,1200,930.66,1452.4,1350.9,1243.7,1145.4,1056,990.66,943.23,902.74,848.57,864.97,1492.6,1397.2,1295.4,1221,1181.2,1141.4,1050.9,1003.8,962.29,935.36,1525.2,1443.4,1341,1266.1,1109.3,1062.3,1023.3,993.52,1403.8,1475.4,1323.2,1232.2,1174.4,1135.6,1093.1,1072.5,1564.1,1469.6,1376.8,1295.7,1252,1219.9,1197.4,1164.9,1513.8,1425.8,1350.4,1300.5,1254.6,1228.3,1625.4,1554,1477.9,1395.5,1349.1,1311.7,1681.9,1654.4,1518.5,1482.9,1302.8,1671.3,1584.6,1482.2,1424.1,1632.7,1535.7,1486.9,1535.2,1677.7,1139.2,2203.6,2429.5,2244.7,2240.1
1394.8,1253.2,1458.1,1349.8,1208,1033.1,964.2,892.82,819,770.82,1449.6,1392.3,1294.7,1135.8,993.62,929.68,848.81,749.53,725.62,1501.5,1625,1521.4,1318.1,1220.5,1133.9,1039.6,939.34,793.46,702.64,668.51,1682.2,1476.1,1311,1210.9,1207.2,1073.9,888.31,745.72,609.05,1096.1,1126.5,2148.1,2361.4,2348.7,1983.6,1989.7,2307.3,2237.7,2151.5,2235.5,1993.6,1931.2,1883.6,1852.8,1791.3,1762.7,1650.8,1737.6,1641.1,1582.2,2005.6,1754.7,1810.1,2012.6,1875.4,1709.9,1495.1,2267.5,1367.8,1288.1,1212,978.8,856.17,691.23,545.78,1350.2,1145,1029.3,856.7,721.48,1296.3,884.66,667.03,741.28,706.34,780.84,1090,667.46,796.45,820.89,769.09,306.76,174.26,114.63,133.75,435.33,287.01,128.66,0,67.742,449.59,299.71,168.32,111.83,323.9,218.69,271.36,218.2,403.04,347.08,339.65,302.7,355.66,238.32,494.38,432.78,412.63,644.78,570.9,554.55,545.83,703.97,668.6,478.87,539.81,577.31,808.66,813.67,824.43,826.47,876.15,722.77,738.32,751.06,795.91,764.05,697.49,645.42,664.59,718.68,634.04,536.04,561.08,559.49,603.26,610.43,506.69,531.16,542.76,432.33,454.13,395.88,381.01,314.19,481.92,370.87,274.36,238.17,1153.2,1070.9,1025.2,871.06,779.93,718.68,2052.8,1958.2,1879.1,1623.2,2148.2,2071.3,1936.1,1782.7,1736.9,1632.6,1527.9,2158.4,2056.1,1954.2,1838.7,1757.2,1688.8,2073.9,1987.2,1897.4,1836.3,1786.2,1611.7,1876.4,1764.4,1972.2,1933.7,1912.2,1857.2,1991.6,2070,2209.9,2160.1,2082,2027.7,1679.9,1621.3,1748,1652.2,1796.9,1699.9,1871.6,1749.2,1938.1,1798.4,2048.5,1957,1868.9,1794.7,2071.5,2005.9,1924.9,2258.9,2050.3,1985.9,1899.3,1799.9,2316.6,2297.4,2056.6,2089.9,2054,2377.5,2422.8,2279.2,2265.9,2280.3,2277.3,2427.5,1950.4,2314.8,2157.5,2164,2189.9,2045,2167.7,2343.3,2349.5,2333.5,1332.2,1494.8,1542.6,1409.2,1318,1032.4,1574.3,1470.4,1360,1257,1161.6,1089.3,1034.1,982.64,933.92,931.95,1612.8,1514.8,1409.5,1331.3,1287.5,1242.7,1146.3,1091.5,1039.5,1001.9,1643.8,1559.6,1453.1,1373.9,1202.4,1147.5,1098.5,1058.2,1513.6,1587.3,1428,1330.2,1264.7,1218.2,1165.9,1136.4,1676.9,1577.8,1479.2,1390.6,1340.9,1304.2,1276.8,1235.9,1620,1526.1,1443.4,1385.8,1332.1,1298.2,1732.1,1658.6,1576.2,1486.4,1433.2,1387.6,1789.2,1758.8,1614,1574.9,1368.6,1771.1,1679.9,1569.2,1504.7,1726,1620.9,1566.6,1614.5,1769.2,1202.6,2300.9,2532.4,2350.7,2343.6
1453.8,1310.6,1520.3,1411,1267.6,1089.6,1018.8,944.48,867.83,815.23,1514.7,1456,1358,1197.7,1053.7,986.93,905.18,802.4,772.81,1569,1691.7,1587.7,1384.3,1285.9,1198.4,1103.2,1002.3,854.1,758.58,726.72,1749.1,1543.2,1378.1,1277.5,1274.4,1140.5,953.98,810.35,671.83,1153.6,1182.4,2205.2,2419.2,2407.7,2040.7,2048.6,2367.3,2299.6,2212.8,2295.3,2057.3,1992.4,1943.4,1916.2,1853.7,1823.3,1712.3,1801.1,1704.4,1644.6,2071.2,1821,1875.3,2078.7,1941.6,1768.8,1555.2,2325.5,1435.5,1355.8,1279.6,1046.5,923.92,758.66,613.38,1417.8,1212.5,1095.5,923.39,785.34,1363.1,949.03,724.5,795.8,773.09,841.77,1157.7,719.42,850.9,877.72,785.46,368.7,230.11,130.6,111.45,502.93,354.63,196.35,67.742,0,514.86,365.09,225.87,112.61,379.89,263.31,308.88,217.01,450.58,378.72,359.92,303.13,357.17,198.6,533.47,451.68,415.17,687.61,605.7,579.68,563.41,740.59,693.81,466.24,544.13,625.85,843.66,830.68,832.96,828.91,867.5,745.68,746.05,751.94,791.99,756.23,738.33,672.06,665.98,706.02,680.98,566.6,581.61,563.87,601.41,601.61,516.86,523.79,590.27,448.12,447.52,436.79,376.48,319.41,541.08,422.83,310.49,235.26,1144,1060.3,1013,862.88,769.55,706.02,2119.5,2025.1,1946.2,1690.9,2215.5,2138.4,2003.4,1850,1804.5,1700.3,1595.6,2225.9,2123.7,2021.8,1906.2,1824.9,1756.5,2141.6,2054.9,1965.1,1904.1,1853.7,1679.1,1944,1831.6,2039.9,2001.4,1979.6,1924.3,2058.3,2136.3,2277.3,2227.8,2149.7,2095.2,1746.8,1687.8,1814.6,1718.1,1863.3,1765.4,1937.6,1813.9,2003.7,1862.3,2113.9,2021.5,1932,1856.7,2136.4,2069.9,1987.8,2324,2113.9,2048.4,1960.8,1861,2381.5,2361.4,2119,2151.7,2115.1,2442.2,2487,2342.7,2328.7,2342.3,2338.7,2489.7,2010.7,2381.1,2221.8,2226.7,2250.8,2101.9,2233,2406.3,2411.1,2393.8,1397.4,1561.3,1608.7,1474.4,1382,1090,1639.8,1535,1423.3,1318.4,1220.6,1145.4,1087,1030.9,984.76,974.67,1677.5,1578.6,1471.8,1392.1,1346.6,1299.8,1200.9,1142.9,1086.4,1044.1,1707.9,1622.7,1514.5,1433.5,1255.9,1197.6,1144.2,1099.4,1574,1648.6,1486.3,1385.6,1316.9,1267,1210.4,1176.9,1738.5,1637.5,1536.5,1444.6,1392.3,1353.7,1324,1279.4,1678.8,1582.3,1496.5,1435.4,1378.3,1340.9,1791.1,1716.7,1631.5,1538.6,1482.3,1433,1848.4,1816.7,1668.1,1627.3,1409.3,1827,1733.8,1619.4,1552,1778.9,1670.2,1613.4,1661.1,1821.3,1242.6,2351.3,2585.6,2405.6,2397.3
1134.8,1019.8,1154.8,1064,951.13,829.14,790.18,760.26,727.23,729.22,1100.1,1068.8,980.52,851.41,747.41,728,669.6,629.52,668.23,1096.9,1242.2,1149,950.49,874.11,806.18,736.7,654.28,565.82,557.93,503.61,1293.8,1083.2,923.34,837.53,817.86,705.91,556.35,456.15,390.95,873.29,920.65,1888.1,2090.8,2065.8,1727.8,1713.7,2012.3,1922.1,1843.9,1944,1656,1628.5,1599.2,1522.5,1475,1470.1,1349.8,1407.2,1316.2,1270.4,1638.1,1378.2,1451.3,1635.9,1498.4,1439.4,1217.2,1996.4,952.68,874.26,806.38,562.88,444.92,263.84,200.94,915.75,709.23,581.54,412.5,274.36,852.03,435.74,270.09,361.29,367.11,347.97,663.22,322.62,411.29,415.18,683.29,307.33,383.63,499.05,559.14,159.3,206.23,330.95,449.59,514.86,0,149.88,298.33,463.82,186.78,310.04,323.6,476.27,240.05,351.32,413.4,493.65,509.47,594.49,335.15,450.82,531.03,389.07,408.74,471.3,517.15,483.92,545.2,645.92,594.85,292.06,836.43,959.41,1016.2,1049.6,1147.8,847.12,945.12,990.14,1052.8,1041.7,701.7,761.95,912.38,1021.1,602.34,656.44,732.79,810.69,874.23,909.12,742.94,835.27,536.13,663.16,768.6,506.6,703.76,624.43,377.92,414.74,485.34,597.58,1410.2,1338.9,1303.3,1140.9,1067.2,1021.1,1663.6,1566.5,1482.2,1208.3,1744.1,1671.5,1533.2,1382.1,1324.9,1210.5,1096.5,1746.4,1644.6,1541.4,1428.3,1331.5,1259.2,1652.3,1565.2,1477.4,1408.5,1349.2,1173.2,1462.2,1322.2,1546.5,1501.3,1474,1414.2,1545.7,1622.4,1769.5,1728.2,1650.9,1591.6,1235.4,1174.7,1301.6,1203.3,1349.4,1250.6,1423.1,1299.6,1488.8,1349.5,1599.1,1507.6,1421.5,1350.4,1621.9,1557,1478.1,1809.4,1601.9,1539.9,1456.3,1358.1,1867,1848.4,1610.6,1645.9,1612,1928,1973.6,1831.1,1819,1835.4,1834.4,1982.2,1511.4,1867,1708.2,1717.4,1748.5,1619.9,1718.2,1896.1,1905.6,1893.8,882.65,1048.2,1094.4,959.62,869.36,613.4,1124.9,1021.1,912.77,816.04,732.32,677.62,645.39,629.99,565.73,625.62,1163.2,1066.5,964.75,892.35,856.33,822.73,742.53,710.85,693.19,692.75,1194.8,1112.5,1011.2,939.46,804.18,773.01,756.48,752.37,1075.3,1145.5,999.38,917.64,873.19,849.75,829.23,829.8,1233.8,1142.1,1055.4,985.44,952.2,929.07,916.91,902.97,1188.1,1107,1042.7,1006.7,976.72,967.24,1298.9,1229.7,1161.5,1090.6,1056.9,1036,1354.8,1330.1,1205.8,1175.8,1048.6,1352.1,1271.7,1183.3,1137.5,1322.6,1239.5,1201.3,1249.5,1370.1,895.2,2105.8,2306.8,2110.6,2116.5
1209.8,1083.2,1246.7,1148.3,1022.7,877.71,826.08,779.27,729.61,713.24,1209.8,1168,1075.2,932.49,810.96,773.04,703.67,638.35,655.17,1228.7,1365.7,1268,1066.5,980.82,904.38,823.5,731.77,615.8,572.72,523.35,1419.7,1210.2,1047.5,955.17,942.1,820.03,652.05,528.97,425.69,930.17,971.87,1967.8,2175,2154.4,1805.3,1798.6,2105.1,2022.2,1940.8,2035.4,1763.5,1722.8,1686.6,1626.8,1573.8,1559.9,1442.1,1511.1,1417.5,1366.4,1756.8,1499.7,1566.2,1758.1,1620.4,1520.8,1299.8,2080.5,1088.3,1009.1,937.48,697.21,576.01,401.2,285.63,1059.4,853.11,730.66,559.75,422.75,999.71,585.24,389.55,474.22,460.14,488.72,803,415.4,528.1,542.46,680.07,222.99,252.05,354.46,411.81,188.16,105.08,183.5,299.71,365.09,149.88,0,154.16,320.14,114.63,186.82,221.69,349.06,217.55,277.7,327.14,384.23,412.02,457.48,333.1,390.44,446.35,440.47,417.73,452.77,481.63,525.06,549.04,555.83,536.04,350.18,800.4,889.16,933.43,958.29,1044.2,780.19,856.36,893.16,951.95,934.91,668.2,694.21,811.29,907.32,576.03,582.17,647.17,705.94,765.98,794.41,639.81,717.59,495.61,557.85,646.72,423.06,578.06,498.35,358.11,340.7,370.95,460.82,1313.6,1238.5,1199.6,1037.8,958.19,907.32,1790.6,1694.3,1611.8,1344.5,1876.9,1802.5,1665.2,1513,1460.1,1349.5,1239.1,1882.2,1780.1,1677.2,1563,1472.1,1401.2,1791.6,1704.6,1615.9,1550,1494.2,1318.7,1598.5,1469.3,1687.3,1644.7,1619.6,1561.6,1694.2,1771.6,1916,1871.5,1793.8,1736.4,1383.4,1323.4,1450.3,1353,1498.5,1400.4,1572.6,1449.5,1638.6,1499,1748.9,1657.4,1570.4,1498,1771.8,1706.6,1626.8,1959.2,1751.3,1688.2,1603.4,1504.7,2016.9,1998,1759,1793.5,1758.8,2077.8,2123.3,1980.3,1967.7,1983.3,1981.6,2130.4,1656.9,2016.3,1857.9,1866,1895.1,1760,1868,2045,2053.2,2039.7,1032.5,1196.9,1243.8,1109.5,1018.8,748.89,1274.7,1170.8,1061.6,962,872.94,810.09,767.22,735.42,677.2,710.44,1313.1,1215.8,1112.5,1037.5,998.05,959.49,871.83,829.71,796.78,780.24,1344.4,1261.2,1157.7,1082.7,931.38,889.72,859.04,839.53,1220.3,1292.1,1140.2,1051.5,997.91,964.53,930.4,918.46,1380.9,1286.1,1194.4,1116.4,1076.2,1047.2,1028.6,1003.4,1330.6,1244.1,1172,1126.9,1087,1067.4,1442,1371,1296.9,1218.1,1176.3,1145.2,1498.4,1471.4,1338.6,1304.9,1145.1,1489.6,1404.7,1307.1,1253.5,1453.7,1361.6,1316.9,1365.2,1499.6,985.04,2163.1,2375.6,2183.9,2185.2
1339.5,1206.8,1385.7,1283.6,1151.7,994.16,934.88,876.93,815.7,784.34,1357,1310.8,1216.2,1067.5,937.6,888.96,813.91,732.57,731.04,1382.4,1517.6,1418.6,1216.4,1127.5,1047.9,962.35,867.03,738.3,673.93,630.18,1572.2,1363.1,1199.8,1105.8,1094.6,969.96,796.42,665.53,546.77,1051.2,1088.8,2097.7,2307.3,2289.4,1934.2,1932,2242.6,2163.7,2080.8,2172.1,1908.9,1861.8,1821.8,1770.9,1715.3,1696.8,1580.7,1655.2,1560.6,1507,1906.8,1650.8,1714.9,1909.3,1771.6,1652.9,1433.5,2212.9,1242.5,1163.2,1091.2,851.34,730.01,555.17,433.89,1212.6,1006.2,879.19,710.78,562.81,1150.3,727.18,499.27,572.97,606.11,616.1,956.96,499.76,628.14,652.91,651.45,277.22,215.24,257.39,298.06,328.72,194.86,108.56,168.32,225.87,298.33,154.16,0,166.21,155.59,77.621,137.67,204.92,240.26,217.08,238.2,258.52,298.5,304.29,341.74,324.04,345.07,484.78,423.52,425.47,432.83,551.67,536.05,442.04,457.15,411.95,849.72,898.42,925.96,939,1005.8,796.74,843.05,867.52,919.4,893.92,724.86,713.18,781.97,855.93,643.92,599.04,645.95,674.76,727.2,744.29,614,664.83,555.3,533.18,589.07,441.21,516.14,440.33,448.58,381.53,348.3,380.47,1281.3,1201.7,1158.7,1000.1,913.25,855.93,1943.2,1847.1,1765.1,1498.6,2030.6,1956,1818.9,1666.5,1614.1,1503.6,1392.7,2036.2,1934.1,1831.3,1717,1626,1554.9,1945.7,1858.7,1770.1,1703.9,1646.9,1471.1,1752.6,1620.6,1841.2,1798,1772,1712.6,1843.6,1919.5,2067.8,2024.9,1947.3,1889.2,1533.7,1472.5,1599.4,1499.4,1646.7,1545.6,1719.6,1592.2,1784.1,1639.1,1893.7,1799,1707.6,1631.3,1914.8,1846.6,1763.1,2102.7,1890.1,1823.4,1735.2,1635.3,2159.9,2138.1,1894,1926.2,1889.3,2220.1,2263.9,2118.6,2103.9,2116.9,2113,2264.3,1784.8,2164,1998.9,2001.8,2025,1877.2,2012.3,2181.6,2185.5,2167.9,1177.1,1346,1391.4,1254,1158.9,864.8,1419.9,1312.8,1199.2,1092.8,994.87,921.18,865.93,816.52,766.47,770.62,1455.8,1355.1,1246.7,1166.3,1120.8,1074.9,978,923.78,874.29,840.91,1485,1398.3,1288.9,1207.7,1034.1,980.21,933.99,898.2,1348.1,1423,1260.8,1161.9,1096.7,1051.6,1002.4,976.86,1512.9,1411.7,1311.5,1222.3,1173.1,1137.2,1111.1,1073.2,1453.1,1358,1275.2,1218.6,1167.1,1136,1565.4,1491.3,1408,1318.4,1266.3,1223.1,1622.6,1591.4,1445.7,1406.8,1208.4,1603,1511.6,1401.8,1338.8,1557.8,1453.8,1401,1449,1601.2,1043.4,2277.6,2497.6,2309.3,2307.6
1478.5,1340.4,1533.7,1428.4,1290.9,1122.8,1057.2,990.01,919.59,875.4,1513.8,1462.9,1366.8,1212.9,1076.1,1018.3,939.31,845.72,828.07,1547.1,1679.5,1579.1,1376.3,1284.2,1201.5,1111.9,1013.8,875.45,794.58,756.64,1734.9,1526.4,1362.5,1266.7,1257.5,1130.2,951.82,815.24,686.52,1183.6,1216.9,2234.7,2446.6,2431.5,2070.6,2073,2387.5,2313.2,2228.7,2316.4,2063,2008.9,1964.9,1923.7,1865.4,1841.9,1727.8,1808.2,1712.6,1656.5,2066.3,1811.8,1873,2070.3,1932.6,1793.3,1576.1,2352.5,1408,1328.7,1256,1017,895.32,721.31,594.74,1378.7,1172.3,1043.3,876.27,723.47,1315.4,888.02,644.17,708.93,763.97,769.26,1123.1,628.78,763.53,794.82,672.91,391.95,275.07,223.22,222.18,486.63,342.76,196.77,111.83,112.61,463.82,320.14,166.21,0,303.24,173.35,207.53,108.06,356.93,271.02,247.8,194.03,247.82,146.11,429.44,339.17,305.58,585.82,498.09,468.03,450.8,633.58,582,367.15,434.11,531.06,918.28,925.17,934.09,933.87,977.52,834.59,847.66,857.69,900.12,865.88,804.61,757.07,771.36,817.12,737.07,647.24,672.81,667.39,708.36,711.44,616.49,632.97,645.76,543.33,556.23,504.14,484.1,421.66,569.95,471.12,385.1,341.24,1254.3,1171,1124.2,972.74,880.06,817.12,2105.9,2010.2,1928.8,1664.2,2195.2,2120.1,1983.3,1830.7,1779.5,1669.6,1558.9,2201.6,2099.5,1996.8,1882.2,1792.2,1721.1,2111.7,2024.7,1936,1870.1,1812.9,1637,1918.1,1785.9,2007.4,1964.2,1937.8,1877.7,2007.7,2082.7,2233.3,2191.1,2113.5,2055.2,1698.5,1636.5,1763.5,1661.8,1810.1,1707.2,1882.2,1751.9,1945.7,1796.8,2054.8,1957.8,1863.1,1784,2074.5,2004.1,1917.8,2262.7,2046.7,1977.1,1886.4,1785.8,2319.4,2295.5,2047.6,2078,2039.3,2379.1,2421.6,2274.5,2258.2,2269.1,2263.5,2416.7,1932.8,2326.9,2157,2155.9,2174.3,2016.1,2172.9,2336.2,2336.7,2315.7,1338.6,1510.2,1554.6,1415.3,1317.4,1007.7,1581.5,1472.4,1355.9,1244.9,1141,1059.9,995.96,933.6,890.96,871.66,1615.7,1512.6,1400.9,1316.6,1266.9,1215.6,1112.4,1049.4,987.3,940.52,1643.2,1554.1,1440.7,1355,1165.3,1102.2,1043.8,994.76,1497.2,1574.2,1404.5,1298.2,1224.1,1169.8,1108.5,1071.6,1664.8,1558.8,1452.2,1354.5,1298.3,1257,1224.8,1176.4,1597.7,1496,1404.8,1339,1278,1237.3,1710.2,1633.9,1543.4,1445.3,1384.9,1331.6,1768,1733.4,1577.6,1534.4,1303.9,1739.5,1643.1,1523.4,1452.6,1686.6,1572.9,1513.3,1560.7,1727.6,1136.9,2397.9,2625.5,2441.2,2436.1
1306,1184,1334.4,1239.9,1120.1,982.94,934.52,890.94,843.28,827.86,1285.4,1251.1,1161,1025.4,910.97,878.95,812.12,751.08,769.7,1282.3,1428.9,1335.7,1136.9,1058.5,987.69,913.16,825.67,719.51,684.35,633.86,1480.4,1269.7,1110.1,1024,1004.6,891.78,736.11,623.68,532.02,1032.9,1076.6,2062.5,2267.6,2244.5,1901,1890.6,2192.8,2105.2,2025.9,2124,1841.1,1809.4,1777.2,1706.7,1657.5,1649.1,1529.7,1591.3,1499.4,1451.7,1824.8,1565,1637.7,1822.7,1685.1,1614.4,1392.5,2173.1,1136.7,1058.7,992.23,748.19,631.31,449.44,370.79,1093.2,887.09,747.42,586.81,422.93,1021.7,587.07,344.69,417.39,544.41,466.18,845.37,345.26,472.56,497.86,565.76,333.79,334,407.16,452.59,288.59,217.72,240.44,323.9,379.89,186.78,114.63,155.59,303.24,0,133.24,136.95,295.15,106.23,172.2,229.9,306.92,323.74,419.5,221.65,281.43,349.28,343.92,306.89,338.16,367.93,421.72,435.86,462.87,427.8,262.37,914.17,995.99,1035.6,1056.4,1134.9,888.47,956.28,988.68,1044.9,1024.1,782.38,802.73,905.02,991.45,690.63,689.62,750.03,798.37,855.47,878.72,733.99,800.21,609.69,651.81,726.41,529.44,654.97,576.51,472.36,451.15,463.02,525.92,1407.5,1330.3,1289.5,1128.7,1045.6,991.45,1849.9,1752.7,1668,1391.8,1928.8,1856.8,1718.2,1567.6,1508.7,1392,1274.8,1929.7,1828.1,1724.7,1612.2,1511.5,1437.8,1833.1,1746.1,1659,1587.6,1523.6,1347,1645.4,1492.3,1726.1,1678,1647.2,1583.1,1710.1,1783.4,1940.3,1904.7,1827.9,1765.9,1403,1339.1,1465.9,1361.5,1511.3,1406,1582,1449.4,1644.4,1493.7,1753,1654.9,1559.9,1481.3,1771.9,1700.9,1614.7,1960.2,1743.4,1674.2,1584.3,1484,2016.7,1992.3,1744.7,1775.7,1737.8,2076.3,2118.4,1971.3,1955.2,1966.7,1961.7,2114.2,1632.3,2027,1853.9,1852.9,1873.1,1722.1,1870.8,2033.2,2034.7,2015.4,1037.6,1213.2,1255.6,1114.1,1014.5,710.14,1280.4,1169.9,1052.7,942.31,841.31,765.84,710.56,663.9,612.07,624.7,1313.4,1209.5,1097.8,1014.7,967.32,919.89,822.42,768.92,722.76,695.07,1340.2,1250.9,1138.3,1054.7,878.58,825.95,783.35,753.4,1196,1272,1106.6,1006.4,941.46,898.06,852.84,832.41,1362.4,1258.7,1156.6,1066.7,1018.1,983.25,958.71,924.57,1299.2,1202.7,1119.7,1064.4,1015.4,987.93,1411.6,1336.8,1252.5,1163.1,1112.4,1072.1,1469.1,1436.8,1290.1,1251.4,1062.4,1447.6,1356,1247.2,1186,1402.3,1299.7,1248.5,1296.6,1445.9,899.13,2267.1,2475.4,2281.7,2285
1393.8,1264.5,1433.3,1334.1,1206.3,1055,998.71,944.31,885.99,857.58,1395.8,1354.8,1261.9,1118.1,993.38,949.87,876.95,800.55,803.27,1406.2,1548,1451.9,1251.1,1167.1,1091.2,1009.9,917.31,795.89,739.66,693.87,1600.9,1390.7,1229.2,1139.2,1123.7,1004.8,838.84,714.65,604.37,1110.1,1149.6,2152.1,2360.2,2340.3,1989.2,1984,2291.6,2209,2127.6,2221.7,1949.9,1909.5,1872.5,1813.5,1760.6,1746.2,1628.6,1697.8,1604.3,1553.2,1941,1682.8,1751.4,1941.1,1803.3,1705.8,1485.2,2265.7,1262.7,1184.1,1115.3,872.49,753.35,573.59,472.14,1223.6,1017.2,880.19,717.81,556.17,1154.2,720.29,470.85,536.36,646.84,597.13,973.07,457.59,591.16,621.58,574.73,349.46,292.48,321.44,352.43,373.92,255.55,185.61,218.69,263.31,310.04,186.82,77.621,173.35,133.24,0,60.407,166.36,187.32,140.36,161.94,198.34,231.14,286.88,276.13,246.45,273.23,426.31,354.68,350,355.37,486.21,461.79,375.94,381.08,362.61,925.95,975.87,1002.4,1014.2,1077.9,874.36,919.09,942.05,992.75,965.83,800.08,790.79,856.21,925.76,717.29,676.64,723.19,749.1,800.1,814.88,689.29,735.27,629.58,608.95,658.91,518.62,585.6,511.53,516.01,457.07,425.25,446.76,1354.1,1273.7,1230,1072.4,984.3,925.76,1971.3,1874.6,1791,1518.4,2053.8,1980.7,1842.7,1691.2,1634.9,1520.3,1404.9,2056.5,1954.7,1851.4,1738.2,1640.8,1567.8,1961.9,1874.9,1787.2,1717.4,1655.2,1478.7,1772.3,1624.8,1855.6,1808.9,1779.1,1715.8,1843.3,1916.6,2072.7,2035.7,1958.7,1897.5,1535.9,1472.2,1599.1,1494.7,1644.5,1539.1,1715.3,1582.1,1777.5,1625.7,1886,1787.2,1691,1611.1,1904.6,1832.8,1745.5,2092.9,1875,1804.5,1713.3,1612.6,2149.2,2124.1,1874.9,1904.9,1866.1,2208.6,2250.3,2102.5,2085.6,2096.1,2090.2,2243.7,1759.4,2160.3,1986,1983.3,2001,1843.6,2003.7,2163.8,2163.6,2142.3,1170.8,1346.2,1388.8,1247.2,1147,834.43,1413.6,1302.7,1184.5,1072.1,967.7,887.22,825.26,767.62,721.92,713.57,1446.2,1341.6,1228.5,1143.5,1093.6,1042.7,940.66,880.19,823.29,783.44,1472.5,1382.2,1267.7,1181.7,994.42,934.44,881.47,839.6,1323.9,1401.1,1231.3,1126.1,1054.5,1003.7,948.2,917.7,1491.8,1385.4,1279.4,1183.5,1129.6,1090.4,1060.9,1017.8,1424.4,1323.6,1234.6,1172.2,1115.5,1079.9,1537,1460.8,1371.6,1276.1,1218.9,1170.4,1594.7,1560.4,1406.8,1365,1149.9,1567.6,1472.4,1356.3,1288.9,1516.8,1406.9,1350.3,1398.1,1558.7,983.87,2340.1,2556.6,2366.5,2366.4
1431.2,1304.9,1465.1,1368.3,1244.2,1098.3,1044.6,993.31,937.6,911.93,1420.5,1383.8,1292.5,1152.9,1032.6,993.43,922.42,850.3,856.74,1419.1,1565.8,1472.2,1272.9,1192.9,1120.2,1042.6,952.39,837.15,787.65,740.34,1617.3,1406.6,1246.9,1160.3,1141.5,1027.5,868.02,749.63,646.47,1151.6,1192.7,2189,2395.6,2374.1,2026.6,2019,2323.8,2238.3,2158.1,2254.4,1975.8,1940.8,1906.4,1840.8,1790.1,1779.1,1660.6,1725.2,1632.7,1583.6,1961.4,1701.7,1773.7,1959.5,1821.9,1741.6,1520.3,2301.1,1273,1195.3,1129.1,884.99,768.25,586.34,501.06,1226.9,1021.2,876.97,720.37,549.75,1152,711.98,448.26,506.16,675.83,580.45,981.17,423.81,560.11,594.79,514.34,404.11,352.8,378.13,404.65,409.41,303.71,245.95,271.36,308.88,323.6,221.69,137.67,207.53,136.95,60.407,0,166.38,152.55,80.056,107.94,170.07,191.06,296.02,224.66,187.28,225.3,379.22,299.54,290.08,295.16,433.06,402.44,334.21,325.34,324.3,983.37,1036.1,1062.8,1074.4,1137,934.25,979.43,1002,1052.3,1024.8,856.44,850.49,916.08,983.81,771.92,736.29,783.53,809.02,859.51,873.34,749.49,793.71,685.16,669.26,717.15,577.82,643.75,570.47,566.13,514.11,485.64,503.82,1413.3,1332.7,1288.6,1131.4,1042.9,983.81,1986.8,1889.6,1804.9,1527.8,2065.3,1993.5,1854.9,1704.4,1644.9,1527.3,1408.7,2065.6,1964.1,1860.7,1748.5,1646.1,1571.8,1968,1881,1794.3,1721.7,1655.4,1478.7,1781.3,1622,1860.4,1810.9,1778.3,1712.1,1836.6,1907.8,2069.9,2037.4,1960.9,1897.5,1531.5,1466.2,1592.7,1485.1,1636.6,1528,1705.7,1568.2,1766,1609.3,1873.5,1771.8,1672,1589.4,1890.1,1815.8,1725.6,2078.6,1856.8,1783.6,1690.2,1589.1,2134.3,2106.6,1853.7,1882.1,1841.8,2192.9,2233,2083.4,2064.9,2073.4,2066.1,2221.1,1733.7,2150.6,1969.5,1962.5,1976,1811.7,1990.3,2143.3,2139.9,2116,1160.6,1340.8,1381.1,1236.6,1132.8,806.98,1402.9,1289.3,1167.9,1051.2,942.18,856.76,789.85,726.07,683.97,665.98,1432.8,1325.5,1209.1,1120.8,1067.6,1013,907.37,842.32,779.95,735.32,1457.1,1364.2,1245.9,1156.4,959.17,894.73,836.8,790.5,1299.6,1378.5,1203.2,1093.4,1017.2,962.27,902.14,868.04,1469.6,1359.5,1249.2,1148.4,1091.1,1049.5,1017.5,970.76,1396.6,1291.7,1198.1,1131.4,1071,1032.1,1509.2,1431.6,1338,1238.2,1177.4,1125,1567.2,1530.7,1371.3,1327.4,1100.5,1534.4,1436.6,1315.9,1245.4,1479.6,1365.4,1306.3,1353.8,1520.3,933.84,2383.9,2597.2,2405.6,2406.9
1544.1,1410.4,1590.3,1488.5,1356.3,1196.2,1134.6,1072.5,1006.3,967.25,1558.5,1514.5,1420.4,1272.4,1142,1091.1,1014.6,927.81,917.45,1572.6,1713.6,1616.8,1415.5,1329.4,1251.3,1166.9,1071.9,942.29,872.44,830.87,1766.8,1556.8,1395,1304,1289.5,1169,999.36,870.23,751,1254.4,1290.8,2302.2,2512.1,2494.3,2138.6,2136.8,2447.5,2368,2285.4,2377,2111.6,2066.5,2026.7,1974.3,1919.5,1901.7,1785.4,1858.5,1764.3,1711.4,2105.7,1848.1,1915.2,2106.5,1968.7,1857.7,1638.4,2417.7,1428.9,1350.5,1281.6,1038.9,919.66,739.93,634.3,1388.3,1182.1,1041.5,881.94,715.04,1316.2,877.85,613.47,667.31,808.12,746.69,1139,582.8,720.29,757.68,571.68,470.02,369.45,331.06,328.22,531.92,399.39,276.49,218.2,217.01,476.27,349.06,204.92,108.06,295.15,166.36,166.38,0,315.9,202.43,159.76,86.284,140.29,130.59,363.05,244.23,198.25,520.55,420.9,377.46,352.2,556,489.64,262.09,327.15,480.37,1017.3,1031.7,1042,1041.9,1084.3,939.6,955.6,965.68,1007.7,972.85,900.06,860.9,879.37,923.03,827.59,749.82,778.81,775.45,816.18,818.29,724.29,740.12,736.78,650.51,663.54,602.41,591.69,529.71,646.42,560.89,487.54,449.03,1360.9,1277.3,1230,1079.6,986.49,923.03,2137.4,2040.7,1957.2,1684.6,2220.2,2147.1,2009,1857.6,1801.1,1686.1,1569.8,2222.7,2120.9,2017.6,1904.5,1806.2,1732.8,2127.6,2040.5,1953.1,1882.5,1818.6,1642,1938.4,1786.6,2020.9,1973.2,1942,1877,2002.4,2074,2234.5,2199.8,2123.1,2060.9,1696.6,1631.8,1758.4,1651.4,1802.6,1694.4,1871.9,1734.5,1932.4,1775.2,2039.9,1937.9,1837.3,1753.7,2056.4,1981.6,1890.6,2244.9,2022.3,1948.1,1853.8,1752.4,2300.4,2272.3,2018.2,2045.7,2004.6,2359,2398.7,2248.6,2229.5,2237.1,2228.9,2384.7,1895.6,2316.9,2135.4,2127,2138.3,1968.2,2156.7,2307.9,2303.1,2277.4,1326.9,1506.2,1547,1402.9,1299.1,968.87,1569.2,1455.6,1333.9,1216.1,1105,1016.2,944.6,872.55,836.16,800.69,1599.2,1491.6,1374.4,1284.9,1229.9,1172.8,1064,993.7,922.78,867.89,1623.2,1529.8,1410.4,1319.1,1113.5,1043.1,976.55,919.82,1462.7,1542.4,1363.9,1250.3,1168.6,1107.4,1038.3,994.97,1633.7,1521.6,1408.1,1302.4,1240.5,1195.2,1158.8,1104,1557.2,1448.8,1350.2,1277.2,1209.8,1163.3,1669.8,1591.1,1493.4,1388.2,1321.6,1261.6,1728,1689.6,1524.3,1477.6,1226.3,1690,1589.1,1461.7,1385.5,1630.1,1509.1,1444.9,1491.8,1668.9,1059.1,2477.4,2700.1,2512.8,2510.2
1374.8,1258.9,1393,1303.6,1191,1064.4,1020.7,982.56,939.32,927.95,1331.1,1305,1218.3,1091.4,986.07,961.76,898.81,845.17,868.99,1305.6,1461,1372.8,1177.9,1107.8,1043.4,976.37,894.28,800.39,776.58,724.5,1509.5,1298.8,1143.5,1064.5,1038.9,936.46,795.19,695.35,617.8,1110.9,1156.9,2127.8,2329.8,2304,1967.7,1952.9,2249.4,2156.5,2079.7,2181.6,1886.9,1865.4,1837.9,1755.5,1710.5,1708.4,1587.6,1640.6,1551,1507.3,1860.4,1598.5,1677.5,1854.6,1717.7,1679.1,1456.8,2235.5,1155.7,1079.8,1018.9,774.68,664.41,482.56,439.66,1098.6,895.15,741.83,595.03,414.1,1016.8,571.94,297.88,353.63,607.01,433.27,862.01,271.95,407.68,442.44,464.08,439.28,436.65,497.64,535.93,373.74,322.26,338.2,403.04,450.58,240.05,217.55,240.26,356.93,106.23,187.32,152.55,315.9,0,131.03,197,297.58,296.11,446.45,115.74,213.34,304.24,244.75,200.82,239.77,278.89,317.21,331.6,419.34,355.29,175.29,1017.9,1102.2,1141.3,1161.3,1237.3,994.64,1061.6,1092.9,1148.2,1126.1,885.35,908.87,1008.8,1091.5,792.08,795.83,856,901.86,957.87,979.12,838.11,900.14,712.92,756.02,825.4,635.67,753.15,675.69,571.06,556.84,567.29,620.05,1510.9,1433,1391.5,1231.3,1146.9,1091.5,1876.3,1778.5,1691.9,1408,1947.5,1878.1,1738.7,1590.3,1525.6,1403.6,1280.6,1944,1843.2,1739.7,1629.3,1519.5,1443.4,1841.9,1755.1,1669.9,1593.4,1521.8,1345.3,1660,1484.7,1732.6,1679.4,1643.2,1573.6,1694.9,1764.1,1932,1905.1,1829.5,1763.2,1392.8,1325.6,1451.6,1341.2,1494,1382.7,1561.4,1420.7,1620.2,1460.1,1726.8,1623.1,1521.4,1437.9,1742.1,1666.2,1574.7,1930.6,1706.6,1632.2,1538.3,1437,1985.8,1956.7,1702.3,1730.1,1689.6,2044,2083.1,1932.7,1913.6,1921.5,1913.8,2069.1,1581.2,2006,1820.1,1811.1,1823.6,1659.7,1843,1992,1987.8,1963.5,1016.8,1201.1,1239.1,1092.1,985.51,654.47,1258.1,1142.4,1019,900.21,789.87,704.35,639.05,580.44,534.8,530.41,1285.9,1176.8,1058.6,969.12,915.17,860.52,755.68,693.14,636.63,600.67,1308.6,1214.3,1094.5,1004.1,808.35,747.13,695.41,657.95,1147.4,1226.7,1050.7,941.58,867.63,816.49,763.02,736.65,1317.9,1207,1096.8,997.58,942.43,903.07,874.07,833.46,1244,1139.7,1048.1,984.86,929.12,896.06,1356.6,1279.1,1186.5,1089.1,1031.7,984.55,1414.7,1378.2,1220.7,1178.1,968.11,1382.8,1286.2,1168.9,1102,1330.1,1219.6,1163.7,1211.6,1371.6,803.2,2344.5,2546.7,2350.6,2356.4
1478.1,1356.1,1504.7,1411.4,1292.3,1153.9,1103.6,1056.5,1004.4,982.37,1450.8,1419.9,1330.9,1197.1,1083.1,1049.5,981.19,914.8,926.09,1433.8,1586.7,1496.5,1299.8,1225.4,1157,1084.4,997.67,890.84,850.09,801.03,1636.2,1425.4,1268.5,1186.5,1163.5,1056.3,906.15,795.83,702.2,1204.6,1247.7,2234.4,2439,2415.3,2073,2062,2362.8,2273.4,2195,2294.3,2006.8,1979.2,1948.2,1873.7,1826.2,1819.7,1699.9,1758.5,1667.5,1621.2,1985,1723.8,1800.3,1980.6,1843.4,1786.1,1564.2,2344.5,1284.8,1208.4,1146,901.47,788.75,606.17,542.32,1229.5,1025.7,872.83,725.24,545.13,1147.8,702.5,423.53,469.23,715.07,561.33,991.3,383.31,521.08,561.34,434.44,476.37,432.33,456.21,479.15,460.01,370.06,325.59,347.08,378.72,351.32,277.7,217.08,271.02,172.2,140.36,80.056,202.43,131.03,0,66.068,168.58,165.37,330.9,161.28,113.74,179.77,319,227.2,210.24,216.63,362.58,323.13,294.94,258.38,279.83,1058,1115.3,1142.7,1154.4,1216.4,1012.8,1059.4,1082,1132.1,1104.2,929.68,928.67,996.04,1062.5,842.95,814.43,863,889,939.23,952.37,829.54,872.75,757.62,749.29,796.06,655.35,722.63,649.93,632.14,588.84,565.35,581.97,1492.8,1412,1367.7,1210.9,1122,1062.5,2003.9,1906.3,1820.2,1537.8,2077,2007,1867.8,1718.8,1655.3,1534,1411.4,2074.2,1973.3,1869.7,1759,1650.2,1574.3,1972.6,1885.8,1800.4,1724.3,1652.7,1476.3,1790.1,1615.4,1863.5,1810.4,1774.1,1704.1,1824.5,1892.8,2062.5,2036.1,1960.5,1894.2,1523.2,1455.7,1581.5,1469.9,1623.3,1510.7,1689.9,1547.1,1747.7,1584.6,1853.7,1748.1,1643.8,1557.8,1867.7,1790,1696.2,2056.1,1829.5,1752.7,1656.7,1555,2110.8,2079.8,1822.4,1848.5,1806.4,2168.5,2206.3,2054.6,2033.9,2039.9,2030.6,2187.4,1696.5,2134.2,1944.2,1931.5,1939.5,1766.2,1969.2,2112.5,2105.1,2077.6,1145.7,1331.4,1368.6,1220.7,1112.4,770.55,1386.4,1269.5,1144.3,1022.3,907.55,815.85,742.49,670.52,633.77,602.22,1412.8,1302.1,1181.5,1089.2,1031.7,972.42,862.32,791.27,721.6,670.52,1434,1337.9,1215.1,1121.2,911.2,840.91,776.4,724.16,1265.2,1346.2,1164.1,1048.5,966.17,905.81,839.62,800.72,1437.6,1322.8,1207.1,1100.1,1038.2,993.49,958.26,906.67,1357.2,1247.1,1147.7,1075.5,1010.2,967.03,1469.7,1390.3,1291.2,1185.9,1120.3,1062.9,1528,1488.5,1321.9,1275.3,1033,1487.8,1386.7,1260.1,1185.5,1427.7,1308,1245.5,1292.7,1466.8,865.9,2438.6,2647.6,2453.9,2457.1
1534.3,1409.8,1564.3,1469.4,1347.8,1204.8,1151.9,1101.2,1045.4,1018.9,1513.5,1480.8,1390.9,1254.6,1137.2,1100,1029.7,958.23,964.1,1499.3,1651.4,1560.6,1363.3,1287.3,1217.5,1142.9,1054.5,942.89,895.46,847.91,1701.3,1490.4,1333,1250.1,1227.9,1119.2,965.99,852.07,752.77,1257.2,1299,2291.5,2497,2474.4,2129.6,2120.2,2422.7,2334.7,2255.6,2353.8,2069.4,2039.3,2006.9,1935.7,1887.1,1878.9,1759.6,1820.3,1728.8,1681.6,2049.3,1788.3,1863.9,2045.3,1908,1843.6,1621.9,2402.5,1350.6,1274,1211.2,966.67,853.27,670.64,600.46,1295.5,1091.8,938.65,791.28,611.07,1213.5,767.93,486.9,528.49,774.3,625.48,1057.1,441.71,579.16,621.49,429.47,510.81,449.32,453.09,466.57,513.41,411.64,343.11,339.65,359.92,413.4,327.14,238.2,247.8,229.9,161.94,107.94,159.76,197,66.068,0,107.35,99.323,280.98,210.54,93.134,119.82,365.76,261.73,220.51,206.2,396.43,334.26,233.03,219.15,337.72,1087.7,1131.9,1153.6,1161.1,1215.6,1032.4,1068.9,1087,1134.1,1103.4,962.02,949.68,1000.6,1058.3,878.74,835.79,878.38,894.29,941.17,950.02,837.52,870.66,791.37,759.01,793.65,678.97,720.4,651.2,674.06,619,580.17,577.78,1492.6,1410.5,1364.8,1210.4,1119.6,1058.3,2069.2,1971.6,1885.7,1603.7,2142.8,2072.7,1933.5,1784.4,1721.2,1600.1,1477.5,2140.2,2039.2,1935.7,1824.9,1716.3,1640.4,2038.7,1951.9,1866.5,1790.3,1718.6,1542.1,1856.1,1680.8,1929.5,1876.3,1839.7,1769.3,1889.1,1956.8,2127.8,2102,2026.4,1959.9,1588.4,1520.6,1646.3,1534,1687.8,1574.4,1753.9,1609.8,1811.1,1646.4,1916.6,1810.1,1704.4,1617.2,1930,1851.3,1756.3,2118.3,1890.3,1812.2,1715.1,1613.4,2172.8,2140.7,1881.8,1906.9,1864,2230,2267.2,2114.7,2093.3,2098.2,2088,2245.6,1753.3,2197.9,2005.5,1990.9,1996.5,1818.5,2031.9,2172,2162.8,2133.6,1210.1,1396.5,1433.3,1284.8,1175.6,828.85,1450.3,1332.7,1206.6,1083.1,966.32,871.94,795.22,717.78,685.14,642.13,1475.8,1364.3,1242.6,1148.9,1089.8,1028.3,916.06,841.41,766.24,708.83,1496.3,1399.3,1275,1179.4,963.05,888.86,818.87,760.32,1323.7,1405.4,1220.4,1101.9,1015.8,951.43,879.7,835.28,1496.9,1380.1,1261.9,1151.3,1086.4,1039.3,1001.3,944.8,1413.3,1300.4,1197.5,1121.2,1051.6,1003.8,1525.5,1445.3,1343.1,1234.2,1164.9,1102.8,1584,1543,1372,1323.5,1066.6,1539.7,1436.4,1305.5,1227.4,1476,1352,1286.5,1333.2,1513.8,899.36,2490.3,2702,2509.5,2511.6
1592.1,1462.2,1630.9,1532.2,1404.6,1251.4,1193.2,1135.3,1072.7,1037.8,1589.7,1551.3,1459.1,1316.3,1191.4,1146.2,1072,990.81,986.18,1588.4,1735.9,1642.2,1442.8,1361.8,1287.6,1207.7,1115.6,993.47,932.45,888.36,1787.2,1576.5,1417,1330.2,1311.5,1197.1,1035.3,912.84,801.83,1307.3,1346,2350.4,2558.5,2538.5,2187.5,2182.3,2489.4,2405.7,2324.8,2419.6,2144.8,2107,2070.7,2009.1,1957.4,1944.1,1826.3,1893.5,1800.5,1750.3,2131.4,1871.8,1943.5,2129.6,1992,1904.1,1683.5,2464,1441.6,1364.2,1298.7,1054.4,938.16,756.07,668.13,1392,1187.1,1038.2,886.11,710.13,1313.4,869.38,592.11,635.69,843.06,729.76,1149.1,549.01,686.5,728.52,489.2,534.03,445.42,416.4,414.44,572,451,346.43,302.7,303.13,493.65,384.23,258.52,194.03,306.92,198.34,170.07,86.284,297.58,168.58,107.35,0,54.037,181.21,317.29,172.41,112.04,470.92,362.37,306.49,273.39,494.49,415.33,185.41,241.02,445.03,1093.7,1115.1,1127.1,1127.8,1170.5,1021.4,1040.9,1051.7,1094,1059.1,973.67,941.65,965.36,1009.1,897.54,829.66,861.71,861.18,902.36,904.55,809.35,826.4,807.51,734.76,749.82,679.22,677.94,615.46,707.05,631.8,567.99,535.21,1447.1,1363.4,1316,1165.9,1072.7,1009.1,2156.6,2059.3,1974.4,1696,2234.1,2162.7,2023.9,1873.7,1813.2,1694.4,1574,2233.5,2132.1,2028.6,1916.9,1812.1,1737,2134.3,2047.4,1961.2,1887,1817.9,1641.3,1949.1,1781.9,2026,1974.7,1939.9,1871.1,1992.4,2061.1,2229.4,2200.8,2124.8,2059.7,1690.2,1623.2,1749.2,1638.2,1791.4,1679.2,1858.3,1715.6,1916.3,1752.9,2022.2,1916.5,1811.3,1724.4,2036.2,1958,1863.5,2224.5,1997.2,1919.5,1822.5,1720.7,2279.2,2247.6,1989,2014.2,1971.4,2336.6,2374.1,2221.9,2200.6,2205.5,2195.4,2353,1860.6,2302.7,2112.2,2098.1,2103.8,1924.5,2137.8,2279.2,2270.1,2240.8,1314,1498.6,1536.6,1389,1281,936.19,1554.9,1438.1,1312.7,1190,1073.6,979.19,901.74,822.16,791.29,742.47,1581.3,1470.5,1349.4,1256.1,1197.1,1135.5,1022.8,946.96,869.14,807.83,1602.5,1506,1382.1,1286.7,1069.2,993.36,920.36,857.56,1431,1512.7,1327.7,1208.5,1121.1,1054.6,979.46,931,1604.2,1487.4,1368.9,1257.1,1190.9,1142.5,1102.8,1043,1520.4,1406.9,1302.6,1224.2,1151.9,1100.8,1632.7,1552.3,1449.2,1338.6,1267.2,1202,1691.1,1649.8,1477.3,1427.9,1160.8,1645.6,1541.4,1408.2,1327.9,1580.3,1453.8,1386.2,1432.6,1617.4,993.97,2535.6,2754,2564.4,2563.8
1621.8,1494.4,1656,1559.4,1434.7,1285.9,1229.8,1174.5,1114.2,1081.8,1609.1,1574.2,1483.3,1343.9,1222.6,1180.8,1108.1,1030.4,1029.2,1598.3,1749.5,1658,1459.9,1382.2,1310.6,1233.6,1143.4,1026.1,970.41,924.96,1799.7,1588.9,1431,1346.9,1325.7,1215.3,1058.6,940.58,834.8,1340.4,1380.4,2379.8,2586.6,2565.2,2217.3,2210,2514.7,2428.5,2348.7,2445.4,2164.8,2131.7,2097.5,2030.4,1980.5,1970.2,1851.5,1914.9,1822.8,1774.3,2146.9,1886.2,1960.7,2143.4,2006,1932.6,1711.3,2492.1,1449.8,1373.1,1309.9,1065.3,951.27,768.66,691.88,1394.7,1191.1,1037.4,890.6,710,1312.1,866.01,582.47,618.89,866.5,721.83,1156.4,531.58,667.85,712.64,437.5,575.66,493.76,469.7,468.47,600.09,486.65,392.42,355.66,357.17,509.47,412.02,298.5,247.82,323.74,231.14,191.06,140.29,296.11,165.37,99.323,54.037,0,225.54,295.66,134.32,58.009,443.42,329.91,265,225.54,458.17,370.01,144.81,187,427.97,1141.1,1166.9,1180.1,1181.4,1224.6,1072.2,1094,1105.4,1147.9,1113.1,1019.6,991.89,1019,1063.1,941.4,879.41,913.3,914.64,956.19,958.58,862.34,880.4,851.98,787.25,803.8,727.41,731.85,668.96,746.02,676.8,618.39,589.06,1501.1,1417.4,1370,1219.9,1126.7,1063.1,2168,2070.4,1984.6,1703,2242.1,2171.8,2032.7,1883.4,1820.5,1699.4,1576.7,2239.5,2138.6,2035,1924.2,1815.5,1739.5,2137.9,2051.2,1965.8,1889.5,1817.2,1640.8,1955.4,1778.8,2028.7,1975.2,1938.1,1867,1985.7,2052.5,2225.5,2200.7,2125.3,2058.4,1686.1,1617.8,1743.2,1629.9,1784.1,1669.5,1849.5,1703.6,1905.7,1738.6,2010.6,1902.6,1794.7,1705.8,2023,1942.7,1846,2211.1,1980.9,1901,1802.4,1700.5,2265.1,2231.4,1970.2,1993.9,1949.9,2321.8,2357.9,2204.4,2181.7,2185,2173.6,2332.3,1838.2,2293.1,2097.1,2079.4,2081.5,1896.6,2125.3,2260.5,2248.7,2217.1,1306.3,1494.1,1530,1380.7,1270.1,916.99,1545.9,1427.3,1299.8,1174.2,1054.8,956.99,876,791.71,764.68,707.05,1570.1,1457.4,1334,1238.5,1177.1,1112.8,997.78,918.52,836.36,770.93,1589.4,1491.1,1364.7,1266.8,1042,962.77,885.73,819.04,1411.2,1494,1305.1,1182.7,1091.7,1021.9,942.9,891.16,1585.5,1466,1344.4,1228.9,1159.9,1109.6,1067.9,1004.9,1497.3,1380.7,1272.9,1191,1115.6,1061.7,1609.1,1527.8,1421.4,1307.5,1233,1164.6,1667.7,1624.6,1447.6,1396.6,1119.6,1617.5,1511.2,1374.5,1291.7,1548.8,1418.9,1349.2,1395.1,1584.7,953.24,2571.2,2786.7,2595.7,2596.4
1624,1485.2,1679.8,1574.4,1436.5,1266.7,1199.8,1130.3,1057.2,1008.8,1658.7,1608.8,1512.8,1359,1221.7,1162.5,1082.9,986.54,963.93,1686.1,1821.8,1722.4,1519.9,1429.1,1347.1,1257.9,1159.9,1021.1,937.49,900.85,1876.5,1667.3,1504.1,1409.7,1398.9,1273.6,1096.9,961.18,832.49,1328.2,1360.7,2379.8,2592,2577.3,2215.6,2218.7,2533.6,2459.3,2374.8,2462.3,2208.6,2155,2110.8,2069.5,2011.5,1988,1873.9,1953.9,1858.5,1802.6,2210.2,1954.8,2017.5,2213.3,2075.6,1938.9,1722,2497.9,1545,1466,1394.9,1154,1033.3,856.26,737.51,1509.8,1303.3,1166.9,1004.4,841.86,1441,1005.4,743.86,797.72,908.24,876.41,1257.4,712.93,850.53,888.25,659.31,536.22,411.87,329.2,299.23,630.58,488.27,342.19,238.32,198.6,594.49,457.48,304.29,146.11,419.5,286.88,296.02,130.59,446.45,330.9,280.98,181.21,225.54,0,489.77,353.6,277.46,646.35,541.71,487.54,451.08,674.99,595.12,291.02,399.59,610.14,1041.7,1026,1023,1013.7,1039,943.4,935.91,935.71,970.21,930,934.11,870.52,850.99,873.84,872.33,765.15,778.96,752.49,783.98,776.31,709.91,701.66,781.06,644.37,627.88,632.17,560.7,512.1,713.94,608.84,507.47,425.56,1312.5,1227.4,1178,1035.1,939.73,873.84,2247.5,2151.4,2069.2,1801.1,2334.3,2260,2122.7,1970.4,1917,1804.6,1690.8,2339,2237,2134,2020.1,1925.9,1853.6,2246.5,2159.5,2071.4,2003,1941.9,1765.5,2055.1,1911.7,2141,2095.2,2065.9,2002.6,2129.4,2201.9,2359.6,2322,2244.9,2184.3,1822.5,1758.5,1885.2,1779.5,1930.1,1823,2000.1,1864,2061.3,1905.3,2169,2067.8,1967.7,1884.3,2186.1,2111.7,2021.1,2374.5,2152.7,2078.7,1984.4,1883,2430.3,2402.5,2148.7,2176.2,2135.1,2488.9,2528.9,2379.1,2360,2367.6,2359.4,2515.3,2026,2445.2,2265.5,2257.6,2268.7,2097,2286.1,2438.5,2433.6,2407.6,1455.2,1632.6,1674.5,1531.4,1428.6,1099.3,1697.7,1585,1463.9,1346.6,1235.5,1146.2,1073.3,998.53,964.2,922.28,1728.5,1621.5,1504.8,1415.5,1360.4,1302.8,1193.2,1121.2,1047.2,988.22,1753,1660.1,1540.9,1449.6,1241.9,1169.5,1099.6,1038.4,1593.3,1673,1494.1,1379.4,1295.9,1232.4,1159.6,1112.1,1764.3,1652,1537.9,1430.6,1367.1,1320.3,1282,1223.7,1687.4,1578,1477.6,1402.1,1331.8,1281.8,1799.9,1720.9,1622,1514.8,1445.8,1382.4,1858.2,1819.3,1651.9,1604.2,1342,1818.6,1716.5,1586.4,1507.8,1756.7,1632.9,1566.5,1613,1794.7,1175.2,2538.5,2768.3,2585.1,2579.3
1463.2,1352.8,1472.2,1387.6,1281.8,1164.3,1124.4,1090.3,1050.2,1041.3,1398.7,1380.4,1297.2,1178.5,1081.2,1063,1003.2,954.9,981.96,1351.5,1514.8,1431.9,1242,1179.9,1121.9,1061.7,984.62,900.92,885.24,832.27,1560.3,1350.6,1200.5,1128.8,1097.6,1005.8,878.48,789.69,722.87,1207.8,1255.7,2211.5,2410.4,2381.9,2052.9,2034,2324.7,2226.9,2152.6,2258.1,1952.6,1940.9,1917.8,1824.4,1783.6,1787.4,1665.5,1710.5,1623.2,1583.3,1916.2,1653.3,1738.1,1906.9,1771,1763.1,1541,2316.4,1198.6,1125.3,1070.6,829.32,727.18,550.34,535.72,1128.2,929.81,765.09,636.25,446.52,1036.4,589.88,298.08,324.08,695.48,438,905.76,236.73,372.26,418.14,351.96,555.02,547.29,596.73,628.09,480.89,437.93,445.53,494.38,533.47,335.15,333.1,341.74,429.44,221.65,276.13,224.66,363.05,115.74,161.28,210.54,317.29,295.66,489.77,0,173.28,281.13,157.72,85.288,137.3,191.54,210.3,217.01,387.22,288.6,134.5,1133.1,1217.3,1255,1273.5,1346.1,1110.1,1174.6,1204.1,1258.2,1234.5,1000.3,1024.4,1119.5,1197.6,906.31,911.16,970.21,1012.3,1066.9,1085.7,949.46,1006.4,828.04,867.59,930.77,750.91,857.88,781.76,684.14,672.57,679.24,721.34,1620.7,1542,1499.6,1340.2,1254.4,1197.6,1922.9,1824.8,1736.6,1446.4,1986.1,1919.5,1779.8,1634.2,1564,1437.2,1308.9,1978,1878.4,1775,1667.4,1548.6,1470.5,1870.4,1784.2,1701.3,1619.9,1540.5,1365.1,1695.5,1497.5,1759.1,1700.8,1659,1583.9,1698.3,1762.6,1942.1,1924.6,1850.4,1780,1403.2,1333,1457.3,1340.9,1496.2,1378.8,1559.4,1410.5,1613.9,1443.9,1717.8,1608.2,1499.3,1410.2,1728.9,1647.6,1550.4,1916.8,1685.5,1605.4,1507,1405.2,1970.4,1936,1674.6,1698.6,1655,2026.9,2062.5,1908.7,1886.1,1889.8,1878.9,2037.1,1543.8,2001.8,1802,1783.8,1787.1,1608,1831.6,1964.8,1953.8,1923.6,1018.9,1211,1243.7,1092,978.7,621.34,1256.1,1135.7,1006.5,879.19,759.17,662.32,584.69,509.5,474.76,442.22,1277.9,1163.7,1039.1,942.89,881.59,818.51,705.57,631.48,560.33,511.17,1295.6,1196.3,1069.1,971.27,752.63,680.15,615.35,565.95,1115.7,1198.3,1010.7,891.37,806.17,744.58,679.2,643.39,1289.9,1171.1,1051.6,941.08,877.61,832.29,797.08,746.99,1203.4,1089.9,987.8,914.3,849.31,807.97,1315.5,1235,1132.8,1025.3,959.04,902.44,1374,1332.5,1162.2,1114.7,875.82,1329.3,1226.7,1098.8,1024.5,1267.2,1146.7,1084.7,1131.9,1305.9,709.19,2438.9,2635.5,2437.3,2445.5
1583.8,1464.3,1605.4,1514.6,1398.8,1264.4,1215.5,1169.7,1118,1096,1544.3,1518.1,1430.9,1301.4,1191.2,1160.4,1093.1,1028.2,1039.8,1512.9,1671.4,1584.7,1390.7,1321.1,1256.2,1187.3,1103,1000.8,963.13,913.67,1719,1508.5,1354.7,1277.2,1250.5,1149.7,1007.1,902.24,813.35,1313.9,1357.9,2338.5,2541.6,2516.4,2177.8,2164.5,2462.3,2369.8,2292.9,2394.4,2100,2078.4,2049.9,1968.8,1923.7,1920.8,1800.2,1854,1764.3,1720.2,2071.6,1809.3,1889.9,2064.7,1928.1,1889.9,1667.7,2447.2,1361.5,1286.6,1228.3,984.75,876.52,695.26,647.2,1296.5,1096,934.8,798.79,611.79,1207.4,760.44,470.21,496.24,817.63,610.36,1067.8,409.1,542.73,590.38,336.33,589.43,538.01,546.18,559.19,569.97,483.8,431.24,432.78,451.68,450.82,390.44,324.04,339.17,281.43,246.45,187.28,244.23,213.34,113.74,93.134,172.41,134.32,353.6,173.28,0,108.42,311.75,196.11,134.3,113.07,324.05,245.42,215.15,146.39,307.74,1170.2,1221.4,1245,1253.4,1308.7,1120.6,1160.6,1179.6,1227.1,1196.5,1042.6,1037.2,1093.2,1151.4,956.43,923.08,968.23,986.77,1034.1,1043.2,929.47,963.79,870.73,850.51,886.77,764.97,813.52,744.08,745.82,700.92,669.93,670.91,1585.7,1503.6,1458,1303.5,1212.7,1151.4,2084.2,1986.2,1898.9,1611.6,2151.5,2083.6,1944,1796.9,1729.3,1604.4,1477.8,2145.4,2045.2,1941.7,1832.9,1717.5,1639.9,2039.6,1953.2,1869.5,1789.6,1712.1,1536.4,1862.1,1670,1928.9,1871.9,1831.2,1756.7,1871.6,1935.8,2115.1,2096.2,2021.7,1952.1,1576,1506,1630.5,1514.1,1669.4,1551.9,1732.6,1583,1786.7,1615.4,1890.3,1779.8,1669.2,1578.5,1900.8,1818.4,1719.7,2088.5,1855.6,1773.7,1673.9,1571.9,2141.8,2106,1842.6,1865,1820.2,2197.8,2232.4,2077.8,2054,2055.9,2043.6,2202.9,1707.8,2174.8,1972.8,1951.8,1951.1,1763.3,2003.8,2132.7,2118.9,2085.8,1192.2,1383.8,1416.9,1265.3,1151.8,790.25,1429.3,1308.7,1179,1050.4,928.13,827.54,744.21,657.88,632.53,572.86,1450.7,1336,1210.3,1112.6,1049,982.65,866.25,785.31,702.09,637.11,1467.8,1367.6,1238.7,1138.7,909.3,828.83,751.46,685.92,1283.1,1366.7,1175,1050.5,958.01,887.59,809.01,758.88,1458.2,1336.6,1212.9,1095.6,1025.9,975.32,933.68,871.61,1366.5,1248.2,1139.1,1056.7,981.69,928.96,1478.1,1396.3,1288.2,1173.3,1098.8,1031,1536.7,1492.5,1313.8,1262.5,988.46,1484.1,1377.3,1240.2,1157.8,1414.6,1284.7,1215.5,1261.6,1450.4,821.65,2548.2,2754.6,2559.8,2564.3
1654.1,1529.4,1683.5,1589.1,1467.6,1323.6,1269.7,1217.2,1159.2,1129.4,1630.6,1599.4,1509.9,1374.3,1256.9,1218.7,1147.6,1073.6,1075.8,1609.7,1764.8,1675.5,1479.3,1405.1,1336.3,1262.4,1174.3,1062.1,1012,965.28,1813.7,1602.9,1447,1366,1342.1,1236,1085.1,971.88,871.68,1376.5,1417.9,2411.3,2616.7,2593.8,2249.4,2239.8,2541.9,2453,2374.4,2473.1,2186.6,2158.3,2126.5,2053.5,2005.7,1998.3,1878.8,1938.2,1847.1,1800.5,2163.7,1902.2,1979.6,2158.6,2021.5,1963.3,1741.6,2522.2,1459.6,1383.8,1323.1,1078.8,967.41,785,720.03,1398.8,1196.9,1038.5,897.88,713.28,1312,865,576.46,604.59,893.62,716.61,1165.8,517.4,651.13,698.73,382.32,621.81,546.39,526.92,526.46,633.1,527.62,443.3,412.63,415.17,531.03,446.35,345.07,305.58,349.28,273.23,225.3,198.25,304.24,179.77,119.82,112.04,58.009,277.46,281.13,108.42,0,418.62,300.98,225.51,177.43,422.45,323.59,115.43,129,415.6,1192.2,1222.4,1236.8,1238.8,1282.5,1126.8,1150.9,1162.9,1205.7,1171.1,1069.2,1045.8,1076.5,1121.1,988.98,932.94,968.66,971.94,1013.9,1016.5,919.14,938.32,900.28,843.56,861.69,779.52,789.67,726.32,789.1,725.89,672.75,646.8,1559.1,1475.4,1428.1,1277.9,1184.7,1121.1,2180.5,2082.7,1996.1,1711.2,2250.9,2181.9,2042.5,1894.4,1828.9,1705.5,1580.4,2246.3,2145.8,2042.2,1932.5,1819.9,1742.9,2142.2,2055.6,1971.2,1892.7,1817,1641,1962.6,1776,2032,1976.2,1936.7,1863.2,1979,2043.7,2221.6,2201,2126.1,2057.4,1682.4,1612.8,1737.5,1621.8,1776.9,1659.9,1840.5,1691.3,1894.9,1723.8,1998.6,1888.2,1777.5,1686.5,2009.2,1926.8,1827.8,2196.9,1963.8,1881.7,1781.4,1679.5,2250.2,2214.2,1950.4,1972.5,1927.3,2306.1,2340.6,2185.8,2161.8,2163.3,2150.5,2310.2,1814.5,2282.9,2081.2,2059.6,2057.8,1866.9,2112.2,2240.5,2225.9,2191.9,1299.5,1490.2,1524,1372.9,1259.8,898.44,1537.2,1416.8,1287.3,1158.8,1036.3,934.98,850.28,760.94,738.39,670.87,1558.9,1444.4,1318.7,1220.8,1156.9,1089.7,972.47,889.61,802.78,732.8,1576.2,1476,1347,1246.5,1014.2,931.33,849.88,778.87,1390.9,1474.7,1281.9,1156.1,1061.2,987.87,904.71,849.32,1566.2,1443.9,1318.9,1199.6,1127.7,1075.3,1031.4,964.87,1473.1,1353.3,1241.8,1156.2,1077.5,1020.4,1584.5,1502.2,1392.2,1274.8,1197.1,1125.1,1643.1,1598,1416.4,1363.6,1075.9,1587.7,1479.4,1338.8,1253.3,1515.4,1381.9,1309.9,1355.3,1550,910.26,2609.1,2821.6,2629.3,2631.3
1465.1,1367.5,1456.5,1381.7,1290.5,1195,1165.6,1144,1115.4,1118.1,1363.8,1358.6,1282.5,1180.8,1101.8,1098.6,1048,1017,1057.2,1285,1457.8,1383.5,1203.2,1155.1,1108.7,1062.3,996.64,937.3,944.77,889.9,1498.6,1292.3,1151.6,1092,1052.7,979.21,879.02,814.51,775.12,1230.9,1282.6,2199.7,2392.1,2358.8,2044.8,2018.2,2297.2,2191.4,2121.7,2232.8,1910.7,1915.2,1900.3,1788.2,1754.8,1768.9,1645.9,1676.6,1593.9,1561,1859.4,1596.5,1689.4,1845,1711.5,1754,1533.9,2298.9,1129.8,1061,1015.8,784.22,697.83,537.94,574.19,1043.2,854.7,679.97,579.61,391.9,940.94,505.33,224.41,206.19,711.42,348.19,843.24,131.59,242.21,296.17,333.4,661.17,677.91,742.15,778.36,547.92,543.41,582.2,644.78,687.61,389.07,440.47,484.78,585.82,343.92,426.31,379.22,520.55,244.75,319,365.76,470.92,443.42,646.35,157.72,311.75,418.62,0,119.57,211.05,277.87,96.602,203.93,512,387.41,97.015,1222.2,1328.1,1373.9,1397.8,1478.7,1218,1296.5,1331.3,1388.3,1368,1087.7,1132,1248.2,1335,989.51,1021.2,1087.6,1141.8,1199.3,1222.4,1076.9,1143.7,918.85,994.69,1069.4,863.07,997.4,919.53,764.56,778,806.08,864.8,1750.8,1674,1633.4,1472.5,1389.5,1335,1853.2,1755.3,1665.4,1369,1905.7,1843.1,1703.6,1562.7,1485.8,1353.9,1220.3,1892.1,1794.3,1691.7,1588,1459.1,1379.1,1778.4,1693.4,1613.7,1526.8,1439.4,1266.5,1612.7,1390.1,1665.4,1601.6,1554,1473.5,1580.7,1640.3,1830,1822.3,1750,1675.4,1294.2,1221.3,1343,1221.7,1378.3,1256.1,1437.4,1282.1,1487.8,1310.6,1589.1,1475.2,1361.2,1268.7,1596.8,1511.7,1410.7,1783.8,1547.6,1463.8,1363,1261,1836.1,1797.8,1532.4,1553.9,1508.7,1891.1,1924.1,1768.4,1743.6,1744.7,1732,1891.5,1396.1,1876.3,1666,1641.5,1639.4,1453.9,1700.8,1822.3,1807.3,1774.1,905.11,1102.9,1130,975.17,856.77,482.66,1136,1012.1,879.04,746.06,620,516.51,432.65,352.21,321.26,287.28,1152.2,1034.4,905.48,805.02,739.02,671.11,554.59,476.06,402.62,357.15,1165.6,1062.8,930.82,828.54,598.79,523.16,458.06,413.7,972.84,1057.2,863.36,739.26,650.2,586.91,522.92,492.18,1148.5,1025.3,901.2,786.31,720.72,674.65,639.52,591.8,1054.8,937.28,831.8,756.65,692.18,653.6,1166.4,1084.6,978.52,868.48,801.32,745.88,1225,1181.2,1006.4,957.84,724.05,1174.9,1070.7,941.18,867.07,1110.3,989.02,927.53,974.94,1148.5,558.64,2448.8,2632.7,2430.8,2443.8
1525.7,1419.6,1528.1,1447.1,1346.5,1235.8,1198.8,1167.8,1130.2,1123.5,1446.3,1433.6,1353.1,1240.7,1149.4,1135.8,1078.3,1034.1,1063.8,1383.6,1552,1473.3,1287.5,1231.5,1178.1,1123,1049.8,973.49,963.75,910.21,1595.2,1387,1241.2,1175,1140,1056.2,939.2,858.39,799.16,1277.1,1326.2,2269.6,2466,2435.5,2112.3,2090.3,2376.4,2275,2202.7,2310.7,1997.6,1993.1,1973.4,1871.9,1834.3,1842.4,1720,1758.9,1673.5,1636.6,1953.9,1690.8,1779.7,1942,1807.2,1821.8,1600.3,2372.2,1229.2,1158.1,1108.1,870.73,775.18,604.04,607.16,1149.5,956.31,785.32,671,480.19,1051.1,609.47,318.57,320,760.81,453.05,938.9,237.32,360.12,412.44,274.59,640.02,631.47,676.12,704.12,559.52,522.71,528.77,570.9,605.7,408.74,417.73,423.52,498.09,306.89,354.68,299.54,420.9,200.82,227.2,261.73,362.37,329.91,541.71,85.288,196.11,300.98,119.57,0,94.34,161.15,135.68,136.57,392.43,270.03,154.35,1217.1,1302.6,1340,1358,1429.1,1195.3,1259.4,1288.2,1341.8,1317.3,1084,1109.6,1203.3,1279.3,989.32,996.44,1055.3,1096.1,1150.1,1167.8,1033.7,1088.3,911.96,951.89,1012.4,836.19,939.25,863.84,766.32,757.63,763.76,801.36,1704.1,1624.9,1582.2,1423.3,1336.8,1279.3,1953.8,1855.7,1766.6,1472.5,2011,1946.6,1807,1663.9,1589.9,1459.9,1328.3,1999.6,1901.1,1798,1692.7,1567.7,1488.4,1888.2,1802.7,1721.7,1636.8,1552.1,1378.2,1718.7,1504.8,1775.7,1713.8,1668,1589,1698.1,1758.7,1946.2,1935.6,1862.7,1789.4,1409.2,1337,1459.5,1339.2,1495.7,1374.4,1555.6,1401.2,1606.7,1430.1,1708.3,1594.7,1480.8,1387.9,1716.3,1631.3,1530.1,1903.3,1667.2,1583,1481.7,1379.8,1955.7,1917.3,1651.4,1672.5,1626.8,2010.7,2043.6,1887.7,1862.6,1863.1,1849.9,2009.8,1513.8,1995.2,1785.6,1760.6,1757.1,1567.2,1820.2,1941.3,1925.4,1890.9,1021.1,1217.5,1246.2,1092,974.63,602.22,1253.7,1130.4,997.87,865.46,739.56,635.41,549.33,461.82,437.42,380.59,1270.9,1153.6,1025,924.58,858.29,789.39,671.54,589.27,507.03,447.11,1284.9,1182.3,1050.4,947.74,713.51,632.86,558.04,499.01,1092,1176.5,981.47,855.14,761.9,692.56,618.05,574.68,1267.8,1143.7,1018,899.55,830.06,780.39,740.49,683.13,1172.3,1052.5,943.03,861.98,790.1,742.41,1283.6,1201.2,1092.1,977.61,904.81,841.1,1342.2,1297.1,1117.8,1066.8,806.63,1288,1181.3,1045.9,966.08,1219.1,1091.5,1024.9,1071.5,1255.4,639.42,2505,2697.2,2497.6,2507.5
1600.5,1489.9,1608.4,1524.6,1419.1,1300.2,1258.9,1222.2,1178.9,1165.8,1531.8,1515.7,1433.3,1315.7,1218.1,1198.5,1137.3,1084.9,1107.4,1475.2,1642.1,1561.8,1374.1,1314.6,1258,1198.8,1121.9,1036.5,1016.3,964.08,1686.1,1477.3,1329.9,1261.1,1227.9,1140,1015.5,926.62,856.43,1344.5,1391.9,2348.2,2546.6,2517.5,2189.9,2170.4,2459.7,2360.4,2286.9,2393.4,2084.6,2076,2054,1957.5,1918.1,1923.4,1801.3,1844,1757.5,1718.7,2043.9,1780.8,1868.2,2032.9,1897.7,1899.9,1677.9,2452.6,1321.2,1249.4,1197.9,958.88,860.08,685.35,672.17,1243.2,1049.1,878.99,761.35,570.46,1145.3,703.08,411.34,414.1,832.77,546.96,1030,331.65,453.06,506.12,228.95,669.05,640.04,665.45,684.55,612.95,555.16,533.9,554.55,579.68,471.3,452.77,425.47,468.03,338.16,350,290.08,377.46,239.77,210.24,220.51,306.49,265,487.54,137.3,134.3,225.51,211.05,94.34,0,67.007,197.5,114.24,305.01,176.41,245.12,1251.3,1320.9,1351.3,1364.2,1426.5,1216.5,1268.5,1292,1342.3,1314.3,1120.1,1131.6,1206.1,1272,1028.8,1017.5,1069.9,1099.1,1149.5,1162.2,1039.2,1082.6,947.4,958.6,1005.8,857.42,932.38,860.1,809.61,785.06,773.33,791.13,1703,1622.1,1577.5,1421,1331.9,1272,2045.9,1947.8,1858.9,1565.6,2104.3,2039.6,1899.9,1756.2,1683,1553.5,1422.3,2093.4,1994.7,1891.6,1785.9,1661.7,1582.5,1982.3,1896.8,1815.6,1731,1646.5,1472.6,1812.3,1599,1869.9,1808.1,1762.3,1683.1,1791.5,1851.4,2040.1,2030,1957.1,1883.7,1503.4,1431,1553.3,1432.5,1589.1,1467.1,1648.5,1492.9,1698.8,1520.5,1799.8,1685,1569.5,1475.2,1806.9,1720.7,1618.1,1993.6,1755.8,1670.1,1567.6,1465.7,2045.4,2005.7,1738.1,1757.8,1711.1,2099.9,2131.8,1975.1,1948.9,1947.9,1933.5,2094.3,1597.2,2087.3,1874.9,1847.1,1840.2,1643.7,1911,2027.7,2009.2,1972.4,1115,1311.7,1340.1,1185.6,1067.7,692.29,1346.9,1223.1,1090,956.48,829,722.4,632.74,538.18,520.83,445.41,1363.2,1245.2,1115.6,1014,946.02,874.73,754.87,668.16,578.02,507.42,1376.2,1272.8,1139.5,1035.2,793.58,707.65,624.41,554.37,1179,1264.3,1066.2,936.36,838.13,762.81,679.4,626.16,1355.4,1229,1100.2,977.12,903.34,850.13,805.86,740.34,1255.7,1132.4,1018,930.86,852.21,796.76,1366.3,1283,1169.7,1050.1,971.61,900.32,1424.8,1377.7,1192.5,1138.8,854.9,1364.6,1255.1,1113.3,1028.1,1290.4,1156.4,1085,1130.7,1324.6,688.33,2576,2772.8,2574.4,2582.8
1650.7,1537,1662.8,1576.8,1467.9,1343.3,1298.9,1258.3,1211.1,1193.6,1590.2,1571.6,1487.7,1366.4,1264.4,1240.5,1176.8,1118.9,1136.2,1538.7,1704.2,1622.6,1433.3,1371.3,1312.4,1250.2,1170.8,1079.3,1051.8,1000.7,1748.9,1539.7,1390.9,1320.2,1288.4,1197.3,1067.6,973.28,895.81,1389.6,1435.8,2401,2600.8,2572.8,2241.9,2224.2,2516,2418.4,2344.1,2449.2,2144,2132.1,2108.3,2015.9,1975,1978.1,1856.3,1902,1814.7,1774.5,2105.9,1842.9,1928.9,2095.6,1960.2,1952.4,1730.2,2506.7,1385,1312.7,1260,1019.7,918.63,741.77,717.77,1308.8,1113.7,944.61,824.11,633.41,1211.7,768.67,476.4,481.07,882.31,612.94,1093.2,398.29,519.99,573.13,223.27,690.63,647.84,659.25,671.66,651.41,580.5,540.95,545.83,563.41,517.15,481.63,432.83,450.8,367.93,355.37,295.16,352.2,278.89,216.63,206.2,273.39,225.54,451.08,191.54,113.07,177.43,277.87,161.15,67.007,0,256.81,146.22,242.87,109.55,309.49,1273.2,1331.2,1356.6,1365.8,1421.7,1229.3,1272.6,1292.3,1340,1309.6,1143.8,1145.3,1206,1264.4,1055.1,1031,1078.5,1099.4,1147,1156.2,1041.6,1076.9,971.3,962.31,999.84,871.98,926.59,857.03,839.72,804.46,780.4,783.97,1698.7,1616.6,1571,1416.6,1325.7,1264.4,2109.7,2011.6,1922.9,1630.4,2169.4,2104.2,1964.5,1820.3,1747.9,1618.9,1488.1,2159.1,2060.2,1957.1,1850.9,1727.7,1648.6,2048.5,1962.8,1881.4,1797.2,1713.2,1539.1,1877.6,1665.9,1936.2,1874.7,1829.2,1750.1,1858.4,1918.2,2107.1,2096.7,2023.7,1950.5,1570.3,1498,1620.3,1499.5,1656,1534,1715.3,1559.3,1765.4,1586.4,1866.1,1751,1634.7,1539.8,1872.9,1786.2,1683,2059.4,1821,1734.5,1631.4,1529.6,2111.1,2070.7,1802.3,1821.3,1774.1,2165.3,2196.7,2039.7,2012.9,2011.2,1996.1,2157.3,1659.8,2153.9,1940.3,1911.3,1902.6,1702.6,1977.2,2091.6,2072,2033.8,1182,1378.7,1407.1,1252.6,1134.6,758.3,1413.8,1290,1156.7,1022.8,894.71,787.16,696.06,598.56,584.39,500.98,1429.9,1311.7,1181.7,1079.7,1011,938.63,817.97,729.32,635.68,560.2,1442.6,1338.9,1205,1099.9,855.07,766.71,679.51,604.15,1243.5,1329.1,1129.6,998.23,897.62,819.38,731.56,673.24,1420.1,1292.7,1162.5,1037.1,961.17,906.19,859.69,789.93,1318.4,1193.4,1076.6,986.27,904.09,844.46,1428.6,1344.9,1229.4,1107.2,1025.8,950.41,1487.1,1438.9,1250.6,1195.6,898.8,1423.7,1312.7,1167.6,1079.5,1346.6,1209.2,1135.2,1180.2,1379.6,733.52,2622.9,2823,2625.8,2632.8
1558.4,1462.6,1546.6,1473.8,1385,1291.4,1262.2,1240.3,1210.9,1212.3,1449.2,1447.5,1373.1,1274.6,1197.6,1195.2,1144.5,1112.7,1151.5,1359.4,1535.5,1464.6,1287.9,1243.7,1200,1156,1091.8,1033.9,1040.6,985.84,1574.4,1370.1,1233.2,1177.6,1136,1067.9,973.09,910.84,871.29,1326.8,1378.7,2289.9,2480.7,2446.2,2135.9,2107.6,2383.4,2275.4,2207.1,2319.8,1993,2002.3,1989.5,1872.5,1841.2,1857.9,1734.8,1761.7,1680.4,1649.4,1936.4,1674,1769.8,1920,1787.6,1845.1,1625.6,2387.7,1203.8,1137.3,1095.9,868.96,787.3,631.62,670.7,1110,927.62,749.84,662.63,478.73,1002.5,578.39,311.67,273.79,807.39,423.24,921.56,215.63,295.93,353.29,250.02,747.56,753.82,807.03,837.54,642.19,629.42,654.08,703.97,740.59,483.92,525.06,551.67,633.58,421.72,486.21,433.06,556,317.21,362.58,396.43,494.49,458.17,674.99,210.3,324.05,422.45,96.602,135.68,197.5,256.81,0,139.06,499.67,362.11,192.42,1314.3,1414.2,1456.8,1478.1,1554.2,1305,1377.9,1410,1465.4,1442.9,1179.9,1219,1326,1407,1082.4,1107.2,1170.9,1219.1,1274.8,1295,1155.3,1215.7,1010.1,1073.1,1140.4,948,1067.7,991.11,857.54,865.02,884.38,931.59,1828,1750,1708.2,1548.3,1463.3,1407,1924.7,1827.1,1736.6,1438.1,1971.8,1911.4,1772.4,1633.9,1554.1,1420,1284.2,1955.3,1858.8,1756.8,1655.5,1521.5,1440.7,1838.4,1754.2,1676.6,1586.9,1494.6,1324,1678.2,1441.2,1724.6,1657.5,1606.1,1522,1623.1,1678.4,1876.2,1875.6,1804.8,1727.4,1344.4,1269.9,1389.1,1264.2,1421.2,1295.3,1476.5,1315.6,1522.9,1338.7,1621.2,1502.9,1383.5,1286.7,1625.2,1536.1,1430.6,1810.7,1569.4,1480.9,1376.7,1275.1,1861.3,1818.5,1548.2,1566,1518.2,1914.5,1944.2,1786.2,1758.4,1755.5,1739.8,1901.4,1403.6,1910.8,1689.7,1657,1646.2,1446.5,1730.2,1837,1815.8,1777.1,954.25,1154.9,1177.6,1021.3,899.53,513.76,1178.2,1052,916.34,778.81,647.24,535.85,441.35,341.76,330.62,248.93,1189.1,1068.6,935.94,831.27,759.56,684.55,562.67,472.57,380.53,313.34,1198.1,1092.1,955.32,847.77,598.39,510.42,427.79,363.9,990.53,1076.9,874.54,741.67,641.12,565.44,485.08,439.11,1167.4,1037.9,906.07,780.42,705.85,652.87,609.79,548.73,1062.3,936.6,820.66,733.81,657.68,607.38,1172.2,1088.2,972.85,852.59,775.15,707.52,1230.6,1182.1,995.04,941.34,670.96,1167.5,1057.6,916.74,833.77,1093,960.76,891.79,938.09,1127.6,503.75,2542.8,2724.5,2522,2535.8
1656.8,1553.1,1654.4,1576.3,1478.9,1371.4,1335.1,1304.4,1266.3,1258.3,1566,1558.1,1479.9,1371.8,1283.8,1271.8,1214.8,1170.4,1198.9,1488.5,1661.7,1587.2,1405.9,1355,1305.3,1253.7,1182.7,1109.5,1100.2,1046.7,1702.3,1496.3,1355.2,1294.2,1255.9,1179.2,1069.9,993.18,935.72,1411.8,1461.4,2397,2591.4,2559.3,2240.8,2216.6,2498.6,2394.1,2323.6,2433.8,2114.1,2116.1,2099.2,1990.9,1956.2,1967.9,1845.1,1878.9,1795.3,1760.8,2063.3,1800.4,1893.2,2048.6,1915.3,1950.1,1729.1,2497.9,1333.1,1264.7,1219.6,987.16,897.64,731.63,743.08,1243.7,1057.6,881.65,783.25,594.6,1138.4,707.99,427.67,405.18,894.3,551.14,1047.1,335.48,432.46,489.33,138.6,769.56,749.38,779.09,798.78,695.87,653.4,644.01,668.6,693.81,545.2,549.04,536.05,582,435.86,461.79,402.44,489.64,331.6,323.13,334.26,415.33,370.01,595.12,217.01,245.42,323.59,203.93,136.57,114.24,146.22,139.06,0,380.86,237.36,276.96,1349.4,1427.5,1460.5,1475,1539.4,1321.7,1378.4,1403.5,1454.5,1427.2,1216.9,1236.4,1317.8,1385.5,1123.3,1122.6,1177.8,1210.6,1261.9,1275.5,1150,1195.9,1044.5,1069,1119.2,962.24,1045.7,972.9,901.11,886.67,882.62,904.83,1815.7,1735.1,1690.8,1533.9,1445.1,1385.5,2056,1958.1,1868.1,1570.7,2106.2,2044.6,1905.3,1765.3,1687.2,1554.2,1419.4,2090.9,1993.9,1891.6,1789.1,1657.3,1576.8,1975.1,1890.7,1812.2,1723.5,1632.5,1461.3,1812.8,1579.9,1861.5,1795.3,1744.6,1660.9,1762.1,1817.2,2015.2,2014,1942.8,1866,1483.1,1408.7,1528.1,1403.2,1560.3,1434.2,1615.4,1453.9,1661.3,1475.9,1759,1640,1519,1420.9,1762.3,1672.1,1565.3,1947.3,1704.6,1614.6,1509.2,1407.8,1997.5,1953.2,1681.3,1697.5,1648.6,2050.1,2078.6,1919.9,1890.9,1886.2,1869.1,2031.4,1533.1,2049,1825.5,1789.9,1775,1567.1,1867.5,1969.4,1945.2,1903.6,1093,1293.3,1316.5,1160.2,1038.6,652.44,1317.2,1191,1055.2,917.31,785.13,672.46,575.6,469.97,466.44,364.07,1327.8,1207,1073.9,968.61,895.65,818.7,695.61,601.51,500.87,419.23,1336.2,1229.8,1092.1,983.25,727.33,633.7,540.55,460.46,1125.2,1212,1007.1,870.89,764.86,681.82,589.27,527.99,1302.1,1170.6,1035.7,904.85,825.11,767.65,718.64,645.7,1192.6,1063.2,941.45,846.7,761.21,699.25,1301.3,1216.5,1096.3,969.76,884.75,806.26,1359.6,1308.6,1114.5,1057.4,752.66,1288.9,1175.5,1026.5,936,1207.5,1066.7,990.88,1035.5,1239,587.64,2637.8,2827.1,2626.5,2637.7
1765.3,1638.7,1797.1,1701.8,1578.4,1430.7,1374.6,1318.8,1257.4,1223.2,1745.8,1713.8,1623.8,1486.6,1366.7,1325.6,1252.9,1174.5,1171.4,1724.5,1880.2,1791,1594.7,1520,1450.5,1375.4,1286.2,1170.6,1115,1069.7,1928.9,1718.1,1562.4,1481.3,1457.5,1351.3,1199,1083.6,979.44,1485,1525.2,2523,2729.3,2707,2360.8,2352.5,2655.7,2567.7,2488.7,2586.7,2301.7,2272.3,2239.5,2168.4,2120.1,2111.7,1992.5,2053.1,1961.8,1914.6,2279.1,2017.6,2095,2273.9,2136.9,2075.5,1854,2634.7,1574,1498.5,1438.3,1194,1082.8,900.43,833.13,1511.3,1310.2,1149.9,1011.9,826.14,1422.6,975.59,685.03,706.69,1007.2,825.1,1280.2,620.31,750.61,800.6,400.6,718.69,629.76,589.34,576.32,743.62,631.41,531.81,478.87,466.24,645.92,555.83,442.04,367.15,462.87,375.94,334.21,262.09,419.34,294.94,233.03,185.41,144.81,291.02,387.22,215.15,115.43,512,392.43,305.01,242.87,499.67,380.86,0,144.69,521.05,1278.2,1292.3,1298.8,1294.9,1327.3,1201.4,1212,1217.7,1255.7,1217.4,1158.9,1123,1131.9,1163,1082.9,1011.9,1040,1030.1,1066.7,1063,981.9,986.82,992.92,910.11,911.55,863.39,841.81,785.23,890.27,817.21,749.63,701.49,1601.9,1517,1468.1,1323.2,1228.3,1163,2295.4,2197.6,2110.8,1825.1,2365,2296.4,2156.8,2009,1942.8,1818.8,1692.7,2359.6,2259.3,2155.8,2046.5,1932.3,1854.9,2254.5,2168.1,2084.1,2004.6,1927.2,1751.5,2076.2,1884.7,2143.9,2087,2046.1,1971.1,2084.6,2147.6,2329.2,2311.3,2236.8,2167,1790.4,1720,1844.1,1726.6,1882.3,1763.4,1944.4,1792.3,1997.1,1822.3,2099.6,1986.9,1873.1,1779.7,2108.4,2023.7,1922.3,2295.6,2059.5,1974.7,1872.5,1770.7,2348,2309.6,2042.9,2062.8,2016.1,2403.1,2435.8,2279.6,2253.8,2252.9,2238.4,2399.3,1902.1,2385.5,2178,2151.9,2145,1945.1,2212,2332.5,2314.2,2276.6,1405.5,1598.2,1630.5,1478.1,1363.2,994.64,1641.5,1519.7,1388.5,1257.5,1132,1026.9,937.74,841.43,825.85,742.63,1661.1,1544.9,1417.1,1317,1250.3,1179.7,1059.8,972.11,878.06,799.89,1676.4,1574.5,1442.8,1339.6,1097.8,1009.4,920.51,841.03,1483.6,1568.5,1371.2,1240.8,1140.4,1061.1,970.13,906.8,1659.7,1534,1404.9,1279.9,1203.4,1147.5,1099.4,1025.7,1560.6,1436.3,1319.1,1227.1,1141.9,1077.8,1671,1587.5,1472.2,1349.1,1265.6,1186.2,1729.5,1681.7,1493,1437.2,1126.8,1666.4,1554.7,1407.3,1316.4,1587.8,1447.4,1370.6,1414.7,1619.7,964.34,2716,2931.1,2739.7,2740.8
1729,1610.4,1748.2,1658.7,1544.4,1410.7,1361.6,1314.8,1261.8,1237.3,1682.6,1659.5,1573.4,1446.2,1337.3,1306.7,1239.2,1172.9,1181.9,1640.1,1803,1719,1527.3,1461.1,1398.4,1331.5,1248.3,1147.2,1108.4,1059.4,1848.8,1639,1488,1413.9,1384.5,1288.4,1150.5,1047.9,959.66,1460.2,1504.3,2482.9,2685.1,2659.1,2322.6,2308.1,2604,2509.5,2433.6,2536.5,2237.6,2220,2193.1,2107.7,2064.4,2063.6,1942.6,1993.3,1904.5,1861.9,2204.2,1941.3,2024.9,2195.3,2059.3,2034.2,1812,2590.8,1487.1,1413.9,1358.8,1116.9,1012.3,832.76,792.61,1414.2,1217.4,1050.3,924.85,734.93,1318.8,874.42,581.69,590.01,961.96,719.57,1194.4,506.44,629.47,682.39,262.98,729.4,665.89,654.36,655.37,716.36,627.16,560.62,539.81,544.13,594.85,536.04,457.15,434.11,427.8,381.08,325.34,327.15,355.29,258.38,219.15,241.02,187,399.59,288.6,146.39,129,387.41,270.03,176.41,109.55,362.11,237.36,144.69,0,414.51,1306.8,1346,1363,1366.3,1411.4,1248.5,1277.4,1290.7,1334.1,1299.9,1181.1,1166.5,1204.3,1250.1,1097.2,1052.9,1092.2,1099.3,1142.1,1145.4,1045.5,1067,1010.3,969.03,990.34,897.16,918.15,853.92,889.68,838.14,794.84,775.17,1688,1604.4,1557,1406.7,1313.6,1250.1,2211.4,2113.4,2025.1,1734.2,2273.6,2207.6,2067.9,1922.7,1851.8,1723.9,1594.1,2264.5,2165.2,2061.9,1955,1833.8,1755,2155,2069.2,1987.2,1903.9,1821.1,1646.7,1982.5,1774.5,2043,1982.4,1937.6,1859,1967.9,2027.7,2216.2,2204.8,2131.6,2058.9,1679.1,1607,1729.5,1608.9,1765.5,1643.5,1824.9,1668.8,1874.9,1695.6,1975.5,1860.1,1743.2,1647.7,1982.1,1895,1791.2,2168.5,1929.4,1842.3,1738.6,1636.9,2220,2179,1909.8,1928,1880.3,2274,2304.9,2147.5,2120.2,2117.6,2101.8,2263.5,1765.6,2263.4,2049,2018.7,2008.1,1803.9,2086.4,2198.9,2177.8,2138.2,1291.1,1487.3,1516.2,1362,1244.1,867.54,1523.3,1399.5,1266.2,1132.1,1003.7,895.44,803.08,702.87,691.76,600.77,1539.4,1421.2,1291,1188.7,1119.3,1046,924.67,834.15,737.01,656.57,1552,1448.1,1313.8,1208.1,960.07,869.21,777.84,696.79,1351.5,1437.3,1236.5,1103.5,1000.4,918.93,826.24,762.14,1528.1,1399.8,1268,1140.2,1061.9,1004.9,955.88,881.22,1424.4,1297.6,1178,1084.1,997.76,933.13,1534.1,1449.9,1332.1,1206.9,1122,1041.7,1592.5,1543.1,1351.4,1294.7,982.33,1525.5,1412.6,1263.6,1172,1444.9,1303.3,1226,1270.1,1476.2,819.66,2694.5,2900.3,2705,2709.9
1380.3,1279,1377.8,1299.4,1203.5,1102.6,1071.3,1048.1,1018.6,1021.1,1292.8,1282,1203.1,1095.5,1011.4,1005.2,953.02,920.36,960.2,1230.1,1397.8,1318.9,1133.7,1079.4,1028.4,977.27,908.17,843.44,848.21,793.43,1441.3,1232.8,1086.9,1021.3,985.74,903.78,793.48,722.51,678.93,1140.2,1191,2120.2,2315.1,2283.7,1963.9,1940,2223.8,2121.4,2049.7,2158.5,1843.5,1840.8,1822.7,1718.3,1681.6,1691.5,1568.8,1605.5,1520.7,1484.9,1799.7,1536.5,1625.3,1788,1653.1,1673.2,1452.2,2221.5,1076.1,1004.4,953.81,716.49,622.38,454.68,478.97,999.73,804.25,635.76,516.79,325.92,904.95,459.91,167.19,191.04,621.01,305.66,785.08,104,241.54,284.68,413.67,568.34,593.9,668.08,709.49,450.92,451.25,502.8,577.31,625.85,292.06,350.18,411.95,531.06,262.37,362.61,324.3,480.37,175.29,279.83,337.72,445.03,427.97,610.14,134.5,307.74,415.6,97.015,154.35,245.12,309.49,192.42,276.96,521.05,414.51,0,1125.7,1234.7,1282.7,1308.5,1392.9,1124.1,1206.3,1243.2,1301.4,1282.9,991.11,1038.2,1160.9,1252.3,892.74,928.14,996.43,1055.1,1114,1139.4,989.42,1061.3,822.72,907.32,988.08,770.92,916.99,838.25,667.8,684.49,719.36,788.11,1663.5,1587.7,1548,1386.6,1305.2,1252.3,1800.8,1702.7,1613.8,1320.9,1860,1794.8,1655.1,1511.1,1438.4,1309.7,1179.6,1850.1,1751,1647.8,1541.4,1419.3,1340.6,1740.6,1654.7,1572.7,1489.6,1408.3,1233.3,1568.3,1364.1,1628.8,1569.1,1526.1,1450.1,1563.9,1628.2,1808.2,1792.3,1718.5,1647.2,1269.6,1199,1323.1,1206.4,1361.7,1244.3,1424.9,1276.4,1479.5,1310.6,1583.6,1474.7,1367.1,1279.5,1595.2,1514.8,1418.8,1783.3,1553.2,1474.5,1377.5,1275.8,1837.1,1803.7,1544,1569.3,1526.8,1893.9,1930.2,1777.2,1755.6,1760.6,1750.9,1908.1,1416.7,1867.4,1669.1,1653.2,1659.7,1488.4,1697.8,1834.2,1825.5,1797.8,884.62,1077.4,1109.5,957.57,844.25,491.21,1121.6,1001.2,872.43,746.3,628.6,536.11,465.67,405.41,359.92,362.77,1143.6,1029.8,906.06,811.32,752.27,692.69,584.01,518.31,462.41,433.07,1161.8,1063.1,937.44,841.81,634.96,571.86,522.08,491.74,986.05,1067.7,884.24,770.23,693.04,641.3,590.89,570.79,1159.2,1043,927.78,824.23,767.41,727.8,699.51,662.35,1077.4,968.72,873.86,809.58,755.16,725.61,1189.9,1110.8,1014.2,914.3,856.47,811.19,1248.2,1209.3,1047,1003.4,800.16,1210.7,1112.3,993.65,927.37,1155.5,1044.3,989.32,1037.3,1196.6,637.52,2362.4,2550.3,2349.6,2360.9
814.13,660.93,945.91,827.76,671.99,473.49,390.42,296.01,218.69,142.89,1041.9,937.58,845.73,680.61,534.5,429.54,374.78,285.05,194.64,1241.8,1272.4,1158.1,989.59,868.7,771.32,667.49,590.44,460.41,343.93,390.57,1337.3,1182.3,1041.1,931.09,973.67,833.07,669.35,569.02,495.39,540.5,528.74,1483.1,1700.8,1707,1323.1,1359.3,1686.9,1658.2,1563,1613.5,1478,1351.5,1276,1336,1252.6,1181.9,1100.6,1235.3,1140.9,1064,1560.3,1363.9,1364.4,1591.6,1470.4,1097.1,926.79,1612.2,1176.3,1111.6,1028.3,918.38,843.84,830.09,686.9,1251.6,1106.6,1116.9,973.08,998.72,1277.2,1087.2,1087,1178.1,654.62,1103.3,1026.5,1155.9,1219.3,1203,1479.7,582.76,648.4,713.51,756.9,677.57,696.47,748.96,808.66,843.66,836.43,800.4,849.72,918.28,914.17,925.95,983.37,1017.3,1017.9,1058,1087.7,1093.7,1141.1,1041.7,1133.1,1170.2,1192.2,1222.2,1217.1,1251.3,1273.2,1314.3,1349.4,1278.2,1306.8,1125.7,0,237.54,342.24,414.67,560.63,179.28,343.45,419.36,480.36,516.85,134.73,196.31,415.43,560.04,235.08,279.7,301.66,417.38,455.67,516.93,404.08,517.82,305.11,428.35,537.57,414.92,560.01,562.3,458.52,469.3,534.74,643.75,724.78,686.54,677.88,553.09,548.64,560.04,1664.8,1587.7,1534.3,1380.3,1800.7,1715.9,1605.6,1463,1465.4,1418.9,1377.5,1839.7,1745,1659,1547.3,1542.3,1503,1803.8,1727.3,1638.5,1621.8,1630.6,1490,1595.2,1650.4,1731.7,1733.1,1750.4,1740,1892.5,1987.9,2037.7,1935.4,1859.4,1840.3,1598.4,1571.9,1679.9,1639.2,1739.6,1696.8,1824.7,1771.9,1905.2,1845.1,2014.7,1971,1937.4,1905.2,2059.1,2033.6,1996.9,2226.1,2086.8,2063.7,2013.6,1932.1,2286.9,2302,2129.9,2181.3,2166.7,2352,2414.3,2305.3,2313.9,2351.9,2368.2,2487.2,2092.1,2217.9,2162.6,2222.5,2298.9,2255.8,2131.5,2381.7,2427.7,2448,1393.8,1464.1,1528.4,1457.9,1429.2,1352,1588.8,1537.2,1486.7,1453.8,1429,1422.4,1426.4,1442.2,1372.1,1456.6,1651.3,1603.2,1556.8,1530.5,1531.2,1533.8,1493.9,1495,1505.6,1521.1,1702.5,1663,1618.1,1592.5,1558.6,1558.9,1568.3,1580,1696.1,1738.5,1667.6,1636.4,1631.8,1636.5,1640.9,1655.1,1809.6,1769,1733.7,1713.3,1709.1,1704.3,1707.8,1713.9,1827.2,1794.3,1774.6,1772.9,1768.6,1777,1923.9,1876.9,1855.9,1827.7,1823.7,1828.6,1970.3,1970.8,1912,1902.2,1861.9,2022.7,1974,1930.7,1910.8,2032.2,1990.5,1973.9,2020.5,2085.9,1718.5,1555.1,1809.7,1650.3,1628.6
1039,888.45,1177,1059.9,905.83,709.82,627.59,533.54,453.63,370.19,1278.6,1173.1,1082.3,918.06,771.62,666.47,607.84,505.72,407.77,1478.4,1509.7,1395.4,1226.8,1105.8,1008,903.23,822.6,682.24,552.03,589.1,1574.5,1419.5,1276.8,1166.1,1206.7,1063.8,891.58,776.55,676.64,775.64,760,1672,1888.1,1900.5,1516.4,1561.2,1887,1868.6,1772.6,1814,1701.7,1565.8,1485.4,1561.1,1475.7,1398.8,1324.3,1463.5,1370.5,1292.6,1791.2,1599.7,1596.8,1824.4,1704.9,1308.7,1151,1802.6,1409.3,1342.8,1258.7,1132.8,1047.6,1006.3,844.73,1478.8,1324.7,1318.5,1163.7,1161.1,1497,1268.8,1224.8,1317,849.03,1262.9,1245.2,1281.6,1363.2,1355.1,1548.8,667.01,683.49,703.41,727.07,808.3,785,790.36,813.67,830.68,959.41,889.16,898.42,925.17,995.99,975.87,1036.1,1031.7,1102.2,1115.3,1131.9,1115.1,1166.9,1026,1217.3,1221.4,1222.4,1328.1,1302.6,1320.9,1331.2,1414.2,1427.5,1292.3,1346,1234.7,237.54,0,105.31,179.3,325.02,113.03,135.06,201.56,252.3,297.02,317.8,197.46,233.03,352.88,406.97,307.01,253.84,290.64,295.44,345.72,317.91,378.82,436.14,382.69,428.54,466.62,478.62,514.39,597.01,550.26,551.78,601.45,498.53,452.82,441.21,317.65,326.5,352.88,1899.3,1823.4,1771,1617,2036.7,1951.8,1842.5,1700.4,1702.8,1654.8,1610,2076.5,1982.2,1896.4,1784.9,1778.7,1738.2,2041.4,1964.9,1876,1858.4,1865.1,1721.6,1832.7,1882.7,1969.1,1969.6,1985.7,1973,2125.2,2220,2274.2,2172.7,2096.7,2076.8,1828.1,1798.7,1909.3,1863.5,1968.6,1920.8,2053.4,1994.1,2133.4,2065.4,2243.6,2195.6,2156.3,2118.9,2286.6,2257.4,2215.9,2456,2310.1,2282.6,2227.9,2143.4,2516.9,2529.3,2349.8,2399.6,2382.4,2581.9,2643.2,2530.9,2537.5,2573.3,2587.7,2710.5,2303.7,2451.8,2389.2,2444.5,2516,2459.4,2361.2,2606.5,2648.8,2665.4,1606.4,1688.1,1751.5,1673.2,1636,1522.3,1809.8,1751.7,1692.5,1648.5,1611.2,1592.2,1584.3,1585.6,1518.3,1584.5,1870.5,1816,1760.9,1726.5,1720,1714.3,1662.8,1652.4,1649.2,1652.1,1920.1,1874.8,1820.8,1786.6,1727.4,1716.2,1712.6,1711.7,1897.5,1945,1859.7,1816.3,1799.9,1794,1785.5,1789.2,2019.4,1970.2,1924.4,1891.6,1878.5,1867,1864,1859.2,2026.8,1983.6,1952.4,1939.6,1924.6,1923.3,2127,2075.5,2044.2,2004.4,1990.6,1984.6,2175.5,2171.4,2097.9,2082.7,2006,2217.7,2161.4,2105,2075.7,2218.2,2164,2139.4,2186.8,2270.5,1854.5,1702.9,1968.3,1822.2,1793.7
1143.1,993.07,1282,1165,1011.1,815.03,732.57,638.05,556.64,471.6,1383.8,1278.4,1187.5,1022.8,875.45,770.2,709.6,603.79,505.26,1581.5,1614.6,1500.3,1330.5,1209.5,1111.3,1005.9,923.46,779.31,645.7,679.21,1679.5,1523.3,1379.3,1268.2,1307.5,1163.6,987.87,867.71,759.61,880.95,865.13,1766.2,1981.5,1995.8,1612.2,1659.4,1984.3,1968.7,1872.6,1911.4,1805.2,1667.3,1585.6,1665,1579.1,1501,1427.9,1568,1475.2,1397.2,1896.1,1705,1701.9,1929.5,1810.2,1409.7,1254.9,1897,1510,1442.5,1358,1225,1135.6,1083.6,916.69,1576.2,1418,1404.6,1245.7,1231.7,1590.8,1346.6,1284.7,1376.7,934.68,1331.6,1338.9,1336,1424.7,1420.1,1577.1,715.17,711.3,710.9,724.75,870.6,831.45,817.43,824.43,832.96,1016.2,933.43,925.96,934.09,1035.6,1002.4,1062.8,1042,1141.3,1142.7,1153.6,1127.1,1180.1,1023,1255,1245,1236.8,1373.9,1340,1351.3,1356.6,1456.8,1460.5,1298.8,1363,1282.7,342.24,105.31,0,74.733,219.83,194.76,87.092,118.12,153.16,203.58,412.27,266.1,181.47,267.22,494.4,360.47,286.28,270.62,251.21,287.51,317.74,339.2,510.72,394.59,402.38,512.23,463.55,513.63,667.24,601.89,578,598.41,409.54,355.78,339.71,212.51,230.15,267.22,2004.6,1928.7,1876.2,1720.2,2142,2057.1,1947.6,1805.2,1806.8,1757.3,1710.2,2181.6,2087.2,2001.2,1889.4,1881.6,1840.2,2145.9,2069.2,1980.1,1961.5,1966.5,1821.3,1937.2,1982.7,2073,2072.6,2087.6,2073.4,2225.4,2319.8,2377,2276.7,2200.4,2179.6,1926.6,1895.8,2007.6,1959.2,2066.7,2016.2,2151.4,2088.5,2231,2158.9,2341.6,2291.2,2248.9,2209,2383.7,2352.5,2308.6,2554.4,2404.9,2375.2,2318.2,2232.3,2615.3,2626.3,2442.8,2491.8,2473.3,2680.3,2740.9,2626.8,2632.3,2667.1,2680.4,2805.2,2392.6,2552.7,2485.8,2538.6,2607.5,2544.3,2459.5,2702,2742.4,2757,1696.6,1783.7,1846.7,1764.7,1723.5,1594.2,1903.8,1842.5,1779.5,1730.6,1687.9,1663.6,1650.6,1645.7,1579.9,1637.9,1963.6,1906,1847.1,1808.9,1799.2,1790,1733.5,1718.2,1709.1,1706.5,2012.3,1964.2,1906.1,1868.1,1797.8,1781.7,1772.4,1766.2,1982.1,2031.9,1940.1,1891.4,1869.8,1859.3,1845.3,1844.3,2107.8,2054.6,2004.1,1965.8,1948.8,1934.4,1928.4,1919,2110.4,2062.5,2026.2,2008.5,1988.8,1983.3,2212,2158.5,2122.5,2077.6,2059.4,2048.6,2261.4,2255.2,2175,2157.4,2064.8,2298.9,2239.1,2176.9,2143.4,2295.1,2235.4,2207.3,2255,2346.8,1910.2,1783.9,2052.3,1910.9,1880.2
1217.8,1067.6,1356.3,1239.1,1084.9,888.03,805.06,709.85,626.83,540.56,1456.5,1351.8,1260.4,1094.9,946.2,840.89,778.31,669.54,570.98,1651.1,1686.9,1572.5,1401,1279.9,1181.4,1075.3,991,843.74,707.86,738.54,1751.7,1593.6,1448.2,1336.8,1374.7,1229.9,1051.2,927.12,813.27,954.38,939.28,1838.4,2053.4,2068.4,1685,1733,2057.6,2042.9,1946.7,1984.8,1879.9,1741.8,1659.8,1739.7,1653.9,1575.6,1502.7,1642.6,1549.7,1471.7,1970.5,1778.3,1776.1,2003.6,1883.9,1484.1,1329.6,1969.3,1577,1508.5,1423.8,1284.5,1191.9,1131.7,961.52,1640,1478.2,1458.8,1297,1274.3,1651.3,1394.4,1319.3,1410.8,989.63,1372.5,1399.6,1366.4,1460.1,1458,1587.9,744.62,726.62,711.94,718.63,908.71,858.6,831.06,826.47,828.91,1049.6,958.29,939,933.87,1056.4,1014.2,1074.4,1041.9,1161.3,1154.4,1161.1,1127.8,1181.4,1013.7,1273.5,1253.4,1238.8,1397.8,1358,1364.2,1365.8,1478.1,1475,1294.9,1366.3,1308.5,414.67,179.3,74.733,0,146.01,257.5,105.31,78.39,83.241,138,476.49,318.82,162.98,206.89,553.09,400.48,317.18,267.05,229.99,251.29,325,315.48,560.65,406.21,386.18,543,453.44,512.44,712.47,635.15,594.28,593.74,362.31,299.04,276.13,138.54,160.8,206.89,2078.3,2002,1948.9,1789.8,2215.2,2130.4,2020.2,1877.2,1877.6,1826.2,1776.7,2254.4,2159.6,2073.1,1960.9,1950.9,1908.4,2217.4,2140.2,2051,2031,2034,1887.2,2008.5,2048.9,2143.6,2142,2155.7,2139.9,2291.6,2385.6,2446.1,2347.2,2270.7,2248.8,1991.3,1959,2072,2021.1,2130.8,2077.9,2215.3,2149.3,2294.6,2218.8,2405.5,2353,2308,2266,2446.8,2413.8,2367.7,2618.8,2466,2434.2,2375.3,2288.2,2679.6,2689.2,2502.2,2550.4,2530.8,2744.6,2804.6,2688.8,2693.3,2727,2739.4,2865.9,2448.4,2619.5,2548.4,2598.9,2665.5,2596.7,2523.8,2763.6,2802.1,2814.9,1754,1845.7,1908.2,1823,1778.6,1637.1,1964.3,1900.4,1834,1781.2,1734.3,1705.9,1689.1,1679.5,1615,1666.8,2023.2,1963,1900.9,1859.8,1847.5,1835.4,1775.2,1756.2,1742.6,1736,2071.2,2020.7,1959.2,1918.1,1839.2,1819.3,1805.9,1795.5,2034.5,2086.2,1989.2,1936.3,1910.8,1896.7,1878.5,1874.1,2163.3,2106.8,2052.5,2009.9,1989.9,1973.3,1965.1,1952.2,2161.9,2110.4,2069.9,2048.5,2025.3,2016.5,2264.7,2209.5,2169.8,2120.9,2099.3,2084.8,2314.8,2306.9,2221.3,2201.7,2097,2348.3,2285.8,2219,2182.4,2341.2,2277.1,2246.3,2294.2,2392.3,1940.3,1850.2,2119.8,1980.7,1949.1
1362.3,1212.7,1501.8,1384.8,1230.8,1034,950.97,855.53,771.74,684.81,1602.5,1497.8,1406.4,1240.6,1091.3,985.97,922.05,811.03,712.72,1795.2,1832.7,1718.2,1545.8,1424.7,1325.9,1219.3,1133.6,983.59,845.82,873.4,1897.5,1738.3,1591.7,1480,1516.7,1371.1,1189.6,1061.4,941.2,1100.4,1085,1971,2184.8,2202.1,1819.7,1870.3,2193.6,2182.4,2086.1,2121.1,2023.6,1882.9,1799.6,1883.8,1797.5,1717.7,1646.6,1787.4,1694.9,1616.7,2115.9,1924.3,1921.8,2149.3,2029.8,1624.9,1473.8,2102,1718.6,1649.2,1564.2,1418,1321.7,1250.9,1077,1778.2,1612.3,1585.3,1420,1384.9,1785.5,1512.2,1417.7,1508.1,1118.3,1480.3,1534.4,1457.9,1559,1561,1645,840.47,800.97,762.51,756.11,1015.2,949.32,900.59,876.15,867.5,1147.8,1044.2,1005.8,977.52,1134.9,1077.9,1137,1084.3,1237.3,1216.4,1215.6,1170.5,1224.6,1039,1346.1,1308.7,1282.5,1478.7,1429.1,1426.5,1421.7,1554.2,1539.4,1327.3,1411.4,1392.9,560.63,325.02,219.83,146.01,0,399.41,233.77,165.86,97.35,112.22,617.4,452,235.57,166.48,688.41,518.35,428.53,338.42,279.47,266.09,405.44,345.01,686.43,486.73,422.03,644.95,495.17,566.48,830.66,738.42,673.59,638.04,277.03,195.87,155.6,7.8102,99.464,166.48,2224.3,2148,2094.9,1933.8,2361.2,2276.4,2166.1,2022.9,2022.5,1969.5,1917.7,2400.3,2305.4,2218.6,2106.3,2094.6,2051.1,2362.8,2285.3,2196,2174.9,2176.1,2027.5,2153.8,2189.4,2288.3,2285.7,2298.3,2280.9,2432.3,2525.8,2589.6,2491.9,2415.3,2392.4,2130.3,2096.3,2210.6,2156.8,2269.1,2213.3,2353.4,2283.5,2432.3,2351.9,2543.5,2488.3,2440,2395.1,2583.8,2548.5,2499.6,2757.2,2600.3,2565.9,2504.4,2415.9,2818,2825.8,2634.4,2681.5,2660.5,2882.8,2942.2,2824.2,2827.5,2859.8,2871.1,2999.8,2575.9,2760.7,2684.7,2732.2,2795.7,2719.1,2662.2,2898.5,2934.7,2945.1,1884.2,1981.6,2043.6,1954.3,1905.7,1746.9,2098.3,2030.9,1960.3,1902.1,1849.2,1814.8,1792.1,1775.2,1712.9,1754.6,2156,2092.5,2026,1980.8,1964.9,1948.7,1883,1858.2,1837.7,1824.4,2203,2149.4,2083.3,2037.9,1946.3,1920.7,1900.6,1883.7,2157.6,2211.8,2107.5,2048.6,2017.1,1997.5,1972.6,1962.6,2290.5,2229.5,2169.8,2120.9,2096.3,2076.3,2064.6,2046,2283.5,2226.6,2180.2,2153,2124.2,2110.2,2387.8,2330.3,2285.2,2230.3,2203.5,2183.3,2438.9,2428.5,2335.2,2312.7,2188.9,2466.7,2400.2,2326.6,2285,2454.5,2383.9,2348.9,2397,2504.8,2029.2,1967.2,2239.8,2106.6,2072.4
992.64,838.93,1121.8,1003.1,846.19,644.83,559.76,462.31,374.92,286.68,1210,1108.8,1014.8,846.14,694.08,589,522.92,412.15,313.64,1396,1438,1323.3,1147.5,1026.5,927.29,820.29,734.22,586.31,451.31,484.49,1502.8,1339.8,1192.4,1080.6,1117.6,972.49,794.15,672.95,567.13,713.6,705.44,1658.3,1875.8,1883.5,1499.4,1537.3,1864.8,1837.3,1742.1,1791.4,1656.4,1530.8,1455,1514.1,1431.2,1361.2,1279.2,1412.4,1317.4,1241,1735.7,1534.1,1538.9,1765.6,1642.5,1276.2,1105.4,1787.9,1319.7,1251.1,1166.3,1030.2,941.42,894.86,732.07,1382.8,1223.3,1211.1,1054,1048.4,1396.1,1157.6,1112,1204.2,741.15,1150,1144.3,1169.5,1250.3,1242.1,1445,557.43,583.13,616.09,646.95,695.43,675.58,689.56,722.77,745.68,847.12,780.19,796.74,834.59,888.47,874.36,934.25,939.6,994.64,1012.8,1032.4,1021.4,1072.2,943.4,1110.1,1120.6,1126.8,1218,1195.3,1216.5,1229.3,1305,1321.7,1201.4,1248.5,1124.1,179.28,113.03,194.76,257.5,399.41,0,170.07,246.08,311.31,342.2,219,86.023,236.17,381.58,299.92,199.12,164.84,249.09,279.33,339.48,252.53,348.32,323.51,301.01,380.04,359.49,416.4,437.78,484.06,440.09,454.01,524.31,602.96,550.46,532.49,391.63,374.55,381.58,1836.7,1757.7,1701.6,1534.7,1970.1,1885.4,1772.1,1627.2,1624.3,1570.1,1519.3,2006.7,1910.7,1822.4,1709.4,1695.3,1651.8,1965.8,1887.6,1797.9,1775.7,1777,1629.7,1756.6,1791.4,1889.8,1886.4,1899,1882.5,2034.2,2128.1,2190.2,2093.3,2016.5,1993.1,1733.9,1702.1,1814.6,1764.9,1873.5,1821.8,1958.1,1893.9,2037.5,1964.2,2148.3,2096.9,2054.2,2014.5,2189.9,2158,2113.8,2361.5,2210.4,2180.4,2123.6,2038,2422.3,2432.4,2248.1,2297,2278.6,2487.3,2547.5,2432.6,2437.8,2472.4,2485.7,2610.6,2198.3,2362.2,2291.8,2343.9,2412.8,2351.4,2266.5,2507.7,2547.7,2562.2,1502,1589.4,1652.3,1569.9,1529.6,1409.8,1709.2,1647.9,1585.7,1539,1499.8,1479.7,1471.3,1472.8,1405.4,1472.5,1768.8,1711.5,1653.6,1617.2,1609.3,1602.6,1550.2,1539.4,1536.4,1539.9,1817.6,1769.8,1713,1676.9,1614.7,1603.2,1599.7,1599.5,1789.3,1838.2,1749.5,1704.5,1687.2,1681,1672.7,1676.9,1913.6,1861.9,1814,1779.6,1765.9,1754.1,1750.9,1746.4,1918.1,1872.9,1840.3,1826.8,1811.6,1810.4,2019.1,1966.5,1933.3,1892.2,1877.7,1871.5,2068.1,2062.8,1986.6,1970.8,1893.2,2107.9,2050.3,1992.5,1962.8,2106.9,2051.5,2026.5,2074,2159.1,1742.1,1715.8,1975.2,1820.5,1796.3
1156.9,1004.1,1289.2,1170.9,1014.5,814.03,729.29,632.11,544.99,456.62,1379.9,1278.2,1184.6,1016.2,864.03,759.01,691.99,578.58,480.68,1564.8,1608,1493.3,1317,1196,1096.7,989.32,901.68,750.15,612.07,639.93,1672.8,1509.2,1360.6,1248.5,1284.1,1138,955.8,828.13,710.81,882.33,872.16,1803.9,2020.5,2031.7,1647.4,1690.1,2016.6,1994.7,1899,1943.4,1820.6,1690.1,1611.7,1679,1595,1521.8,1443.1,1578.7,1484.3,1407.4,1903.5,1703.8,1707.2,1934.2,1811.8,1434,1269.4,1934.3,1485.7,1415.9,1330.9,1185.1,1090.4,1027.1,856.42,1544.4,1379.2,1356.1,1193.2,1169,1552.5,1289.7,1214.7,1306.3,887.59,1267.2,1301.1,1262.8,1355.3,1352.9,1493.7,640.95,629.1,624.55,637.7,803.52,755.75,734.65,738.32,746.05,945.12,856.36,843.05,847.66,956.28,919.09,979.43,955.6,1061.6,1059.4,1068.9,1040.9,1094,935.91,1174.6,1160.6,1150.9,1296.5,1259.4,1268.5,1272.6,1377.9,1378.4,1212,1277.4,1206.3,343.45,135.06,87.092,105.31,233.77,170.07,0,76.217,141.83,173.42,384.96,218.51,101.4,221.06,454.76,295.24,212.36,183.58,169,213.18,231.84,256.29,457.14,310.27,316.53,438.75,376.62,426.81,607.53,530.49,496,511.38,467.62,403.24,377.2,225.97,205.36,221.06,2006.1,1927.5,1871.6,1703.3,2140,2055.3,1942.2,1797.3,1793.8,1738,1684.5,2176.7,2080.8,1992.4,1879.2,1863.6,1819,2135.6,2057.2,1967.4,1944.2,1943.4,1794,1926.4,1956,2059.1,2054.7,2066,2047.6,2198.8,2292.2,2358.2,2262.5,2185.6,2161.2,1896.5,1862.6,1976.8,1923.4,2035.4,1979.9,2119.7,2050.5,2198.5,2119.3,2309.7,2255,2207.9,2164.4,2350.1,2315.3,2267.5,2523.4,2367.2,2333.9,2273.7,2186.1,2584.2,2592.2,2402.2,2449.8,2429.5,2649.1,2708.4,2590.8,2594.5,2627.3,2639.1,2766.9,2346.2,2527.5,2451.2,2499.5,2564.5,2492.9,2428.4,2665.3,2702.3,2713.9,1652.8,1748.1,1810.2,1722.4,1676.2,1531.8,1865.4,1799.4,1731.4,1677,1629.3,1600.6,1583.9,1575.1,1510.3,1563.7,1923.5,1861.6,1797.8,1755.7,1742.8,1730.3,1669.9,1651.1,1638.3,1632.7,1970.9,1919,1855.9,1813.8,1733.9,1714.3,1701.5,1692.3,1930.9,1983.3,1884.6,1831.1,1805.5,1791.7,1774.2,1770.7,2061,2003.1,1947.8,1904.7,1884.6,1868.2,1860.2,1847.9,2057.9,2005.5,1964.7,1943.2,1920.4,1912.2,2161.1,2105.4,2064.9,2015.6,1994,1980,2211.5,2203,2116.2,2096.5,1993,2243.8,2180.8,2113.7,2077.2,2236.1,2171.8,2141.1,2189,2287.2,1836.9,1838,2103.3,1956.5,1928.4
1232.2,1079.8,1365.2,1247,1090.7,890.25,805.49,708.27,620.88,532.35,1456.1,1354.4,1260.7,1092.2,939.71,834.78,767.04,652.46,554.97,1639.4,1684,1569.2,1392.2,1271.3,1171.8,1064.2,975.74,822.64,683.59,709.33,1748.7,1584.3,1435,1322.8,1357.5,1211,1027,896.83,775.43,958.52,948.1,1873.5,2089.7,2102,1717.9,1762,2088.1,2068,1972.2,2015.1,1895.9,1764.1,1684.9,1754.5,1670.2,1596.1,1518.4,1654.5,1560.2,1483.2,1979.5,1780,1783.4,2010.4,1888,1507.5,1344.7,2004.1,1558.8,1488.4,1403.2,1253,1156,1085.8,912.66,1615.2,1447.4,1419.4,1254.3,1222.2,1620.7,1347.5,1260.2,1351.2,952.54,1318.7,1369.8,1304.1,1401.3,1401.5,1514.7,683.47,656.84,636.43,641.37,853.7,795.3,760.11,751.06,751.94,990.14,893.16,867.52,857.69,988.68,942.05,1002,965.68,1092.9,1082,1087,1051.7,1105.4,935.71,1204.1,1179.6,1162.9,1331.3,1288.2,1292,1292.3,1410,1403.5,1217.7,1290.7,1243.2,419.36,201.56,118.12,78.39,165.86,246.08,76.217,0,69.296,97.673,459.11,288.77,86.47,151.99,524.98,352.8,263.82,193.01,151.79,174.92,254.77,237.12,520.6,336.89,308.01,484.49,375.93,436.87,665.5,577.71,525.68,516.99,420.83,349.11,316.93,158.22,129.28,151.99,2082.3,2003.7,1947.7,1777.9,2216.1,2131.5,2018.1,1873,1869,1812.1,1757,2252.7,2156.7,2068.1,1954.8,1937.9,1892.6,2211.1,2132.5,2042.6,2018.6,2016.6,1866,2001.8,2028.1,2134.1,2129,2139.6,2120,2271,2364,2432.3,2337.5,2260.4,2235.3,1967.7,1932.7,2047.8,1992.4,2106.1,2048.7,2190.2,2118.5,2268.7,2186.6,2380.1,2323.7,2274.5,2229.3,2419.9,2383.7,2334.1,2594.1,2435.3,2400.4,2338.6,2250,2654.8,2661.7,2468.9,2515.9,2494.7,2719.6,2778.5,2659.6,2662.4,2694.4,2705.5,2834.6,2410,2600,2520.5,2567,2630,2553.6,2499.1,2733.7,2769.2,2779.3,1718.4,1817.3,1879,1788.7,1739.8,1584.6,1933.3,1865.3,1794.5,1736.8,1685.4,1652.9,1632.6,1619.3,1555.9,1603.1,1990.7,1926.7,1860.2,1815.6,1800.4,1785.4,1721.6,1699.3,1682.2,1672.6,2037.5,1983.6,1917.6,1872.9,1785.2,1762.1,1745.3,1732.1,1992.1,2046,1942.8,1885.6,1856.3,1839.2,1817.7,1810.8,2124.7,2064,2005.4,1958.4,1935.5,1917,1906.9,1891.2,2118.1,2062.5,2017.9,1993,1966.8,1955.5,2222.3,2165.1,2121.3,2068.3,2043.7,2026.2,2273.2,2263.2,2171.7,2150.2,2035.2,2302.1,2236.6,2165.4,2125.9,2291.2,2223,2189.8,2237.9,2341.8,1877.2,1899.4,2166.6,2022.7,1993.3
1290.2,1138.7,1425.7,1307.9,1152.3,953.09,868.88,772.22,686.05,597.98,1520.1,1417.4,1324.5,1156.8,1005.4,900.24,833.77,720.28,622.47,1706.6,1748.9,1634.2,1458.7,1337.7,1238.4,1131.1,1043.4,891.2,752.45,778.56,1813.7,1650.9,1502.4,1390.4,1425.6,1279.3,1096,966.11,844.51,1020.7,1008.4,1919.4,2134.7,2149,1765.3,1812,2137.1,2120.5,2024.4,2064.3,1953.3,1818.1,1737.3,1812.5,1727.4,1651.1,1575.8,1713.8,1620.1,1542.6,2040.2,1843.4,1844.7,2072,1950.6,1560.9,1402.4,2050.2,1627.1,1557,1471.9,1322.3,1225.1,1153.5,979.77,1684.2,1516.7,1488.2,1322.7,1288.1,1690,1414.9,1322.8,1413.5,1021.6,1383.9,1439.1,1364.6,1464.1,1465.3,1563,745.6,711.55,681.5,680.66,918.73,855.72,813,795.91,791.99,1052.8,951.95,919.4,900.12,1044.9,992.75,1052.3,1007.7,1148.2,1132.1,1134.1,1094,1147.9,970.21,1258.2,1227.1,1205.7,1388.3,1341.8,1342.3,1340,1465.4,1454.5,1255.7,1334.1,1301.4,480.36,252.3,153.16,83.241,97.35,311.31,141.83,69.296,0,56.303,526.71,357.74,140.8,127.44,594.07,421.06,331.19,246.52,193,194.8,312.16,268.88,589.63,394.13,344.5,548.7,416.03,483,733.31,642.14,582.29,558.98,362.67,286.68,251.02,89.889,77.666,127.44,2145,2067.2,2012.1,1845.2,2279.9,2195.1,2082.8,1938.4,1935.5,1879.8,1825.6,2317.3,2221.7,2133.7,2020.7,2005.4,1960.6,2277.1,2198.8,2109.1,2086,2084.9,1934.8,2067.9,2096.9,2200.9,2196.5,2207.7,2188.7,2339.7,2432.9,2500,2404.3,2327.4,2303,2036.7,2001.9,2116.8,2061.7,2175.2,2118,2259.3,2187.8,2337.9,2255.8,2449.3,2393,2343.7,2298.3,2489.1,2453,2403.3,2663.2,2504.6,2469.6,2407.6,2318.9,2724,2731,2538.1,2585,2563.7,2788.8,2847.7,2728.9,2731.7,2763.7,2774.7,2903.9,2478.8,2668.6,2589.7,2636.2,2699,2621.7,2568.2,2803,2838.5,2848.4,1787.6,1886.6,1948.3,1857.9,1808.7,1650.2,2002.6,1934.4,1863.2,1804.7,1752.1,1718.3,1696.5,1681.1,1618.3,1662.4,2060,1995.8,1928.8,1883.5,1867.6,1851.7,1786.6,1762.8,1743.7,1732.1,2106.7,2052.6,1986,1940.5,1850.1,1825.4,1806.7,1791.4,2060.3,2114.6,2010.2,1951.7,1921,1902.4,1878.9,1870.3,2193.5,2132.1,2072.6,2024.2,2000.2,1980.7,1969.7,1952.4,2186.1,2129.4,2083.6,2057.2,2029.4,2016.6,2290.5,2233,2188.1,2133.7,2107.7,2088.7,2341.6,2331.2,2238.2,2216,2095.8,2369.4,2303.1,2230.3,2189.6,2357.6,2287.8,2253.4,2301.5,2407.9,1936.9,1933.4,2202.9,2063.2,2031.9
1329.9,1177.4,1462.6,1344.3,1187.8,986.95,901.95,804.46,716.25,627.39,1551.9,1451,1356.9,1187.7,1034.3,929.67,860.44,743.96,647.35,1731.5,1779.1,1664.3,1485.7,1364.9,1265.2,1157.2,1067.1,911.65,771.47,794.14,1843.8,1677.4,1526.7,1414.2,1447.4,1300.2,1113.8,980.09,853.51,1055.5,1045.6,1968,2183.8,2197.1,1813.1,1858.2,2184,2165,2069.1,2111,1993.6,1861.4,1781.8,1852.1,1767.9,1693.6,1616.1,1752.1,1657.7,1580.8,2076.9,1876.2,1880.5,2107.4,1984.7,1604.7,1442.4,2098.7,1648,1576.7,1491.4,1334.5,1234.1,1154.7,979.12,1700.6,1529.1,1494,1326.1,1283.5,1702.2,1414.5,1311.2,1401.1,1030.4,1377.4,1452.2,1349.4,1452.5,1455.9,1532.8,734.51,690.1,650.34,644.79,912.72,841.41,788.99,764.05,756.23,1041.7,934.91,893.92,865.88,1024.1,965.83,1024.8,972.85,1126.1,1104.2,1103.4,1059.1,1113.1,930,1234.5,1196.5,1171.1,1368,1317.3,1314.3,1309.6,1442.9,1427.2,1217.4,1299.9,1282.9,516.85,297.02,203.58,138,112.22,342.2,173.42,97.673,56.303,0,551.54,377.68,135.59,71.505,611.7,427.24,335.47,230.99,168.96,154.64,298.86,233.03,598.95,378.82,310.01,542.67,383.05,454.33,735.77,635.93,563.98,526,389.16,307.88,265.41,107,32.65,71.505,2178.9,2099.8,2043.2,1869.9,2312,2227.5,2113.4,1967.7,1962.2,1903.2,1845.3,2348,2251.6,2162.5,2048.8,2029.4,1982.8,2305,2225.9,2135.8,2110.2,2105.9,1953.4,2095.7,2115.7,2226.9,2220.4,2229.4,2207.9,2358.4,2450.9,2523.1,2430.1,2352.8,2326.4,2053.5,2016.9,2133.2,2074.9,2191.1,2130.9,2275,2199.5,2352.9,2266.3,2464.6,2405.6,2353.1,2305.2,2503.4,2464.9,2412.7,2678.9,2516.2,2478.7,2414.5,2324.6,2739.6,2744.7,2547.6,2593.6,2571,2804.3,2862.4,2741.4,2743,2773.6,2783.5,2914.7,2484.3,2687.9,2603.2,2646.7,2706.7,2623.4,2583.9,2814.9,2848.1,2855.9,1795.9,1900.2,1961.3,1867.2,1814.5,1644.5,2014.2,1943,1868.3,1805.9,1749.4,1711.9,1686.7,1667.5,1605.9,1644.9,2070.4,2003.3,1933,1884.7,1866.4,1847.8,1779.5,1752.5,1729.7,1714.9,2116.1,2059.4,1989.4,1940.8,1842.5,1814.7,1792.5,1774,2062.8,2119,2009.4,1947.1,1912.8,1891.2,1864.4,1853,2199,2134.3,2071,2018.7,1992,1970.7,1957.8,1937.6,2187.4,2127.2,2077.6,2047.9,2017.2,2001.8,2292.8,2233.7,2185.3,2127.3,2098.3,2076.1,2344.6,2332.4,2234.3,2210.4,2079.9,2368.4,2299.5,2222.7,2179.2,2353.3,2279.6,2243,2291.2,2403.1,1919.7,1986.8,2255.6,2114.4,2083.8
818.02,663.06,933.36,814.16,655.9,452.12,366.08,268.6,175.56,90.934,1005.6,909.51,812.78,641.11,485.02,381.73,309.2,193.67,95.88,1180.4,1229.9,1115.1,934.23,813.54,713.75,605.66,516.73,367.35,234.27,272.64,1294.5,1125.8,975.87,863.69,899.32,753.75,575.6,459.02,368.79,523.01,526,1524.9,1742.6,1742.9,1362.1,1388.8,1716.3,1675.6,1582.1,1642.8,1476.5,1365.8,1297.6,1332.9,1254,1194.1,1102.5,1226.8,1130,1056.1,1542.9,1331.3,1344.2,1569.2,1442.7,1117.7,930.03,1651.8,1101.2,1032.2,947.35,815,731.33,703.43,554.82,1164.1,1007,1003.3,852.85,868.58,1179.5,963.23,953.15,1044.5,535.49,972.75,927.63,1021.3,1086.3,1071.2,1348.1,453.36,530.84,610.36,660.52,542.87,564.99,627.38,697.49,738.33,701.7,668.2,724.86,804.61,782.38,800.08,856.44,900.06,885.35,929.68,962.02,973.67,1019.6,934.11,1000.3,1042.6,1069.2,1087.7,1084,1120.1,1143.8,1179.9,1216.9,1158.9,1181.1,991.11,134.73,317.8,412.27,476.49,617.4,219,384.96,459.11,526.71,551.54,0,176.79,429.2,579.97,101.32,201.11,261.19,396.68,450.14,512.46,362.27,492.59,172.75,360.73,492.86,301.94,498.2,483.1,323.79,343.35,428.03,557.23,816.28,767.76,751.25,609.6,584.19,579.97,1636.1,1554.3,1494.8,1318.9,1765.3,1681.1,1564.3,1417.5,1410.7,1353.1,1300.5,1799,1701.8,1611.7,1497.7,1478.8,1434,1753.7,1674.4,1584.3,1559.5,1558.7,1410.7,1544.4,1572.5,1675.4,1669.9,1681.1,1663.7,1815.3,1909.2,1973.3,1878.7,1801.5,1776.3,1514.9,1483.5,1595.7,1547,1654.7,1604.1,1739.3,1676.9,1818.8,1747.9,1929.5,1879.1,1838.5,1801.2,1971.4,1940.5,1898.2,2142.6,1993.1,1964.9,1910.2,1826.1,2203.4,2214,2032.1,2081.8,2064.6,2268.4,2328.8,2214.6,2220.5,2255.9,2270,2393.5,1986.4,2143.5,2073.5,2127.1,2198.2,2144.2,2047.6,2290,2331.3,2347.6,1288.8,1371.5,1434.7,1355.5,1319.5,1224.6,1492.4,1433.9,1376.3,1336.4,1305.8,1294.9,1296,1309.3,1239.5,1322.3,1552.8,1498.4,1445.3,1413.9,1410.9,1410.1,1366.2,1364.5,1372.8,1387,1602.3,1557.3,1505.6,1475,1431,1428.5,1435.6,1446,1582.8,1628.7,1549.1,1512.5,1504.1,1506.2,1508.4,1521.4,1702.4,1655.6,1614.6,1588.9,1581.8,1575.2,1577.3,1581.5,1712.9,1674.5,1650.1,1644.9,1638.1,1644.8,1811.8,1762,1735.7,1702.8,1695.8,1698.1,1859.7,1857.2,1790.7,1778.8,1729.4,1905.9,1853.5,1805.1,1782.4,1911.1,1864.7,1845.8,1892.6,1964.2,1585,1627.5,1873.6,1705.3,1688.9
986.37,831.45,1106.9,987.72,829.56,625.92,539.79,441.59,349.5,260.91,1182.4,1085.7,989.28,817.83,661.79,558.47,485.46,366.78,271.54,1354.3,1406.6,1291.8,1109.8,989.33,889.39,780.9,689.64,534.3,394.85,421.45,1471.1,1300.9,1149.2,1036.7,1069.8,922.82,738.29,609.63,494.8,696.39,695.26,1674.8,1892.7,1896.9,1513.8,1546.4,1874.2,1839.7,1745.4,1800.7,1647.8,1531,1459.3,1504.5,1424.1,1360,1272.2,1399.8,1303.4,1228.7,1718,1508,1519.7,1745.1,1619.1,1279.6,1098.9,1803.3,1270.7,1199.9,1114.6,966.66,873.11,817.55,651.69,1326.5,1160.8,1140.3,979.97,967.45,1334,1080.5,1027.6,1119.8,670.88,1068.3,1082.6,1084.1,1166.3,1159.1,1360.3,471.42,500.62,541.67,577.32,611.3,589.57,606.58,645.42,672.06,761.95,694.21,713.18,757.07,802.73,790.79,850.49,860.9,908.87,928.67,949.68,941.65,991.89,870.52,1024.4,1037.2,1045.8,1132,1109.6,1131.6,1145.3,1219,1236.4,1123,1166.5,1038.2,196.31,197.46,266.1,318.82,452,86.023,218.51,288.77,357.74,377.68,176.79,0,252.55,403.33,236.44,114.24,105.55,227.32,275.5,338.01,207.87,326.77,244.64,237,341.54,274.23,364.8,373.68,402.6,354.07,373.66,458.22,675.25,617.29,594.48,444.21,410.24,403.33,1812.6,1731.1,1671.6,1492.6,1942.1,1857.9,1741,1593.8,1585.8,1525.5,1468.5,1975.7,1878.4,1787.8,1673.6,1651.8,1605.2,1929.4,1849.7,1759.3,1732.7,1728.6,1577.3,1720.1,1739.5,1850,1842.8,1851.9,1831.4,1982.3,2075.3,2145.5,2053.1,1975.7,1948.8,1678.9,1644.4,1759.1,1704.9,1817.5,1761.4,1901.7,1832,1980.4,1900.9,2091.7,2036.5,1989.7,1947.2,2131.8,2096.8,2049.4,2305.5,2148.8,2115.8,2056.4,1969.4,2366.3,2373.8,2184,2231.9,2212,2431.1,2490.2,2372.3,2376,2409,2421.1,2548.5,2129.7,2311.4,2232.7,2281.1,2346.8,2279.1,2210.5,2446.8,2484.1,2496.2,1435.2,1529.6,1591.7,1504.5,1460,1329.6,1646.9,1581.7,1515.5,1464.7,1422,1399.2,1388.9,1388.6,1321.5,1387.1,1705.2,1644.2,1582.6,1543.1,1533.1,1524.3,1469.4,1456.8,1452.1,1454.6,1752.8,1701.9,1641.2,1602.1,1533.8,1520.5,1515.5,1514.3,1716.9,1767.7,1674,1625.8,1606.1,1598.3,1588.4,1591.7,1844.6,1789.3,1738,1700.5,1684.9,1672.1,1667.9,1662.2,1844.8,1796.5,1761,1745.3,1728.6,1726.3,1946.9,1892.8,1856.5,1812.6,1796.3,1788.5,1996.7,1989.7,1909.1,1891.9,1808.8,2032.9,1973.1,1912.3,1880.9,2029.2,1971.1,1944.7,1992.3,2081.1,1657.1,1751.3,2005.9,1845.3,1824.4
1227.8,1073.7,1354.2,1235.2,1077.5,874.61,788.73,690.51,599.72,510.57,1434.4,1336.5,1240.8,1069.8,914.21,810.59,738,618.63,524.08,1605.4,1659.1,1544.3,1362,1241.7,1141.7,1033.1,940.63,782.55,641.63,661.84,1723.7,1552.9,1399.9,1287.3,1318.5,1170.8,982.34,846.64,718.43,944.42,939.22,1891,2108.1,2117.4,1733.1,1772.6,2099.9,2073.4,1978.2,2026.5,1891.3,1767,1691,1748.7,1666.4,1597.3,1514.3,1645.9,1550.3,1474.6,1967,1759.8,1769.3,1995.3,1870.3,1512.3,1340.6,2021,1518.3,1446.1,1360.7,1200.1,1098.9,1019.5,844.26,1567.8,1394.7,1358.4,1190.6,1150.2,1567.7,1279.7,1182.4,1272.9,895.23,1245,1318.1,1223.8,1323.6,1325.4,1428.5,605.1,572.3,549.97,555.65,779.98,714.93,674.85,664.59,665.98,912.38,811.29,781.97,771.36,905.02,856.21,916.08,879.37,1008.8,996.04,1000.6,965.36,1019,850.99,1119.5,1093.2,1076.5,1248.2,1203.3,1206.1,1206,1326,1317.8,1131.9,1204.3,1160.9,415.43,233.03,181.47,162.98,235.57,236.17,101.4,86.47,140.8,135.59,429.2,252.55,0,150.78,481.45,292.04,200.12,107.23,69.893,112.7,171.49,157.87,464.23,253.6,224.4,409.66,290.52,350.41,600.26,503.12,442.12,430.87,502.65,427.48,390.89,228.62,166.18,150.78,2064,1983.1,1924,1743.5,2194.3,2110,1993.5,1846.4,1837.7,1775.3,1714.6,2228.2,2130.9,2040.3,1925.9,1902,1853.9,2181.6,2101.7,2011.2,1983.1,1976.1,1822,1972.3,1984.2,2101.5,2092.8,2100.1,2076.8,2226.9,2318.8,2394.8,2304.4,2226.8,2198.5,1921,1883.4,2000.3,1940.7,2058.1,1996.5,2141.7,2064.7,2219.4,2131.2,2331.2,2271.1,2217.9,2169.7,2369.4,2330.2,2277.4,2545.6,2381.3,2343.4,2279,2189.1,2606.3,2610.5,2412.4,2458.2,2435.5,2670.9,2728.6,2606.8,2608,2638.4,2648.1,2779.7,2348.7,2556.7,2468.9,2511.6,2571.2,2488.2,2450.6,2680.1,2712.9,2720.4,1660.5,1766.1,1826.9,1731.9,1678.9,1511.8,1879.4,1807.6,1732.8,1670.7,1615.3,1579.6,1556.5,1540.4,1477.7,1521.7,1935.4,1867.8,1797.4,1749.6,1731.9,1714.3,1647.6,1622.7,1603,1591.4,1980.9,1923.9,1853.9,1805.9,1710.9,1685.2,1665.9,1650.7,1927.4,1983.4,1874.8,1813.9,1781.6,1762.1,1738.1,1729.6,2063.4,1999,1936.6,1885.9,1860.8,1840.7,1829.2,1811.6,2052.3,1993,1945.1,1917.4,1888.9,1875.9,2157.5,2098.7,2051.3,1995,1967.9,1948.1,2209.2,2197.3,2100.8,2077.7,1955,2233.9,2165.9,2091.1,2049.5,2220,2148.4,2113.3,2161.5,2270,1796.1,1934.1,2197.8,2048.2,2021.6
1374.1,1220.5,1502.8,1383.9,1226.5,1024.1,938.37,840.24,749.92,660.74,1585,1486.6,1391.2,1220.4,1065,961.25,888.78,769.18,674.85,1755.4,1809.9,1695.1,1512.6,1392.3,1292.3,1183.6,1090.8,931.77,790.6,808.76,1874.4,1703.3,1549.9,1437.2,1467.5,1319.5,1129.7,991.62,859.37,1093.6,1086.9,2024.5,2240.8,2252.5,1868.3,1911.1,2237.7,2215.2,2119.6,2164.5,2037.9,1910.1,1832.3,1895.7,1812.6,1741.2,1660.6,1793.9,1698.7,1622.5,2116.2,1910.3,1918.8,2145,2020.5,1654.3,1486.8,2155,1666.7,1593.9,1508.5,1342.5,1238.4,1149.3,972.03,1713.2,1536.9,1493.5,1323,1270.3,1709.5,1406.4,1289,1377.8,1035.1,1361.5,1461.2,1322.7,1430.1,1436.2,1487.6,715.68,658.39,606.53,595.02,899.18,817.74,753.35,718.68,706.02,1021.1,907.32,855.93,817.12,991.45,925.76,983.81,923.03,1091.5,1062.5,1058.3,1009.1,1063.1,873.84,1197.6,1151.4,1121.1,1335,1279.3,1272,1264.4,1407,1385.5,1163,1250.1,1252.3,560.04,352.88,267.22,206.89,166.48,381.58,221.06,151.99,127.44,71.505,579.97,403.33,150.78,0,630.48,434.8,343.51,219.49,152.31,112.95,285.95,191.38,607.46,360.09,266.92,532.46,340.16,415.95,734.17,624.27,537.63,480.93,439.01,354.51,307.04,163.49,67.417,134.83,2214.3,2133.6,2074.8,1893.4,2345,2260.7,2144.3,1997.2,1988.1,1924.7,1862.2,2379,2281.7,2191,2076.6,2051.6,2002.8,2332.2,2252.1,2161.6,2132.7,2124.2,1968.8,2122.9,2131.1,2251.7,2242.3,2248.6,2223.8,2373.5,2464.9,2543.9,2454.4,2376.8,2347.7,2066.5,2027.5,2145.4,2083.1,2202.8,2138.5,2286.1,2205.4,2363.2,2270.7,2475.2,2412.6,2356.2,2305.2,2512.5,2471,2415.5,2689.8,2521.7,2481.2,2414.3,2323,2750.4,2753,2550.6,2595.3,2571.1,2814.9,2871.8,2748.1,2748,2777,2785.4,2919.1,2482.2,2703.6,2611.2,2650.9,2707.2,2616.3,2594.9,2820.7,2851.1,2856.2,1798.2,1909,1969.2,1870.5,1813.4,1629.1,2020.3,1945.3,1866.4,1799,1737.6,1695.6,1666.3,1642.3,1582.3,1615,2075,2004.3,1929.7,1877.8,1856.4,1834.5,1762.2,1731.2,1704,1685.2,2119.4,2059.4,1985,1932.6,1824.6,1792.8,1766.3,1744,2057.3,2115.7,1999.8,1932.7,1894.1,1868.8,1837.7,1823.1,2197.2,2128.2,2060.4,2003.1,1973.2,1949.5,1934.3,1910.6,2180.3,2115.6,2061.5,2027.7,1993.3,1974.6,2286.9,2225.8,2172.9,2110.4,2077.8,2051.8,2339.5,2325,2220.6,2194.5,2051.5,2358.2,2286.1,2204.2,2157.4,2339,2260.6,2221.1,2269.3,2388,1889.8,2050.8,2318.4,2174.6,2145.2
817.04,664.17,918.14,800,643.34,443.6,361.36,272.93,188.3,140.43,971.53,882.79,783.78,610.67,451.99,356.28,274.43,150.4,91.837,1125.7,1189.1,1074.9,886.25,767.26,667.27,558.16,461.94,301.29,160.18,185.46,1253.1,1075.3,919.92,807.22,837.1,689.32,502.29,374.04,270.93,513.97,528.14,1545.7,1762.6,1758.4,1381.7,1401.2,1726.8,1677.3,1585.5,1653.6,1465,1366.7,1304.5,1321,1246,1194.7,1096.2,1211.6,1113.8,1043,1519.1,1297.3,1319.4,1541.4,1411.6,1125.3,926.78,1670.4,1036.9,965.06,879.69,731.41,641.53,604.37,453.6,1090.2,925.13,911.69,757.33,767.82,1098.2,865.3,852.05,943.31,442.06,871.83,846.69,920.96,984.95,969.96,1255.9,367.93,462.08,557.57,614.13,443.18,474.66,551.76,634.04,680.98,602.34,576.03,643.92,737.07,690.63,717.29,771.92,827.59,792.08,842.95,878.74,897.54,941.4,872.33,906.31,956.43,988.98,989.51,989.32,1028.8,1055.1,1082.4,1123.3,1082.9,1097.2,892.74,235.08,406.97,494.4,553.09,688.41,299.92,454.76,524.98,594.07,611.7,101.32,236.44,481.45,630.48,0,207.62,291,428.03,489,549.29,380.09,515.39,91.351,356.05,500.31,249.1,490.64,459.71,224.96,266.74,376.38,523.68,902.81,849.59,829.22,680.61,644.01,630.48,1603.4,1518.5,1454.9,1263.4,1727.2,1643.7,1522.7,1373.3,1359.8,1294.2,1233.7,1757,1658.2,1565.4,1450.1,1421.2,1372.5,1704.8,1623.7,1532.9,1502.4,1494.7,1341.8,1495.7,1504,1622.3,1611.9,1618.6,1596.2,1746.8,1839.5,1913.5,1824.6,1746.8,1717.3,1442.7,1408,1522.8,1468.7,1581.1,1525.3,1665.3,1596.3,1743.9,1665.7,1855.2,1800.4,1755.1,1714.6,1895.4,1860.9,1814.8,2069.1,1913,1881.4,1823.8,1738.1,2129.9,2137.4,1949.2,1997.7,1978.9,2194.7,2253.8,2136.2,2140.3,2173.9,2186.6,2312.9,1898.4,2076.2,1996.4,2045.8,2113.2,2052.5,1974.1,2210.8,2249.1,2262.7,1202.2,1293.3,1355.6,1270.5,1229.8,1124.8,1411.3,1348.2,1286,1241.9,1208,1195.1,1195,1208,1138.2,1221.5,1470.2,1411.6,1354.2,1319.8,1314.6,1311.9,1266.3,1263.6,1271.5,1286,1518.4,1469.9,1413.9,1380.2,1331,1327.5,1334.3,1345,1490.5,1538.5,1453.6,1414.3,1404,1405.3,1407,1420.2,1613.7,1563.2,1518.8,1490.4,1482,1474.7,1476.3,1480.2,1619.9,1578.3,1551.4,1544.8,1537.1,1543.5,1720.1,1668.6,1639.3,1604,1595.7,1597.1,1768.7,1764.4,1693.7,1680.6,1628.1,1811.3,1756.8,1705.9,1682.1,1814.1,1765.4,1745.5,1792.4,1866.9,1483.8,1671.4,1910.1,1735.5,1723.2
1013.7,859.24,1121.8,1003.1,845.43,643,558.18,463.32,371.06,291.57,1179.1,1089.6,990.84,817.73,659.11,561.43,481.04,356.91,277.05,1329.1,1396.3,1282.3,1092.4,974,874.14,765.08,667.51,504.23,363.43,375.7,1460.2,1280.4,1123.2,1010.6,1037.2,888.74,696.46,556.85,426.4,714.01,722.1,1726,1943.7,1943.7,1563.2,1589,1916.2,1873.1,1780.1,1842.8,1667.7,1562.8,1496.5,1523.8,1447,1390.9,1296.2,1415.6,1318,1246,1725.6,1504.9,1526.1,1748.6,1619.2,1316.7,1124.9,1852.8,1234.6,1160.9,1075.5,908.45,806.9,733.21,561.32,1278.5,1103,1067.6,901.62,873.85,1275.9,995.29,924.4,1016.4,603.21,972.55,1026.9,977.37,1064.3,1059.8,1246.1,360.07,387.06,436.04,477.34,510.24,478,492.68,536.04,566.6,656.44,582.17,599.04,647.24,689.62,676.64,736.29,749.82,795.83,814.43,835.79,829.66,879.41,765.15,911.16,923.08,932.94,1021.2,996.44,1017.5,1031,1107.2,1122.6,1011.9,1052.9,928.14,279.7,307.01,360.47,400.48,518.35,199.12,295.24,352.8,421.06,427.24,201.11,114.24,292.04,434.8,207.62,0,91.967,223.16,287.09,345.25,172.47,307.79,172.73,159.62,296,160.38,297.11,285.78,312.99,243.82,262.35,364.82,762.64,697.88,669.08,510.8,458.21,434.8,1811,1726.1,1662.1,1466.1,1934.6,1851.2,1729.7,1579.9,1564.4,1495.1,1428.8,1963.8,1864.8,1771.3,1655.8,1622.5,1571.5,1909.9,1828.2,1737.2,1703.9,1691.5,1534.6,1701,1696.8,1825.7,1812.7,1816.4,1789.8,1939.1,2030.3,2112.9,2027.5,1949.4,1917.4,1631.7,1592.8,1710.6,1649.2,1768,1704.8,1851.3,1772.7,1928.6,1839.2,2040.6,1979.3,1925.9,1878.4,2078.2,2038.2,1985.4,2255.2,2089.3,2051.5,1987.7,1898.4,2315.7,2319.1,2120.4,2166.4,2144.1,2380.3,2437.5,2315,2316,2346.4,2356.2,2487.6,2058.2,2269.3,2177.4,2219.6,2279.7,2200.8,2160.2,2388.2,2420.9,2428.9,1368.7,1474.8,1535.4,1440,1388.1,1236.7,1587.5,1515.7,1442.4,1384.1,1334.3,1305.6,1290.5,1285.4,1219.5,1279.9,1643.3,1576.3,1507.8,1462.8,1448.4,1435.1,1375.1,1358,1348.9,1348,1688.9,1632.6,1565,1520.2,1439.1,1421.4,1412.2,1407.7,1639.3,1693.7,1590.5,1535.9,1510.9,1499,1485.1,1485.6,1772.9,1711.2,1653.4,1609.5,1590,1574.5,1568,1558.9,1765.3,1710.8,1669.5,1649.1,1628.4,1623.1,1869.5,1812.4,1770,1720.4,1699.9,1688.2,1920.5,1910.4,1821.1,1801.3,1704.9,1949.8,1885.7,1818.8,1783.6,1940.9,1877,1847.5,1895.3,1992,1551.3,1823.8,2072.5,1905.8,1888.5
1079,924,1193.8,1074.6,916.43,712.79,626.92,529.74,436.66,351.01,1259.1,1166.5,1068.6,895.84,737.79,637.38,559.54,436.4,348.86,1416.3,1479,1364.6,1177.2,1058,957.91,848.81,752.93,591.26,449.97,465.55,1543.2,1366.3,1210.4,1097.7,1125.9,977.6,786.53,648.21,518.35,783.78,787.04,1776.6,1994.5,1997.5,1615,1645.5,1973.3,1935.6,1841.7,1899.7,1737.6,1626.1,1556.4,1593.9,1515.2,1454.6,1363.6,1487.4,1390.3,1316.9,1801.5,1585.1,1602.4,1826.3,1698.2,1376.6,1191.1,1904.7,1324.2,1250.9,1165.5,1000.4,898.78,822.36,648.84,1369.8,1194.9,1158.9,992.01,958.97,1367.9,1083.8,1002.3,1094,695.1,1056.2,1118.7,1051,1143,1140.9,1297.1,429.42,430.73,452.6,482.12,591.83,545.26,537.59,561.08,581.61,732.79,647.17,645.95,672.81,750.03,723.19,783.53,778.81,856,863,878.38,861.71,913.3,778.96,970.21,968.23,968.66,1087.6,1055.3,1069.9,1078.5,1170.9,1177.8,1040,1092.2,996.43,301.66,253.84,286.28,317.18,428.53,164.84,212.36,263.82,331.19,335.47,261.19,105.55,200.12,343.51,291,91.967,0,137.79,198.16,258.32,103.81,231.42,264.55,136.36,237.51,226.72,259.49,273.47,402.19,318.13,298.3,359.68,679.07,611.5,580.74,421.07,366.31,343.51,1890.8,1807.1,1744.7,1553.7,2016.6,1932.9,1813,1663.9,1650.7,1583.6,1519.1,2047.4,1948.9,1856.3,1741.1,1710.8,1660.7,1995.8,1914.7,1823.8,1792.1,1781.4,1625.3,1786.7,1787.6,1912.9,1901.2,1906.1,1880.4,2030,2121.4,2202,2115.1,2037.1,2006.2,1723,1684.5,1802.1,1741.1,1859.5,1796.8,1943,1864.7,2020.4,1931.1,2132.3,2071.2,2017.8,1969.9,2170.1,2130.2,2077.3,2346.8,2181.3,2143.3,2079.2,1989.6,2407.4,2411,2212.2,2258.1,2235.6,2472,2529.3,2406.9,2408,2438.3,2448,2579.6,2149.4,2360.1,2269.3,2311.5,2371.3,2290.7,2251.9,2480.1,2512.7,2520.5,1460.5,1566.7,1627.3,1531.8,1479.3,1321.6,1679.4,1607.5,1533.5,1473.6,1421.6,1390.1,1372,1362.8,1298,1352.4,1735.3,1667.9,1598.5,1552.4,1536.6,1521.7,1459.1,1439.1,1426,1421.2,1780.7,1724.1,1655.4,1609.4,1522.9,1502.2,1489.2,1480.8,1729.4,1784.5,1679.1,1622.1,1594.3,1579.6,1562,1559.2,1864,1801.2,1741.6,1695.1,1673.5,1656.3,1647.9,1635.7,1855,1798.6,1754.8,1731.7,1708.1,1700,1959.6,1901.8,1857.5,1805.4,1782.4,1767.7,2010.9,2000,1908,1886.9,1780.8,2038.3,1972.8,1902.9,1865.3,2027.6,1960.8,1929.2,1977.2,2078.3,1625.2,1856.7,2110.8,1949.3,1929
1212.7,1057.6,1330,1210.8,1052.6,848.79,762.75,665.09,572.15,485.12,1396.9,1304,1206.2,1033.5,875.56,774.91,697.32,574.17,486.17,1552.1,1616.6,1502.3,1314.3,1195.3,1095.3,986.15,889.67,727.09,586.02,598.65,1680.8,1502.9,1346.2,1233.6,1260.3,1111.9,919.1,777.71,642.2,919.67,921.05,1900.1,2117.9,2123.2,1739.7,1773.4,2101.2,2067,1972.7,2027.7,1872.9,1758.2,1686.6,1729.3,1649.8,1587,1498,1623.5,1526.6,1452.8,1938.7,1722.9,1739.7,1963.8,1835.9,1506.9,1325.1,2029,1457.5,1383.4,1298,1125.6,1020,930.03,753.05,1498.8,1319.7,1274.1,1103.6,1054,1492,1187.9,1080.2,1170.3,817.07,1147,1244.7,1119.5,1221.6,1224.9,1321.7,503.52,465.28,445.03,454.74,682.91,611.01,567.63,559.49,563.87,810.69,705.94,674.76,667.39,798.37,749.1,809.02,775.45,901.86,889,894.29,861.18,914.64,752.49,1012.3,986.77,971.94,1141.8,1096.1,1099.1,1099.4,1219.1,1210.6,1030.1,1099.3,1055.1,417.38,290.64,270.62,267.05,338.42,249.09,183.58,193.01,246.52,230.99,396.68,227.32,107.23,219.49,428.03,223.16,137.79,0,67.209,122.12,68,100.44,393.47,148.31,137.9,314.01,193.2,245.73,514.8,406.65,335.81,328.73,609.12,532.61,493.97,331.89,257.3,219.49,2028.6,1944.9,1882.4,1689.2,2154.3,2070.7,1950.5,1801.3,1787.1,1718.2,1651,2184.9,2086.2,1993.4,1878,1845.7,1794.4,2132.4,2051,1960,1927.1,1914.1,1756.1,1923.4,1918.3,2048.7,2035.8,2039.1,2011.4,2160.3,2250.9,2335.8,2250.6,2172.5,2140.4,1851.9,1811.4,1930.3,1865.8,1987.3,1920.9,2070.2,1987.2,2146.9,2052,2259,2194.7,2137.1,2085.7,2295.5,2252.8,2196.4,2473.7,2303.3,2262.1,2194.9,2103.5,2534.2,2535.5,2331.5,2376,2351.7,2598.5,2654.8,2530,2529.4,2557.9,2566.1,2700.3,2262.7,2490.7,2393.7,2432.1,2487.8,2397.6,2378.9,2602.3,2632,2636.7,1579,1692.1,1751.8,1651.6,1593.9,1414.3,1802.1,1726.1,1646.9,1580.2,1520.7,1481.5,1455.8,1437,1375.1,1416.4,1856.3,1784.9,1710.3,1659,1638.7,1618.4,1548.9,1521.5,1499.4,1486.2,1900.4,1840,1765.7,1714.2,1611.8,1583.7,1562.2,1545.5,1838.2,1896.3,1781.9,1717.3,1682,1660.3,1634.3,1624.4,1977.7,1909.3,1843,1788.5,1761.2,1739.7,1727,1707.6,1961.6,1898.7,1847.3,1817,1786.4,1771.8,2067.9,2007.4,1956.3,1896.8,1867.3,1845.4,2120.4,2106.4,2004.8,1980.2,1850.5,2140.6,2070.2,1991.9,1948.2,2123.6,2048.8,2012,2060.2,2173.1,1691,1964.8,2223.5,2066.9,2043.9
1261.1,1106.3,1382.4,1263.1,1104.9,901.24,815.09,716.96,624.58,536.31,1454.2,1359.5,1262.4,1090.2,932.84,830.97,754.99,632.81,542.2,1614.4,1675.8,1561.2,1374.9,1255.4,1155.3,1046.3,950.92,789.41,648.12,662.74,1740.1,1564.3,1408.5,1295.9,1323.8,1175.4,983.55,843.2,708.74,971.8,970.47,1937.5,2155,2162.3,1778.3,1814.9,2142.6,2112.1,2017.3,2069.1,1923.1,1804.2,1730.6,1779.9,1699.2,1633.6,1547.2,1675.3,1578.9,1504.2,1992.9,1780.2,1794.4,2019.2,1892.3,1551.2,1373.8,2067,1521.7,1448,1362.6,1192.1,1086.9,997.07,819.96,1564.6,1386.3,1341.3,1170.7,1119.9,1558.7,1254.6,1143.3,1232.9,883.91,1212.2,1311.1,1180.6,1284.6,1288.9,1370,567.51,521.52,488.75,490.49,748.68,672.97,621.41,603.26,601.41,874.23,765.98,727.2,708.36,855.47,800.1,859.51,816.18,957.87,939.23,941.17,902.36,956.19,783.98,1066.9,1034.1,1013.9,1199.3,1150.1,1149.5,1147,1274.8,1261.9,1066.7,1142.1,1114,455.67,295.44,251.21,229.99,279.47,279.33,169,151.79,193,168.96,450.14,275.5,69.893,152.31,489,287.09,198.16,67.209,0,62.514,134.03,88.006,458.75,211.1,156.22,380.62,224.96,290.01,582,472.9,395.04,367.15,554.15,475.13,434.14,273.43,193.02,152.31,2085.5,2002.7,1941.3,1751.9,2212.8,2128.9,2009.9,1861.3,1848.8,1781.6,1715.8,2244.4,2146.2,2054,1938.9,1908.8,1858.4,2193.7,2112.7,2021.9,1990.2,1978.6,1821.4,1984.6,1983.6,2111,2099.2,2103.4,2076.7,2225.8,2316.6,2399.8,2313.2,2235.3,2204.1,1917.7,1877.7,1996.3,1932.5,2053.4,1987.7,2136.5,2054.1,2213.3,2119,2325.3,2261.5,2204.2,2152.9,2362.1,2319.7,2263.6,2540.1,2370.3,2329.2,2262.1,2170.7,2600.6,2602.2,2398.6,2443.2,2418.9,2665,2721.4,2596.9,2596.5,2625.1,2633.3,2767.4,2329.9,2556.1,2460.4,2499.1,2555,2464.4,2445.2,2669.3,2699.1,2703.9,1646.2,1758.7,1818.5,1718.7,1661.1,1479.6,1869,1793.3,1714.1,1647.1,1586.8,1546.6,1519.6,1499,1437.7,1476,1923.4,1852.1,1777.4,1725.9,1705.1,1684.3,1613.7,1585,1561.1,1545.9,1967.5,1907.2,1832.7,1780.9,1676.4,1647,1623.8,1605.1,1905.2,1963.4,1848.4,1782.9,1746.4,1723.4,1695.6,1684.1,2044.9,1976.2,1909.3,1853.8,1825.5,1803.3,1789.7,1768.8,2028.4,1964.8,1912.5,1880.9,1849,1833,2134.9,2074.1,2022.3,1961.7,1931.1,1907.8,2187.4,2173.2,2070.5,2045.4,1911,2207,2136,2056.4,2011.6,2189.2,2113.1,2075.4,2123.6,2238.5,1750.7,1990.2,2251.9,2099.2,2074.2
1323.6,1168.8,1444.8,1325.6,1167.4,963.71,877.56,779.45,687.04,598.8,1516.1,1421.7,1324.5,1152.1,994.63,893.02,816.65,694.14,604.17,1674,1737,1622.6,1435.5,1316.3,1216.2,1107.1,1011.2,848.96,707.8,720.77,1801.3,1624.5,1468.1,1355.5,1382.4,1234,1041.2,899.34,762.61,1034.3,1032.9,1997.7,2215.1,2223,1838.8,1876.2,2203.8,2174,2079.1,2130.4,1985.6,1866.3,1792.4,1842.4,1761.7,1695.8,1609.7,1737.8,1641.4,1566.7,2055.3,1842,1856.7,2081.5,1954.4,1613.1,1436.2,2127.4,1579.6,1505.4,1420.1,1245.8,1138.9,1043.4,865.57,1620.1,1439.7,1390.2,1218.3,1160.5,1611.7,1298.7,1176.6,1265.2,936.58,1250.7,1365.2,1209.8,1317.6,1324.3,1379.5,604.55,545.5,497.23,490.18,789.67,705.29,641.04,610.43,601.61,909.12,794.41,744.29,711.44,878.72,814.88,873.34,818.29,979.12,952.37,950.02,904.55,958.58,776.31,1085.7,1043.2,1016.5,1222.4,1167.8,1162.2,1156.2,1295,1275.5,1063,1145.4,1139.4,516.93,345.72,287.51,251.29,266.09,339.48,213.18,174.92,194.8,154.64,512.46,338.01,112.7,112.95,549.29,345.25,258.32,122.12,62.514,0,182.45,79.63,515.35,250.84,156.46,426.14,229.87,303.98,632.18,516.51,425,372.26,543.01,460.43,415.34,261.32,169.66,112.95,2147.4,2064.4,2002.7,1811.2,2274.3,2190.5,2071.1,1922.2,1908.8,1840.3,1773,2305.6,2207.1,2114.6,1999.4,1967.7,1916.5,2254,2172.7,2081.8,2049.1,2036.1,1877.8,2045,2040,2170.7,2157.9,2161.2,2133.2,2281.8,2372.3,2458,2372.6,2294.6,2262.6,1973.1,1932,2051.3,1985.6,2108.1,2040.5,2190.9,2106.1,2267.2,2170.1,2379.4,2313.9,2254.5,2201.5,2415.4,2371.6,2313.7,2594.2,2421.9,2379.2,2310.5,2218.4,2654.6,2655.1,2448.8,2492.6,2467.4,2718.9,2774.8,2648.9,2647.7,2675.4,2682.8,2818.2,2377.2,2612.3,2513.2,2549.9,2603.8,2508.5,2499.4,2720.9,2749.2,2752.5,1696.4,1812.3,1871.6,1769.5,1709.4,1518.2,1921.2,1843.4,1761.7,1691.7,1628.1,1584.5,1554.2,1529.5,1469.7,1502.1,1974.7,1901.4,1824.3,1770.4,1747.5,1724.3,1650.8,1618.9,1591.1,1572.3,2018.1,1955.9,1878.8,1824.6,1713,1680.3,1653.4,1631.1,1950.5,2010.2,1891.1,1822.2,1782.3,1756.3,1724.8,1710.2,2092.5,2021.2,1951.2,1892.2,1861.3,1837.2,1821.7,1797.7,2072.6,2006,1950.3,1915.5,1880.5,1861.7,2179.8,2117.8,2062.9,1999,1965.5,1939,2232.8,2217.2,2110.2,2083.4,1938.6,2249,2175.8,2092.4,2044.9,2228.3,2148.6,2108.6,2156.8,2277,1776.9,2045.9,2308.8,2157.7,2131.9
1180.2,1025.3,1292.1,1173.2,1015.1,811.94,726.43,630.01,537,452.81,1351.6,1261.6,1163,989.95,831.39,732.99,653.2,529.15,446.3,1498.8,1568.5,1454.5,1264,1145.9,1046.1,937.14,838.96,674.87,534.74,543.32,1632.3,1451.2,1292.9,1180.5,1205.1,1056.6,862.31,718.76,580.54,883,888.14,1880.4,2098.3,2101.1,1718.8,1748.8,2076.6,2037.8,1944.1,2003,1837.1,1728,1659.2,1693.3,1615.4,1556.4,1464.1,1585.9,1488.5,1415.9,1897.5,1677.4,1698,1920.9,1791.6,1479.3,1292,2008.4,1400.9,1326,1240.8,1063.6,956.46,863.35,686.07,1438.6,1257.4,1208.6,1037.4,986.16,1429.3,1120.6,1012.6,1102.8,754.16,1079,1183.1,1052.7,1153.9,1157,1263.3,435.69,402.2,393.28,410.68,614.99,543.92,506.12,506.69,516.86,742.94,639.81,614,616.49,733.99,689.29,749.49,724.29,838.11,829.54,837.52,809.35,862.34,709.91,949.46,929.47,919.14,1076.9,1033.7,1039.2,1041.6,1155.3,1150,981.9,1045.5,989.42,404.08,317.91,317.74,325,405.44,252.53,231.84,254.77,312.16,298.86,362.27,207.87,171.49,285.95,380.09,172.47,103.81,68,134.03,182.45,0,135.44,336.32,82.201,133.81,246.6,164.15,197.89,449.94,338.92,270.97,284.43,674.07,598.77,561.03,398.76,325.3,285.95,1983.5,1898.6,1834.3,1635.3,2106.9,2023.6,1901.7,1751.6,1734.8,1663,1593,2135.7,2036.5,1942.6,1826.9,1790.6,1738,2080.5,1998.5,1907.3,1872.1,1856.5,1697.1,1871.8,1859.1,1995.2,1980.4,1982,1952.5,2100.7,2190.8,2279.4,2196.5,2118.3,2084.5,1791.5,1749.9,1869.5,1803.2,1926.1,1858.1,2008.8,1923.6,2085,1987.8,2197.2,2131.4,2072.4,2020.1,2233,2189.2,2131.7,2412,2239.5,2197.2,2129.2,2037.5,2472.4,2472.7,2266.7,2310.8,2286.1,2536.6,2592.4,2466.5,2465.4,2493.3,2501,2636,2196.6,2431.2,2330.7,2367.7,2422.3,2330.4,2317.2,2538.6,2567.2,2571.1,1514.3,1629.9,1689.2,1587.2,1528.2,1346.3,1738.7,1661.3,1580.8,1513.1,1452.9,1413.5,1387.9,1369.8,1307.6,1350.2,1792.3,1719.7,1643.9,1591.9,1571.1,1550.6,1480.9,1453.7,1432.2,1419.9,1835.9,1774.5,1699,1646.9,1543.8,1515.9,1495.1,1479.3,1771.3,1829.9,1714.4,1649.4,1614,1592.6,1567.2,1558.2,1911.7,1842.3,1775.3,1720.5,1693.2,1671.9,1659.4,1640.7,1894.4,1830.9,1779.3,1749.1,1718.9,1704.9,2001,1940.1,1888.5,1828.8,1799.5,1778,2053.6,2039.2,1936.9,1912.2,1783.8,2073,2002.3,1923.9,1880.4,2055.7,1980.8,1944.3,1992.4,2105.1,1624.7,1958.7,2213.7,2052.9,2032.2
1310.1,1155.1,1425,1305.9,1147.7,944.15,858.32,761.16,668.08,582.1,1486.8,1396.1,1297.8,1124.7,966.27,867.21,788,664.08,579.49,1633.4,1704,1590,1399.3,1281.3,1181.6,1072.6,974.3,810.03,670.1,677.69,1767.8,1586.3,1427.6,1315.3,1339.1,1190.6,995.58,850.61,709.77,1015.2,1018.2,2000.5,2218.3,2223.3,1840,1873.1,2201,2165.7,2071.6,2127.5,1969,1856.6,1785.8,1825.4,1746.6,1685.2,1595,1718.7,1621.5,1548.3,2031.7,1812.6,1832.4,2055.6,1926.6,1606,1422.3,2129.3,1533.9,1458.6,1373.5,1191.4,1081.6,978.72,800.55,1568.5,1384.3,1328.1,1154.7,1090.3,1555.4,1231.4,1101.6,1189.6,880.93,1178.8,1311.1,1132.9,1242.4,1250.3,1300.1,532.91,467.59,417.75,412.35,720.44,630.42,561.98,531.16,523.79,835.27,717.59,664.83,632.97,800.21,735.27,793.71,740.12,900.14,872.75,870.66,826.4,880.4,701.66,1006.4,963.79,938.32,1143.7,1088.3,1082.6,1076.9,1215.7,1195.9,986.82,1067,1061.3,517.82,378.82,339.2,315.48,345.01,348.32,256.29,237.12,268.88,233.03,492.59,326.77,157.87,191.38,515.39,307.79,231.42,100.44,88.006,79.63,135.44,0,470.34,186.81,77.026,363.9,150.33,224.64,574,451.14,350.05,293.03,622.04,539.83,494.95,340.01,249.26,191.38,2118.7,2033.9,1969.8,1769.8,2242.3,2159,2037.1,1887,1869.7,1796.8,1724.9,2271.1,2171.9,2077.9,1962.1,1924.5,1871.1,2215.5,2133.3,2042.1,2006,1988.8,1828.1,2006.9,1989.9,2129.7,2114,2114.5,2083.4,2231,2320.4,2412.3,2330.8,2252.4,2217.8,1920.8,1877.8,1998.3,1929.2,2054.5,1983.6,2136.6,2047.7,2212.2,2110.4,2324.5,2256.1,2193.6,2138.3,2359.2,2313,2252.6,2539.3,2362.8,2317.8,2247.2,2154.1,2599.6,2597.9,2387.7,2430.5,2404.2,2663.6,2718.4,2590.5,2588,2614.3,2620.8,2757.9,2312.4,2561.5,2456,2489.6,2540.7,2440.4,2444.7,2661.8,2687.8,2689.1,1635.8,1756.8,1815.2,1709.5,1646.2,1446.2,1863.2,1782.5,1697.8,1624.5,1557.9,1511.9,1479.6,1453,1393.8,1424.1,1915.3,1839.4,1759.3,1703.1,1678.3,1653.2,1577.6,1543.9,1514.4,1494.3,1957.7,1893.2,1813.1,1756.4,1639.5,1605.1,1576.5,1553,1883.9,1945,1821.9,1750.4,1708.3,1680.7,1647.7,1632.1,2028.2,1954.1,1881.4,1819.7,1787.3,1762.1,1745.7,1720.5,2004.8,1935.6,1877.5,1840.8,1804.3,1784.4,2112.7,2049.5,1992.1,1925.8,1890.7,1862.7,2166.2,2149.2,2038.5,2010.6,1860.9,2179.2,2104.3,2018.5,1969.5,2156.3,2074.3,2033.1,2081.4,2204.6,1698.8,2064,2323.3,2167.2,2144
893.93,742.95,987.03,870.21,715.71,520.54,441.48,358.22,277.72,230.49,1027.6,944.66,844.86,672.63,515.03,426.6,342.59,223.66,182.88,1163.2,1238.7,1125.5,931.58,815.18,716.2,607.96,507.39,341.99,206.18,207.42,1301.9,1116.9,957.48,845.27,868.85,720.36,526.12,384.47,254.95,589.61,608.52,1629.8,1846.2,1840.2,1465.5,1482.2,1806.7,1753.2,1662.3,1733.7,1534.2,1442.8,1383.4,1390.3,1317.8,1271,1169.2,1279.2,1181.2,1112.5,1580.4,1351.9,1380.6,1599.9,1468.1,1204.9,1002.1,1753.5,1064.7,990.17,904.86,735.87,635.68,572.91,408.59,1106,930.46,899.2,736.38,725,1103.5,835.88,794.74,886.79,432.09,826.98,854.17,858.04,931.12,920.58,1175.4,281.3,370.74,467.99,526.07,379.3,392.24,461.35,542.76,590.27,536.13,495.61,555.3,645.76,609.69,629.58,685.16,736.78,712.92,757.62,791.37,807.51,851.98,781.06,828.04,870.73,900.28,918.85,911.96,947.4,971.3,1010.1,1044.5,992.92,1010.3,822.72,305.11,436.14,510.72,560.65,686.43,323.51,457.14,520.6,589.63,598.95,172.75,244.64,464.23,607.46,91.351,172.73,264.55,393.47,458.75,515.35,336.32,470.34,0,295.69,443.6,162.86,423.53,383.42,162.1,175.93,288.17,441.17,919.56,859.69,834.19,678.76,630.24,607.46,1658.2,1571.1,1504.2,1299.4,1777.4,1694.7,1570.5,1419.4,1399.8,1326.7,1257.6,1803.8,1704,1609,1492.9,1454.4,1401.8,1745.7,1663.2,1572,1535.9,1520.8,1362.7,1537.4,1524.9,1659.4,1644,1646,1618,1767,1857.9,1943.2,1860.4,1782.1,1748.2,1459.2,1420.1,1538,1476.6,1595.3,1532.3,1678.6,1600.5,1755.9,1667.4,1867.8,1806.8,1754.6,1708.7,1905.5,1866,1814.2,2082.4,1917.2,1880.4,1818,1729.6,2143,2146.4,1949.1,1995.6,1974.1,2207.5,2264.7,2142.6,2144,2174.9,2185.3,2315.8,1889.6,2097.3,2004.8,2047.9,2109.4,2036,1987.5,2215.9,2249.5,2258.8,1198,1302.1,1362.8,1268.7,1219.5,1086.3,1415.2,1344.9,1274.4,1220.8,1177.4,1156.1,1148.9,1154.2,1085.8,1160.5,1471.5,1406.2,1340.7,1299.3,1288.5,1279.8,1226.7,1217.2,1217.8,1226.5,1517.6,1463,1398.7,1357.9,1291.2,1281,1281,1285.9,1473.9,1526.2,1429.5,1381.5,1363.8,1358.9,1354,1362.2,1604.3,1546.1,1493.4,1456.4,1442.4,1431.2,1429.1,1427.5,1601.3,1551.8,1517,1503.5,1489.9,1491.3,1704.1,1649,1611.8,1568.8,1554.5,1549.9,1754.3,1746.2,1664.5,1647.7,1574.9,1788.5,1728.5,1669,1639.7,1784.7,1728,1703.4,1750.8,1836.6,1426.7,1761.4,1998.6,1822.4,1811.2
1170.4,1016.3,1274.2,1156,999.11,798.11,714.2,620.79,529.24,451.12,1322.4,1237.1,1137.7,964.79,806.31,712.28,629.92,506.29,433.56,1456.2,1534.4,1421.2,1227,1110.9,1011.9,903.56,803.08,637.63,500.97,501.81,1597.6,1411.5,1250.8,1139.1,1159.9,1011.7,815.31,668.29,525.18,868.88,879.37,1885.6,2103.3,2103.1,1722.7,1748.1,2075.1,2030.4,1937.8,2001.7,1821,1719.9,1654.8,1677,1601.6,1547.9,1451.4,1567.6,1469.8,1399,1873.4,1647.2,1673.6,1894.2,1763,1475,1281,2012.4,1352.6,1276.5,1191.6,1005.4,895,793.25,615.23,1383.5,1198,1141.7,968.77,910.28,1368.8,1047.9,932.41,1022.3,694.78,1001.6,1125.2,971.21,1073.7,1077.8,1183.4,356.43,320.45,320.88,346.45,539.19,462.73,425.01,432.33,448.12,663.16,557.85,533.18,543.33,651.81,608.95,669.26,650.51,756.02,749.29,759.01,734.76,787.25,644.37,867.59,850.51,843.56,994.69,951.89,958.6,962.31,1073.1,1069,910.11,969.03,907.32,428.35,382.69,394.59,406.21,486.73,301.01,310.27,336.89,394.13,378.82,360.73,237,253.6,360.09,356.05,159.62,136.36,148.31,211.1,250.84,82.201,186.81,295.69,0,148.08,177.14,137.54,137.24,387.46,265.85,188.8,223.33,756.23,680.62,642.28,480.17,404.04,360.09,1953.5,1866.7,1799.9,1591.5,2073.1,1990.4,1866,1714.7,1693.5,1616.8,1541.8,2099.2,1999.2,1903.7,1787.5,1744.7,1689.7,2039.5,1956.5,1865.1,1826.2,1805.9,1643.8,1831.6,1805.5,1951.6,1933.4,1932,1899.1,2046.1,2135,2230.4,2151.7,2073.2,2036.6,1735.4,1691.7,1812.6,1742.6,1868.5,1796.9,1950.5,1860.9,2025.9,1923.6,2138.2,2069.3,2007,1952.3,2172.6,2126.2,2066.1,2353,2176,2131.3,2061.3,1968.6,2413.2,2411.2,2201.1,2244.1,2218.2,2477.2,2531.8,2403.7,2401.2,2427.8,2434.4,2571.2,2127.1,2376.6,2269.2,2302.9,2354.7,2257.6,2258.4,2475,2501.3,2503.2,1449.1,1570.4,1628.6,1522.8,1460.2,1269.1,1676.4,1595.9,1512.1,1440.9,1377.7,1335.9,1308.5,1288.8,1227.1,1268.3,1728.5,1653,1574.1,1519.6,1496.8,1474.4,1402.8,1374,1351.1,1338,1770.9,1707,1628.4,1573.7,1465.4,1436,1414,1397.4,1699.8,1760,1640.3,1572.7,1535.3,1512.5,1486,1476.3,1842.7,1770.4,1700.6,1643.3,1614.5,1592.2,1579,1559.3,1821.8,1755.7,1701.8,1669.8,1638.4,1623.5,1929.1,1866.9,1812.8,1750.9,1720.1,1697.3,1982.2,1966.4,1860.5,1834.7,1702.2,1998.4,1926,1845.3,1800.6,1979,1902,1864.4,1912.6,2028,1542.8,1980.3,2230.7,2064.9,2047.2
1309.3,1154.7,1417.4,1298.9,1141.3,939,854.11,758.81,666.14,583.74,1469.5,1382.9,1283.6,1110.6,951.97,856.25,774.74,650.68,573.02,1604,1682.3,1569,1375.1,1258.8,1159.7,1051.2,950.98,785.59,648.37,649.89,1745.5,1559.5,1398.8,1287,1307.3,1159.3,962.64,814.92,670.37,1010,1017.5,2013.8,2231.7,2234,1852,1881.1,2208.7,2168.1,2074.8,2135.2,1963.6,1858.1,1790.4,1819.7,1743,1686.2,1592.1,1711.1,1613.5,1541.8,2019.2,1794.5,1819.5,2040.8,1910,1610.5,1420.7,2141.6,1499.3,1422.8,1338.2,1147.7,1035.1,923.65,745.67,1527.2,1339.1,1275.3,1100.6,1027.9,1508.9,1172.5,1033,1120.1,837.09,1114.1,1267.6,1061.6,1173.3,1182.8,1223.1,470.54,395.38,340.78,336.16,660.43,562.75,487.25,454.13,447.52,768.6,646.72,589.07,556.23,726.41,658.91,717.15,663.54,825.4,796.06,793.65,749.82,803.8,627.88,930.77,886.77,861.69,1069.4,1012.4,1005.8,999.84,1140.4,1119.2,911.55,990.34,988.08,537.57,428.54,402.38,386.18,422.03,380.04,316.53,308.01,344.5,310.01,492.86,341.54,224.4,266.92,500.31,296,237.51,137.9,156.22,156.46,133.81,77.026,443.6,148.08,0,317.66,73.437,149.89,529.43,398.63,284.02,216.01,699.06,616.83,571.75,417,326.12,266.92,2100.9,2014.3,1947.8,1739.1,2220.9,2138.2,2014,1862.8,1841.5,1763.9,1687.3,2247.2,2147.2,2051.8,1935.5,1891.8,1836.2,2187.4,2104.3,2013,1973.4,1951.7,1788.4,1979.6,1949.8,2099.2,2080.3,2077.9,2043.5,2189.9,2278,2376.6,2299.1,2220.6,2183.1,1878.4,1833.2,1955,1882.2,2010.4,1935.9,2091.8,1998.3,2166.4,2059.5,2278.8,2207.2,2141.3,2083.6,2312,2263.3,2200.1,2493.5,2312.5,2264.9,2192.1,2098.1,2553.6,2549.6,2335,2376.7,2349.1,2617.3,2671,2540.8,2536.8,2561.7,2566.9,2705.9,2255.7,2520.2,2407.6,2437.9,2485.8,2379.7,2399.1,2611.2,2634.7,2633.8,1584.2,1711,1768.3,1658.7,1591.8,1381.2,1814.4,1730.6,1642.4,1565.3,1495.2,1446.1,1411.3,1382,1323.8,1350.8,1865,1786.2,1702.7,1643.6,1616.6,1589.2,1511.1,1475,1443,1421.1,1906.1,1839,1755.4,1695.9,1572.4,1535.7,1505,1479.7,1825.2,1888,1760.3,1685.5,1640.7,1611,1575.8,1558.7,1972.2,1894.9,1818.9,1754,1719.5,1693,1675.3,1648.4,1944.7,1872.4,1811.3,1772.1,1733.7,1712.2,2053.3,1988.7,1928.2,1859,1821.8,1791.8,2107.4,2088.6,1973.7,1944.4,1788.1,2116.6,2039.6,1950.7,1899.9,2091,2006.1,1963.3,2011.7,2138.7,1625.4,2091.6,2347.3,2186.7,2165.9
1055.8,905.39,1144.9,1029.1,876,682.77,604.29,520.5,437.38,379.01,1176,1098,998.02,827.27,671.44,587.07,502.9,386.17,340.15,1292.7,1380.5,1268.8,1070.8,957.74,860.55,754.26,651.77,487.33,361.09,348.97,1442.7,1251.3,1088.6,977.97,994.54,847.34,649.9,500.4,353.87,751.37,771.28,1792.6,2009,2003,1628.4,1644.9,1969.1,1914.3,1823.8,1896.2,1691.6,1604,1545.6,1547.9,1476.9,1432.4,1329.2,1435.9,1337.8,1270.6,1731.8,1498,1532.3,1749,1615.7,1367.4,1163.2,1916.4,1183.9,1106.8,1022.5,830.19,718.53,617.3,439.68,1209.6,1022.1,964.67,792.21,740.86,1192.5,874.01,776.47,867.89,519.51,835.4,950.08,824.28,917.39,916.97,1086.1,202.94,233.81,310.27,365.13,370.33,319.76,336.69,395.88,436.79,506.6,423.06,441.21,504.14,529.44,518.62,577.82,602.41,635.67,655.35,678.97,679.22,727.41,632.17,750.91,764.97,779.52,863.07,836.19,857.42,871.98,948,962.24,863.39,897.16,770.92,414.92,466.62,512.23,543,644.95,359.49,438.75,484.49,548.7,542.67,301.94,274.23,409.66,532.46,249.1,160.38,226.72,314.01,380.62,426.14,246.6,363.9,162.86,177.14,317.66,0,280.51,227.64,211.8,93.472,127.86,278.89,903.78,833.59,799.72,637.85,570.49,532.46,1803.8,1714.8,1644.9,1426.5,1918.2,1836.5,1709.3,1556.9,1531,1449.5,1370.4,1941.2,1840.4,1743.3,1626.8,1577.4,1520.4,1876.7,1792.8,1701.4,1658.9,1634.8,1470.9,1669.9,1632.2,1786.3,1765.1,1761.2,1725.9,1872.2,1960.4,2060.2,1985.1,1906.5,1867.3,1560.8,1516,1637.5,1566.1,1693.1,1620.2,1774.8,1683.9,1849.7,1746.5,1962.1,1892.4,1829.9,1775.6,1996.1,1949.2,1889,2176.9,1998.9,1954.2,1884.6,1792.3,2237,2234.4,2024,2067.2,2041.5,2300.9,2355.2,2226.7,2224.1,2250.7,2257.5,2394,1951,2202.6,2092.4,2125.8,2177.9,2083.8,2082.4,2297.9,2324.2,2326.6,1271.9,1394.3,1452.1,1345.6,1283.5,1102.1,1499.5,1418.7,1335.6,1266.6,1206.9,1169.9,1148.2,1136.5,1072.2,1125.8,1551.4,1476,1398.2,1345.3,1324.7,1305.2,1238,1214.8,1199.6,1194.5,1593.8,1530.2,1452.9,1400.3,1301.4,1277.6,1262.9,1254.2,1524.9,1584.1,1467.9,1404.5,1372.3,1354.8,1335.5,1332.5,1666.4,1595.8,1529,1476.3,1451.5,1432.5,1422.8,1409.2,1647.8,1584.9,1535.5,1508.6,1482.8,1473.5,1754.5,1693.5,1642.7,1585.4,1559.2,1542.3,1807.2,1792.6,1691.6,1668.1,1554.2,1826.6,1756.9,1681.6,1641.4,1810.7,1739,1705.3,1753.4,1860.5,1398.5,1919.6,2159.2,1984.3,1972.3
1306.7,1152.9,1408,1290.3,1133.9,933.86,850.46,757.74,666.48,588.65,1450.6,1368.1,1268.3,1095.9,937.94,846.07,763.01,640.15,570.36,1573.2,1658.8,1546.4,1349.7,1235.4,1137.3,1029.9,928.2,762.82,629.68,625.12,1721.4,1531.4,1369,1258.1,1275,1127.8,930.4,780.81,633.67,1004.4,1016.1,2023.1,2240.8,2240.6,1860.3,1885.5,2212.5,2166.9,2074.5,2139,1955.1,1856.4,1791.9,1811.2,1736.7,1684.3,1586.8,1701,1603.1,1533.2,2003.9,1774.2,1804.1,2023.2,1891,1612.2,1417,2149.9,1463.7,1386.3,1302.3,1104.3,989.21,869.79,692.7,1485.3,1293.8,1222.9,1047.2,966.78,1462.1,1114.4,965.88,1052.1,794.71,1050.7,1224,992.04,1105.7,1116.7,1149.8,411.58,326.07,267.42,265.55,602.66,497.54,415.21,381.01,376.48,703.76,578.06,516.14,484.1,654.97,585.6,643.75,591.69,753.15,722.63,720.4,677.94,731.85,560.7,857.88,813.52,789.67,997.4,939.25,932.38,926.59,1067.7,1045.7,841.81,918.15,916.99,560.01,478.62,463.55,453.44,495.17,416.4,376.62,375.93,416.03,383.05,498.2,364.8,290.52,340.16,490.64,297.11,259.49,193.2,224.96,229.87,164.15,150.33,423.53,137.54,73.437,280.51,0,79.756,489,351.8,223.46,143.13,772.19,690.16,645.18,490.05,399.54,340.16,2080.4,1992.3,1923.6,1707,2197,2114.9,1988.7,1836.5,1811.4,1729.6,1648.7,2220.9,2120.3,2023.6,1907,1857.6,1799.9,2157.2,2073.3,1981.9,1939,1913.1,1747.7,1950.3,1908.4,2066.7,2044.9,2039.6,2002.3,2147.3,2234.2,2339,2265.4,2186.7,2146.7,1835,1787.7,1910.5,1834.4,1965.2,1887.4,2045.9,1948.2,2119.6,2008,2231.9,2157.4,2088.4,2028.4,2263.8,2212.6,2147,2446.4,2261.3,2211.3,2136.6,2041.7,2506.2,2500.1,2281.6,2322.3,2293.5,2569.7,2622.2,2490,2484.8,2508.2,2512.4,2653.1,2198.7,2477.3,2358.2,2385.3,2430.3,2319.1,2352.3,2559.7,2580.8,2577.9,1532.5,1664.5,1720.7,1607.6,1537.3,1317.1,1765,1678.3,1587,1506.5,1433.2,1381.3,1344.2,1312.6,1255.2,1279.6,1814.2,1732.6,1646.1,1584.5,1555.4,1525.9,1445.5,1407.4,1373.4,1350,1854,1784.5,1697.8,1635.7,1506.4,1467.7,1435.1,1408.4,1766.6,1831,1699,1621.4,1574.2,1542.6,1505.7,1487.4,1916,1835.7,1756.9,1689,1652.8,1625.2,1606.4,1578,1884.7,1809.7,1745.9,1704.6,1664.5,1641.7,1993.9,1928.1,1864.8,1793.2,1754.1,1722.4,2048.4,2028.2,1909.5,1879.1,1717.1,2054.3,1975.4,1884,1831.6,2026.3,1939,1894.9,1943.2,2073.5,1554.1,2114.5,2366.4,2201.7,2183.3
1275.9,1123.7,1370.2,1253.6,1099,902.24,820.96,731.73,643,571.22,1403.6,1325.2,1225.2,1054,897.41,809.96,726.01,605.71,545.19,1515.5,1607.2,1495.8,1297.1,1184.9,1088,981.86,879.31,714.97,587.1,576.61,1669.2,1475.9,1312.4,1202.6,1216.5,1070.4,872.89,722.36,573.89,971.99,987.84,2003.2,2220.5,2217.5,1839.6,1860.7,2186.5,2135.9,2044.5,2113.3,1917.3,1825.3,1764.1,1773.4,1701.2,1653.4,1552.6,1662,1563.9,1495.8,1959.4,1725.4,1759.8,1976.6,1843.2,1585,1384.8,2128.7,1402.1,1324,1240.7,1037.1,920.36,795.62,619.5,1418.7,1224.9,1149.2,973.04,888.61,1391.9,1037.6,886.14,972.36,729.15,971.61,1156.5,912.54,1025.9,1037.1,1080,335.48,246.42,199.57,212.88,526.62,418.21,337.5,314.19,319.41,624.43,498.35,440.33,421.66,576.51,511.53,570.47,529.71,675.69,649.93,651.2,615.46,668.96,512.1,781.76,744.08,726.32,919.53,863.84,860.1,857.03,991.11,972.9,785.23,853.92,838.25,562.3,514.39,513.63,512.44,566.48,437.78,426.81,436.87,483,454.33,483.1,373.68,350.41,415.95,459.71,285.78,273.47,245.73,290.01,303.98,197.89,224.64,383.42,137.24,149.89,227.64,79.756,0,427.31,286.4,148.22,87.132,842.93,762.21,718.57,560.97,472.98,415.95,2031.1,1941.7,1871.2,1647.9,2144.5,2063.1,1935.1,1782.4,1754,1668.8,1584.4,2166.3,2065.2,1967.5,1850.8,1796.6,1737.3,2099.3,2014.8,1923.5,1877.9,1848.7,1681.8,1893.3,1841.8,2007,1982.8,1975.4,1935.7,2079.7,2165.8,2275,2204.5,2125.8,2083.8,1766.9,1718.3,1841.8,1763.3,1895.9,1815.9,1976.1,1875.6,2049,1934.4,2161.3,2085,2014.1,1952.8,2192.2,2139.6,2072.4,2375.6,2187.8,2136.5,2060.8,1965.4,2435.2,2427.7,2206.9,2247,2217.6,2498.4,2550.3,2416.8,2410.8,2433.5,2437,2578.6,2122,2409.3,2285.9,2311,2354.4,2240.8,2281.7,2486,2505.8,2501.8,1459.1,1594.4,1649.9,1534.5,1462.2,1237.8,1693,1604.4,1511.4,1429.1,1354.5,1301.9,1264.5,1233.1,1175.5,1201,1741.2,1657.9,1569.8,1507,1477,1446.8,1366,1327.7,1293.9,1271.3,1780.2,1709.3,1621,1557.7,1426.8,1388,1355.7,1329.8,1689.3,1754.4,1620.6,1542.1,1494.5,1462.9,1426.4,1408.8,1839.8,1758.2,1678.2,1609.5,1573.1,1545.4,1526.8,1498.9,1806.8,1730.7,1666.4,1624.9,1585,1562.6,1916.2,1849.9,1785.7,1713.5,1674.4,1642.9,1971,1950.1,1830.2,1799.5,1638.3,1975.5,1896.1,1804.2,1751.9,1946.8,1859.2,1815.2,1863.5,1994,1475.6,2109.3,2356.7,2187.7,2172
912.96,771.6,981.64,870.77,726.49,552.86,488.36,428.51,372.22,357.21,991.09,922.88,823.59,659.15,512.68,448.61,369.42,284.54,297.93,1088.5,1185.8,1076.2,875.17,766.71,673.01,571.4,468.71,313.85,226.02,186.94,1246.8,1050.4,886.17,777.35,789.35,643.85,446.75,295.94,147.09,614.55,646.97,1666.5,1879.6,1866.9,1502.1,1507.9,1826.2,1759.8,1672.4,1754.3,1523,1451.9,1402.3,1380.6,1315.4,1282.4,1172.4,1266.4,1168.9,1106.7,1549.3,1307.9,1350.9,1562.4,1427.1,1228.1,1014.2,1785.6,975.19,897.48,813.79,618.41,507.65,420.3,249.48,997.9,810.56,759.39,590.36,564.85,981.41,682.32,633.06,725.01,307.72,665.98,738.29,698.23,769.06,758.64,1035.1,178.02,311.22,438.78,506.06,219.28,262.61,373.76,481.92,541.08,377.92,358.11,448.58,569.95,472.36,516.01,566.13,646.42,571.06,632.14,674.06,707.05,746.02,713.94,684.14,745.82,789.1,764.56,766.32,809.61,839.72,857.54,901.11,890.27,889.68,667.8,458.52,597.01,667.24,712.47,830.66,484.06,607.53,665.5,733.31,735.77,323.79,402.6,600.26,734.17,224.96,312.99,402.19,514.8,582,632.18,449.94,574,162.1,387.46,529.43,211.8,489,427.31,0,142.39,290.76,457.08,1073.9,1010.6,982.03,823.18,765.59,734.17,1612.1,1521,1448.2,1220.7,1721.1,1640.5,1510.8,1357.7,1327.2,1241.6,1159.7,1740.9,1639.6,1541.2,1424.5,1369.5,1311,1672.2,1587.6,1496.3,1450.9,1424.2,1259.5,1466.6,1420.6,1579.7,1556.2,1550.7,1514.4,1660.5,1748.6,1850,1777.4,1698.7,1657.8,1349,1304.4,1425.7,1355.2,1481.4,1409.6,1563.2,1474.2,1638.4,1537.9,1750.7,1682.4,1622.5,1571.1,1785.2,1739.7,1681.8,1965.5,1789.8,1747.4,1680.3,1589.5,2025.7,2024,1816.8,1861.2,1837,2089.7,2144.4,2017.1,2015.5,2043.3,2051.3,2186,1748.9,1990.8,1882.1,1917.8,1973.1,1888.5,1871,2088.9,2117.3,2122.1,1064.4,1182.9,1241.2,1137.3,1079.5,927.1,1289.5,1211.4,1132.9,1071.4,1021.9,996.62,987.37,992.16,923.67,1000,1342.5,1270.1,1197.2,1150.2,1135.4,1123.3,1066.8,1055.5,1055.8,1065.5,1385.9,1325.3,1253.6,1207.4,1131.2,1119.3,1119,1124.8,1327.4,1383.2,1277.5,1224.4,1203.6,1197.2,1191.9,1200.9,1463.7,1399,1340.4,1298.6,1282.4,1270,1267.3,1265.4,1452.8,1398,1358.9,1342.9,1328,1329.2,1557.5,1499.7,1457.4,1410.4,1393.8,1388,1609,1597.9,1508.9,1490.2,1412.9,1636.8,1573.3,1509.8,1478.7,1628.8,1568.5,1542.5,1590,1680.2,1265.2,1831,2055.8,1871.3,1866.3
1037,890.84,1114.5,1001.4,852.81,668.71,596.23,522.16,448.69,406.42,1131.1,1059.9,960.17,792.98,641.89,567.63,484.68,379.58,357.15,1230.6,1327.8,1217.9,1017.2,907.92,813.3,710.14,607.16,447.58,338.09,312.43,1389,1192.8,1028.5,919.74,931.36,786.16,589.13,438.32,289.47,734.33,760.79,1784.2,1999.1,1989.5,1619.7,1630.5,1951.8,1890.1,1801.4,1879.3,1658.4,1580.9,1527.5,1515.5,1448,1410.4,1303,1401.9,1304.1,1240,1689,1449.2,1490.2,1703.1,1568.2,1351.3,1141.2,1905.7,1115.7,1037.6,954.41,752.53,637.7,527.62,349.49,1133.7,942.22,877.46,703.65,647.62,1111.1,782.34,684.2,775.85,443.31,741.93,872.23,734.21,824.91,823.79,1014,117.72,197,308.64,373.02,276.89,235.77,285.49,370.87,422.83,414.74,340.7,381.53,471.12,451.15,457.07,514.11,560.89,556.84,588.84,619,631.8,676.8,608.84,672.57,700.92,725.89,778,757.63,785.06,804.46,865.02,886.67,817.21,838.14,684.49,469.3,550.26,601.89,635.15,738.42,440.09,530.49,577.71,642.14,635.93,343.35,354.07,503.12,624.27,266.74,243.82,318.13,406.65,472.9,516.51,338.92,451.14,175.93,265.85,398.63,93.472,351.8,286.4,142.39,0,148.66,315.16,996.49,926.81,893.16,731.32,663.53,624.27,1753.8,1663,1590.4,1362.3,1863.5,1782.8,1653.2,1500.1,1469.3,1382.5,1298.2,1883.3,1781.9,1683.5,1566.8,1510.3,1450.9,1814.1,1729.4,1638.1,1591.6,1562.6,1396.3,1608.8,1556.8,1721.1,1696.4,1689.3,1650.7,1795.5,1882.5,1988.8,1918.3,1839.5,1797.4,1483.2,1436.2,1558.8,1484,1613.7,1537.5,1694.6,1599.7,1768.7,1661.1,1881,1808.6,1743.3,1687.2,1913.7,1864.6,1802.3,2095.7,1913.9,1867.2,1796.1,1703.1,2155.6,2151,1937.2,1979.6,1953.1,2219.2,2272.5,2142.2,2138.5,2163.9,2169.9,2307.8,1861.5,2125.5,2009,2039.7,2089.6,1992.2,2001.4,2212.8,2237.2,2238,1185.9,1313.4,1370.2,1260.2,1195.1,1008.7,1415.8,1332.4,1246.7,1175.2,1114,1076.5,1055,1044.7,979.86,1036.5,1466.5,1388.7,1308.4,1253.9,1232.2,1212,1144.6,1121.7,1107.9,1104.8,1507.8,1442.1,1362.5,1308.4,1207.9,1184.7,1171.2,1164.5,1434,1494.2,1375.6,1311.2,1278.8,1261.9,1244,1242.5,1577.2,1504.6,1436.4,1382.9,1358,1339.3,1330.1,1317.7,1556.3,1492,1442,1415.3,1390.2,1382,1663.3,1601.6,1549.7,1491.9,1465.9,1449.7,1716.3,1700.9,1598.4,1574.7,1463.1,1734.1,1663.7,1588.2,1548.3,1717.4,1645.6,1612.2,1660.2,1767.2,1308.4,1930.1,2162.8,1982.9,1974.5
1175.8,1027.1,1258.9,1144.6,993.75,804.29,727.77,646.37,564.65,506.72,1279.3,1206.7,1106.9,938.42,785.32,706.03,622.11,509.22,467.74,1377.8,1476.5,1366.5,1165.8,1056.5,961.67,858,755,593.97,477.17,457.12,1537.5,1340.8,1176.3,1067.9,1078.4,933.91,737.2,586.42,437.63,871.8,894.29,1917,2133,2125.7,1752.6,1767.2,2090.3,2032.2,1942.5,2017.5,1804,1722.4,1666.3,1660.8,1592,1551.2,1445.8,1547.7,1449.8,1384.5,1837,1597.9,1638,1851.5,1716.7,1488.9,1281.8,2040.1,1260.6,1182.1,1099.5,891.42,773.69,647.45,471.31,1273.2,1078,1001,824.88,744.28,1244.3,890.96,751.77,840.21,585.33,830.14,1010.5,785.84,892.67,900.24,999.75,188.11,133.3,182.61,237.93,379.22,280.43,239.76,274.36,310.49,485.34,370.95,348.3,385.1,463.02,425.25,485.64,487.54,567.29,565.35,580.17,567.99,618.39,507.47,679.24,669.93,672.75,806.08,763.76,773.33,780.4,884.38,882.62,749.63,794.84,719.36,534.74,551.78,578,594.28,673.59,454.01,496,525.68,582.29,563.98,428.03,373.66,442.12,537.63,376.38,262.35,298.3,335.81,395.04,425,270.97,350.05,288.17,188.8,284.02,127.86,223.46,148.22,290.76,148.66,0,166.51,944.73,868.35,828.84,667.24,587.32,537.63,1902.4,1811.6,1738.9,1508.7,2011.9,1931.3,1801.5,1648.3,1616.4,1527.8,1440.5,2031.3,1929.8,1831.1,1714.4,1655.4,1594.7,1960.9,1875.9,1784.7,1736.5,1704.5,1536.5,1756.1,1696.1,1866.9,1840.5,1831.3,1790,1933.3,2018.9,2131,2063.2,1984.5,1940.7,1620.3,1571,1694.8,1615.4,1748.6,1667.9,1828.6,1727.4,1901.3,1786.2,2013.5,1936.8,1866,1805.2,2044.2,1991.3,1924.4,2227.7,2039.6,1988.6,1913.3,1818.3,2287.3,2279.6,2058.9,2099.2,2070.2,2350.4,2402.1,2268.6,2262.6,2285.5,2289.3,2430.5,1975.2,2262.7,2137.7,2162.9,2207,2096.4,2133.9,2337.8,2357.9,2354.5,1310.8,1446.9,1502.1,1386.3,1314.3,1097.3,1544.8,1456.2,1363.8,1283.1,1211.3,1162.5,1129.6,1104.9,1044.7,1081,1592.9,1509.9,1422.7,1361.3,1333,1305.2,1227.8,1194.1,1166.8,1151,1632,1561.5,1474.3,1412.8,1289.5,1255.4,1229.3,1210.1,1543.2,1607.5,1476.7,1401.6,1358.3,1331.3,1300.9,1289.1,1692.6,1612.5,1535.1,1470.3,1437.2,1412.3,1396.7,1374.1,1661.7,1588.4,1527.9,1490.8,1455.7,1438.2,1770.8,1705.4,1644.2,1575.9,1540.8,1514.2,1825.2,1805.4,1689.8,1661,1516,1832.7,1755.6,1668.4,1620,1807.2,1724.3,1683.6,1731.9,1855.2,1355.8,2047.4,2286.4,2110.6,2099.2
1334.6,1184.1,1422.1,1307,1154.6,961.57,882.5,796.58,710.35,643.12,1445.6,1371.9,1272,1102.8,948.39,865.81,781.64,664.8,612.28,1542.6,1642.9,1533,1332.2,1223,1128.1,1024.1,921.09,759.29,638.68,621.77,1703.9,1506.6,1341.8,1233.9,1243.3,1099.4,903.08,752.38,603.73,1030.3,1049.6,2069.4,2286.2,2281.2,1905.3,1923.3,2247.9,2193,2102.6,2174.8,1968.1,1882.8,1824.4,1824.7,1754.7,1711.2,1607.6,1712,1614,1547.8,2003.1,1764.4,1804,2017.9,1883.2,1646.1,1442,2193.8,1423.3,1344.4,1262.5,1049.4,929.79,792.15,620.75,1430.8,1232.7,1145.2,968.53,868.49,1396.3,1023.1,850.22,933.29,746.91,945.25,1167.5,868.39,987.72,1003.3,1007.2,333.67,214.39,125.77,126.46,519.84,394.55,285.95,238.17,235.26,597.58,460.82,380.47,341.24,525.92,446.76,503.82,449.03,620.05,581.97,577.78,535.21,589.06,425.56,721.34,670.91,646.8,864.8,801.36,791.13,783.97,931.59,904.83,701.49,775.17,788.11,643.75,601.45,598.41,593.74,638.04,524.31,511.38,516.99,558.98,526,557.23,458.22,430.87,480.93,523.68,364.82,359.68,328.73,367.15,372.26,284.43,293.03,441.17,223.33,216.01,278.89,143.13,87.132,457.08,315.16,166.51,0,915.07,832.69,787.14,633,541.78,480.93,2068.9,1978.1,1905.1,1672.8,2178,2097.6,1967.5,1814.2,1781.2,1690.6,1600.5,2196.9,2095.3,1996.3,1879.6,1818,1756.1,2125.2,2040,1948.8,1899,1864,1694.5,1921,1853,2030.2,2002.2,1990.9,1946.9,2088.5,2172.6,2290.6,2225.6,2146.9,2101.4,1775.2,1723.6,1848.4,1764.8,1901.2,1816.1,1980,1872.9,2051.3,1929,2163.2,2082.3,2006.1,1940.8,2191.9,2135.3,2063.9,2376.8,2182.6,2127.2,2048,1951.2,2435.9,2425,2197.8,2235.9,2204.5,2498.6,2548.6,2411.9,2403.7,2423.8,2425.4,2569.8,2106.2,2417,2283.5,2303.1,2341.2,2217.4,2283.5,2479.7,2495.3,2487.6,1454.8,1598.6,1652.1,1531,1452.9,1208.6,1692,1598.7,1500.1,1411.2,1329.8,1270.6,1227.2,1188.7,1134,1149.5,1737.5,1649.7,1556.1,1488.3,1453.9,1418.9,1332.7,1288.6,1248.2,1219.9,1774.3,1699.2,1605.1,1536.7,1392.1,1347.6,1309.1,1277.6,1671.2,1739.1,1597,1511.9,1458.2,1421.2,1378.8,1356.5,1826.1,1738.8,1652.6,1577.2,1536.1,1505.2,1483.3,1450.4,1785.5,1703.5,1632.8,1585.6,1540.6,1513.7,1896,1827.3,1757,1678.6,1634.4,1597.7,1951.6,1927.7,1799.3,1765.6,1587.4,1948.8,1865.3,1766.7,1709.9,1914.6,1820.6,1772.8,1821,1960.4,1423.1,2184.8,2429.4,2257.8,2243.7
1464.3,1325.1,1616.4,1504.9,1360,1177.8,1101.8,1014.5,943.33,864.64,1741.3,1629.9,1546,1391,1254.1,1150.6,1099.6,1003.1,905.74,1960.9,1975.3,1862.8,1706.5,1586.6,1491.4,1390.1,1315.2,1179.9,1050.5,1086.7,2039.7,1898.6,1762.9,1654.1,1698.2,1557.8,1389.4,1274.7,1169.1,1237.4,1210.5,1992.4,2198.7,2225.5,1851.9,1915.2,2228.2,2236.2,2139.9,2157.9,2109.1,1950,1859.2,1975.1,1885.2,1793.6,1738.6,1888.4,1801.5,1721.9,2221.7,2053.3,2034.9,2261.6,2150.9,1693.1,1571.1,2122.5,1900.7,1836.4,1753,1631.2,1544.3,1492.1,1323.2,1975.3,1823.2,1813.9,1655.2,1636.5,1995.4,1755,1680.2,1771.5,1344,1734.8,1743.7,1724.9,1821.2,1820,1922,1104,1074.2,1039.5,1032.7,1270.9,1216.1,1175.4,1153.2,1144,1410.2,1313.6,1281.3,1254.3,1407.5,1354.1,1413.3,1360.9,1510.9,1492.8,1492.6,1447.1,1501.1,1312.5,1620.7,1585.7,1559.1,1750.8,1704.1,1703,1698.7,1828,1815.7,1601.9,1688,1663.5,724.78,498.53,409.54,362.31,277.03,602.96,467.62,420.83,362.67,389.16,816.28,675.25,502.65,439.01,902.81,762.64,679.07,609.12,554.15,543.01,674.07,622.04,919.56,756.23,699.06,903.78,772.19,842.93,1073.9,996.49,944.73,915.07,0,86.128,138.24,282.18,374.43,439.01,2344,2275.1,2230.5,2098.8,2488.8,2403.9,2303.4,2167.2,2178.4,2139.8,2102,2534.7,2444.1,2363.6,2255.2,2261.5,2225.2,2510.7,2437.4,2350.3,2340,2353.7,2214.8,2303.9,2375,2444.9,2451.5,2472.2,2464.2,2616.8,2712.4,2756.3,2648.1,2573.4,2559.1,2323.1,2295.5,2404.5,2361.3,2464.1,2418.7,2549.1,2492.4,2629.5,2563.9,2739.3,2693.4,2654.8,2616.9,2783.1,2755.3,2714.4,2950.9,2808.2,2781.2,2726,2640.8,3011.7,3026,2848.3,2898.1,2880.7,3076.7,3138.8,3028.3,3035.5,3071.8,3086.2,3208.7,2801.1,2941.4,2886.2,2942.8,3014.4,2953.8,2856.2,3104.3,3147.3,3163.8,2104.3,2185.9,2249.6,2171.6,2132.5,1999.3,2308.2,2249.9,2188.6,2140,2095.7,2068.2,2051.1,2039.8,1975.9,2023.8,2369,2313.9,2256.4,2218.4,2207.9,2197.1,2137.5,2118.1,2102.7,2093.3,2418.6,2372.4,2315.6,2277.4,2201.5,2181.1,2165.9,2152.8,2391.6,2441.1,2349.1,2298.2,2273.1,2258.4,2238.3,2231.6,2516.5,2464.1,2412.9,2372,2352.2,2335.3,2326.5,2311.9,2519.9,2471.1,2432.1,2410.7,2386.6,2376.2,2621.5,2567.9,2530.8,2483.1,2461.4,2446,2670.8,2664.8,2582.8,2563.8,2456,2708.1,2647.1,2581.3,2544.4,2702.7,2639.4,2608.3,2656.3,2754.1,2298,1932.6,2211.4,2099.7,2057
1451.2,1308.1,1599.7,1486.1,1337.7,1149.9,1071.2,980.64,904.84,822.83,1716.9,1607.5,1520.9,1361.8,1220.2,1115.7,1060,958.14,859.85,1927.8,1950.1,1836.8,1674.7,1554.1,1457.4,1354,1275.2,1134.3,1001.4,1034.7,2014.8,1867.3,1727.6,1617.6,1659.2,1516.6,1343.2,1223.3,1112,1212,1188.7,2006.1,2215.1,2239,1861.9,1921.4,2238.2,2240.3,2143.8,2167.1,2102.9,1949.4,1860.7,1966.8,1877.9,1789.8,1729.6,1876.8,1787.9,1708.6,2209.2,2032.8,2019.6,2247,2133.3,1691.5,1559.9,2136.7,1861.8,1795.6,1711.5,1580.6,1490,1430.4,1259.2,1931.1,1773.7,1757.6,1596.1,1570.5,1946.6,1692.9,1609,1699.8,1288.1,1667.5,1694.7,1651.3,1750.2,1750.6,1839.9,1031.9,996.48,957.58,949.1,1202.6,1142.4,1096.4,1070.9,1060.3,1338.9,1238.5,1201.7,1171,1330.3,1273.7,1332.7,1277.3,1433,1412,1410.5,1363.4,1417.4,1227.4,1542,1503.6,1475.4,1674,1624.9,1622.1,1616.6,1750,1735.1,1517,1604.4,1587.7,686.54,452.82,355.78,299.04,195.87,550.46,403.24,349.11,286.68,307.88,767.76,617.29,427.48,354.51,849.59,697.88,611.5,532.61,475.13,460.43,598.77,539.83,859.69,680.62,616.83,833.59,690.16,762.21,1010.6,926.81,868.35,832.69,86.128,0,52.773,201.72,291.04,354.51,2327.1,2255.6,2208.1,2066.2,2469.4,2384.5,2280.5,2141.8,2149.1,2105.4,2062.6,2513.1,2421,2338.2,2228.3,2228.4,2189.6,2484.4,2409.7,2321.7,2307.6,2317,2174.4,2276.7,2335.4,2415.6,2419,2436.9,2425.6,2577.8,2672.7,2723.8,2619.1,2543.7,2526.4,2280.8,2250.9,2362,2314.8,2421.2,2371.9,2506,2444.3,2585.9,2514.7,2696.2,2646.9,2604.5,2563.9,2738.8,2708.2,2664.2,2908.8,2760.7,2730.8,2673.1,2586.6,2969.6,2981.5,2798.5,2847.3,2828.4,3034.6,3095.7,2982.4,2988.1,3022.8,3036,3161,2746.8,2904.1,2841.2,2894.3,2962.8,2895.7,2813.9,3057.7,3098.1,3112.3,2051.6,2139.3,2202.4,2120.1,2077.2,1933.1,2259.6,2197.8,2132.8,2080.2,2032.2,2001.6,1981.7,1967.6,1904.5,1948.9,2319.3,2260.9,2199.8,2158.8,2146,2132.8,2070.4,2048.3,2030.3,2018.7,2367.9,2318.8,2258.2,2217,2134.1,2111.1,2093.3,2078,2333.6,2385,2287.8,2233.4,2205.3,2188.2,2165.5,2156.9,2461.8,2405.8,2351,2306.5,2284.5,2266.1,2255.8,2239,2460.9,2408.6,2366.3,2342.1,2315.6,2303.3,2563.7,2508.5,2467.9,2416.9,2392.7,2374.9,2613.7,2605.9,2519,2498.4,2382.4,2647.1,2583.6,2514.2,2475,2638.7,2571.9,2538.9,2587,2689.5,2223.4,1962.9,2240.4,2122.2,2081.9
1456.2,1311,1602.3,1487.5,1337.2,1146.2,1065.9,973.53,894.84,810.87,1714.5,1606.5,1518.2,1356.8,1212.4,1107.4,1048.8,943.4,844.83,1919.5,1947,1833.2,1667.5,1546.6,1449.1,1344.4,1263,1118.6,983.61,1014.7,2011.7,1860.2,1718,1607.3,1647.1,1503.3,1326.6,1203.3,1088,1209.8,1188.9,2026.4,2236.7,2259,1880.2,1937.5,2256.2,2254.9,2158.3,2184.8,2111.5,1961.4,1874.1,1974.2,1885.9,1800.1,1736.7,1882.3,1792.2,1713.1,2213.7,2032.6,2022.7,2250.2,2134.7,1703.2,1565.9,2157.2,1849.6,1782.2,1697.7,1560.6,1467.4,1402.3,1229.6,1915.3,1754.3,1733.3,1569.8,1538.9,1927.4,1664.2,1573.2,1663.6,1264.7,1634.9,1675.7,1613.5,1714.5,1716.2,1794.3,995.95,955.5,912.43,902.06,1169.7,1104.9,1054.2,1025.2,1013,1303.3,1199.6,1158.7,1124.2,1289.5,1230,1288.6,1230,1391.5,1367.7,1364.8,1316,1370,1178,1499.6,1458,1428.1,1633.4,1582.2,1577.5,1571,1708.2,1690.8,1468.1,1557,1548,677.88,441.21,339.71,276.13,155.6,532.49,377.2,316.93,251.02,265.41,751.25,594.48,390.89,307.04,829.22,669.08,580.74,493.97,434.14,415.34,561.03,494.95,834.19,642.28,571.75,799.72,645.18,718.57,982.03,893.16,828.84,787.14,138.24,52.773,0,162.34,245.72,307.04,2328.8,2255.8,2206.5,2058.1,2469.5,2384.6,2278.5,2138.3,2143,2096,2049.9,2511.8,2418.7,2334.6,2223.9,2219.9,2179.4,2480.2,2404.5,2316,2299.5,2305.9,2161,2272,2322.5,2409.4,2410.7,2426.8,2413.1,2565.1,2659.5,2715.3,2613.1,2537.2,2517.9,2266.1,2234.6,2346.9,2297.1,2405.9,2353.9,2490.6,2425.4,2570,2494.9,2680.8,2629,2584.1,2541.5,2722.4,2689.8,2643.7,2893.8,2742.1,2710.2,2650.8,2563.3,2954.6,2964.9,2778.3,2826.3,2806.5,3019.6,3080,2964.7,2969.4,3003.1,3015.5,3142.1,2723.4,2892.3,2824.2,2875,2941.2,2869.5,2798.9,3039.6,3078.2,3090.7,2029.7,2121.6,2184.3,2098.9,2053.4,1901.1,2240.5,2176.2,2108.5,2053,2002.3,1969.3,1947.3,1930.8,1868.4,1909.9,2299.3,2238.6,2174.9,2131.7,2117.2,2102.2,2037.7,2013.6,1993.3,1979.8,2347.2,2296.1,2232.8,2189.3,2101.1,2076.1,2056.1,2039,2307.6,2360.4,2259.5,2202.4,2172,2153,2128.2,2118,2438.2,2379.7,2322.2,2275,2251.2,2231.5,2220.1,2201.6,2434.2,2379.4,2334.5,2308.1,2279.7,2265.8,2537.8,2481.4,2438.2,2384.7,2358.7,2338.8,2588.4,2579.2,2488.6,2466.8,2344.4,2618.8,2553.5,2481.3,2440.3,2608.1,2538.8,2504.2,2552.3,2658.6,2184.6,1992.4,2269,2147.3,2108.4
1355.1,1205.5,1494.5,1377.5,1223.4,1026.5,943.41,847.92,764.05,677.08,1594.9,1490.3,1398.8,1233,1083.6,978.29,914.3,803.23,704.93,1787.4,1825.1,1710.6,1538,1417,1318.1,1211.6,1125.8,975.78,838.01,865.61,1889.9,1730.6,1584,1472.2,1508.9,1363.3,1181.7,1053.6,933.52,1092.9,1077.6,1965.1,2179,2196,1813.5,1864,2187.3,2175.9,2079.5,2114.9,2016.6,1876.2,1793,1876.8,1790.5,1710.9,1639.5,1780.2,1687.6,1609.5,2108.6,1916.8,1914.4,2142,2022.4,1618.2,1466.7,2096.1,1710.8,1641.4,1556.4,1410.2,1314,1243.4,1069.6,1770.4,1604.5,1577.7,1412.4,1377.7,1777.8,1504.8,1410.9,1501.3,1110.6,1473.2,1526.6,1451.4,1552.2,1554,1639.8,833.63,794.86,757.32,751.47,1008,942.68,894.71,871.06,862.88,1140.9,1037.8,1000.1,972.74,1128.7,1072.4,1131.4,1079.6,1231.3,1210.9,1210.4,1165.9,1219.9,1035.1,1340.2,1303.5,1277.9,1472.5,1423.3,1421,1416.6,1548.3,1533.9,1323.2,1406.7,1386.6,553.09,317.65,212.51,138.54,7.8102,391.63,225.97,158.22,89.889,107,609.6,444.21,228.62,163.49,680.61,510.8,421.07,331.89,273.43,261.32,398.76,340.01,678.76,480.17,417,637.85,490.05,560.97,823.18,731.32,667.24,633,282.18,201.72,162.34,0,96.167,163.49,2216.9,2140.6,2087.3,1926.1,2353.7,2268.9,2158.5,2015.3,2014.8,1961.7,1909.9,2392.7,2297.8,2211,2098.7,2086.9,2043.3,2355.2,2277.7,2188.3,2167.2,2168.3,2019.7,2146.2,2181.6,2280.6,2278,2290.5,2273.1,2424.4,2518,2581.9,2484.2,2407.5,2384.7,2122.4,2088.5,2202.8,2149,2261.3,2205.5,2345.6,2275.7,2424.4,2344.1,2535.7,2480.5,2432.3,2387.4,2576,2540.7,2491.9,2749.4,2592.5,2558.2,2496.7,2408.2,2810.2,2818,2626.7,2673.8,2652.8,2875,2934.4,2816.4,2819.7,2852.1,2863.3,2992,2568.2,2752.9,2676.9,2724.5,2788,2711.6,2654.4,2890.7,2926.9,2937.4,1876.4,1973.8,2035.8,1946.6,1898.1,1739.7,2090.6,2023.2,1952.7,1894.6,1841.9,1807.7,1785.1,1768.5,1706.1,1748.2,2148.3,2084.8,2018.4,1973.3,1957.5,1941.4,1875.9,1851.3,1831,1818,2195.2,2141.8,2075.7,2030.4,1939.2,1913.8,1893.9,1877.3,2150.1,2204.2,2100.1,2041.4,2010,1990.7,1966,1956.2,2282.9,2221.9,2162.4,2113.7,2089.2,2069.3,2057.7,2039.4,2276,2219.3,2173,2146,2117.4,2103.6,2380.3,2322.8,2277.9,2223.1,2196.5,2176.5,2431.3,2421,2327.9,2305.5,2182.3,2459.3,2392.9,2319.5,2278.1,2447.3,2376.8,2341.9,2390.1,2497.5,2022.8,1962.4,2234.8,2101.2,2067.2
1361.2,1209,1494.5,1376.2,1219.9,1019.2,934.28,836.85,748.77,659.95,1584.4,1483.3,1389.3,1220.2,1067,962.25,893.09,776.58,680,1764.2,1811.7,1696.9,1518.3,1397.5,1297.9,1189.8,1099.7,944.11,803.85,826.2,1876.4,1710,1559.3,1446.8,1479.9,1332.7,1146,1011.9,884.59,1087.6,1077.4,1996.1,2211.6,2225.4,1841.6,1887.5,2213,2195,2099,2140.1,2024.8,1891.8,1811.8,1883.5,1799.1,1724.2,1647.3,1783.8,1689.5,1612.5,2108.8,1908.6,1912.6,2139.5,2016.9,1634.9,1473.7,2126.8,1680.5,1609.1,1523.7,1365.9,1265.1,1184,1008,1732.6,1560.6,1524.3,1355.9,1311.1,1733.6,1443.3,1336.3,1425.9,1061.4,1404.3,1483.9,1373.1,1477.6,1481.8,1549,760.35,711.73,666.88,658.27,940.08,865.9,809.21,779.93,769.55,1067.2,958.19,913.25,880.06,1045.6,984.3,1042.9,986.49,1146.9,1122,1119.6,1072.7,1126.7,939.73,1254.4,1212.7,1184.7,1389.5,1336.8,1331.9,1325.7,1463.3,1445.1,1228.3,1313.6,1305.2,548.64,326.5,230.15,160.8,99.464,374.55,205.36,129.28,77.666,32.65,584.19,410.24,166.18,67.417,644.01,458.21,366.31,257.3,193.02,169.66,325.3,249.26,630.24,404.04,326.12,570.49,399.54,472.98,765.59,663.53,587.32,541.78,374.43,291.04,245.72,96.167,0,67.417,2211.2,2132.3,2075.7,1902.6,2344.5,2259.9,2145.9,2000.3,1994.9,1935.7,1877.7,2380.6,2284.2,2195.1,2081.5,2062,2015.4,2337.6,2258.6,2168.4,2142.8,2138.4,1985.7,2128.3,2147.9,2259.6,2253,2261.9,2240.2,2390.7,2483,2555.7,2462.7,2385.5,2359,2085.6,2048.8,2165.2,2106.5,2223.1,2162.4,2306.9,2230.8,2384.8,2297.4,2496.5,2437,2384,2335.7,2535.1,2496.2,2443.5,2710.8,2547.4,2509.6,2445,2354.8,2771.5,2776.3,2578.5,2624.3,2601.5,2836.1,2894.1,2772.8,2774.2,2804.6,2814.2,2945.8,2514.4,2720.2,2634.8,2677.8,2737.3,2652.5,2615.8,2846.2,2879,2886.4,1826.7,1931.8,1992.8,1898.1,1844.7,1671.6,2045.5,1973.7,1898.4,1835,1777.4,1738.8,1712.5,1691.8,1630.7,1667.6,2101.5,2033.9,1962.8,1913.8,1894.9,1875.5,1806.2,1778,1753.9,1737.7,2147,2089.8,2019,1969.7,1869,1840,1816.5,1796.7,2092.2,2148.8,2038,1974.5,1939.1,1916.4,1888.2,1875.8,2229.2,2163.6,2099.4,2045.8,2018.3,1996.3,1982.7,1961.4,2216.5,2155.3,2104.6,2073.8,2042,2025.5,2322.2,2262.7,2213.2,2154.1,2124.1,2100.8,2374.2,2361.5,2261.9,2237.5,2103.2,2396.9,2327.2,2249.1,2204.6,2380.8,2305.9,2268.4,2316.6,2430.3,1942.4,2011,2280.6,2140.8,2109.5
1374.1,1220.5,1502.8,1383.9,1226.5,1024.1,938.37,840.24,749.92,660.74,1585,1486.6,1391.2,1220.4,1065,961.25,888.78,769.18,674.85,1755.4,1809.9,1695.1,1512.6,1392.3,1292.3,1183.6,1090.8,931.77,790.6,808.76,1874.4,1703.3,1549.9,1437.2,1467.5,1319.5,1129.7,991.62,859.37,1093.6,1086.9,2024.5,2240.8,2252.5,1868.3,1911.1,2237.7,2215.2,2119.6,2164.5,2037.9,1910.1,1832.3,1895.7,1812.6,1741.2,1660.6,1793.9,1698.7,1622.5,2116.2,1910.3,1918.8,2145,2020.5,1654.3,1486.8,2155,1666.7,1593.9,1508.5,1342.5,1238.4,1149.3,972.03,1713.2,1536.9,1493.5,1323,1270.3,1709.5,1406.4,1289,1377.8,1035.1,1361.5,1461.2,1322.7,1430.1,1436.2,1487.6,715.68,658.39,606.53,595.02,899.18,817.74,753.35,718.68,706.02,1021.1,907.32,855.93,817.12,991.45,925.76,983.81,923.03,1091.5,1062.5,1058.3,1009.1,1063.1,873.84,1197.6,1151.4,1121.1,1335,1279.3,1272,1264.4,1407,1385.5,1163,1250.1,1252.3,560.04,352.88,267.22,206.89,166.48,381.58,221.06,151.99,127.44,71.505,579.97,403.33,150.78,134.83,630.48,434.8,343.51,219.49,152.31,112.95,285.95,191.38,607.46,360.09,266.92,532.46,340.16,415.95,734.17,624.27,537.63,480.93,439.01,354.51,307.04,163.49,67.417,0,2214.3,2133.6,2074.8,1893.4,2345,2260.7,2144.3,1997.2,1988.1,1924.7,1862.2,2379,2281.7,2191,2076.6,2051.6,2002.8,2332.2,2252.1,2161.6,2132.7,2124.2,1968.8,2122.9,2131.1,2251.7,2242.3,2248.6,2223.8,2373.5,2464.9,2543.9,2454.4,2376.8,2347.7,2066.5,2027.5,2145.4,2083.1,2202.8,2138.5,2286.1,2205.4,2363.2,2270.7,2475.2,2412.6,2356.2,2305.2,2512.5,2471,2415.5,2689.8,2521.7,2481.2,2414.3,2323,2750.4,2753,2550.6,2595.3,2571.1,2814.9,2871.8,2748.1,2748,2777,2785.4,2919.1,2482.2,2703.6,2611.2,2650.9,2707.2,2616.3,2594.9,2820.7,2851.1,2856.2,1798.2,1909,1969.2,1870.5,1813.4,1629.1,2020.3,1945.3,1866.4,1799,1737.6,1695.6,1666.3,1642.3,1582.3,1615,2075,2004.3,1929.7,1877.8,1856.4,1834.5,1762.2,1731.2,1704,1685.2,2119.4,2059.4,1985,1932.6,1824.6,1792.8,1766.3,1744,2057.3,2115.7,1999.8,1932.7,1894.1,1868.8,1837.7,1823.1,2197.2,2128.2,2060.4,2003.1,1973.2,1949.5,1934.3,1910.6,2180.3,2115.6,2061.5,2027.7,1993.3,1974.6,2286.9,2225.8,2172.9,2110.4,2077.8,2051.8,2339.5,2325,2220.6,2194.5,2051.5,2358.2,2286.1,2204.2,2157.4,2339,2260.6,2221.1,2269.3,2388,1889.8,2050.8,2318.4,2174.6,2145.2
882.02,1019.2,727.67,841.26,993.47,1192.1,1277,1374.6,1464.4,1553.6,631.93,727.96,823.36,995.29,1153,1254.6,1331.3,1454.8,1543.3,571.44,428,535.89,737.74,846.35,943.28,1050.5,1152.3,1317.6,1452.6,1455.5,371.06,580.61,743.43,842.06,848.59,979.1,1169.7,1318.8,1466.3,1124.3,1140.4,838.63,886.62,813.12,809.26,707.74,723.53,568.68,577.01,705.77,362.08,560.43,654.36,425.02,512.25,628.81,629.73,471.87,546.96,626.26,168.31,306.35,311.49,103.32,194.43,735.27,780.83,832.69,724.7,797.74,858.11,1102.7,1218.7,1400.5,1511.4,818.89,998.52,1174.9,1286.6,1476.6,937.88,1348,1635.3,1651.5,1346.5,1505,1017.1,1722.1,1631.2,1573.7,2173.6,1760.4,1904.3,2040.8,2110,1620.6,1767.9,1925.3,2052.8,2119.5,1663.6,1790.6,1943.2,2105.9,1849.9,1971.3,1986.8,2137.4,1876.3,2003.9,2069.2,2156.6,2168,2247.5,1922.9,2084.2,2180.5,1853.2,1953.8,2045.9,2109.7,1924.7,2056,2295.4,2211.4,1800.8,1664.8,1899.3,2004.6,2078.3,2224.3,1836.7,2006.1,2082.3,2145,2178.9,1636.1,1812.6,2064,2214.3,1603.4,1811,1890.8,2028.6,2085.5,2147.4,1983.5,2118.7,1658.2,1953.5,2100.9,1803.8,2080.4,2031.1,1612.1,1753.8,1902.4,2068.9,2344,2327.1,2328.8,2216.9,2211.2,2214.3,0,98.082,188.16,489.25,159.4,91.984,169.04,290.8,378.21,518.41,659.61,232.12,202,237.03,287.87,456.18,532.85,313.06,320.41,328.25,434.05,564.41,667.99,288.48,653.19,366.48,458.97,548.81,646.96,716.49,787.01,625.8,466.28,437.03,508.41,726.68,795.85,750.71,865.43,776.71,887.25,811.77,949.15,862.36,1013.5,899.58,982.87,1085,1161.2,963.16,1035.6,1113.2,1008,1076.9,1152.3,1207.1,1214.5,1050.8,1127.2,1173,1235.2,1271.7,1100.4,1174.3,1171.7,1220.5,1290.6,1339,1354,1296.5,878.56,1049.3,1189.6,1334.8,1519.8,948.97,1243.4,1350.9,1436.3,1038.1,852.77,871.87,1002.5,1119.4,1474,922.39,1026.8,1141.2,1267.4,1388.5,1498,1596.2,1709.7,1663.8,1822.2,969.7,1066.5,1177.2,1271.6,1351.3,1435.6,1529.2,1625,1734.5,1830.9,1013.7,1098.9,1213.5,1311.2,1554.2,1651.6,1757.3,1854.2,1256.5,1202.8,1360.5,1478.6,1588.8,1683.5,1788.8,1875,1180.7,1287.5,1402.3,1526.8,1611.1,1669.4,1728.8,1819.5,1333.9,1444.2,1560.2,1667,1760.3,1845.4,1332.8,1370.7,1485.7,1596.9,1691.4,1792,1327.7,1390.5,1541.5,1596.3,1910.1,1491.5,1557.8,1675.4,1756.5,1607,1717.5,1786.6,1805.2,1652.7,1894,1237.4,1225.6,1040.4,1102.1
819.25,950.28,660.4,770.15,918.69,1114.2,1198.3,1295.4,1384.1,1473.2,548.68,650.24,742.98,913.27,1069.9,1172.6,1247.8,1370.8,1460.7,473.43,335.26,446.01,645.89,757.06,855.1,963.15,1064.2,1229.7,1366,1367.2,276,484.1,647.79,748.22,752.66,885.11,1077.1,1226.8,1374.8,1047.7,1067.1,861.01,930.99,860.75,812.91,714.36,772.12,618.86,612.89,746.03,376.05,559.94,646.25,404.82,484,601.36,583.99,428.02,490.98,568.38,189.45,223.77,261.12,130.55,131.8,703.86,723.35,869.47,626.62,699.72,760.68,1005.2,1121.6,1303.3,1415.9,722.31,900.58,1077.2,1188.6,1378.6,842.42,1250.1,1537.2,1553.8,1252,1407.1,919.08,1624.1,1533.8,1476.3,2076.1,1667.3,1811.1,1947.9,2017.1,1525.3,1672.8,1830.5,1958.2,2025.1,1566.5,1694.3,1847.1,2010.2,1752.7,1874.6,1889.6,2040.7,1778.5,1906.3,1971.6,2059.3,2070.4,2151.4,1824.8,1986.2,2082.7,1755.3,1855.7,1947.8,2011.6,1827.1,1958.1,2197.6,2113.4,1702.7,1587.7,1823.4,1928.7,2002,2148,1757.7,1927.5,2003.7,2067.2,2099.8,1554.3,1731.1,1983.1,2133.6,1518.5,1726.1,1807.1,1944.9,2002.7,2064.4,1898.6,2033.9,1571.1,1866.7,2014.3,1714.8,1992.3,1941.7,1521,1663,1811.6,1978.1,2275.1,2255.6,2255.8,2140.6,2132.3,2133.6,98.082,0,91.417,393.08,213.82,128.89,96.773,193.33,284.8,425.2,566.13,266.06,197.29,185.27,202.43,374.01,446.95,302.03,282.3,264.56,364,492.83,581.63,214.35,581.83,324.1,408.58,495.4,586.66,672.86,751.22,618.47,463.02,418.57,475.42,648.73,714.8,679.78,788.26,710.92,814.05,753.53,880.18,810.34,948.17,858.02,930.77,1024.4,1094.9,922.11,986.69,1056.4,984.22,1030.8,1099.4,1147.1,1148,1030.9,1101.6,1125,1188.2,1221.1,1084,1158.4,1142.4,1188.1,1256.5,1302.8,1329.3,1238.4,868.52,1013.7,1149.7,1292.2,1462.8,918.2,1216.6,1320,1400.7,946.17,764.5,787.11,913.22,1028.3,1378.8,840.75,940.97,1052,1176,1295.5,1403.9,1501.5,1614.5,1567.9,1726.4,891.26,983.45,1090.4,1182.7,1261.5,1344.9,1436.5,1531.4,1640.1,1736,937.69,1018.6,1128.8,1224,1462.9,1559.2,1663.9,1760.1,1174.7,1124.4,1275.5,1390.6,1499,1592.6,1696.6,1782.1,1107.1,1208.7,1319.3,1440.6,1523.4,1580.6,1639.1,1728.7,1257,1363,1475.7,1580.4,1671.9,1755.9,1261.5,1295.4,1406.3,1513.6,1606.1,1704.9,1259.4,1320.1,1463.2,1516.2,1821.8,1420.6,1482.1,1594.5,1672.9,1532.7,1638,1704.7,1724.8,1579.8,1802.3,1258,1267.1,1074.8,1132.8
787.16,909.54,624.76,728.18,870.71,1061.2,1143.9,1239.9,1326.9,1415.8,492.42,600.77,688.71,855.47,1009.8,1113.8,1186.7,1308.6,1400.4,386.39,265.8,380.11,574.06,689.05,788.39,897.25,996.82,1162.2,1300.2,1298.9,202.3,403,568.17,672.05,672.01,808.23,1002.5,1152.9,1301.4,996.71,1020.1,910.18,995.86,928.24,847.41,752.6,840.82,689.88,674.63,809.33,428.27,595.09,673.05,427.93,496.27,611.13,575.21,426.33,473.04,546.08,258.94,183.15,263.73,210.41,145.22,707.7,698.71,929.35,538,612.32,675.87,919.95,1037.6,1218.6,1335.3,631.03,810.82,986.84,1100.6,1290.2,751,1160.2,1448,1463.5,1173.6,1317.2,831.24,1534.4,1443.1,1385.6,1985.5,1590.9,1734.4,1871.6,1940.9,1445.1,1593,1751,1879.1,1946.2,1482.2,1611.8,1765.1,1928.8,1668,1791,1804.9,1957.2,1691.9,1820.2,1885.7,1974.4,1984.6,2069.2,1736.6,1898.9,1996.1,1665.4,1766.6,1858.9,1922.9,1736.6,1868.1,2110.8,2025.1,1613.8,1534.3,1771,1876.2,1948.9,2094.9,1701.6,1871.6,1947.7,2012.1,2043.2,1494.8,1671.6,1924,2074.8,1454.9,1662.1,1744.7,1882.4,1941.3,2002.7,1834.3,1969.8,1504.2,1799.9,1947.8,1644.9,1923.6,1871.2,1448.2,1590.4,1738.9,1905.1,2230.5,2208.1,2206.5,2087.3,2075.7,2074.8,188.16,91.417,0,301.68,273.39,192.67,73.756,102.79,194.37,334.53,475.2,305.45,214.4,155.18,122.56,292.36,361.2,298.6,253.3,208.06,294.95,419.41,494.86,149.34,507.53,286.92,358.45,439.55,522.47,623.04,707.63,603.89,456.97,399.99,440.27,568.21,631.53,605.01,707.74,640.41,736.62,689.37,805.94,751.29,876.7,808.01,870.76,956.58,1021.9,872.04,929.18,991.63,949.35,975.54,1037.8,1079.2,1074.8,999.19,1064.2,1067.6,1131.3,1161,1055.3,1129.5,1101.5,1144,1210.8,1255,1291.6,1171.9,847.44,967.87,1099.3,1238.8,1396.7,877.49,1177.6,1276.8,1353,855.68,676.07,700.93,824.03,938.14,1287.4,756.66,853.8,962.77,1085.7,1204.5,1312.7,1410.1,1523.1,1476.5,1635,809.42,898.11,1002.5,1093.6,1171.9,1254.8,1345.6,1440.3,1548.8,1644.6,857.58,935.09,1042.3,1135.8,1372.5,1468.4,1572.9,1668.8,1090,1042.1,1188.6,1301.8,1409.4,1502.4,1605.9,1691.1,1028.4,1126,1233.6,1352.9,1434.7,1491.4,1549.5,1638.5,1175.6,1278.4,1388.9,1492.4,1582.9,1666.2,1184.2,1215.2,1322.9,1427.7,1518.8,1616.5,1184.7,1243.4,1380.7,1432.3,1732.8,1343.4,1401.3,1510,1586.6,1452.9,1554.5,1619.5,1640.4,1500.9,1711.7,1303.3,1328.4,1131.8,1186.6
747.06,827.51,591.53,657.64,763.76,923.39,997.07,1085.6,1163.6,1249.2,402.94,517.99,573.51,709.94,846.03,950.79,1011.8,1126,1223,138.68,221.18,282.19,392.44,512.29,609.03,714.52,802.97,962.45,1103.8,1092.1,203.35,202.31,343.53,456.21,432,579.83,776.8,926.24,1074.2,869.74,907.57,1106.5,1230.3,1170.7,1007.7,927.99,1088.2,946.41,910.87,1044.5,660.45,774.33,824.51,599.89,630.94,723.25,638.91,538.44,528.21,572.35,535.28,308.59,434.99,501.63,387.58,792.39,694.27,1152.6,256.12,335.54,412.16,647.25,768.94,945.03,1077.6,329.73,516.73,689.1,813.31,1000.3,449.55,863.88,1154.2,1165.6,927.63,1021,546.85,1238.5,1143.6,1086,1686.3,1347.7,1489,1626.8,1695.9,1188,1336.2,1494.5,1623.2,1690.9,1208.3,1344.5,1498.6,1664.2,1391.8,1518.4,1527.8,1684.6,1408,1537.8,1603.7,1696,1703,1801.1,1446.4,1611.6,1711.2,1369,1472.5,1565.6,1630.4,1438.1,1570.7,1825.1,1734.2,1320.9,1380.3,1617,1720.2,1789.8,1933.8,1534.7,1703.3,1777.9,1845.2,1869.9,1318.9,1492.6,1743.5,1893.4,1263.4,1466.1,1553.7,1689.2,1751.9,1811.2,1635.3,1769.8,1299.4,1591.5,1739.1,1426.5,1707,1647.9,1220.7,1362.3,1508.7,1672.8,2098.8,2066.2,2058.1,1926.1,1902.6,1893.4,489.25,393.08,301.68,0,539.9,474.17,334.67,201.08,117.71,62.032,180.92,538.11,436.37,333.07,221.33,162.86,149.26,452.66,367.2,276.05,241.45,277.72,239.93,254.02,336.64,360.07,352.8,380.02,402.39,548.61,646.61,657.64,561.36,483.44,460.28,349.32,388.86,415.48,476.2,469.1,520.13,543.34,601.4,621.84,681.54,711.23,727.45,774,813.8,769.81,792.7,820.98,899.61,845.6,878.47,891.69,863.84,957.8,998.69,924.21,987.41,1003,1021.1,1091.3,1021,1049.9,1107.4,1142.3,1215.3,986.77,853.53,875.82,982.51,1104.9,1207.7,811.25,1100.6,1180.5,1237.7,560.81,397.2,435.99,537.56,644.9,986.02,502.11,578.81,674.77,790.87,905.97,1012.5,1109.1,1221.6,1174.8,1333.3,565.31,632.37,721.55,805.16,880.62,961.1,1047.5,1140.6,1248.1,1343.3,620.71,678.2,767.66,852.15,1077,1170.6,1273.4,1368.3,824.12,789.08,910.93,1014.5,1117.2,1207.5,1308.4,1392.3,793.26,869.57,961.53,1070.4,1147.5,1201.2,1257.2,1343.5,924.46,1011.3,1110.7,1207.8,1293.5,1373.9,952.18,968.89,1060.9,1152.9,1237.5,1330.1,963.5,1012.8,1121.6,1166.8,1443.3,1108.9,1150.1,1241.5,1309.8,1205.6,1289.9,1347.2,1372,1256.9,1414.8,1478.3,1548,1342.7,1387.7
1031.3,1163.9,873.55,983.91,1132.4,1327.2,1411,1507.8,1596,1685,760.19,863.61,955.42,1124.7,1280.4,1383.8,1457.9,1580.3,1671.3,648.2,538.67,652.36,847.43,962.2,1061.3,1170.1,1270,1435.4,1573.1,1572.2,475.63,673.25,838.76,944.4,941.33,1080,1275.1,1425.7,1574.3,1261.1,1280.8,979.99,1007.2,930.82,961.63,859.33,841.47,688.01,710.85,833.22,514.39,715.77,811.42,584.38,671.57,788.2,786.43,628.65,699.5,778.05,324.35,437.08,465.1,261.61,340.26,894.57,933.11,961.94,792.46,870.07,939.39,1181.3,1301.1,1480.3,1603.2,862.51,1056.3,1226,1353.1,1540.1,971.41,1401.6,1693.1,1701.1,1444,1558.5,1085.7,1775.9,1676.2,1618.7,2218.3,1862.3,2005.6,2143,2212.3,1713.4,1861.6,2019.8,2148.2,2215.5,1744.1,1876.9,2030.6,2195.2,1928.8,2053.8,2065.3,2220.2,1947.5,2077,2142.8,2234.1,2242.1,2334.3,1986.1,2151.5,2250.9,1905.7,2011,2104.3,2169.4,1971.8,2106.2,2365,2273.6,1860,1800.7,2036.7,2142,2215.2,2361.2,1970.1,2140,2216.1,2279.9,2312,1765.3,1942.1,2194.3,2345,1727.2,1934.6,2016.6,2154.3,2212.8,2274.3,2106.9,2242.3,1777.4,2073.1,2220.9,1918.2,2197,2144.5,1721.1,1863.5,2011.9,2178,2488.8,2469.4,2469.5,2353.7,2344.5,2345,159.4,213.82,273.39,539.9,0,84.971,212.08,365.55,422.18,551.92,688.55,81.222,121.21,216.39,318.7,457.52,539.4,205.29,253.18,304.77,408.88,532.51,669.7,293.78,616.33,298.3,393.59,482,587.68,626,683.12,492.1,333.94,324.78,411.32,702.63,777.82,709.26,835.46,723.54,847.23,743.04,898.44,781.48,953.94,801.56,899.81,1015.3,1101.8,863.31,946.46,1036.2,885.44,982.81,1068.3,1134.8,1154.6,923.58,1005.5,1080.8,1140.9,1182.6,969.04,1042,1053.9,1106.2,1177.7,1228.4,1229.7,1219.9,743.27,940.8,1085.3,1233,1439.3,835.48,1122.1,1233.8,1324.4,1051.9,855.5,862.67,1006.2,1128.6,1500.6,903,1018.2,1142.6,1276.2,1403.7,1517.4,1618.7,1735.1,1694.5,1851.1,940.8,1048.6,1169.6,1270.6,1352.9,1439.9,1541.7,1641.3,1754.4,1853.8,977.93,1073,1198.5,1303.4,1560.5,1662.2,1771.8,1872.4,1232.6,1170.3,1345.1,1472.5,1588.4,1687.2,1797.3,1886.6,1136.7,1255.1,1380.5,1513.8,1603,1664.9,1727,1822,1296.1,1417,1541.7,1654.7,1753.7,1842.7,1281.9,1328.5,1453.1,1574.2,1674.7,1780.6,1270.1,1337.2,1505.4,1564.8,1902.2,1438.4,1515.2,1645.5,1733.9,1560.6,1683.3,1758.8,1773.5,1603.1,1900.2,1377.9,1346.6,1170,1234.9
947.2,1079.1,788.98,899.03,1047.4,1242.4,1326.3,1423.2,1511.5,1600.6,675.71,778.69,870.73,1040.3,1196.3,1299.5,1373.9,1496.5,1587.2,574.54,456.17,569.24,765.94,879.67,978.52,1087.1,1187.4,1352.9,1490.1,1489.9,393.91,595.24,760.59,864.71,864.08,1000.9,1195.1,1345.4,1493.9,1176.2,1195.9,930.26,973.84,899.38,900.79,799.44,809.71,654.9,667.17,794.6,453.88,651.22,744.05,510.89,595.84,713.08,705.81,548.39,616.64,694.82,259.68,352.15,383.32,193.87,256.75,818.29,849.9,922.12,722.38,798.75,865.44,1108.7,1227.5,1407.7,1527,801.49,990.52,1163.1,1284.8,1473.1,914.84,1338,1628.2,1639.4,1366.1,1495.2,1016.2,1712.6,1616.3,1558.7,2159,1783.5,1927.1,2064.2,2133.6,1637,1785,1943.1,2071.3,2138.4,1671.5,1802.5,1956,2120.1,1856.8,1980.7,1993.5,2147.1,1878.1,2007,2072.7,2162.7,2171.8,2260,1919.5,2083.6,2181.9,1843.1,1946.6,2039.6,2104.2,1911.4,2044.6,2296.4,2207.6,1794.8,1715.9,1951.8,2057.1,2130.4,2276.4,1885.4,2055.3,2131.5,2195.1,2227.5,1681.1,1857.9,2110,2260.7,1643.7,1851.2,1932.9,2070.7,2128.9,2190.5,2023.6,2159,1694.7,1990.4,2138.2,1836.5,2114.9,2063.1,1640.5,1782.8,1931.3,2097.6,2403.9,2384.5,2384.6,2268.9,2259.9,2260.7,91.984,128.89,192.67,474.17,84.971,0,139.71,289.56,357.35,492.93,632.58,144.52,113.77,173.95,256.46,411.52,492.02,223.38,241.66,268.02,375.55,504.51,625.76,241.85,591.8,288.59,383.72,474.05,575.93,634.57,701.34,534.09,374.49,347.83,423.34,671.78,744.26,687.88,808.42,708.95,825.7,737.91,883.12,784.2,943.93,815.89,904.27,1011.6,1092.1,879.05,955.01,1037.1,918.26,994.77,1073.7,1132.9,1145.3,960.25,1037.7,1091.6,1153.3,1191.5,1009.2,1083,1083.1,1132.8,1203.3,1252.3,1264.1,1220.9,786.88,962.91,1104.5,1250.6,1442.9,861.15,1154.1,1262.6,1349.3,1004.1,812.11,825.07,962.93,1083.1,1448.1,870.69,980.9,1100.8,1231.2,1356,1468,1568.1,1683.4,1640.5,1798,913.59,1016,1132.2,1230.2,1311.4,1397.3,1495.5,1593.5,1705.1,1803.3,954.53,1044.6,1164.8,1266.3,1517.1,1617,1724.9,1823.9,1203.5,1145.6,1311.9,1434.9,1548.2,1645.2,1753.2,1841.1,1118.2,1230.6,1350.6,1479.7,1566.6,1626.8,1687.6,1780.7,1274.5,1390,1510.4,1620.4,1716.7,1803.9,1267.6,1309.4,1429,1545,1642.6,1746,1259.6,1324.4,1483.2,1540.3,1865.9,1425.6,1496.5,1620.1,1704.8,1544.1,1660.3,1732.5,1749.3,1588.5,1857.2,1329,1313.2,1130,1192.5
860.89,983.06,698.52,801.68,943.45,1132.9,1215.1,1310.8,1397.3,1486,564.07,673.53,760.42,926.01,1079.5,1183.8,1255.7,1377.1,1469.6,436.55,334.44,449.2,639.08,755.82,855.57,964.62,1063.3,1228.5,1367.2,1364.5,269.9,461.61,627.07,733.6,729.33,868.74,1064.4,1215.1,1363.9,1068.8,1092.9,955.21,1027.8,957.48,901.71,804.61,868.81,715.39,709.4,842.71,470.31,648.56,731.1,486.86,560.08,676.24,645.69,494.49,545.09,618.91,286.15,256.7,329.25,226.74,203.33,775.02,771.95,965.88,582.99,659.75,727.75,970.3,1089.7,1269.4,1391.2,662.82,850.83,1023.7,1145.2,1333.4,777.84,1198.5,1488.6,1500.2,1232.1,1355.7,876.74,1573.1,1477.5,1420,2020.3,1650.7,1793.9,1931.3,2000.7,1501.3,1649.5,1807.7,1936.1,2003.4,1533.2,1665.2,1818.9,1983.3,1718.2,1842.7,1854.9,2009,1738.7,1867.8,1933.5,2023.9,2032.7,2122.7,1779.8,1944,2042.5,1703.6,1807,1899.9,1964.5,1772.4,1905.3,2156.8,2067.9,1655.1,1605.6,1842.5,1947.6,2020.2,2166.1,1772.1,1942.2,2018.1,2082.8,2113.4,1564.3,1741,1993.5,2144.3,1522.7,1729.7,1813,1950.5,2009.9,2071.1,1901.7,2037.1,1570.5,1866,2014,1709.3,1988.7,1935.1,1510.8,1653.2,1801.5,1967.5,2303.4,2280.5,2278.5,2158.5,2145.9,2144.3,169.04,96.773,73.756,334.67,212.08,139.71,0,153.64,218.4,355.98,496.65,234.72,140.91,91.924,120.65,287.14,364.25,227.18,191.42,167.93,269.25,399.02,499.35,120.65,488.08,230.49,312.32,398.7,490.15,577.08,657.02,537.41,387.16,334.32,383.42,558.6,627.04,585.98,697.72,615.5,721.36,656.92,785.83,713.6,852.79,762.36,834.01,928.17,999.82,826.48,890.05,959.75,893.3,934.4,1002.6,1050.8,1053,941.35,1009.8,1028.4,1091.6,1124.4,995.91,1070.2,1049.4,1094.1,1162.1,1207.9,1237.5,1141.9,784.11,919.12,1054.1,1196.1,1366.2,825.07,1124.3,1226.3,1305.8,872.28,684.62,702.87,834.75,952.77,1312.5,753.52,857.93,973.3,1100.9,1223.6,1334.3,1433.5,1548.1,1504,1661.9,801.61,897.49,1008.4,1103.6,1183.6,1268.4,1363.7,1460.6,1571.2,1668.6,846.55,930.37,1044.5,1142.5,1387.5,1485.9,1592.5,1690.5,1087.7,1034.8,1191.5,1310.1,1421,1516.4,1622.7,1709.6,1014.7,1119.4,1233.4,1357.9,1442.5,1501.2,1560.9,1652.3,1166.4,1275.5,1391.2,1498.2,1591.9,1677.5,1168.2,1204,1317.4,1427.9,1522.4,1623.2,1165,1226.4,1373.6,1427.9,1741.6,1327.2,1390.9,1506.8,1587.5,1440.8,1549.2,1617.8,1636.7,1487.3,1727.5,1351.3,1363.7,1170.9,1228.2
743.86,855.04,580.18,674.38,808.45,992.14,1072.9,1167.4,1252.3,1340.7,426.28,540.37,621.29,782.41,933.38,1038.3,1108.4,1228.8,1322.3,285.28,191.95,305.13,487.82,606.01,706.04,815.15,912.73,1077.6,1216.9,1213,128.06,308,473.44,580.33,575.78,715.2,911.1,1061.9,1210.7,930.1,957.77,956.77,1059.8,995.65,878.25,788.85,910.21,763.14,737.77,872.78,486.66,630.96,698.12,456.74,510.45,618.85,563.1,428.32,454.07,519.25,340.15,167.89,284.3,301.71,199.9,706.59,665.38,987.94,435.6,510.54,575.92,819.41,937.92,1118.3,1238,529.3,708.04,884.11,998.38,1187.7,650.54,1057.4,1345.3,1360.7,1078.5,1214.5,729.1,1431.6,1340.5,1283,1882.9,1497,1640.2,1777.7,1847,1348.1,1496.2,1654.4,1782.7,1850,1382.1,1513,1666.5,1830.7,1567.6,1691.2,1704.4,1857.6,1590.3,1718.8,1784.4,1873.7,1883.4,1970.4,1634.2,1796.9,1894.4,1562.7,1663.9,1756.2,1820.3,1633.9,1765.3,2009,1922.7,1511.1,1463,1700.4,1805.2,1877.2,2022.9,1627.2,1797.3,1873,1938.4,1967.7,1417.5,1593.8,1846.4,1997.2,1373.3,1579.9,1663.9,1801.3,1861.3,1922.2,1751.6,1887,1419.4,1714.7,1862.8,1556.9,1836.5,1782.4,1357.7,1500.1,1648.3,1814.2,2167.2,2141.8,2138.3,2015.3,2000.3,1997.2,290.8,193.33,102.79,201.08,365.55,289.56,153.64,0,105.19,239.79,378.36,384.5,284.95,196.42,95.415,225.74,281.35,343.8,276.63,201.69,254.66,363.67,410.02,144.2,447.54,296.24,343.8,411.89,479,598.11,689.35,623.03,490.11,422.45,440.95,495.63,552.81,542.31,633.58,584.28,667.7,642.44,741.76,711,816.39,779.57,827.66,901.23,958.41,842.71,889.06,940.61,938.77,938.1,991,1023.1,1010.6,992.01,1049.5,1026.4,1090.4,1115.6,1051.1,1124.6,1082,1120.2,1184.3,1225.7,1274.9,1117.2,854.63,943.15,1067.4,1202.1,1341.6,860.39,1159.9,1253.1,1323.3,759.54,585.9,615.73,731.54,842.88,1187,675.4,765.86,869.91,989.74,1106.5,1213.5,1310.2,1422.5,1375.2,1533.8,732.1,813.75,912.66,1000.7,1077.8,1159.6,1247.9,1341.5,1449.2,1544.4,783.08,854.08,955.01,1045.1,1276.3,1370.9,1474.3,1569.4,1006.2,962.93,1100.4,1209.6,1315,1406.6,1508.6,1593,955.55,1045.9,1147.7,1262.9,1342.7,1398,1455.1,1542.7,1097.5,1194.6,1300.8,1401.6,1489.9,1571.8,1113.2,1139.1,1241.2,1341,1429.4,1524.9,1117.4,1173.1,1300.1,1349.4,1639.8,1272,1323.8,1426,1499.2,1377,1472.1,1534,1556.6,1426.3,1614.8,1342.9,1386.8,1185.8,1236.6
786.57,883.86,624.79,706.85,828.31,1000.6,1077.9,1169.5,1250.8,1337.8,450.89,568.14,637.64,787.58,931.41,1036.7,1101.9,1219.1,1314.9,238.66,227.71,324.64,476.81,597.85,697.13,805.03,897.88,1060.2,1201.1,1192.4,178.84,284.88,442.72,554.56,538.01,683.78,881.31,1031.7,1180.2,942.69,975.8,1057,1164.1,1100.5,972.67,885.89,1015.2,868.33,842.23,977.17,590.88,728.66,790.91,553.38,600,703.48,635.94,513.06,524.62,581.82,444.22,257.78,381.41,402.52,305.03,784.77,719.12,1091.4,372.19,451,524.93,763,884.18,1061.3,1191.1,444.42,634.32,805.82,930.99,1118,560.4,980.91,1271.6,1282,1038.2,1138,664.19,1355.5,1259.2,1201.6,1801.9,1458.4,1600.3,1738.1,1807.4,1301.6,1449.9,1608.3,1736.9,1804.5,1324.9,1460.1,1614.1,1779.5,1508.7,1634.9,1644.9,1801.1,1525.6,1655.3,1721.2,1813.2,1820.5,1917,1564,1729.3,1828.9,1485.8,1589.9,1683,1747.9,1554.1,1687.2,1942.8,1851.8,1438.4,1465.4,1702.8,1806.8,1877.6,2022.5,1624.3,1793.8,1869,1935.5,1962.2,1410.7,1585.8,1837.7,1988.1,1359.8,1564.4,1650.7,1787.1,1848.8,1908.8,1734.8,1869.7,1399.8,1693.5,1841.5,1531,1811.4,1754,1327.2,1469.3,1616.4,1781.2,2178.4,2149.1,2143,2014.8,1994.9,1988.1,378.21,284.8,194.37,117.71,422.18,357.35,218.4,105.19,0,140.43,281.52,422.1,320.01,217.39,103.7,129.1,176.48,345.97,264.01,173.59,179.78,269.09,305.09,139.9,348.86,266.58,285.27,337.41,390.09,520.61,615.57,584.15,470.11,395,390.92,391.56,447.67,441.49,528.92,486.28,564.18,549.06,639.57,621.1,715.44,697.04,735.22,802.14,856.02,759.02,798.05,843.43,868.32,848.49,895.81,923.43,907.96,923.87,974.95,934.24,998.2,1020.7,985.02,1057.4,1003.7,1038.7,1100.7,1140,1197.8,1017.9,800.21,861.98,980.74,1111.9,1241.9,785.51,1082.6,1171.2,1237.1,661.41,482.92,511.04,630.05,743.78,1096.1,570.25,662.03,768.72,891.32,1010.8,1119.8,1218,1331.8,1286.7,1444.8,626.99,708.99,809.69,899.53,977.6,1060.5,1151.7,1247,1356.3,1452.8,678.25,748.94,851.02,942.58,1178.2,1274.4,1379.4,1476,901.42,857.74,996.79,1108,1215.1,1308,1411.8,1497.4,850.87,940.73,1043.4,1160.1,1241,1297.2,1355.2,1444.1,992.36,1089.8,1197.2,1299.2,1388.9,1471.9,1008.7,1034,1136.1,1236.9,1326.3,1423,1013.8,1068.7,1195,1244.5,1538.8,1167.4,1218.6,1321.3,1395.4,1271.9,1367.1,1429.7,1451.9,1321.3,1517.5,1439.9,1489.8,1287.9,1337.5
804.39,880.17,650.51,712.97,813.8,967.35,1038.9,1125.5,1201.2,1285.8,460.1,573.78,624.68,754.56,885.77,989.83,1047.9,1159.7,1257.3,181.57,283.09,341.66,436.38,554.04,648.38,751.6,836.38,992.95,1134.2,1119.8,262.19,252.12,378.05,489.52,457.95,606.43,801.52,949.28,1096,915.91,955.67,1165.1,1285.1,1224.3,1068.3,987.64,1140.8,997.06,964.68,1098.8,713.53,833.23,885.15,658.32,691.63,784.93,700.93,599.5,590.24,634,579.42,364.52,491.37,541.04,434.89,854.43,754.25,1208.7,267.33,346.6,428.26,653.91,776.47,948.6,1088.2,310.69,508.66,674.66,808.8,992.65,422,850.48,1142.6,1149.2,943.89,1007.1,547.26,1224.4,1124.5,1067,1666.9,1362.9,1502.8,1640.4,1709.4,1198.3,1346.1,1504,1632.6,1700.3,1210.5,1349.5,1503.6,1669.6,1392,1520.3,1527.3,1686.1,1403.6,1534,1600.1,1694.4,1699.4,1804.6,1437.2,1604.4,1705.5,1353.9,1459.9,1553.5,1618.9,1420,1554.2,1818.8,1723.9,1309.7,1418.9,1654.8,1757.3,1826.2,1969.5,1570.1,1738,1812.1,1879.8,1903.2,1353.1,1525.5,1775.3,1924.7,1294.2,1495.1,1583.6,1718.2,1781.6,1840.3,1663,1796.8,1326.7,1616.8,1763.9,1449.5,1729.6,1668.8,1241.6,1382.5,1527.8,1690.6,2139.8,2105.4,2096,1961.7,1935.7,1924.7,518.41,425.2,334.53,62.032,551.92,492.93,355.98,239.79,140.43,0,141.2,540.95,441.31,338.12,236.48,127.95,91.302,442.09,355.11,267,209.47,222.73,180.58,258.81,276.24,340.28,317.65,333.11,345.82,494.56,592.74,620.2,535.79,457.08,423.28,287.5,329.26,353.54,415.86,407.55,458.81,482.67,539.72,561.78,619.68,653.12,666.21,712,752.64,710.92,731.61,758.95,844.81,784.69,816.54,829.83,802.92,903.55,941.85,862.63,925.75,941.07,967.3,1036.7,962.77,990.58,1047.4,1081.8,1156.9,924.91,805.87,817.25,921.98,1043.5,1146,755.31,1042.5,1120.7,1176.9,521.16,347,381.18,491.76,603.85,956.67,445.26,527.91,630.12,751.19,870.36,979.57,1078.1,1192.3,1148.1,1305.9,506.95,578.75,673.43,760.91,838.25,920.59,1011.3,1106.6,1216.2,1313,561.57,622.59,717.16,805.47,1038,1134,1239,1335.8,771.08,733.01,861.8,969.84,1075.6,1168,1271.4,1357,734.41,814.38,910.55,1023.4,1102.9,1158.3,1215.7,1304.1,868.33,958.9,1062.1,1161.9,1250.2,1332.5,893.29,912,1007.3,1103.1,1190.1,1285.2,903.51,953.81,1067.4,1114.2,1400.1,1050.5,1094.4,1189.8,1260.8,1149.2,1237.2,1296.7,1320.4,1200,1377.2,1538.8,1605,1400.4,1446.3
838.45,891.19,697.23,738.77,815.73,946,1010.1,1090,1158.8,1239.8,502.84,605.47,635.45,739.15,853.05,953.56,1002.8,1107.1,1205.7,214,380.47,403.5,431.71,536.26,620.08,714.12,787.45,934.4,1073.9,1053.5,377.83,285.85,351.81,451.72,403.83,546.77,732.55,874.36,1017,902.5,948.23,1275.7,1406.8,1348.7,1168.5,1093.8,1267,1126.6,1088.8,1221.7,839.38,943.35,985.97,771.06,793.3,876.45,780.43,699.21,673.77,704.73,715.73,486.04,611.04,680.06,568.48,934.54,805.93,1327.3,201.59,268.65,353.99,552.48,674.37,838.3,988.01,182,387.74,543.92,688.35,867.27,282.89,719.7,1012.4,1014.8,855.33,875.3,437.99,1091.8,988.32,930.89,1530,1269,1406,1542.9,1611.2,1097,1243.3,1399.9,1527.9,1595.6,1096.5,1239.1,1392.7,1558.9,1274.8,1404.9,1408.7,1569.8,1280.6,1411.4,1477.5,1574,1576.7,1690.8,1308.9,1477.8,1580.4,1220.3,1328.3,1422.3,1488.1,1284.2,1419.4,1692.7,1594.1,1179.6,1377.5,1610,1710.2,1776.7,1917.7,1519.3,1684.5,1757,1825.6,1845.3,1300.5,1468.5,1714.6,1862.2,1233.7,1428.8,1519.1,1651,1715.8,1773,1593,1724.9,1257.6,1541.8,1687.3,1370.4,1648.7,1584.4,1159.7,1298.2,1440.5,1600.5,2102,2062.6,2049.9,1909.9,1877.7,1862.2,659.61,566.13,475.2,180.92,688.55,632.58,496.65,378.36,281.52,141.2,0,671.73,574.58,472.78,376.56,239.76,163.05,561.81,475.43,393.41,313.01,264.43,115.38,394.8,273,452.04,405.8,391.03,363.27,515.23,610.41,690.63,632.44,554.65,501.42,234.36,242.86,315.09,331.27,375.33,383.72,459.31,468.21,541.46,550.41,645.53,629.23,647.04,669.11,696.33,695.27,699.84,852.12,749.77,762.36,757.45,716.12,912.63,936.8,816.51,877.27,883.78,977.61,1042.6,948.91,968.38,1018.5,1046.8,1139.7,851.58,843.05,802.85,889.36,997.55,1066.2,758.41,1028,1093.8,1138.3,381.18,220.23,267.06,356.81,464.69,815.89,337.84,401.17,493.85,611.38,729.34,838.37,936.99,1051.4,1007.9,1165.5,405.73,458.3,541.41,624.26,700.07,781.27,870.4,965.46,1075,1172,463.91,507.96,589.04,671.42,897.99,993.23,1097.9,1194.6,648.28,619.28,731.13,833.58,936.98,1028.2,1130.8,1216,632.95,697.34,783.03,889.63,966.59,1020.6,1077,1164.3,754.2,834.13,930.6,1026.9,1112.8,1193.8,791.03,800.46,885.4,973.43,1056.8,1149.2,808.03,851.6,946.91,989.78,1262.6,944.79,978.35,1063.4,1129.7,1035.1,1112.8,1168,1193.7,1087.5,1236.7,1639.1,1720.4,1513.9,1556.3
1084,1211.8,923.73,1030.7,1175.5,1366.7,1449.3,1545.2,1631.9,1720.7,797.87,905.63,994.16,1160.5,1314.2,1418.5,1490.4,1611.7,1704.3,657.22,569.16,683.92,872.24,989.84,1089.7,1198.8,1297,1462,1601.1,1597.5,504.58,690.53,855.08,963.77,955.03,1097.5,1294.2,1445,1593.8,1302,1324.7,1060.6,1088.1,1011.5,1039.7,937.65,922.26,769,791.96,914.42,592.16,792.17,886.49,655.19,740.35,857.59,848.71,691.71,757.03,834.36,399.96,482.04,525.73,335.44,397.4,962.77,989.26,1043.2,794.01,873.04,946.54,1185,1306.3,1483.1,1612.6,850.33,1049.5,1214.5,1349,1533.6,952.84,1390.4,1682.9,1686.5,1457.4,1546.6,1084.4,1763.3,1659.3,1602,2200,1877.2,2019.8,2157.5,2226.8,1723,1871.4,2029.8,2158.4,2225.9,1746.4,1882.2,2036.2,2201.6,1929.7,2056.5,2065.6,2222.7,1944,2074.2,2140.2,2233.5,2239.5,2339,1978,2145.4,2246.3,1892.1,1999.6,2093.4,2159.1,1955.3,2090.9,2359.6,2264.5,1850.1,1839.7,2076.5,2181.6,2254.4,2400.3,2006.7,2176.7,2252.7,2317.3,2348,1799,1975.7,2228.2,2379,1757,1963.8,2047.4,2184.9,2244.4,2305.6,2135.7,2271.1,1803.8,2099.2,2247.2,1941.2,2220.9,2166.3,1740.9,1883.3,2031.3,2196.9,2534.7,2513.1,2511.8,2392.7,2380.6,2379,232.12,266.06,305.45,538.11,81.222,144.52,234.72,384.5,422.1,540.95,671.73,0,102.24,205.04,319.69,433.92,515.24,140.86,208.15,278.73,374.26,489.72,639.77,284.34,569.22,248.31,339.51,424.3,531.05,556.27,608.5,411.31,253.9,251.44,342.14,659.86,736.7,658.51,788.24,667.52,795.49,680.44,841.76,713.96,893.36,728.16,830.84,950.54,1040.5,789.11,875.27,968.8,805.74,909.95,998.3,1068.6,1092.9,843.14,925.81,1008.2,1067.6,1110.7,888.13,961,974.89,1027.9,1099.5,1150.7,1149.4,1151.9,662.15,864.01,1009.3,1157.4,1369.5,757.72,1042.4,1154.7,1246.3,1022.9,823.12,824.58,972.69,1096.8,1475.1,859.81,978.92,1107,1243.3,1373.2,1488.4,1590.8,1708.3,1670.4,1825.6,893.03,1004.8,1129.6,1233.1,1316.1,1404.1,1509.4,1610.4,1724.9,1825.4,926.89,1025.5,1155.1,1262.7,1525.1,1628.5,1739.7,1841.6,1185.1,1119.5,1300.8,1431.8,1549.9,1650.2,1762.3,1852.7,1081.2,1203.9,1333.3,1470,1561,1624.3,1687.4,1784.1,1242.5,1367.3,1495.4,1610.6,1711.8,1802.4,1223.2,1273,1401.1,1526,1628.7,1736.7,1208.9,1277.3,1451.8,1512.9,1859.5,1378.3,1458.9,1594,1685.2,1502.7,1630,1707.9,1721,1543.9,1863.7,1458.7,1427.4,1251.2,1316.1
1000.7,1123.9,838.77,942.55,1084.2,1272.8,1354.6,1450,1535.8,1624.4,704.18,814.3,900.49,1065,1217.4,1322,1392.9,1513.6,1606.8,555.04,472.8,587.45,772.61,890.96,990.98,1100.1,1197.6,1362.3,1501.8,1497.4,407.97,589.29,753.5,862.64,853.06,995.91,1192.8,1343.6,1492.5,1209.1,1233.6,1039.4,1087.3,1013,1003.1,902.89,923.36,768.53,779.02,907.43,558.84,751.36,840.71,601.29,681.3,798.66,778.01,623.54,680.81,756.14,364.48,396.33,456.53,298.26,327,900.89,910.05,1034.6,692.07,771,844.31,1083,1204.2,1381.2,1510.4,751.58,949.22,1115.8,1248.2,1433.4,856.82,1291.6,1583.9,1589.1,1355.3,1448.1,983.02,1665.2,1562.9,1505.5,2104.3,1775.2,1917.7,2055.4,2124.7,1620.8,1769.1,1927.5,2056.1,2123.7,1644.6,1780.1,1934.1,2099.5,1828.1,1954.7,1964.1,2120.9,1843.2,1973.3,2039.2,2132.1,2138.6,2237,1878.4,2045.2,2145.8,1794.3,1901.1,1994.7,2060.2,1858.8,1993.9,2259.3,2165.2,1751,1745,1982.2,2087.2,2159.6,2305.4,1910.7,2080.8,2156.7,2221.7,2251.6,1701.8,1878.4,2130.9,2281.7,1658.2,1864.8,1948.9,2086.2,2146.2,2207.1,2036.5,2171.9,1704,1999.2,2147.2,1840.4,2120.3,2065.2,1639.6,1781.9,1929.8,2095.3,2444.1,2421,2418.7,2297.8,2284.2,2281.7,202,197.29,214.4,436.37,121.21,113.77,140.91,284.95,320.01,441.31,574.58,102.24,0,103.59,217.45,339.64,421.54,111.22,134.4,185.17,287.89,411.41,550.11,183.21,495.74,180.83,276.8,366.55,470.81,521.78,587.58,426.76,268.56,235.03,309.73,581.46,656.61,589.43,714.68,605.82,727.51,629.72,780.67,673.09,838.43,702.41,792.78,903.12,986.56,765.46,842.54,926.85,806,881.68,962.09,1023.8,1039.6,849.04,925.18,978.79,1040.2,1079.1,899.22,973.25,969.98,1019.3,1089.7,1138.6,1152,1110.7,678.98,849.17,990.78,1137,1332,747.67,1041.4,1149.4,1235.7,932.94,735.46,741.65,885.98,1008.9,1383.1,781.81,897.14,1022,1156.2,1284.4,1398.6,1500.3,1617.1,1577.7,1733.7,820.05,927.37,1048.5,1149.7,1232.1,1319.4,1422,1522,1635.5,1735.3,857.87,952.1,1077.3,1182.2,1440.1,1542.1,1652.2,1753.1,1111.7,1050.1,1223.9,1351.4,1467.5,1566.5,1677,1766.5,1018,1135,1259.6,1392.6,1481.8,1543.8,1606,1701.2,1176.6,1296.4,1420.7,1533.5,1632.5,1721.6,1164.8,1209.7,1333.1,1453.4,1553.6,1659.4,1154.6,1220.7,1385.8,1444.7,1781,1322,1396.6,1525.2,1613.1,1442.8,1563.6,1638.4,1653.5,1486,1779.6,1438.1,1426.6,1242.3,1304.1
933.47,1049.4,770.04,868.27,1004.5,1188.5,1269,1363.2,1447.6,1535.8,622.46,735.81,817.69,978.38,1128.4,1233.4,1302.5,1422.1,1516.3,454.27,388.29,501.46,679.12,798.77,898.85,1007.8,1103.8,1267.8,1408,1402,324.01,492.33,655.12,765.41,753.2,897.34,1094.6,1245.3,1394.1,1126.5,1153.9,1046,1113.9,1042.5,993.64,896.48,953.42,799.21,797.35,929.84,561.01,740.48,822.71,578.2,649.94,765.49,729.97,581.49,626.53,698,373.84,334.23,418.01,311.64,294.25,862.78,849.03,1054.1,589,668.11,742.27,980.06,1101.4,1278.1,1408.5,648.64,845.7,1012.7,1144.6,1329.9,755.49,1188.6,1480.7,1486.7,1254.7,1345.2,879.54,1562.3,1461,1403.5,2002.8,1674.8,1817,1954.7,2024,1518.9,1667.2,1825.6,1954.2,2021.8,1541.4,1677.2,1831.3,1996.8,1724.7,1851.4,1860.7,2017.6,1739.7,1869.7,1935.7,2028.6,2035,2134,1775,1941.7,2042.2,1691.7,1798,1891.6,1957.1,1756.8,1891.6,2155.8,2061.9,1647.8,1659,1896.4,2001.2,2073.1,2218.6,1822.4,1992.4,2068.1,2133.7,2162.5,1611.7,1787.8,2040.3,2191,1565.4,1771.3,1856.3,1993.4,2054,2114.6,1942.6,2077.9,1609,1903.7,2051.8,1743.3,2023.6,1967.5,1541.2,1683.5,1831.1,1996.3,2363.6,2338.2,2334.6,2211,2195.1,2191,237.03,185.27,155.18,333.07,216.39,173.95,91.924,196.42,217.39,338.12,472.78,205.04,103.59,0,116.71,241.66,323.37,148.66,99.69,94.112,201.68,331.11,455.06,79.63,419,139.01,224.86,313.5,410,487.95,566.06,448.74,302.95,244.9,291.55,497.84,570.43,515.8,634.72,539.94,653.2,575.31,712.97,628.32,776.49,672.97,748.92,848.25,924.36,737.03,803.51,877.37,801.39,846.75,918.12,970.48,977.59,849.47,917.94,941.62,1004.5,1038.8,904.19,978.5,957.88,1003,1071.3,1117.6,1145.7,1060.4,693.49,828.47,964.59,1107.5,1284.1,733.57,1032.6,1135.1,1215.4,836.24,641.34,652.03,792.21,913.76,1284.2,696.8,807.89,929.43,1061.6,1188.2,1301.5,1402.5,1518.8,1478.2,1634.7,739.81,842.14,959.25,1058.3,1140,1226.5,1326.7,1425.8,1538.5,1637.7,781.35,870.69,991.15,1093.4,1346.7,1447.6,1556.6,1656.7,1029.6,972.07,1138.2,1262.2,1376.4,1474.1,1583.2,1671.9,946.26,1057,1176.7,1306.1,1393.5,1454.2,1515.5,1609.4,1101.5,1216.1,1336.5,1446.9,1543.8,1631.6,1097.1,1137,1255.4,1371.1,1468.8,1572.6,1091,1154.5,1310,1366.6,1692.9,1255.6,1324.2,1446.4,1530.9,1372.5,1486.8,1558.6,1575.6,1417.5,1686.7,1442.6,1451,1259.8,1318
838.51,947.35,674.89,767.24,898.32,1078.5,1158,1251.4,1334.8,1422.7,516.38,631.81,709.64,867.1,1015.3,1120.5,1188.5,1307.5,1402.2,337.88,282.53,392.61,564.09,684.26,784.26,893.03,988.34,1152,1292.4,1285.8,220.69,376.02,538.44,648.89,636.58,780.64,977.95,1128.6,1277.4,1017.8,1047.3,1028.1,1118.1,1050.7,958.5,866.13,963.37,812.4,796.56,931.39,548.84,708.06,780.71,536.63,596.78,707.79,656.69,518.17,548.43,614.47,381.2,258.68,366.08,329.98,261.63,798.21,760.78,1050.7,475.61,554.15,626.87,866.11,987.02,1164.7,1292.9,545.5,737.59,908.12,1034.6,1221.4,658.45,1083.5,1374.6,1383.9,1138.3,1240.5,767.87,1457.9,1360.2,1302.6,1902.8,1558.3,1700.7,1838.4,1907.7,1403.4,1551.7,1710.1,1838.7,1906.2,1428.3,1563,1717,1882.2,1612.2,1738.2,1748.5,1904.5,1629.3,1759,1824.9,1916.9,1924.2,2020.1,1667.4,1832.9,1932.5,1588,1692.7,1785.9,1850.9,1655.5,1789.1,2046.5,1955,1541.4,1547.3,1784.9,1889.4,1960.9,2106.3,1709.4,1879.2,1954.8,2020.7,2048.8,1497.7,1673.6,1925.9,2076.6,1450.1,1655.8,1741.1,1878,1938.9,1999.4,1826.9,1962.1,1492.9,1787.5,1935.5,1626.8,1907,1850.8,1424.5,1566.8,1714.4,1879.6,2255.2,2228.3,2223.9,2098.7,2081.5,2076.6,287.87,202.43,122.56,221.33,318.7,256.46,120.65,95.415,103.7,236.48,376.56,319.69,217.45,116.71,0,171.71,245.37,256.52,183.45,106.47,174.52,296.95,380.45,49.497,384.97,200.88,252,325.81,402.64,511.65,600.43,527.67,396.83,327.67,346.35,447.12,512.4,482.46,586.73,518.19,614.47,568.99,683.39,633.14,754.24,695.21,751.82,834.7,899.39,758.9,811.37,870.6,847.72,858.84,917.89,957.31,952.26,900.07,959.86,949.55,1013.4,1041.6,958.49,1032.2,994.16,1034.2,1099.5,1142.3,1186.2,1050.2,759.85,857.32,985.2,1122.6,1275,771.37,1071.4,1167.2,1240.2,751.64,564.9,585.24,714.72,832.26,1192.4,638.32,739.66,853.37,980.34,1102.9,1213.7,1313.1,1427.9,1384.3,1542,689.22,781.18,889.68,983.78,1063.6,1148.1,1243.1,1339.9,1450.6,1548.2,736.42,816.21,927.04,1023.6,1267,1365.2,1471.9,1569.9,972.34,922.26,1073.9,1190.8,1301,1396.1,1502.1,1588.9,906.71,1006.5,1117.1,1239.6,1323.4,1381.6,1440.9,1532,1055.1,1160.6,1273.9,1379.6,1472.5,1557.6,1062.1,1094.2,1203.9,1311.5,1404.6,1504.4,1062.2,1121.2,1261.1,1313.8,1622.2,1221.4,1280.6,1392.1,1470.8,1331.7,1435.7,1502.3,1522.3,1379.3,1607,1418.9,1449.9,1252.2,1305.9
899.41,986.8,740.14,814.03,925.11,1086.3,1159.8,1247.9,1325.1,1410.4,557.58,674.24,734.44,872.79,1008.2,1112.8,1172.6,1285.6,1383,300.66,348.49,432.9,555.23,674.83,771,875.7,962.28,1119.9,1261.2,1247.4,305.81,364.88,502.98,615.17,585.53,734.03,929.39,1077.2,1223.9,1032.4,1069.7,1182.5,1282.9,1217.2,1101,1013.3,1130.7,981.09,960.85,1095.9,710.62,855.72,919.59,680.82,729.01,832.46,762.91,642.13,651.36,705.73,551.12,386.29,508.43,501.52,422.17,912.75,838.4,1212.6,394.74,473.62,555.93,778.43,901.07,1070.9,1213.6,421.07,625.02,783.67,926.03,1106.6,519.03,959.4,1252.1,1253.3,1071.1,1114.8,669.07,1331,1225.6,1168.3,1766.1,1489.7,1629.2,1766.7,1835.6,1323.6,1471.1,1628.7,1757.2,1824.9,1331.5,1472.1,1626,1792.2,1511.5,1640.8,1646.1,1806.2,1519.5,1650.2,1716.3,1812.1,1815.5,1925.9,1548.6,1717.5,1819.9,1459.1,1567.7,1661.7,1727.7,1521.5,1657.3,1932.3,1833.8,1419.3,1542.3,1778.7,1881.6,1950.9,2094.6,1695.3,1863.6,1937.9,2005.4,2029.4,1478.8,1651.8,1902,2051.6,1421.2,1622.5,1710.8,1845.7,1908.8,1967.7,1790.6,1924.5,1454.4,1744.7,1891.8,1577.4,1857.6,1796.6,1369.5,1510.3,1655.4,1818,2261.5,2228.4,2219.9,2086.9,2062,2051.6,456.18,374.01,292.36,162.86,457.52,411.52,287.14,225.74,129.1,127.95,239.76,433.92,339.64,241.66,171.71,0,81.939,322.4,235.77,155.28,81.541,140.01,214.25,170.07,221.82,215.23,191.13,220.22,261.73,397.4,494.08,495.46,407.95,329.22,298.06,275.86,340.83,316.89,415.41,358.79,445.14,420.01,517.03,492.15,590.84,570.2,606.14,675.56,733.68,631.6,668.97,715.6,747.67,719.51,767.21,797.41,786.15,804.54,851.48,805.16,869.13,892.04,866.85,938.26,878.23,911.75,972.94,1011.6,1072.6,891.48,692.48,735.39,852.21,982.83,1115.9,662.4,957.4,1044,1108.6,594.59,400.6,415.84,551.44,672.29,1043.5,466.98,571.17,689.26,820.23,946.53,1059.9,1161.2,1277.7,1238,1394.1,517.54,610.47,722.01,818.84,899.9,985.81,1085.1,1184.1,1297,1396.3,565.23,644.61,757.34,856.15,1105.8,1206.2,1315,1415.1,801.13,750.55,904.39,1024.3,1136.8,1233.7,1342,1430.5,736.18,834.8,946.39,1071,1156.4,1215.8,1276.3,1369.2,883.54,989.21,1104,1211.4,1306.1,1392.7,892.42,922.88,1032.3,1140.9,1235.3,1336.6,894.32,951.83,1089.3,1142.2,1455.6,1051.6,1109.1,1220.7,1300.4,1160.6,1264,1331.2,1350.8,1208.6,1445.8,1567.5,1611.7,1411.3,1462.3
895.33,971.29,740.65,804.25,904.31,1055.2,1125.5,1210.7,1284.9,1368.6,551.03,665.01,715.57,842.94,971.22,1074.7,1130.6,1240.4,1338.5,271.6,364.88,431.39,525.11,641.36,734.09,835.59,917.55,1071.5,1212.3,1195.8,334.66,343.14,462.28,572.11,535.51,683.26,875.72,1021.4,1166.5,1004.9,1045.4,1230.6,1340.6,1276.9,1140.9,1056.9,1191.6,1044.1,1018.7,1153.6,767.32,900.58,958.11,725.06,765.3,863.07,784.09,675.01,672.77,720.02,617.49,428.56,554.44,571.61,481.24,936.69,843.52,1267.4,337.2,413.62,498.05,711.23,833.66,1000.2,1147.1,345.01,550.71,705.38,851.4,1029.9,438.42,880.81,1173.5,1173.2,1009.4,1035.6,598.91,1251.4,1144.8,1087.6,1684.9,1426,1564.2,1701.4,1770,1256.6,1403.4,1560.6,1688.8,1756.5,1259.2,1401.2,1554.9,1721.1,1437.8,1567.8,1571.8,1732.8,1443.4,1574.3,1640.4,1737,1739.5,1853.6,1470.5,1639.9,1742.9,1379.1,1488.4,1582.5,1648.6,1440.7,1576.8,1854.9,1755,1340.6,1503,1738.2,1840.2,1908.4,2051.1,1651.8,1819,1892.6,1960.6,1982.8,1434,1605.2,1853.9,2002.8,1372.5,1571.5,1660.7,1794.4,1858.4,1916.5,1738,1871.1,1401.8,1689.7,1836.2,1520.4,1799.9,1737.3,1311,1450.9,1594.7,1756.1,2225.2,2189.6,2179.4,2043.3,2015.4,2002.8,532.85,446.95,361.2,149.26,539.4,492.02,364.25,281.35,176.48,91.302,163.05,515.24,421.54,323.37,245.37,81.939,0,400.01,314.33,236.92,150,131.83,135.15,250.17,188.1,289.17,246.16,247.42,254.53,403.55,501.73,541.42,471.51,393.22,346.94,215.8,271.77,272.22,352.47,322.82,388.89,394.78,466.19,472.75,543.92,562.31,579.72,633.53,681.93,620.61,644.63,678.03,753.56,697.2,733.7,753.37,733.43,812.38,850.65,777.34,840.83,858.6,876.22,945.49,872.04,900.62,958.23,993.52,1066.3,848.27,717.72,726.72,833.65,957.56,1071.2,664.01,951.71,1031.2,1089.1,512.94,320.65,340.16,471.21,591.18,961.56,395.78,494.29,609.47,739.22,864.93,978.09,1079.3,1195.8,1156.2,1312.2,450.89,536.94,644.38,739.49,820.02,905.45,1003.8,1102.5,1215.2,1314.4,501.79,574.42,681.9,778.33,1025.2,1125.1,1233.6,1333.4,728.8,682.4,828.63,945.9,1057.2,1153.4,1261.2,1349.3,674.4,765.85,872.6,994.19,1078.3,1137,1196.9,1289.1,816.67,917.22,1028.7,1134.3,1227.6,1313.4,832.29,857.81,962.13,1066.8,1159.3,1259.1,838.1,892.35,1020.4,1071.2,1377.3,990.93,1042.9,1148.8,1226,1095.8,1193.6,1258.3,1279.3,1144.9,1365.2,1610.1,1665.6,1463,1511.5
1081.9,1197.9,918.55,1016.9,1152.2,1334.5,1414.4,1507.9,1591.3,1679.1,770.06,883.99,964.7,1123.5,1271.8,1377,1444.6,1563,1658.1,583.99,535.68,647.89,819.61,940.15,1040,1148.6,1242.9,1405.7,1546.5,1538.4,471.81,629.54,788.68,900.51,882.85,1029.4,1226.9,1377,1525.4,1273.3,1301.6,1150.6,1197.1,1122.3,1112.6,1012.8,1032.6,877.94,890,1018,669.45,860.3,948.12,706.7,783.99,900.88,872.86,721.27,771.62,844.43,475.33,480.78,555.24,409.19,427.11,1001.1,996.36,1145.3,706.26,786.02,864.56,1095.6,1218.1,1390.7,1528.8,743.42,947.23,1105.3,1248.2,1429,837.47,1280.8,1573.5,1572.3,1380.3,1435.6,989.17,1651.1,1542.8,1485.8,2081,1800.3,1941.4,2079.2,2148.3,1639.1,1787.1,1945.2,2073.9,2141.6,1652.3,1791.6,1945.7,2111.7,1833.1,1961.9,1968,2127.6,1841.9,1972.6,2038.7,2134.3,2137.9,2246.5,1870.4,2039.6,2142.2,1778.4,1888.2,1982.3,2048.5,1838.4,1975.1,2254.5,2155,1740.6,1803.8,2041.4,2145.9,2217.4,2362.8,1965.8,2135.6,2211.1,2277.1,2305,1753.7,1929.4,2181.6,2332.2,1704.8,1909.9,1995.8,2132.4,2193.7,2254,2080.5,2215.5,1745.7,2039.5,2187.4,1876.7,2157.2,2099.3,1672.2,1814.1,1960.9,2125.2,2510.7,2484.4,2480.2,2355.2,2337.6,2332.2,313.06,302.03,298.6,452.66,205.29,223.38,227.18,343.8,345.97,442.09,561.81,140.86,111.22,148.66,256.52,322.4,400.01,0,87.052,176.74,251.62,356,515.65,209.33,431.89,114.83,200.2,283.55,390.33,420.76,480.71,317,161.25,124.49,206.16,524.69,602.24,519.14,650.07,526.8,655.57,540.24,700.93,576.38,752.76,597.7,694.53,811.32,900.06,660.04,741.39,831.23,695.06,778.42,862.99,930.21,952.6,737.83,814.38,876.17,936.74,977.69,788.07,862.14,859.77,909.8,980.48,1030,1041,1014.8,568.55,740.96,883.86,1030.9,1234,638.16,930.74,1039.4,1126.7,896.62,694.99,691.86,842.86,967.87,1350.6,723.58,844.78,975.05,1113,1244.6,1360.8,1464,1582.1,1546.8,1700.5,754.42,867.92,994.76,1099.5,1183,1271.4,1379.1,1481,1596.5,1697.8,787.05,886.8,1018.2,1127.1,1392.6,1497,1609.2,1712.1,1046.2,979.55,1163.3,1296,1415.2,1516.4,1629.7,1720.9,940.48,1063.9,1194.4,1332.5,1424.4,1488.4,1552.1,1649.7,1102,1227.6,1356.8,1473,1575.2,1666.6,1082.4,1132.2,1260.8,1386.7,1490.2,1599,1068.5,1136.7,1311.2,1372.6,1722.4,1237.7,1318,1453.7,1545.7,1361.9,1489.5,1567.8,1580.5,1403.2,1730.2,1549.3,1536.5,1353.2,1415.2
1020.3,1130.8,856.62,950.5,1081.5,1260,1338.7,1431.3,1513.6,1601,699.73,815.26,892.44,1047.9,1194.1,1299.4,1365.5,1483.1,1578.7,500.34,465.97,575.53,740.26,861.18,960.71,1068.8,1161.9,1324,1465,1455.8,403.79,548.81,705.76,818,798.45,945.53,1142.9,1292.8,1441,1200.2,1230.4,1143.1,1205.2,1132.6,1093,995.5,1043.1,888.43,891.06,1022.4,658.27,839.81,922.39,677.89,749.15,864.36,825.88,679.27,720.81,790.45,468.56,427.89,516.89,404.6,393.9,960.77,939.6,1147.8,619.8,699.54,778.58,1008.8,1131.3,1303.6,1442.2,656.83,860.33,1019.2,1161.3,1342.4,752.5,1194.8,1487.6,1487.4,1294.5,1349.9,902.12,1565.7,1458.4,1401.4,1997.5,1714.5,1855.4,1993.1,2062.2,1552.5,1700.5,1858.6,1987.2,2054.9,1565.2,1704.6,1858.7,2024.7,1746.1,1874.9,1881,2040.5,1755.1,1885.8,1951.9,2047.4,2051.2,2159.5,1784.2,1953.2,2055.6,1693.4,1802.7,1896.8,1962.8,1754.2,1890.7,2168.1,2069.2,1654.7,1727.3,1964.9,2069.2,2140.2,2285.3,1887.6,2057.2,2132.5,2198.8,2225.9,1674.4,1849.7,2101.7,2252.1,1623.7,1828.2,1914.7,2051,2112.7,2172.7,1998.5,2133.3,1663.2,1956.5,2104.3,1792.8,2073.3,2014.8,1587.6,1729.4,1875.9,2040,2437.4,2409.7,2404.5,2277.7,2258.6,2252.1,320.41,282.3,253.3,367.2,253.18,241.66,191.42,276.63,264.01,355.11,475.43,208.15,134.4,99.69,183.45,235.77,314.33,87.052,0,91.395,167.93,282.08,433.61,134.06,363.79,46.957,142.69,232.82,336.47,396.22,470.02,351.65,213.55,148,193.13,452.46,528.93,456.09,583.11,471.43,594.05,496.53,646.3,542.96,704.25,580,663.26,770.18,852.41,643.81,715.24,795.46,702.34,756.52,832.77,891.34,905.48,749.99,819.35,852.61,914.85,951.52,804.52,878.84,860.19,906.32,975.23,1022.3,1047.1,979.2,594.25,732.78,870.89,1015.2,1201.5,636.03,934.34,1038,1120,816.14,615.61,616.46,764.82,889.18,1269.3,652.73,770.95,898.83,1035.4,1165.7,1281.3,1384,1501.8,1465.1,1619.6,688.33,798.02,921.82,1024.9,1108,1195.9,1301.5,1402.7,1517.6,1618.4,724.79,820.65,948.28,1055,1317,1420.4,1531.8,1634,980.31,917.22,1094.4,1224.2,1341.9,1442.1,1554.1,1644.7,883.89,1002,1128.4,1263.4,1353.8,1416.7,1479.6,1576.1,1043,1164.2,1290,1404.2,1504.6,1594.8,1030.4,1075.7,1200,1321.8,1423.2,1530.2,1020.4,1086.3,1252.3,1311.7,1652.6,1187.6,1262.5,1392.4,1481.4,1308.4,1430.2,1505.8,1520.3,1351.6,1655.6,1540.3,1543.3,1354.3,1413.5
942.98,1048.6,779.53,869.39,996.8,1172.6,1250.6,1342.6,1424.2,1511.4,616.14,732.58,806.9,959.96,1104.8,1210.1,1275.5,1392.6,1488.5,408.99,384.3,490.8,650.37,771.4,870.72,978.6,1071.1,1233,1374,1364.6,324.53,458.42,614.5,726.81,707.07,854.13,1051.5,1201.4,1349.6,1113.6,1145.2,1117.3,1195.2,1125.3,1055.1,960.64,1036.7,883.32,876.05,1009.8,633.66,803.05,879.55,634.57,698.73,811.19,762.76,622.44,654.79,720.9,453.54,364.16,466.57,394.66,353.24,903.19,866.75,1132.2,529.65,609.41,687.83,919.49,1041.8,1215.2,1352.2,573.2,774.75,936.92,1075.4,1258,674.11,1112.8,1405.5,1408,1203.6,1268.7,814.18,1485.2,1380.6,1323.3,1921.3,1623.6,1764.7,1902.4,1971.6,1462.5,1610.6,1768.8,1897.4,1965.1,1477.4,1615.9,1770.1,1936,1659,1787.2,1794.3,1953.1,1669.9,1800.4,1866.5,1961.2,1965.8,2071.4,1701.3,1869.5,1971.2,1613.7,1721.7,1815.6,1881.4,1676.6,1812.2,2084.1,1987.2,1572.7,1638.5,1876,1980.1,2051,2196,1797.9,1967.4,2042.6,2109.1,2135.8,1584.3,1759.3,2011.2,2161.6,1532.9,1737.2,1823.8,1960,2021.9,2081.8,1907.3,2042.1,1572,1865.1,2013,1701.4,1981.9,1923.5,1496.3,1638.1,1784.7,1948.8,2350.3,2321.7,2316,2188.3,2168.4,2161.6,328.25,264.56,208.06,276.05,304.77,268.02,167.93,201.69,173.59,267,393.41,278.73,185.17,94.112,106.47,155.28,236.92,176.74,91.395,0,107.56,237.24,365.06,60.877,325.49,96.208,150.56,232.57,322.24,415,500.14,422.2,297.8,224.93,240.16,403.76,476.68,422.68,540.63,449,559.73,488.99,620.92,546.6,686.13,600.07,666.81,760.42,833.61,664.13,723.72,791.84,744.51,769.05,835.13,882.98,886.83,795.93,858.04,862.16,925.61,957.25,853.66,927.56,894.19,936.12,1002.7,1047,1085.1,973.98,653.46,759.85,891.5,1031.8,1198.3,670.48,970.72,1068.9,1145,747.78,550.73,559.2,701.43,823.95,1198.2,602.93,715.02,837.99,971.44,1099.3,1213.5,1315.2,1432.1,1393,1548.8,645.7,748.35,866.42,966.35,1048.4,1135.3,1237,1336.9,1450.4,1550.2,687.48,776.59,897.56,1000.5,1255.8,1357.4,1467.2,1568,935.51,878.03,1044.6,1169.4,1284.3,1382.7,1492.6,1581.8,852.99,962.96,1082.7,1212.7,1300.5,1361.6,1423.2,1517.7,1007.7,1122,1242.7,1353.5,1450.9,1539.2,1004.6,1043.5,1161.3,1277.1,1375.1,1479.2,999.61,1062.3,1216,1272.5,1599.9,1163.3,1230.7,1352.3,1436.9,1279.3,1392.8,1464.5,1481.5,1324.7,1595.5,1511.2,1530.5,1336.3,1392.4
965.24,1058.3,804.03,883.23,999.06,1163.7,1238.1,1327,1404.9,1490.5,626.6,743.81,808.12,950.16,1087.5,1192.2,1252.9,1366.3,1463.6,380.04,407.45,500.68,633.44,753.62,850.47,955.75,1043.1,1201.1,1342.4,1328.9,357.11,441.78,583.61,695.99,667.01,815.51,1010.9,1158.7,1305.4,1108.8,1144.8,1202.7,1290.4,1222,1131,1039.7,1134,981.75,969.47,1104,722.88,881.58,951.93,709.01,765.09,873.14,812.24,682.42,701.49,760.8,550.32,422.28,537.24,494.5,436.15,958.82,898.9,1224.3,475.93,554.58,637.22,857.86,980.48,1148.8,1293.4,495,700.52,854.87,1001.3,1179.8,585.92,1030.1,1322.6,1320.7,1152.1,1184.4,747.19,1399.7,1291.2,1234.2,1829.8,1570.3,1709.5,1846.9,1915.7,1403.2,1550.5,1708,1836.3,1904.1,1408.5,1550,1703.9,1870.1,1587.6,1717.4,1721.7,1882.5,1593.4,1724.3,1790.3,1887,1889.5,2003,1619.9,1789.6,1892.7,1526.8,1636.8,1731,1797.2,1586.9,1723.5,2004.6,1903.9,1489.6,1621.8,1858.4,1961.5,2031,2174.9,1775.7,1944.2,2018.6,2086,2110.2,1559.5,1732.7,1983.1,2132.7,1502.4,1703.9,1792.1,1927.1,1990.2,2049.1,1872.1,2006,1535.9,1826.2,1973.4,1658.9,1939,1877.9,1450.9,1591.6,1736.5,1899,2340,2307.6,2299.5,2167.2,2142.8,2132.7,434.05,364,294.95,241.45,408.88,375.55,269.25,254.66,179.78,209.47,313.01,374.26,287.89,201.68,174.52,81.541,150,251.62,167.93,107.56,0,130.36,265.8,149.69,219.21,139.29,111.52,158.81,228.12,344.27,437.45,416.36,326.68,247.94,219.21,296.29,369.77,316.94,433.11,347.07,453.19,394.62,516.58,458.92,584.23,524.92,577.34,662.06,730.86,588.07,637.19,696.69,689.39,685.16,743.42,784.77,783.99,744.48,797.52,775.25,839.15,867.07,805.37,877.93,828.35,865.75,929.65,971.14,1021.8,877.07,621.96,688.68,813.14,949.12,1101.8,608.1,906.66,998.64,1068.8,648.69,449.01,453.79,599,722.72,1101.5,495.78,609.37,734.37,869.51,998.98,1114.2,1216.6,1334.2,1297.2,1451.9,538.14,641.29,760.73,861.85,944.36,1031.7,1135.5,1236.2,1350.7,1451.2,580.26,669.04,790.76,894.63,1152.6,1255.2,1365.8,1467.5,828.02,770.55,937.68,1063.7,1179.6,1278.7,1389.6,1479.5,746.63,855.47,975.29,1106,1194.4,1256.1,1318.1,1413.3,900.48,1014.4,1135.5,1246.8,1345,1433.8,899.2,936.73,1053.8,1169.6,1268,1372.7,895.77,957.32,1108.7,1165,1493.7,1058.1,1123.9,1244.7,1329.4,1172.9,1285.4,1356.9,1374,1218.8,1491.9,1593,1623.4,1426.4,1480.4
1024.7,1102.9,868.39,934.97,1036.1,1185.8,1255.2,1339.4,1412.1,1495.1,680.66,795.47,847.34,973.96,1100.2,1203.1,1257.2,1365.1,1463.4,403.42,483.63,559.1,656.45,771.9,863.48,963.59,1043.1,1194.3,1334.6,1315.9,444.54,474.83,591.28,699.62,659.43,805.76,995.04,1138.2,1281.3,1136.2,1177.1,1320,1414.9,1347.6,1240.7,1152.4,1260.2,1108.8,1093.3,1228.2,844.56,994.56,1059.5,819.99,869.02,972.24,900.79,782.02,789.16,841.12,677.25,526.16,647.51,623.06,556.14,1051.5,969.53,1346.7,457.92,530.65,616.03,814.98,936.08,1095.1,1249.4,436.1,641.37,779.93,937.48,1107.9,505.14,952.02,1242.5,1233.4,1119.5,1102.8,698.46,1314.9,1200.4,1144.2,1733.9,1532,1668,1804.4,1872.5,1357.7,1502.9,1658.7,1786.2,1853.7,1349.2,1494.2,1646.9,1812.9,1523.6,1655.2,1655.4,1818.6,1521.8,1652.7,1718.6,1817.9,1817.2,1941.9,1540.5,1712.1,1817,1439.4,1552.1,1646.5,1713.2,1494.6,1632.5,1927.2,1821.1,1408.3,1630.6,1865.1,1966.5,2034,2176.1,1777,1943.4,2016.6,2084.9,2105.9,1558.7,1728.6,1976.1,2124.2,1494.7,1691.5,1781.4,1914.1,1978.6,2036.1,1856.5,1988.8,1520.8,1805.9,1951.7,1634.8,1913.1,1848.7,1424.2,1562.6,1704.5,1864,2353.7,2317,2305.9,2168.3,2138.4,2124.2,564.41,492.83,419.41,277.72,532.51,504.51,399.02,363.67,269.09,222.73,264.43,489.72,411.41,331.11,296.95,140.01,131.83,356,282.08,237.24,130.36,0,176.64,278.71,89.067,242.14,163.25,126.87,125.25,271.82,370.01,426.62,384.08,310.65,242.4,170.42,246.98,187,304.11,221.68,322.84,280,387.42,352.75,457.3,435.13,466.13,538.76,602.78,495.19,529.09,577,622.29,579.91,627.62,661.16,655.77,680.87,721.1,665.15,729.12,752.35,744.57,814.12,744.58,775.69,835.51,873.16,939.05,754.59,587.92,600.26,713.49,843,979.34,533.53,824.11,907.34,969.83,544.57,342.05,335.86,487.71,613.09,998.9,370.8,489.33,619.06,757.39,889.63,1006.5,1110,1228.5,1195.5,1347.7,409.43,516.24,639.93,743.82,827.18,915.51,1023.3,1125.6,1241.4,1343.2,450.25,541.07,666.4,773.01,1036.7,1141,1253.3,1356.6,700.5,641.11,812.77,942.17,1060.2,1160.9,1273.8,1364.9,616.28,726.07,848.25,981.64,1071.7,1134.7,1197.7,1294.5,770.42,886.02,1009.3,1122.5,1222.5,1312.8,769.14,806.41,924.46,1042.2,1142.2,1248.5,766.66,827.46,978.85,1035.8,1370.6,928.17,993.58,1115.8,1202,1042.6,1155.8,1228.4,1244.8,1088.5,1374.6,1706.5,1746,1547,1599.2
947.8,1005,802.51,849.73,930.38,1061.2,1124.8,1203.8,1271.4,1351.6,608.19,714.56,748.73,854.52,967.51,1067.5,1115.3,1217.7,1316.3,316.34,459.2,500.94,546.06,651.61,735.21,828.31,899.66,1043.9,1182.5,1160.2,442.58,390.59,467.16,566.6,517.11,657.82,839.69,978.5,1118.7,1017.9,1063.5,1345.7,1464.3,1402.5,1247.5,1167.8,1318.2,1172.7,1143.2,1277.7,891.8,1013.7,1064.3,838.88,870.76,961.31,872.21,777.98,762.95,800.64,749.11,544.83,671.71,705.15,609.18,1026.4,909.95,1388.7,315.87,378.86,463.38,645.24,764.99,920.43,1077.5,263.71,466.69,603.44,761.2,931.29,329.01,776.05,1067.1,1060.3,953.05,927.69,527.05,1140.9,1028.9,972.26,1565.6,1361.6,1496.2,1632.1,1699.8,1185,1329.4,1484.5,1611.7,1679.1,1173.2,1318.7,1471.1,1637,1347,1478.7,1478.7,1642,1345.3,1476.3,1542.1,1641.3,1640.8,1765.5,1365.1,1536.4,1641,1266.5,1378.2,1472.6,1539.1,1324,1461.3,1751.5,1646.7,1233.3,1490,1721.6,1821.3,1887.2,2027.5,1629.7,1794,1866,1934.8,1953.4,1410.7,1577.3,1822,1968.8,1341.8,1534.6,1625.3,1756.1,1821.4,1877.8,1697.1,1828.1,1362.7,1643.8,1788.4,1470.9,1747.7,1681.8,1259.5,1396.3,1536.5,1694.5,2214.8,2174.4,2161,2019.7,1985.7,1968.8,667.99,581.63,494.86,239.93,669.7,625.76,499.35,410.02,305.09,180.58,115.38,639.77,550.11,455.06,380.45,214.25,135.15,515.65,433.61,365.06,265.8,176.64,0,384.2,162.29,401.18,335.72,300.84,255.37,405,498.51,598.48,560.04,485.3,418.88,121.12,148.93,200.36,236.6,260.35,283.03,344.03,366.2,426.17,447.76,530.24,516.07,542.79,575.35,580.99,582.19,593.33,737.62,636.57,654.25,657.25,624.76,798.23,821.44,706.05,767.63,777.12,863.26,927.77,833.66,853.74,904.71,934.11,1024.7,752.13,734.79,687.56,776.03,887.41,970.87,643.65,912.8,979.81,1026.5,383.19,186.39,206.21,337.26,458.94,835.73,266.1,359.35,475.03,606.6,734.33,848.88,951.05,1068.5,1031.5,1186.1,326.45,403.97,509.24,604.74,685.66,771.62,872.02,971.84,1085.6,1185.8,381.04,444.46,547.42,643.18,891.73,992.65,1102.2,1203,596.35,554.1,693.94,810.81,922.63,1019.5,1128.2,1217,553.84,636.4,738.92,859.15,943.17,1002,1062.2,1154.9,689.2,784.75,894.16,999.2,1092.6,1178.7,712.72,732.18,831.15,932.84,1024.5,1124,723.58,773.25,890.34,939.39,1242.2,869.95,915.46,1016.3,1091.8,969.71,1062.1,1125,1146.8,1020.1,1231.7,1718.2,1785.3,1580.9,1626.9
887.82,996.82,724.18,816.73,947.51,1126.9,1206.1,1299.2,1382.2,1469.9,565.67,681.23,758.6,915.21,1062.7,1167.9,1235.2,1353.7,1448.7,378.34,331.97,441.62,610.29,730.81,830.68,939.25,1033.8,1197,1337.6,1330.1,270.17,420.65,581.32,692.57,677.69,822.98,1020.5,1171,1319.6,1066.6,1096.4,1059.5,1141.8,1072.9,995.19,901.22,984.75,832.23,821.56,955.83,577,743.45,819.13,574.25,637.89,750.32,702.73,561.66,595.25,662.33,400.98,303.85,405.8,344.82,294.01,842.54,809.42,1077.1,510.12,589.41,664.49,901.24,1022.8,1199,1330.6,569.48,766.08,933.47,1065,1250.3,677.68,1109.3,1401.3,1407.8,1178.1,1266,800.1,1483.2,1382.5,1325,1924.6,1598.3,1740.2,1878,1947.3,1441.1,1589.4,1747.7,1876.4,1944,1462.2,1598.5,1752.6,1918.1,1645.4,1772.3,1781.3,1938.4,1660,1790.1,1856.1,1949.1,1955.4,2055.1,1695.5,1862.1,1962.6,1612.7,1718.7,1812.3,1877.6,1678.2,1812.8,2076.2,1982.5,1568.3,1595.2,1832.7,1937.2,2008.5,2153.8,1756.6,1926.4,2001.8,2067.9,2095.7,1544.4,1720.1,1972.3,2122.9,1495.7,1701,1786.7,1923.4,1984.6,2045,1871.8,2006.9,1537.4,1831.6,1979.6,1669.9,1950.3,1893.3,1466.6,1608.8,1756.1,1921,2303.9,2276.7,2272,2146.2,2128.3,2122.9,288.48,214.35,149.34,254.02,293.78,241.85,120.65,144.2,139.9,258.81,394.8,284.34,183.21,79.63,49.497,170.07,250.17,209.33,134.06,60.877,149.69,278.71,384.2,0,367.77,152.32,210.87,290.25,374.72,474.3,560.51,478.99,347.35,278.35,300.47,438.27,507.6,465.71,577.23,496.74,600.76,541.83,665.91,602.32,733.92,659.03,722.04,811.14,880.51,723,780.05,844.56,805.37,826.23,889.58,933.84,933.63,856.8,918.76,918.48,982.11,1012.4,914.46,988.38,954.57,996.06,1062.3,1106.2,1145.7,1025.7,713.24,819.59,950.12,1089.4,1250.4,731.02,1031.3,1128.9,1204.2,762.51,570.45,585.36,721.2,841.3,1208.3,634.2,740.93,859.21,989.36,1114.5,1226.9,1327.4,1443.2,1401.6,1558.6,681.3,778.67,891.92,988.89,1069.8,1155.5,1253.7,1352,1464,1562.7,725.93,810.48,926.4,1026.1,1275.3,1375.2,1483.3,1582.6,968.23,914.45,1073.5,1194.3,1306.8,1403.5,1511.3,1599.3,894.11,999.14,1114.3,1240.5,1326.3,1385.9,1446.4,1539,1045.9,1155.8,1272.8,1381.1,1476.1,1562.8,1047.7,1083.3,1197.2,1308.9,1404.5,1506.4,1045.2,1106.2,1253.2,1307.9,1625.6,1206.8,1270.3,1386.9,1468.6,1320.2,1429,1498.2,1516.8,1366.7,1615.4,1452.5,1475.9,1280.3,1335.6
1079.1,1148,926.55,985.43,1077.1,1216.3,1282.1,1362.8,1431.8,1512.6,735.14,847.19,891.25,1007.2,1125.3,1226.3,1275.8,1379.3,1477.9,448.14,552.58,617.89,693.4,804,891.05,986.72,1060.3,1205.8,1344.6,1322.5,519.16,522.15,620.18,723.6,676.83,819.13,1002,1140.6,1280.3,1170.4,1214.1,1404.3,1502.4,1435.6,1321.4,1234.6,1348.3,1197.2,1180.5,1315.5,931.17,1077.2,1139.4,902.11,947.72,1048.3,971.71,859.01,860.26,908.12,765.78,606.59,729.88,712,642.57,1123.9,1030.5,1433.4,474.47,540.32,625.17,804.71,923.22,1073.8,1234.4,423.07,621.63,745.09,909.81,1072.4,470.68,912.87,1199.8,1184.9,1113.7,1059.6,685.67,1268.2,1149.3,1094.1,1677.2,1519.7,1652.9,1788.1,1855.5,1340.9,1484.1,1638,1764.4,1831.6,1322.2,1469.3,1620.6,1785.9,1492.3,1624.8,1622,1786.6,1484.7,1615.4,1680.8,1781.9,1778.8,1911.7,1497.5,1670,1776,1390.1,1504.8,1599,1665.9,1441.2,1579.9,1884.7,1774.5,1364.1,1650.4,1882.7,1982.7,2048.9,2189.4,1791.4,1956,2028.1,2096.9,2115.7,1572.5,1739.5,1984.2,2131.1,1504,1696.8,1787.6,1918.3,1983.6,2040,1859.1,1989.9,1524.9,1805.5,1949.8,1632.2,1908.4,1841.8,1420.6,1556.8,1696.1,1853,2375,2335.4,2322.5,2181.6,2147.9,2131.1,653.19,581.83,507.53,336.64,616.33,591.8,488.08,447.54,348.86,276.24,273,569.22,495.74,419,384.97,221.82,188.1,431.89,363.79,325.49,219.21,89.067,162.29,367.77,0,321.01,232.44,165.53,93.941,242.86,337.42,447.99,435.57,368.79,286.4,97.514,174.91,97.949,219.33,137.44,234.24,206.74,298.61,285.57,369.82,380.3,391.74,453.75,514.42,436.09,456.54,494.62,581.24,509.12,548,575.6,567.3,641.41,671.3,589.76,653.4,673,706.22,772.64,688.89,714.89,771.17,805.7,882.44,669.66,572.5,542.83,645.88,769.66,894.09,488.59,768.56,844.64,901.13,487.09,287.25,267.59,423.79,549.1,938.64,291.98,415.48,549.18,689.7,823.83,941.61,1045.7,1164.7,1135.2,1284.8,324.55,436.03,563.99,670.28,754.12,843.04,954.25,1057.6,1174.5,1277,362.84,456.86,586.33,695.59,964.18,1069.9,1183.5,1287.8,616.52,554.55,731.67,864.37,984.3,1086.3,1200.8,1292.9,527.55,639.49,764.64,900.83,992.47,1056.6,1120.5,1218.8,682.7,800.69,926.42,1041.5,1143.3,1234.8,680.09,718.03,837.79,958.03,1059.7,1167.5,677.76,738.39,891.48,949.32,1290.6,839.11,905.22,1029.6,1117.6,953.84,1068.8,1142.7,1158.2,999.59,1300.1,1788.7,1832.6,1632.8,1684.1
1038.9,1144.8,875.36,965.59,1092.6,1267.1,1344.5,1435.9,1516.8,1603.6,712.21,828.73,902.44,1054.1,1197.6,1302.8,1367.1,1483.3,1579.6,496.65,480.5,586.71,742.6,863.67,962.54,1069.9,1161,1321.7,1462.9,1452,420.48,550.02,702.56,815.21,791.91,939.88,1136.7,1285.9,1433.5,1208.7,1240.7,1185,1250.2,1177.9,1131.6,1034.9,1088.5,933.89,935.03,1066.9,700,878.54,959.23,714.26,782.96,897.16,853.85,710.21,747.06,814.62,511.89,454.84,550.28,448.64,430.31,991.65,961.62,1191.8,607.36,686.8,767.71,993.39,1116,1286.1,1428.2,634.04,839.19,994.14,1140.1,1319.1,724.65,1169.3,1461.8,1459.2,1283.8,1323.5,884.29,1538.5,1429.1,1372.2,1966.7,1703,1843.1,1980.7,2049.7,1538.3,1685.9,1843.7,1972.2,2039.9,1546.5,1687.3,1841.2,2007.4,1726.1,1855.6,1860.4,2020.9,1732.6,1863.5,1929.5,2026,2028.7,2141,1759.1,1928.9,2032,1665.4,1775.7,1869.9,1936.2,1724.6,1861.5,2143.9,2043,1628.8,1731.7,1969.1,2073,2143.6,2288.3,1889.8,2059.1,2134.1,2200.9,2226.9,1675.4,1850,2101.5,2251.7,1622.3,1825.7,1912.9,2048.7,2111,2170.7,1995.2,2129.7,1659.4,1951.6,2099.2,1786.3,2066.7,2007,1579.7,1721.1,1866.9,2030.2,2444.9,2415.6,2409.4,2280.6,2259.6,2251.7,366.48,324.1,286.92,360.07,298.3,288.59,230.49,296.24,266.58,340.28,452.04,248.31,180.83,139.01,200.88,215.23,289.17,114.83,46.957,96.208,139.29,242.14,401.18,152.32,321.01,0,95.964,185.93,290.04,350.89,427.12,326.79,203.63,128.97,153.57,411.81,488.97,411.73,540.21,425.42,549.44,449.59,600.33,496.3,657.61,535.28,616.68,723.22,805.74,599.23,669.11,748.58,663.43,710.88,786.19,844.38,858.78,712.5,779.43,806.68,869.09,905.25,768.35,842.57,818.93,864.01,932.42,978.9,1007.2,932.3,562.54,689.65,826.59,970.3,1154.7,594.61,893.82,996.08,1076.7,781.8,580.18,577.86,728.23,853.15,1235.8,611.56,731.43,860.89,998.51,1129.8,1246,1349.1,1467.3,1432,1585.7,645.2,756.48,881.85,985.96,1069.3,1157.6,1264.6,1366.4,1481.8,1583.1,680.49,777.62,906.82,1014.6,1278.7,1382.8,1494.8,1597.6,937.26,873.03,1052.5,1183.7,1302.2,1403,1515.8,1606.8,838.37,957.72,1085.4,1221.7,1312.7,1376.2,1439.5,1536.6,998,1120.4,1247.4,1362.4,1463.6,1554.3,984.22,1030.2,1155.5,1278.5,1380.7,1488.4,973.78,1040,1207.3,1267.2,1611.2,1141.2,1216.9,1348,1437.9,1262.5,1385.4,1461.7,1475.7,1305.4,1616.7,1581.6,1587.9,1398,1456.6
1071.7,1167.9,909.55,991.78,1109.7,1275.2,1349.7,1438.4,1516.1,1601.4,735.43,852.71,918.76,1061.7,1198.8,1303.5,1363.7,1476.7,1574.1,491.27,511.88,609.24,744.95,865.06,961.74,1066.7,1153.4,1310.6,1451.8,1437.3,457.65,553.28,694.1,806.26,775.51,923.96,1118.5,1265.4,1411.3,1220.1,1255.8,1266.3,1338.7,1267.4,1205.7,1111,1178.3,1024,1021.5,1154.3,781.94,953.53,1030,785.06,848.2,959.75,906.84,770.15,797.38,860.22,597.92,510.33,616.5,536.4,503.67,1049.9,1001.9,1278.1,581.24,658.82,742.6,957.05,1079.4,1244,1392.9,585.57,792.09,938,1091.2,1265.3,664.47,1111.4,1402.8,1395.4,1255.4,1263.4,843.69,1476.5,1363.1,1306.7,1897.2,1672.1,1810.3,1947.4,2016,1502.2,1648.8,1805.7,1933.7,2001.4,1501.3,1644.7,1798,1964.2,1678,1808.9,1810.9,1973.2,1679.4,1810.4,1876.3,1974.7,1975.2,2095.2,1700.8,1871.9,1976.2,1601.6,1713.8,1808.1,1874.7,1657.5,1795.3,2087,1982.4,1569.1,1733.1,1969.6,2072.6,2142,2285.7,1886.4,2054.7,2129,2196.5,2220.4,1669.9,1842.8,2092.8,2242.3,1611.9,1812.7,1901.2,2035.8,2099.2,2157.9,1980.4,2114,1644,1933.4,2080.3,1765.1,2044.9,1982.8,1556.2,1696.4,1840.5,2002.2,2451.5,2419,2410.7,2278,2253,2242.3,458.97,408.58,358.45,352.8,393.59,383.72,312.32,343.8,285.27,317.65,405.8,339.51,276.8,224.86,252,191.13,246.16,200.2,142.69,150.56,111.52,163.25,335.72,210.87,232.44,95.964,0,90.338,194.2,265.23,349.65,304.87,226.86,150.08,107.71,327.07,405.03,319.08,449.93,329.96,456.01,354.19,504.85,403.73,561.64,450.54,524.32,627.89,709.78,514.66,578.66,654.39,595.72,622.25,693.67,749.35,762.83,648.34,708.18,716.82,779.79,813.98,707.32,780.81,743.71,785.59,852.37,897.04,934.94,837.92,515.38,609.43,742.25,883.79,1060.9,520.19,820.42,918.37,995.03,707.75,505.22,496.18,649.87,775.39,1162,524.42,647.16,779.32,918.7,1051.7,1168.8,1272.5,1391.2,1358.7,1510.5,554.22,668.23,796.29,902.08,985.8,1074.6,1184.2,1286.9,1403.2,1505.2,587.39,686.6,818.43,928.03,1195.7,1301,1413.9,1517.7,846.04,779.96,963.25,1096.8,1216.7,1318.5,1432.6,1524.4,743.37,864.45,994.26,1132.4,1224.6,1289,1353,1451.2,903.69,1027.8,1156.6,1272.9,1375.5,1467.2,888.47,935.22,1061.8,1186.6,1290,1398.9,877.82,944.09,1113,1173.6,1522.4,1045.3,1121.7,1254.6,1345.8,1167,1291.2,1368.5,1381.8,1209.7,1532.3,1661,1675.5,1483.2,1540.4
1119.2,1206.7,959.18,1034.2,1143.8,1300.4,1371.8,1457.8,1532.3,1616,777.79,894.46,953.44,1087.5,1218.2,1321.9,1378,1487.5,1585.6,514.13,564.34,652.91,769.34,887.12,980.89,1082.9,1164.8,1317.8,1458.5,1440.7,515.61,582.03,709.45,819.52,782.13,929.33,1120,1264,1407.5,1248.5,1287.3,1349.6,1426.3,1355.5,1284.1,1191,1266.6,1112.5,1108,1241.4,866.23,1033.1,1106.5,862.39,921.52,1030.7,971.05,840.18,860.28,919.14,684.84,579.77,691.78,624.29,584.17,1117.4,1055.8,1364.4,581.9,655.95,741.19,941.83,1062.9,1221,1376.1,562.49,767.17,901.74,1061.9,1229.8,626.51,1072.2,1361,1348.4,1246.3,1221,825.15,1431.1,1313.6,1258.1,1842.6,1658.8,1794.7,1931,1999.1,1484.3,1629.3,1784.9,1912.2,1979.6,1474,1619.6,1772,1937.8,1647.2,1779.1,1778.3,1942,1643.2,1774.1,1839.7,1939.9,1938.1,2065.9,1659,1831.2,1936.7,1554,1668,1762.3,1829.2,1606.1,1744.6,2046.1,1937.6,1526.1,1750.4,1985.7,2087.6,2155.7,2298.3,1899,2066,2139.6,2207.7,2229.4,1681.1,1851.9,2100.1,2248.6,1618.6,1816.4,1906.1,2039.1,2103.4,2161.2,1982,2114.5,1646,1932,2077.9,1761.2,2039.6,1975.4,1550.7,1689.3,1831.3,1990.9,2472.2,2436.9,2426.8,2290.5,2261.9,2248.6,548.81,495.4,439.55,380.02,482,474.05,398.7,411.89,337.41,333.11,391.03,424.3,366.55,313.5,325.81,220.22,247.42,283.55,232.82,232.57,158.81,126.87,300.84,290.25,165.53,185.93,90.338,0,106.79,186.27,278.65,299.75,270.05,204.64,121.41,263.03,340.05,239.77,373.53,243.25,373.6,263.86,417.54,315.06,472.13,369.44,435.6,537.55,620.17,433.23,491.41,564.39,530.93,536.48,604.67,659.04,673.13,586.57,638.73,629.81,693.15,725.77,648.09,720.19,670.13,708.74,773.74,816.63,863.31,747.8,473.57,531.75,660.01,799.33,970.99,449.32,748.2,841.7,914.56,652.25,451.35,432.93,589.29,714.55,1104.2,452.48,578.42,713.42,854.39,988.86,1106.8,1211,1330,1300.8,1450.1,475.75,593.49,724.86,832.49,916.42,1005.5,1118.2,1221.9,1339,1441.8,505.02,607.45,742.86,854.63,1126.5,1232.9,1346.9,1451.7,766.1,697.16,885.96,1022.5,1144,1247,1362.6,1455.2,656.95,781.15,914.1,1054.9,1148.6,1214,1278.8,1378.3,818.5,945.49,1076.8,1194.9,1299.2,1392,800.08,848.7,977.61,1105.2,1210.3,1320.7,788.36,855.21,1027.7,1089.4,1445,956.4,1034.7,1170.6,1263.8,1079.1,1206,1284.9,1297.1,1121.2,1460.6,1742.7,1762.4,1568.8,1625
1149.4,1225.2,993.49,1058.8,1156.9,1301.6,1368.9,1451,1521.3,1602.8,805.18,919.5,969.06,1091.1,1212.8,1314.6,1365.6,1470.4,1569,524.6,608.34,684.15,775,888.19,977.35,1074.8,1150.4,1297.5,1436.6,1415.1,567.53,597.17,705.47,811.07,766.43,910.04,1094.4,1233.8,1373.9,1253.9,1296.2,1430.7,1516.5,1447.1,1357.2,1266.9,1358.7,1205.5,1196.3,1330.6,950.69,1108.8,1177.1,935.42,988.17,1093.3,1024.5,902.73,912.92,965.91,775.13,644.65,763.15,716.89,664.26,1174.5,1094.8,1451.6,563.8,631.66,716.8,898.65,1017.1,1166.9,1328.1,516.99,715.24,835.69,1001.9,1162.3,562.24,1001.7,1286.7,1269,1207.6,1146.6,779.61,1353.1,1231.9,1177.3,1755.2,1613.5,1746.5,1881.6,1948.9,1434.5,1577.4,1731,1857.2,1924.3,1414.2,1561.6,1712.6,1877.7,1583.1,1715.8,1712.1,1877,1573.6,1704.1,1769.3,1871.1,1867,2002.6,1583.9,1756.7,1863.2,1473.5,1589,1683.1,1750.1,1522,1660.9,1971.1,1859,1450.1,1740,1973,2073.4,2139.9,2280.9,1882.5,2047.6,2120,2188.7,2207.9,1663.7,1831.4,2076.8,2223.8,1596.2,1789.8,1880.4,2011.4,2076.7,2133.2,1952.5,2083.4,1618,1899.1,2043.5,1725.9,2002.3,1935.7,1514.4,1650.7,1790,1946.9,2464.2,2425.6,2413.1,2273.1,2240.2,2223.8,646.96,586.66,522.47,402.39,587.68,575.93,490.15,479,390.09,345.82,363.27,531.05,470.81,410,402.64,261.73,254.53,390.33,336.47,322.24,228.12,125.25,255.37,374.72,93.941,290.04,194.2,106.79,0,152.76,249.93,358.52,364.47,306.25,215.08,180.9,252.29,138.24,272.42,136.47,267.93,167.11,311.01,232.01,368.05,309.92,349.38,438.43,516.24,370.35,410.08,469.93,499.6,459.28,515.4,560.87,569.38,558.87,596.33,547.72,611.69,638.95,623.11,691.57,619.33,650.79,711.32,749.96,813.8,651.75,480.03,475.1,590.65,723.18,876.16,409.5,698.87,782.69,847.04,568.47,373.05,344.4,501.03,624.81,1015.3,354.59,482.3,618.95,760.64,895.93,1014.1,1118.5,1237.6,1211.3,1358.2,372.18,492.15,625.59,734.33,818.18,907.38,1022.3,1126.5,1244.1,1347.3,399.08,503.02,640.43,753.49,1027.9,1135,1249.7,1355.2,660.99,590.87,782.18,920.46,1043,1146.6,1263.1,1356.3,550.22,674.69,808.75,950.88,1045.3,1111.4,1176.6,1276.9,711.71,839.27,971.56,1090.4,1195.7,1289.1,694.28,742,870.92,999.24,1105,1216,684,749.92,920.87,982.68,1340.8,851.17,928.16,1064,1157.7,972.96,1099.2,1178.3,1190.3,1015.5,1359.9,1820.5,1850.5,1654.2,1708.4
1294.7,1374.7,1136.8,1206.2,1307.7,1454.2,1521.7,1603.7,1673.8,1755,951.18,1066.6,1119.1,1243.4,1365.6,1467.3,1518,1622.1,1720.7,674.97,745.55,828.24,926.79,1040.6,1130.1,1227.5,1302.7,1448.7,1587.5,1565,699.41,746.64,858.13,963.82,918.8,1061.8,1244.7,1382.6,1521.3,1406.1,1447.9,1531.6,1601,1528.7,1469.3,1375.5,1439.3,1284.6,1285.3,1417.6,1047.1,1217.8,1292.3,1047.9,1107.8,1217,1156,1026.4,1044.9,1102.1,861.79,765.99,877.73,799.21,768.15,1303.1,1235.8,1542,716.21,783.1,868.01,1043,1159.6,1303.7,1468.4,662.68,855.8,964.41,1134.9,1287.5,695.71,1124.6,1403.5,1378.9,1353,1263.9,923.3,1464.5,1338.5,1285.7,1849.4,1754.9,1885.9,2020,2086.7,1573.4,1714.5,1866.5,1991.6,2058.3,1545.7,1694.2,1843.6,2007.7,1710.1,1843.3,1836.6,2002.4,1694.9,1824.5,1889.1,1992.4,1985.7,2129.4,1698.3,1871.6,1979,1580.7,1698.1,1791.5,1858.4,1623.1,1762.1,2084.6,1967.9,1563.9,1892.5,2125.2,2225.4,2291.6,2432.3,2034.2,2198.8,2271,2339.7,2358.4,1815.3,1982.3,2226.9,2373.5,1746.8,1939.1,2030,2160.3,2225.8,2281.8,2100.7,2231,1767,2046.1,2189.9,1872.2,2147.3,2079.7,1660.5,1795.5,1933.3,2088.5,2616.8,2577.8,2565.1,2424.4,2390.7,2373.5,716.49,672.86,623.04,548.61,626,634.57,577.08,598.11,520.61,494.56,515.23,556.27,521.78,487.95,511.65,397.4,403.55,420.76,396.22,415,344.27,271.82,405,474.3,242.86,350.89,265.23,186.27,152.76,0,98.184,262.55,333.75,305.81,214.71,313.34,371.17,244.26,359.11,202.42,330.43,155.93,335.37,160.31,361.14,185.33,274.61,400.71,500.28,249.45,320.93,413.53,351.13,360.42,442.33,514.81,550.39,409.22,454.43,457.08,518.87,557.47,472.76,542.66,484.08,522.57,588.1,632.01,677.65,595.97,330.51,345.68,477.07,619.57,813.48,265.11,562.44,655.54,730.01,679.59,497.52,455.9,606.5,724.22,1110.8,445.04,571.28,708.02,848.57,983.85,1101.5,1205.3,1323.6,1304,1444.6,439.68,563.75,700.53,810.49,892.64,980.78,1101,1205.7,1323.7,1427.3,447.25,558.42,702.39,818.57,1098.4,1207,1322.8,1429.6,706.34,625.97,833.95,978.94,1104.2,1209.5,1328.6,1423,565.63,704.36,849.05,998.3,1096,1164.7,1231.6,1334.5,729.9,869.51,1010.2,1133.7,1243.6,1339.8,688.97,750.91,891.3,1030.7,1141.8,1257.2,666.17,738.26,933.9,1001.1,1383.6,837.36,930.34,1082.6,1184.7,967.91,1110.6,1197.4,1203.4,1004.3,1419.9,1926.1,1938.7,1747.7,1805.3
1392.4,1472.9,1234,1304.2,1405.8,1551.5,1618.5,1699.9,1769.2,1849.9,1049,1164.6,1217.3,1341,1462.1,1563.5,1613.2,1716.2,1814.8,773.11,841.58,925.78,1024.7,1138.1,1227,1323.8,1397.7,1542.2,1680.4,1657,794.08,844.83,955.3,1060.3,1014.2,1156.2,1337.2,1473.5,1610.7,1503.8,1545.8,1612.1,1673.6,1600,1555,1459.8,1510.4,1355.5,1361,1491.8,1127.1,1302.6,1379.6,1134.7,1197.2,1307.8,1249.7,1117.5,1138.9,1197.4,938.55,857.1,965.95,874.57,852.8,1395.6,1332.4,1617.6,811.82,877.32,961.87,1130.4,1245.4,1384.8,1551.9,752.18,940.89,1040.9,1213.7,1360.4,776.87,1196.5,1470.1,1440.9,1440.9,1331.5,1010.5,1527.4,1398.5,1347.1,1899.6,1839,1968.2,2101.4,2167.6,1655.7,1795.2,1945.8,2070,2136.3,1622.4,1771.6,1919.5,2082.7,1783.4,1916.6,1907.8,2074,1764.1,1892.8,1956.8,2061.1,2052.5,2201.9,1762.6,1935.8,2043.7,1640.3,1758.7,1851.4,1918.2,1678.4,1817.2,2147.6,2027.7,1628.2,1987.9,2220,2319.8,2385.6,2525.8,2128.1,2292.2,2364,2432.9,2450.9,1909.2,2075.3,2318.8,2464.9,1839.5,2030.3,2121.4,2250.9,2316.6,2372.3,2190.8,2320.4,1857.9,2135,2278,1960.4,2234.2,2165.8,1748.6,1882.5,2018.9,2172.6,2712.4,2672.7,2659.5,2518,2483,2464.9,787.01,751.22,707.63,646.61,683.12,701.34,657.02,689.35,615.57,592.74,610.41,608.5,587.58,566.06,600.43,494.08,501.73,480.71,470.02,500.14,437.45,370.01,498.51,560.51,337.42,427.12,349.65,278.65,249.93,98.184,0,253.16,366.4,358.35,278.6,399.62,449.6,324.23,422.91,273.06,384.3,203.23,368.29,162.98,372.54,121.79,246.61,388.01,496.39,180.69,275.22,386.45,253.62,303.36,401.08,489.72,542.26,311.21,360.21,401.71,459.65,505.46,374.6,444.78,394.06,437.06,505.32,552.36,585.81,561.09,244.93,262.76,403.28,550.18,769.15,171.05,471.02,569.46,650,747.36,575.69,528.14,672.11,784.4,1164.7,506.7,628.27,762.27,900.14,1034,1150.3,1253,1370.2,1355,1490.9,489.33,611.02,746.49,855.35,935.34,1021.8,1144.3,1248.6,1366.2,1469.5,485.73,596.44,740.49,856.49,1136.6,1245.2,1361.1,1468.1,734.24,649.64,863.39,1010.6,1136.4,1241.9,1361.8,1456.6,579.12,722.6,871.08,1022.8,1121.6,1191.4,1258.8,1362.7,740.31,884.89,1028.9,1154.3,1266.2,1363.5,685.33,754.95,900.08,1044.6,1158,1275.3,654.94,729.29,937.36,1007.2,1401.9,825.02,926.88,1087.8,1194.3,959.28,1111,1201.8,1203.9,991.27,1449.2,2008.3,2012.3,1824.3,1883.5
1365.1,1467.7,1201.7,1289.7,1412.1,1579.9,1654.5,1743.2,1820.6,1905.7,1034.7,1151.8,1221.3,1366.3,1503.6,1608.2,1667.8,1779.8,1877.5,796,805.49,908.51,1049.8,1169.9,1266.4,1371.1,1456.6,1612.3,1753.3,1737.2,746.65,857.98,997.94,1109.7,1076.4,1224.5,1417.1,1562.2,1706.4,1524.2,1559,1464.4,1499.3,1422.8,1429.6,1329.6,1333.5,1180.1,1199.7,1324.5,985.52,1177.3,1264.7,1022.4,1097.5,1213.6,1177.5,1030.2,1072.2,1140.9,791.03,779.31,866.36,724.75,740.43,1311.5,1288.4,1452.9,878.49,953.94,1038.9,1241.5,1362.3,1518.7,1675.4,861.49,1065.1,1193.1,1357.1,1520.3,918.58,1360.1,1645.2,1626.2,1546,1505,1124.5,1710.7,1588.1,1534,2106,1958.5,2094.1,2230.2,2298.1,1783.3,1927.9,2082.9,2209.9,2277.3,1769.5,1916,2067.8,2233.3,1940.3,2072.7,2069.9,2234.5,1932,2062.5,2127.8,2229.4,2225.5,2359.6,1942.1,2115.1,2221.6,1830,1946.2,2040.1,2107.1,1876.2,2015.2,2329.2,2216.2,1808.2,2037.7,2274.2,2377,2446.1,2589.6,2190.2,2358.2,2432.3,2500,2523.1,1973.3,2145.5,2394.8,2543.9,1913.5,2112.9,2202,2335.8,2399.8,2458,2279.4,2412.3,1943.2,2230.4,2376.6,2060.2,2339,2275,1850,1988.8,2131,2290.6,2756.3,2723.8,2715.3,2581.9,2555.7,2543.9,625.8,618.47,603.89,657.64,492.1,534.09,537.41,623.03,584.15,620.2,690.63,411.31,426.76,448.74,527.67,495.46,541.42,317,351.65,422.2,416.36,426.62,598.48,478.99,447.99,326.79,304.87,299.75,358.52,262.55,253.16,0,159.71,203.93,197.41,539.42,609.36,487.2,613.78,457.5,590.7,418.38,597.47,406.97,616.73,370.52,499.77,640.53,747.51,420.75,524.74,639.32,397.85,545.67,650.2,742.52,794.49,432.25,517.56,642.2,695.04,746.42,477,550.2,569.56,625.55,697.94,751.12,738.91,811.24,252.79,473.63,621.21,769.66,1012.9,363.15,633.71,748.51,844.25,925.05,731.55,700,855.28,976.78,1366.1,699.61,827.47,964.88,1106.3,1241.9,1359.9,1464,1582.7,1560.7,1703.7,700.34,824.48,961.17,1071.2,1153.8,1242.3,1361.7,1466.4,1584.5,1688,709.76,820.87,964.69,1080.8,1360.4,1468.9,1584.7,1691.3,968.51,887.25,1096.4,1241.5,1366.7,1472,1591.1,1685.5,823.34,964.27,1110.3,1260.2,1358.1,1427,1494,1597,986.66,1128.7,1270.7,1394.9,1505.3,1601.7,936.9,1004.2,1147.5,1289.5,1401.6,1517.7,907.81,981.96,1187.1,1256,1644.2,1078.1,1178.7,1337.1,1441.7,1212.1,1362,1451.5,1455,1244.4,1682.4,1863.1,1838.7,1661,1724.9
1233.5,1344.2,1069.8,1164,1294.1,1470.3,1548,1639.5,1720.4,1807.1,912.69,1028.5,1104.5,1257.5,1401.2,1506.5,1570.5,1686.3,1782.8,699.01,679.3,787.94,946.2,1067.3,1166,1273.2,1363.7,1523.8,1665.1,1653.2,617.32,753.56,904.72,1017.4,991.92,1140.3,1336.5,1484.8,1631.7,1411.4,1442.7,1304.7,1340.8,1264.6,1271.7,1171.3,1175.2,1021.4,1040.1,1165.2,826.67,1019.9,1108.7,867.8,945.21,1062,1032.1,881.65,929.43,1000.9,632.1,637.15,716.03,565.81,588.24,1161.9,1151.3,1293.5,802.6,881.23,963.86,1182.7,1305.2,1470.7,1618.5,812.43,1018.9,1163.4,1317.9,1491.1,889.01,1336,1626.5,1616.5,1478.7,1486.8,1070.1,1698.5,1582.5,1526.7,2112.6,1896.6,2035.4,2172.7,2241.4,1728.1,1874.9,2032,2160.1,2227.8,1728.2,1871.5,2024.9,2191.1,1904.7,2035.7,2037.4,2199.8,1905.1,2036.1,2102,2200.8,2200.7,2322,1924.6,2096.2,2201,1822.3,1935.6,2030,2096.7,1875.6,2014,2311.3,2204.8,1792.3,1935.4,2172.7,2276.7,2347.2,2491.9,2093.3,2262.5,2337.5,2404.3,2430.1,1878.7,2053.1,2304.4,2454.4,1824.6,2027.5,2115.1,2250.6,2313.2,2372.6,2196.5,2330.8,1860.4,2151.7,2299.1,1985.1,2265.4,2204.5,1777.4,1918.3,2063.2,2225.6,2648.1,2619.1,2613.1,2484.2,2462.7,2454.4,466.28,463.02,456.97,561.36,333.94,374.49,387.16,490.11,470.11,535.79,632.44,253.9,268.56,302.95,396.83,407.95,471.51,161.25,213.55,297.8,326.68,384.08,560.04,347.35,435.57,203.63,226.86,270.05,364.47,333.75,366.4,159.71,0,78.746,150,533.06,609.82,502.71,636.83,491.5,627.91,479.2,655.12,493.72,691.92,488.11,603.16,734.24,833.61,546.1,640.15,743.86,551.85,669.7,765.5,846.32,884.05,589.71,671.92,768,825.11,871.85,636.2,709.63,721.37,775.02,846.95,898.73,895.74,923.66,412.46,614.17,760.77,909.44,1135.2,506.21,788.5,901.14,993.7,922.12,720.69,702.76,859.28,984.44,1374.2,718.79,846.03,982,1123.4,1258.2,1376.2,1480.5,1599.5,1570.8,1719.8,735.01,856.26,990.06,1098.8,1182.6,1271.8,1386.2,1490.2,1607.6,1710.6,756.6,864.03,1003.7,1117.5,1392.4,1499.5,1614.1,1719.4,1019.7,944.79,1143.5,1283.7,1406.8,1510.7,1627.5,1720.8,892.56,1026.4,1166.2,1311.4,1406.9,1473.9,1539.6,1640.4,1056.9,1192.1,1328.8,1449.8,1556.8,1651.2,1021.7,1081,1218.2,1353.2,1461.7,1574.8,999.9,1071.8,1263.4,1329.1,1700.4,1171.1,1262.5,1410.7,1509.6,1301.2,1441,1525.5,1533.5,1338,1723.8,1703.5,1680.3,1501.6,1565.3
1166.2,1273.5,1002.5,1094.1,1221.5,1395.6,1472.7,1563.7,1644,1730.5,841.07,957.49,1031.4,1182.5,1325,1430.2,1493.6,1609,1705.6,621.41,608.91,715.66,869.9,990.92,1089.4,1196.3,1286.2,1445.9,1587.2,1574.9,548.18,677.15,826.94,939.63,913.5,1061.9,1257.9,1406.2,1553.1,1337.5,1369.7,1273.3,1321.6,1246.8,1231.4,1132.4,1157.1,1002.4,1014,1142.3,790.73,978.5,1064,820.58,894.31,1010.2,973.75,826.32,868.81,938.28,597.36,575.89,662.78,531.51,537.62,1107.7,1086.9,1269.6,723.86,802.49,885.12,1104.3,1226.8,1392.9,1540.1,735.15,941.65,1088,1241.1,1415.4,814.25,1261.3,1552.4,1544,1400,1412.9,992.02,1625.5,1510.9,1454.8,2043.2,1817.9,1956.8,2094.1,2162.8,1649.7,1796.6,1953.8,2082,2149.7,1650.9,1793.8,1947.3,2113.5,1827.9,1958.7,1960.9,2123.1,1829.5,1960.5,2026.4,2124.8,2125.3,2244.9,1850.4,2021.7,2126.1,1750,1862.7,1957.1,2023.7,1804.8,1942.8,2236.8,2131.6,1718.5,1859.4,2096.7,2200.4,2270.7,2415.3,2016.5,2185.6,2260.4,2327.4,2352.8,1801.5,1975.7,2226.8,2376.8,1746.8,1949.4,2037.1,2172.5,2235.3,2294.6,2118.3,2252.4,1782.1,2073.2,2220.6,1906.5,2186.7,2125.8,1698.7,1839.5,1984.5,2146.9,2573.4,2543.7,2537.2,2407.5,2385.5,2376.8,437.03,418.57,399.99,483.44,324.78,347.83,334.32,422.45,395,457.08,554.65,251.44,235.03,244.9,327.67,329.22,393.22,124.49,148,224.93,247.94,310.65,485.3,278.35,368.79,128.97,150.08,204.64,306.25,305.81,358.35,203.93,78.746,0,95.483,466.08,543.7,443.19,577.41,439.06,573.69,438.42,608.62,464.92,652.67,477.08,580.35,703.67,797.79,538.57,623.88,719.22,571,658.7,747.18,819.98,849.48,614.72,690.14,756.86,816.54,859.3,666.24,740.48,735.29,785.39,856.17,905.89,917.01,901.78,450.28,617.21,760.88,908.37,1118.4,513.79,806.42,914.86,1002.5,852.73,650.54,636.29,791.99,917.49,1306.2,657.08,783.01,917.73,1058.5,1192.6,1310.3,1414.4,1533.4,1502.8,1653.3,678.37,797.45,929.39,1037.1,1121.1,1210.2,1322.7,1426.2,1543.2,1645.8,704.25,809.22,946.36,1058.8,1331.1,1437.5,1551.5,1656.2,966.83,894.93,1088.4,1226.3,1348.2,1451.4,1567.1,1659.9,848.13,977.91,1114.3,1257.1,1351.5,1417.5,1482.5,1582.4,1011.7,1143.2,1277.2,1396.5,1501.9,1595.3,983.6,1038.6,1172.3,1303.7,1410.5,1522.1,965.66,1035.9,1219.8,1283.8,1647,1136.2,1222.4,1365.3,1461.5,1263.6,1398,1480,1490,1302.7,1664.9,1671.8,1661,1477.3,1539
1176.2,1274.5,1013.5,1097.8,1217.1,1382.9,1457.3,1545.8,1623.2,1708.3,841.72,959,1026.1,1169.4,1306.2,1410.8,1470.5,1582.9,1680.5,598.6,615.9,715.47,852.56,972.57,1069,1173.7,1259.6,1416,1557.1,1541.8,559.68,660.99,800.71,912.62,880.38,1028.7,1222.2,1368.3,1513.4,1327.8,1363.4,1336.2,1395,1321.5,1285,1188,1231.9,1077,1082.8,1213.4,851.4,1031.9,1112.8,867.81,935.91,1049.6,1002.9,861.76,894.77,959.95,661.19,604.26,703.23,596.71,583.89,1142.9,1103.9,1339.4,683.99,760.53,844.99,1053.9,1175.7,1336.8,1489.3,677.48,883.32,1021.5,1179.9,1349.6,746.42,1192.7,1482,1469.8,1355.4,1342,938.67,1552.4,1435,1379.5,1963.6,1770.4,1907.4,2044.2,2112.5,1598,1743.8,1900,2027.7,2095.2,1591.6,1736.4,1889.2,2055.2,1765.9,1897.5,1897.5,2060.9,1763.2,1894.2,1959.9,2059.7,2058.4,2184.3,1780,1952.1,2057.4,1675.4,1789.4,1883.7,1950.5,1727.4,1866,2167,2058.9,1647.2,1840.3,2076.8,2179.6,2248.8,2392.4,1993.1,2161.2,2235.3,2303,2326.4,1776.3,1948.8,2198.5,2347.7,1717.3,1917.4,2006.2,2140.4,2204.1,2262.6,2084.5,2217.8,1748.2,2036.6,2183.1,1867.3,2146.7,2083.8,1657.8,1797.4,1940.7,2101.4,2559.1,2526.4,2517.9,2384.7,2359,2347.7,508.41,475.42,440.27,460.28,411.32,423.34,383.42,440.95,390.92,423.28,501.42,342.14,309.73,291.55,346.35,298.06,346.94,206.16,193.13,240.16,219.21,242.4,418.88,300.47,286.4,153.57,107.71,121.41,215.08,214.71,278.6,197.41,150,95.483,0,383.72,460.13,353.19,487.47,345.25,480.79,342.98,513.52,371.85,557.23,392.75,488.94,609.43,702.57,455.74,535.23,626.66,509.97,572.69,657.03,726.68,754.38,558.96,626.42,670.25,731.13,771.57,615.17,689.32,667.09,713.67,783.01,830.78,854.21,809.82,413.7,541.12,681.38,827.27,1028.1,443,741.25,845.13,928.28,773.44,572.74,553.09,709.74,834.76,1224.8,568.96,696.07,832,973.37,1108.2,1226.3,1330.6,1449.6,1421.3,1570,586.76,707.22,840.51,949.02,1032.9,1122.1,1236.2,1340.2,1457.6,1560.6,610.72,716.77,855.27,968.55,1242.7,1349.7,1464.2,1569.4,873.65,800.71,996.24,1135.3,1258,1361.7,1478.1,1571.3,752.86,883.38,1020.8,1164.6,1259.5,1326,1391.4,1491.9,916.59,1048.8,1183.6,1303.6,1409.7,1503.6,888.15,943.17,1077.3,1209.5,1316.8,1429,870.55,940.55,1124.5,1188.7,1554.2,1041,1127,1270.2,1367,1168.2,1302.7,1385,1394.7,1207.4,1574.9,1733.4,1733.8,1546.3,1606.1
1068.8,1125.4,922.84,970.84,1050.1,1176.7,1238.3,1315.1,1380.2,1458.8,728.69,835.61,869.39,971.94,1080.6,1179.1,1223.8,1322.9,1421.4,436.84,570.51,619.45,666.05,769.56,850.72,940.95,1008.2,1147.6,1284.4,1259.4,547.18,511.27,585.32,681.6,628.91,765.35,940.73,1074.8,1211.2,1135.2,1181.7,1446.2,1555.4,1491,1354.3,1271.6,1405,1256.3,1233.4,1368.4,982.24,1115.8,1171.3,940.29,977.95,1072.4,987.18,886.43,877,917.67,826.9,643.95,770.1,777.11,695.01,1141,1029.9,1482.9,430.73,487.67,570.14,730.83,846.63,990.89,1155.1,353.21,542.54,655.69,823.64,981.79,383.71,820.87,1106,1089.3,1041.3,965.8,611,1173,1053,998.02,1579.9,1441.6,1572.6,1706.9,1773.8,1260.2,1401.7,1554.3,1679.9,1746.8,1235.4,1383.4,1533.7,1698.5,1403,1535.9,1531.5,1696.6,1392.8,1523.2,1588.4,1690.2,1686.1,1822.5,1403.2,1576,1682.4,1294.2,1409.2,1503.4,1570.3,1344.4,1483.1,1790.4,1679.1,1269.6,1598.4,1828.1,1926.6,1991.3,2130.3,1733.9,1896.5,1967.7,2036.7,2053.5,1514.9,1678.9,1921,2066.5,1442.7,1631.7,1723,1851.9,1917.7,1973.1,1791.5,1920.8,1459.2,1735.4,1878.4,1560.8,1835,1766.9,1349,1483.2,1620.3,1775.2,2323.1,2280.8,2266.1,2122.4,2085.6,2066.5,726.68,648.73,568.21,349.32,702.63,671.78,558.6,495.63,391.56,287.5,234.36,659.86,581.46,497.84,447.12,275.86,215.8,524.69,452.46,403.76,296.29,170.42,121.12,438.27,97.514,411.81,327.07,263.03,180.9,313.34,399.62,539.42,533.06,466.08,383.72,0,78,82.006,139.61,142.41,173.17,227.42,252.34,309.23,332.22,416.65,395.17,425.34,466.76,464.3,461.27,474.2,627.95,515.7,534.16,542.37,517.93,688.77,706.3,585.09,646.87,657.61,753.81,816.03,715.91,734.18,784.16,813.09,905.83,637.45,642.41,570.25,655.23,766.48,858.64,533.16,794.68,859.42,905.36,390.16,192.26,170.21,326.27,451.6,841.15,200.41,320.22,452.55,592.65,726.54,844.24,948.34,1067.3,1037.7,1187.3,243.03,345.93,470.11,575.12,658.78,747.49,857.6,960.73,1077.4,1179.9,289.37,372.94,496.01,602.83,868.68,973.93,1087.1,1191.2,531.75,476.2,642.5,771.96,890.57,991.82,1105.6,1197.3,460.65,560.88,679.03,811.28,901.32,964.42,1027.7,1125,608.23,718.42,839.51,952.13,1052.2,1142.6,617.67,647.07,759.01,873.34,972.28,1078.1,622.36,677.46,815.02,869.75,1200.2,776.64,833.48,949.1,1033.2,884.74,990.77,1060.9,1078.7,932.76,1205.6,1824.2,1881.3,1678.8,1727.2
1080,1126.2,940.08,979.12,1047.6,1162.8,1220.4,1293.4,1354.7,1430.9,745.7,847.42,872.53,962.88,1062.5,1158.3,1198.4,1293,1391.1,455.92,607.63,644.08,666.93,762.97,838.13,922.74,983.74,1116.6,1251.2,1223.4,591.4,528.56,581.04,669.36,611.95,741.11,907.94,1036.9,1169.4,1125.1,1173.9,1494.3,1610.6,1547.8,1396.3,1316.7,1462.9,1315.8,1289.1,1423.8,1037.6,1162.5,1213.2,987.53,1019.6,1109.4,1018.4,926.73,909.85,945,888.93,692.87,819.7,841.61,752.69,1172.6,1048.8,1535.9,422.29,468.94,547.3,686.45,798.53,935.17,1102.8,320.22,494.08,593.28,764.65,916.76,327.4,754.36,1036.5,1017,996.89,896.43,566.85,1101.4,979.63,925.12,1504.1,1390,1518.7,1651.8,1718.1,1206.2,1345.7,1496.6,1621.3,1687.8,1174.7,1323.4,1472.5,1636.5,1339.1,1472.2,1466.2,1631.8,1325.6,1455.7,1520.6,1623.2,1617.8,1758.5,1333,1506,1612.8,1221.3,1337,1431,1498,1269.9,1408.7,1720,1607,1199,1571.9,1798.7,1895.8,1959,2096.3,1702.1,1862.6,1932.7,2001.9,2016.9,1483.5,1644.4,1883.4,2027.5,1408,1592.8,1684.5,1811.4,1877.7,1932,1749.9,1877.8,1420.1,1691.7,1833.2,1516,1787.7,1718.3,1304.4,1436.2,1571,1723.6,2295.5,2250.9,2234.6,2088.5,2048.8,2027.5,795.85,714.8,631.53,388.86,777.82,744.26,627.04,552.81,447.67,329.26,242.86,736.7,656.61,570.43,512.4,340.83,271.77,602.24,528.93,476.68,369.77,246.98,148.93,507.6,174.91,488.97,405.03,340.05,252.29,371.17,449.6,609.36,609.82,543.7,460.13,78,0,126.92,89.006,177.65,141.22,258.88,225.74,336.03,307.9,447.77,402.17,404.9,428.38,487.91,466.84,458.92,662.36,521.18,522.72,514.63,476.94,722.93,730.62,580,639.16,642.55,787.47,845.82,733.87,745.82,790.23,814.38,919.02,608.89,694.48,590.79,660.12,759.83,825.03,567.46,811.04,866.16,903.27,316.19,126.49,92.962,249.73,374.64,764.74,126.62,242.54,374.56,514.82,648.93,766.75,870.92,989.94,961.17,1110.1,179.37,271.71,392.94,497.34,580.93,669.58,779.63,882.82,999.6,1102.1,232.43,303.8,420.99,526.13,790.78,895.95,1009.1,1113.2,460.67,410.76,567.93,695.32,813.26,914.21,1027.7,1119.4,405.41,494.52,606.83,736.24,825.28,887.8,950.73,1047.6,544.9,648.51,766.11,877.11,976.02,1065.9,564.18,586.31,691.56,801.38,898.42,1002.9,574.67,624.65,749.13,801.42,1124.4,721.85,771.11,879.88,961.12,824.21,923.28,990.72,1010,873.81,1128,1867.1,1933.2,1729.1,1775.5
1145.7,1205.3,997.55,1048.8,1130.7,1258.7,1320.3,1397.1,1461.8,1540.1,804,912.63,948.95,1053.5,1162.6,1261,1305.4,1403.9,1502.3,512.74,635.53,691.71,746.4,850.98,932.62,1023,1089.9,1228.4,1364.8,1339.1,606.84,587.36,666.63,763.53,710.9,846.95,1021.1,1153.9,1289,1216.8,1263.1,1498.4,1599.2,1532.8,1412.3,1327,1445.7,1294.9,1277.2,1412.3,1027.4,1170,1229.8,994.63,1037.2,1135.2,1054.3,947.22,943.33,987.32,863.48,698.34,822.88,809.92,738.83,1207.5,1103.6,1529.5,512.61,569.55,651.77,807.31,921.47,1061.2,1227.7,432.64,616.86,720.2,891.29,1043.4,453.01,880.76,1161.4,1139.7,1118,1021.6,687.43,1224.7,1101,1047.2,1620.3,1514.7,1644.3,1777.8,1844.2,1331.7,1471.8,1623.1,1748,1814.6,1301.6,1450.3,1599.4,1763.5,1465.9,1599.1,1592.7,1758.4,1451.6,1581.5,1646.3,1749.2,1743.2,1885.2,1457.3,1630.5,1737.5,1343,1459.5,1553.3,1620.3,1389.1,1528.1,1844.1,1729.5,1323.1,1679.9,1909.3,2007.6,2072,2210.6,1814.6,1976.8,2047.8,2116.8,2133.2,1595.7,1759.1,2000.3,2145.4,1522.8,1710.6,1802.1,1930.3,1996.3,2051.3,1869.5,1998.3,1538,1812.6,1955,1637.5,1910.5,1841.8,1425.7,1558.8,1694.8,1848.4,2404.5,2362,2346.9,2202.8,2165.2,2145.4,750.71,679.78,605.01,415.48,709.26,687.88,585.98,542.31,441.49,353.54,315.09,658.51,589.43,515.8,482.46,316.89,272.22,519.14,456.09,422.68,316.94,187,200.36,465.71,97.949,411.73,319.08,239.77,138.24,244.26,324.23,487.2,502.71,443.19,353.19,82.006,126.92,0,134.33,60.465,138.11,145.42,200.93,227.26,274.1,334.86,316.86,361.51,417.19,382.34,382.95,406.03,546.88,437.1,463,482.11,469.92,607.7,624.29,510.3,572.97,587.58,672.69,734.37,634.21,653.4,704.62,734.95,824.62,576.77,568.73,488.41,576.31,691.59,800.46,451.97,713.11,779.59,828.23,438.66,253.36,213.6,368.09,490.07,880.17,216.63,344.65,481.71,623.49,758.97,877.23,981.56,1100.6,1075.7,1221.4,236.07,354.32,487.36,596.11,679.96,769.15,884.33,988.62,1106.3,1209.6,268.76,368.09,503.24,615.67,889.65,996.81,1111.6,1217.1,527.23,461.3,646.22,783.08,905.17,1008.6,1124.9,1218.1,430.47,546,675.41,815.25,908.8,974.41,1039.4,1139.2,587.3,708.84,837.93,955.28,1059.4,1152.4,582.26,621.48,743.88,867.55,971.37,1081.1,579.91,640.47,796.45,855.6,1205.3,741.23,808.66,936.34,1026.7,856.67,974.21,1049.9,1064.2,902.04,1222,1880.8,1928.6,1728.1,1778.6
1166.9,1209.9,1028.3,1065.4,1130,1239.4,1294.5,1364.8,1423.2,1497.5,833.98,934.68,957.41,1042.5,1136.9,1230.6,1267.4,1358.2,1455.8,544.72,695.79,733.06,751.52,844.36,916.34,997.44,1054,1181.5,1313.6,1283.4,677.96,617.11,664.11,748.45,688.84,812.65,971.97,1095.6,1223.8,1204,1253.8,1580.1,1693,1629.2,1483.9,1403.4,1543.6,1395.3,1371.2,1506.1,1119.8,1248.6,1300.7,1073.4,1107.1,1197.8,1107.3,1014.5,998.67,1034,966.34,777.95,904.61,916.71,833.32,1261.6,1137.1,1619.5,504.78,546.06,621.17,740.73,847.61,973.12,1144.9,390.85,546.23,623.44,798.74,938.68,373.89,774.41,1047.5,1020.3,1049,908.61,622.72,1106.3,979.49,926.96,1492.3,1432.1,1557,1688.3,1753.4,1245.4,1381.5,1529.4,1652.2,1718.1,1203.3,1353,1499.4,1661.8,1361.5,1494.7,1485.1,1651.4,1341.2,1469.9,1534,1638.2,1629.9,1779.5,1340.9,1514.1,1621.8,1221.7,1339.2,1432.5,1499.5,1264.2,1403.2,1726.6,1608.9,1206.4,1639.2,1863.5,1959.2,2021.1,2156.8,1764.9,1923.4,1992.4,2061.7,2074.9,1547,1704.9,1940.7,2083.1,1468.7,1649.2,1741.1,1865.8,1932.5,1985.6,1803.2,1929.2,1476.6,1742.6,1882.2,1566.1,1834.4,1763.3,1355.2,1484,1615.4,1764.8,2361.3,2314.8,2297.1,2149,2106.5,2083.1,865.43,788.26,707.74,476.2,835.46,808.42,697.72,633.58,528.92,415.86,331.27,788.24,714.68,634.72,586.73,415.41,352.47,650.07,583.11,540.63,433.11,304.11,236.6,577.23,219.33,540.21,449.93,373.53,272.42,359.11,422.91,613.78,636.83,577.41,487.47,139.61,89.006,134.33,0,157.05,57.983,220.6,140.12,286.68,221.56,398.42,332.1,318.96,339.43,430,394.34,374.55,612.28,447.8,439.55,426.31,388.28,671.86,669.89,499.54,557.02,557.3,735.26,789.27,667.66,674.67,715.01,736.16,848.05,520.31,665.65,528.26,584.94,677.68,736.02,518.71,743.01,791.01,822.9,324.51,175.5,114.02,249.28,365.11,752.66,86.052,213.71,351.16,492.74,628.38,746.55,850.77,969.66,946.98,1090.6,105.38,220.05,353.29,462.39,546.13,635.3,751.42,855.91,973.8,1077.2,149.88,237.54,369.38,481.36,755.61,862.99,977.93,1083.7,397.2,337.52,513.39,648.98,770.86,874.25,990.69,1083.9,321.97,422.39,545.31,682.56,775.35,840.55,905.32,1005,468.78,581.95,707.18,822.96,926.1,1018.6,479.88,507.48,620.75,738.77,840.49,948.94,487.74,540.04,676.05,731.89,1072.6,638.46,693.88,811.73,898.42,745.2,852.35,924.29,940.91,793.46,1087.6,1954.5,2017.4,1814,1861.2
1203.9,1265,1054.6,1107.6,1190.7,1319.1,1380.7,1457.2,1521.6,1599.6,861.47,970.95,1008.5,1114,1223,1321.2,1365.2,1463.1,1561.5,570.81,687.62,747.66,806.38,911.36,993.08,1083.3,1149.7,1287.4,1423.4,1397.1,656,645.43,726.98,823.99,771.21,906.76,1079.7,1211.4,1345.6,1277.2,1323.5,1541,1636.2,1568.5,1458.9,1372,1480.8,1328.8,1314.7,1449.6,1066.2,1214.5,1276.8,1039.4,1085.1,1185.1,1106.8,996.1,995.55,1041.4,897.25,744.02,867.13,841.46,777.81,1259.5,1160.1,1568.4,573.07,629.69,711.63,863.12,976,1112.2,1280.4,490.97,671.44,767.88,940.73,1088.4,504.91,924.79,1201.7,1176.4,1173.7,1062.3,743.34,1262.2,1136.1,1083.3,1649,1567.6,1696,1828.8,1894.9,1383.5,1522.5,1672.8,1796.9,1863.3,1349.4,1498.5,1646.7,1810.1,1511.3,1644.5,1636.6,1802.6,1494,1623.3,1687.8,1791.4,1784.1,1930.1,1496.2,1669.4,1776.9,1378.3,1495.7,1589.1,1656,1421.2,1560.3,1882.3,1765.5,1361.7,1739.6,1968.6,2066.7,2130.8,2269.1,1873.5,2035.4,2106.1,2175.2,2191.1,1654.7,1817.5,2058.1,2202.8,1581.1,1768,1859.5,1987.3,2053.4,2108.1,1926.1,2054.5,1595.3,1868.5,2010.4,1693.1,1965.2,1895.9,1481.4,1613.7,1748.6,1901.2,2464.1,2421.2,2405.9,2261.3,2223.1,2202.8,776.71,710.92,640.41,469.1,723.54,708.95,615.5,584.28,486.28,407.55,375.33,667.52,605.82,539.94,518.19,358.79,322.82,526.8,471.43,449,347.07,221.68,260.35,496.74,137.44,425.42,329.96,243.25,136.47,202.42,273.06,457.5,491.5,439.06,345.25,142.41,177.65,60.465,157.05,0,136.69,85.147,174.92,166.82,237.29,275.11,259.28,317.16,384.61,321.89,325.14,357.18,488.06,378.93,411.1,439.48,437.84,548.85,563.96,455.11,518.35,536.08,613.75,674.7,573.78,593.46,645.48,676.79,764.41,533.06,517.94,427.95,517.71,635.94,757.74,393.06,652.73,720.23,770.76,477.77,302.99,255.67,404.19,522.02,909.6,243.1,370.3,507.57,648.83,784.4,902.42,1006.5,1125.2,1103.6,1246.3,245.39,368.82,504.96,614.86,698.03,786.9,905.04,1009.7,1127.8,1231.3,265.48,372.63,513.48,628.42,906.21,1014.3,1129.7,1236,528.51,455.92,652.07,793.16,917.05,1021.6,1139.4,1233.3,413.76,539.23,675.56,819.9,915.49,982.62,1048.5,1149.9,575.35,704.26,838.36,958.57,1065.3,1159.8,559.06,605.56,734.85,864.7,971.6,1083.8,551.09,615.44,784.45,846.58,1209.2,716.68,791.84,927.93,1022.6,837.1,962.77,1042.3,1054,880.22,1234,1926.1,1967.6,1768.7,1820.6
1221.2,1266.3,1080.9,1120.3,1186.9,1297.2,1352.5,1422.8,1480.9,1555,886.44,988.62,1013.2,1100,1194.9,1288.6,1325.2,1415.6,1513.1,595.93,740.95,783.02,807.43,901.46,974.04,1055.4,1111.9,1238.8,1370.5,1340,719.76,669.04,720.65,806,746.65,870.61,1029.2,1151.9,1279.1,1261.6,1311.3,1619.4,1727.3,1662.2,1526.8,1444.6,1575.8,1426.1,1405.2,1540.3,1154.3,1288.9,1343.7,1113.4,1150.2,1243.2,1155.2,1058.3,1045.8,1083.4,995.55,817.12,943.26,943.66,866.51,1309.4,1189.4,1655.5,561.45,603.8,679.13,796.45,901.97,1024,1197,448.83,601.85,672.63,848.71,983.72,428.98,819.18,1087.5,1056.7,1104,949.53,678.92,1143.3,1014.2,962.89,1519.6,1483.9,1607.5,1738,1802.7,1296.4,1431.2,1577.9,1699.9,1765.4,1250.6,1400.4,1545.6,1707.2,1406,1539.1,1528,1694.4,1382.7,1510.7,1574.4,1679.2,1669.5,1823,1378.8,1551.9,1659.9,1256.1,1374.4,1467.1,1534,1295.3,1434.2,1763.4,1643.5,1244.3,1696.8,1920.8,2016.2,2077.9,2213.3,1821.8,1979.9,2048.7,2118,2130.9,1604.1,1761.4,1996.5,2138.5,1525.3,1704.8,1796.8,1920.9,1987.7,2040.5,1858.1,1983.6,1532.3,1796.9,1935.9,1620.2,1887.4,1815.9,1409.6,1537.5,1667.9,1816.1,2418.7,2371.9,2353.9,2205.5,2162.4,2138.5,887.25,814.05,736.62,520.13,847.23,825.7,721.36,667.7,564.18,458.81,383.72,795.49,727.51,653.2,614.47,445.14,388.89,655.57,594.05,559.73,453.19,322.84,283.03,600.76,234.24,549.44,456.01,373.6,267.93,330.43,384.3,590.7,627.91,573.69,480.79,173.17,141.22,138.11,57.983,136.69,0,181.4,84.528,238.54,166.72,348.59,275.11,263.69,293.95,376.36,336.74,318.15,560.82,390.03,382.61,374.65,344.82,619.83,614.59,441.87,499.77,501.51,682.64,735.07,610.94,617.06,657.04,678.25,790.4,469.35,623.57,472.72,526.98,620.46,688,468.23,685.86,733.04,765.28,368.57,232.77,169.71,291.89,400.22,782,125.72,243.99,379.01,518.65,653.69,771.18,874.85,993.16,974.18,1114.2,109.66,233.77,370.48,480.5,563.15,651.73,771,875.74,993.81,1097.4,131.5,236.13,376.87,492.05,770.5,878.77,994.4,1100.9,393.15,323.99,515.64,656.47,780.43,885.04,1003.1,1097.1,293.46,408.45,540.83,683.8,779.05,846.01,911.88,1013.2,449.2,572.1,703.64,822.89,929.03,1023.3,447.67,483.8,606.02,731.61,837.04,948.39,449.75,506.81,658.34,717.79,1073.4,606.88,671,798.66,890.35,719.72,836.15,912.48,926.31,765.92,1097.3,1996.9,2054,1851.8,1900.4
1283.5,1347.5,1132.4,1188.3,1274,1403.9,1465.7,1542.3,1606.7,1684.6,940.16,1050.9,1090.8,1198.3,1308,1406.4,1450.3,1547.9,1646.2,650.86,758.77,824.18,889.55,995.55,1077.9,1168.4,1234.8,1372.1,1507.8,1481.1,723.25,725.36,811.11,908.82,856.31,991.86,1164.2,1295,1428.3,1361.6,1407.5,1596.7,1683.6,1614.1,1520.3,1431.2,1525.6,1372.3,1363.4,1497.7,1117.5,1273.3,1339.3,1099.2,1149,1251.8,1177.6,1061.8,1066.1,1114.8,942.16,806.09,926.69,883.62,830.56,1329.4,1236.8,1618.6,657.85,714.83,796.74,945.33,1057,1189.6,1359.4,575.35,752.73,842.33,1016.7,1159.2,584.21,994.99,1267.1,1237.7,1255.7,1128.6,825.72,1324.2,1195.5,1144,1699.7,1646.7,1773.7,1905.8,1971.4,1461.5,1599.2,1748.2,1871.6,1937.6,1423.1,1572.6,1719.6,1882.2,1582,1715.3,1705.7,1871.9,1561.4,1689.9,1753.9,1858.3,1849.5,2000.1,1559.4,1732.6,1840.5,1437.4,1555.6,1648.5,1715.3,1476.5,1615.4,1944.4,1824.9,1424.9,1824.7,2053.4,2151.4,2215.3,2353.4,1958.1,2119.7,2190.2,2259.3,2275,1739.3,1901.7,2141.7,2286.1,1665.3,1851.3,1943,2070.2,2136.5,2190.9,2008.8,2136.6,1678.6,1950.5,2091.8,1774.8,2045.9,1976.1,1563.2,1694.6,1828.6,1980,2549.1,2506,2490.6,2345.6,2306.9,2286.1,811.77,753.53,689.37,543.34,743.04,737.91,656.92,642.44,549.06,482.67,459.31,680.44,629.72,575.31,568.99,420.01,394.78,540.24,496.53,488.99,394.62,280,344.03,541.83,206.74,449.59,354.19,263.86,167.11,155.93,203.23,418.38,479.2,438.42,342.98,227.42,258.88,145.42,220.6,85.147,181.4,0,179.63,82.152,214.25,190.22,186.27,273.7,360.17,237.13,250.19,302.88,403.96,302.42,349.04,395.38,412.48,464.67,478.87,385.22,449.16,473.24,529.44,589.75,489.63,511.23,565.43,599.08,681.17,485.2,445.05,343.55,439.32,563.89,709.33,308.95,568.82,639.51,694.39,545.02,381.66,329.19,469.36,581.23,963.06,303.59,425.36,560.17,699.14,833.73,950.77,1054,1171.9,1154.6,1292.9,288.25,411.49,547.97,657.64,739.08,826.77,947.82,1052.5,1170.4,1273.9,291.77,403.11,547.32,663.59,943.74,1052.4,1168.3,1275.2,550.46,470.61,678.03,823.16,948.48,1053.8,1173.1,1267.6,413.57,549.96,693.62,842.51,940.1,1008.8,1075.7,1178.6,578.02,715.46,855.1,978.31,1087.9,1184,545.18,601.89,739.42,876.7,987.09,1102.1,528.49,597.76,784.22,850.04,1228.4,698.41,784.47,931.63,1031.8,825.21,961.89,1046.5,1054.3,864.6,1264.1,1985.2,2017.6,1821,1874.8
1305.7,1350,1165.3,1204.7,1270.1,1377.8,1431.7,1500.5,1556.9,1629.8,970.86,1073.1,1097.3,1182.2,1274.4,1366.9,1401.6,1489.6,1586.6,680.15,822.52,866.81,891.45,984.37,1055.6,1135.2,1189.3,1312.8,1442.9,1410.8,799.33,753.4,804.22,888.03,827.8,949.02,1103.2,1222.4,1346.5,1343.3,1393.5,1696.3,1799.8,1733.6,1606.4,1523,1646.6,1495.8,1477.8,1612.9,1227.6,1366.7,1423.4,1191.2,1230.2,1324.6,1238,1138.8,1128.3,1166.8,1064.4,894.68,1020.2,1010.5,939.2,1392.1,1273.7,1729.5,644.89,685.27,759.07,865.54,967.25,1081.1,1256.1,528.28,671.24,727.7,904.41,1029.4,498.05,865.1,1123.6,1086.8,1170.3,987.9,749.69,1173.9,1041.7,992.61,1533,1542.1,1662.7,1791.4,1855.2,1353.2,1484.9,1628.9,1749.2,1813.9,1299.6,1449.5,1592.2,1751.9,1449.4,1582.1,1568.2,1734.5,1420.7,1547.1,1609.8,1715.6,1703.6,1864,1410.5,1583,1691.3,1282.1,1401.2,1492.9,1559.3,1315.6,1453.9,1792.3,1668.8,1276.4,1771.9,1994.1,2088.5,2149.3,2283.5,1893.9,2050.5,2118.5,2187.8,2199.5,1676.9,1832,2064.7,2205.4,1596.3,1772.7,1864.7,1987.2,2054.1,2106.1,1923.6,2047.7,1600.5,1860.9,1998.3,1683.9,1948.2,1875.6,1474.2,1599.7,1727.4,1872.9,2492.4,2444.3,2425.4,2275.7,2230.8,2205.4,949.15,880.18,805.94,601.4,898.44,883.12,785.83,741.76,639.57,539.72,468.21,841.76,780.67,712.97,683.39,517.03,466.19,700.93,646.3,620.92,516.58,387.42,366.2,665.91,298.61,600.33,504.85,417.54,311.01,335.37,368.29,597.47,655.12,608.62,513.52,252.34,225.74,200.93,140.12,174.92,84.528,179.63,0,208,82.201,307.32,209.4,179.23,216.67,322.62,265.58,234.44,510.85,316.8,299.64,291.06,269.14,567.68,552.2,360.94,417.39,417.33,628.35,675.71,542.89,544.01,580,598.59,716.69,386.01,595.19,410.56,450.57,537.94,606.32,422.24,615.42,655.82,683.87,418.5,309.32,244.08,341.98,435.46,802.2,185.28,279.47,404.04,537.03,668.97,784.11,886.05,1002.6,989.62,1123.2,136.42,247.63,380.26,488.05,567.27,653.55,776.17,880.37,997.92,1101.2,118,228.16,372.24,488.34,768.58,877.24,993.14,1100.2,371.05,291.14,499.08,644.99,770.56,876.05,995.65,1090.3,239.89,371.47,514.05,662.93,760.65,829.56,896.52,999.66,403.09,537.14,675.75,798.73,908.31,1004.4,384.47,431.34,563.81,698.34,808,922.62,379.26,441.49,611.47,675.17,1048.9,542.63,617.18,756.73,854.52,662.18,789.76,871.46,881.5,705.52,1085.4,2076,2128.5,1927.3,1977
1364.1,1429.3,1212.1,1269.5,1356,1485.9,1547.5,1623.6,1687.4,1764.9,1020.4,1131.8,1172.6,1280.5,1389.7,1487.8,1531,1627.8,1726,731.92,835.08,903.43,971.59,1077.7,1159.9,1250,1315.7,1451.7,1586.9,1559.4,797.3,806.32,893.26,990.79,937.93,1072.7,1243.4,1372.9,1504.7,1443.8,1489.7,1661,1741.3,1670.6,1589.1,1498.5,1581.6,1427.5,1422.6,1556.3,1179.3,1340.4,1409.1,1167.3,1220,1324.6,1253.2,1134.1,1141.6,1191.9,999.74,876.55,995.08,939.34,894.44,1404.2,1316,1678.8,739.85,796.2,877.71,1021.4,1131.4,1259.8,1431.1,654.79,827.93,909.88,1085.4,1222.3,657.61,1057.7,1324.3,1290.8,1331.3,1186.9,902.14,1377.7,1246.8,1196.7,1741,1718.4,1843.7,1974.9,2040,1532,1668.1,1815.7,1938.1,2003.7,1488.8,1638.6,1784.1,1945.7,1644.4,1777.5,1766,1932.4,1620.2,1747.7,1811.1,1916.3,1905.7,2061.3,1613.9,1786.7,1894.9,1487.8,1606.7,1698.8,1765.4,1522.9,1661.3,1997.1,1874.9,1479.5,1905.2,2133.4,2231,2294.6,2432.3,2037.5,2198.5,2268.7,2337.9,2352.9,1818.8,1980.4,2219.4,2363.2,1743.9,1928.6,2020.4,2146.9,2213.3,2267.2,2085,2212.2,1755.9,2025.9,2166.4,1849.7,2119.6,2049,1638.4,1768.7,1901.3,2051.3,2629.5,2585.9,2570,2424.4,2384.8,2363.2,862.36,810.34,751.29,621.84,781.48,784.2,713.6,711,621.1,561.78,541.46,713.96,673.09,628.32,633.14,492.15,472.75,576.38,542.96,546.6,458.92,352.75,426.17,602.32,285.57,496.3,403.73,315.06,232.01,160.31,162.98,406.97,493.72,464.92,371.85,309.23,336.03,227.26,286.68,166.82,238.54,82.152,208,0,210.62,112.33,120.6,240.52,342.41,155.08,178.28,254.89,327.12,227.43,289.99,355.06,391.45,387.4,397.32,316.43,380.27,410.76,451.69,510,407.49,429.92,485.62,521.1,599.27,438.41,388.5,261.4,361.25,491.2,658.9,232.71,486.72,559.11,617.34,607.11,455.5,399.28,530.4,635.61,1009.3,364.23,478.44,608.82,744.11,876.7,992.07,1094,1210.6,1197.5,1331.1,336.04,454.35,588.14,696.05,774.98,860.77,983.77,1087.8,1205.2,1308.3,326,435.66,579.16,694.85,974.67,1083.2,1199,1306,571.3,486.68,700.47,847.81,973.53,1079,1199.1,1293.8,417.55,560.29,708.38,859.94,958.64,1028.4,1095.8,1199.7,580.06,723.39,866.81,991.92,1103.6,1200.8,531.81,597.33,740.68,883.66,996.54,1113.4,506.79,579.53,780.33,849.03,1240.1,678,773.67,930.15,1034.9,809.58,955.76,1044.6,1048.7,844.97,1286.2,2051.9,2077.1,1882.6,1937.9
1387.9,1431.3,1247.5,1286.7,1351,1456.2,1508.8,1576.1,1630.9,1702.6,1053,1155.3,1179,1262,1351.7,1443.2,1476.1,1561.9,1658.5,762.21,902.72,948.59,973.08,1065,1134.9,1212.9,1264.8,1385.2,1513.7,1480.3,878.05,835.54,885.44,967.87,906.91,1025.7,1175.8,1291.7,1412.8,1422.7,1473.3,1772.4,1872.1,1804.9,1684.8,1600.4,1717.4,1565.7,1550.3,1685.3,1301,1443.7,1501.9,1268.2,1308.9,1404.5,1319,1218,1209.1,1248.3,1134.2,971.77,1096.7,1078.7,1012.4,1473,1355.9,1803.1,726.06,764.76,837.21,934.35,1032.5,1138.9,1315.3,606.42,740.96,785.2,961.51,1077,568.47,913.81,1162.3,1119.9,1236.1,1029.2,820.26,1207.3,1072.8,1026,1548.9,1599.8,1717.5,1844.3,1907.2,1409.9,1538.7,1679.9,1798.4,1862.3,1349.5,1499,1639.1,1796.8,1493.7,1625.7,1609.3,1775.2,1460.1,1584.6,1646.4,1752.9,1738.6,1905.3,1443.9,1615.4,1723.8,1310.6,1430.1,1520.5,1586.4,1338.7,1475.9,1822.3,1695.6,1310.6,1845.1,2065.4,2158.9,2218.8,2351.9,1964.2,2119.3,2186.6,2255.8,2266.3,1747.9,1900.9,2131.2,2270.7,1665.7,1839.2,1931.1,2052,2119,2170.1,1987.8,2110.4,1667.4,1923.6,2059.5,1746.5,2008,1934.4,1537.9,1661.1,1786.2,1929,2563.9,2514.7,2494.9,2344.1,2297.4,2270.7,1013.5,948.17,876.7,681.54,953.94,943.93,852.79,816.39,715.44,619.68,550.41,893.36,838.43,776.49,754.24,590.84,543.92,752.76,704.25,686.13,584.23,457.3,447.76,733.92,369.82,657.61,561.64,472.13,368.05,361.14,372.54,616.73,691.92,652.67,557.23,332.22,307.9,274.1,221.56,237.29,166.72,214.25,82.201,210.62,0,287.63,164.55,97.417,148.19,286.56,207.54,154.3,473.25,253.55,220.59,210.15,201.34,526.52,499.1,284.93,338.79,335.84,583.88,624.87,482.87,477.6,508.18,523.24,648.46,305.24,579.78,360.31,380.45,458.85,527.27,391.59,551.77,583.47,606.03,475.45,386.48,320.76,400.9,480.37,828.2,256.34,330.34,441.4,565.11,691.96,803.52,902.88,1017,1009.7,1136.4,195.88,284.2,405.29,507.42,581.59,664.13,788.34,891.01,1007.2,1109.6,154.87,247.88,384.33,497.08,774.03,881.98,997.21,1104.1,365.78,279.16,494.83,642.78,768.21,873.5,993.69,1088.4,206.94,350.06,498.89,651,749.92,820.04,887.48,991.63,369.94,512.77,656.4,781.73,893.81,991.16,330.93,389.79,531.01,673.09,785.92,902.91,316.23,383.99,572.76,640.25,1029.6,484.93,570.65,721.65,825,610.95,749.63,836.38,842.34,650.7,1078.5,2153.9,2202.3,2002.1,2052.7
1457.5,1528.3,1302.7,1365.1,1456.9,1591.4,1654.3,1731.8,1796.7,1874.7,1113.2,1226.4,1271.5,1384.4,1496.8,1595.7,1640.3,1738.1,1836.5,828.26,917.98,993.37,1072.8,1181.3,1265.4,1357.2,1424.7,1562.3,1697.9,1670.9,875.54,902.04,996.89,1096.6,1045.3,1181.8,1354.3,1484.6,1616.8,1547.8,1592.6,1716.9,1785.2,1712.5,1653.6,1560.2,1623,1468.2,1470.2,1602.2,1232.4,1402.4,1475.8,1231.8,1290,1397.8,1332.8,1207,1221.4,1275.5,1046.8,947.15,1061,983.89,953.01,1481.7,1404.6,1726.9,845.67,904.32,986.62,1133.6,1243.7,1371.5,1543.2,765.51,940.21,1021,1196.8,1331.4,769.93,1166.8,1430.1,1394.1,1443.6,1293.6,1014.3,1481.2,1349,1299.9,1834.9,1830.4,1955.4,2086.3,2151.2,1643.8,1779.5,1926.5,2048.5,2113.9,1599.1,1748.9,1893.7,2054.8,1753,1886,1873.5,2039.9,1726.8,1853.7,1916.6,2022.2,2010.6,2169,1717.8,1890.3,1998.6,1589.1,1708.3,1799.8,1866.1,1621.2,1759,2099.6,1975.5,1583.6,2014.7,2243.6,2341.6,2405.5,2543.5,2148.3,2309.7,2380.1,2449.3,2464.6,1929.5,2091.7,2331.2,2475.2,1855.2,2040.6,2132.3,2259,2325.3,2379.4,2197.2,2324.5,1867.8,2138.2,2278.8,1962.1,2231.9,2161.3,1750.7,1881,2013.5,2163.2,2739.3,2696.2,2680.8,2535.7,2496.5,2475.2,899.58,858.02,808.01,711.23,801.56,815.89,762.36,779.57,697.04,653.12,645.53,728.16,702.41,672.97,695.21,570.2,562.31,597.7,580,600.07,524.92,435.13,530.24,659.03,380.3,535.28,450.54,369.44,309.92,185.33,121.79,370.52,488.11,477.08,392.75,416.65,447.77,334.86,398.42,275.11,348.59,190.22,307.32,112.33,287.63,0,136.69,281.26,392.75,64.125,154.38,270.86,214.83,182.04,280.17,373.45,434.7,275.22,291.53,280.42,339.46,383.89,339.7,399.59,309.74,341.67,404.74,447.22,504.1,440.88,292.21,165.25,291.76,435.23,647.36,120.42,389.41,474.24,545.18,716.63,567.82,511.41,639.73,741.34,1108.4,474.17,584.37,711.35,843.44,973.94,1087.6,1188.2,1303.3,1293.6,1423,440.93,554.73,685.23,790.91,867.33,951.02,1075,1178.1,1294.5,1397.1,423.56,529.44,670.13,784.06,1061.6,1169.6,1284.8,1391.7,653.14,565.98,781.97,929.95,1055.2,1160.3,1280.5,1375.1,487.58,632.5,782.5,935.08,1034.1,1104.5,1172,1276.3,643.32,790.37,936.09,1062.2,1175.3,1273.1,578.72,652.91,800.21,947.74,1062.3,1180.5,543.99,618.97,833.41,904.57,1306.9,712.24,818.52,984.28,1093.4,847.8,1004.1,1097.3,1096.8,877.44,1363.5,2111.3,2123.2,1932.8,1990.6
1462.6,1520.4,1313.8,1365.5,1444.4,1564.7,1622.5,1694.9,1754.6,1829.4,1120.6,1229.5,1264.5,1363.3,1464.7,1560,1598.6,1690.3,1787.9,829.57,944.31,1006.9,1060.8,1162,1239.6,1324.9,1384.6,1513.5,1645.6,1615,909.47,904.2,978.5,1070.6,1014,1142.5,1304.1,1427,1553.3,1526,1573.9,1780,1861.8,1791.1,1705.9,1616.1,1702.2,1548.1,1542.9,1676.6,1299,1458,1525.1,1284.4,1335.1,1438.1,1363.4,1248,1251.9,1299.6,1120.1,992,1112,1059.9,1013.4,1515.4,1419.3,1798.8,821.48,871.04,949.25,1071.1,1175,1290.5,1465.5,720.6,876.5,937.08,1113.8,1236.4,703.38,1072.5,1325.4,1284.1,1377.6,1191.4,953.91,1371.5,1237.2,1190.1,1711.5,1751.5,1871.9,2000.3,2063.9,1562.5,1694,1837.4,1957,2021.5,1507.6,1657.4,1799,1957.8,1654.9,1787.2,1771.8,1937.9,1623.1,1748.1,1810.1,1916.5,1902.6,2067.8,1608.2,1779.8,1888.2,1475.2,1594.7,1685,1751,1502.9,1640,1986.9,1860.1,1474.7,1971,2195.6,2291.2,2353,2488.3,2096.9,2255,2323.7,2393,2405.6,1879.1,2036.5,2271.1,2412.6,1800.4,1979.3,2071.2,2194.7,2261.5,2313.9,2131.4,2256.1,1806.8,2069.3,2207.2,1892.4,2157.4,2085,1682.4,1808.6,1936.8,2082.3,2693.4,2646.9,2629,2480.5,2437,2412.6,982.87,930.77,870.76,727.45,899.81,904.27,834.01,827.66,735.22,666.21,629.23,830.84,792.78,748.92,751.82,606.14,579.72,694.53,663.26,666.81,577.34,466.13,516.07,722.04,391.74,616.68,524.32,435.6,349.38,274.61,246.61,499.77,603.16,580.35,488.94,395.17,402.17,316.86,332.1,259.28,275.11,186.27,209.4,120.6,164.55,136.69,0,144.59,256.1,122.49,66.129,140.93,308.75,120.54,169.52,244,298.36,362.71,342.81,199.02,263.01,290.45,421.38,466.51,335.89,343.75,389.53,418.13,517.08,321.51,422.87,201.19,260.13,377.93,539.54,228.27,410.91,465.15,511.53,627.69,507.6,444.78,551.31,640.39,992.74,392.94,486.58,604.07,729.56,856.42,967.5,1066.3,1179.6,1173.6,1298.5,345.08,446.32,569.79,671.74,744.99,826.34,950.71,1052.7,1168.1,1270,314.76,412.39,547.99,659.4,934.02,1041.3,1155.9,1262.5,524.12,436.22,651.94,799.69,924.3,1029,1149.1,1243.5,354.27,498.98,649.06,801.61,900.58,971.11,1038.5,1142.9,507.41,654.87,800.86,927,1040.4,1138.2,442.31,516.24,663.67,811.55,926.31,1044.6,409.09,483.8,696.76,767.88,1170.8,578.62,682.69,847.63,956.7,713.37,867.94,960.74,960.74,744.71,1230.2,2169.8,2197.3,2002.4,2057.3
1484.9,1528.7,1343.8,1383.9,1448.3,1552.3,1604.1,1670.4,1724,1794.8,1149.3,1252.2,1276.4,1358.9,1447.3,1538,1569.6,1653.7,1749.8,858.15,995.02,1043.7,1070.5,1162.2,1231.6,1308.7,1359.1,1477.2,1604.3,1569.9,968.18,931.73,982.85,1064.8,1003.6,1120.9,1268,1381.3,1499.7,1519.4,1570.2,1858,1952.4,1884,1773.8,1688,1795.9,1643.2,1631.2,1765.9,1383.2,1530.8,1591.3,1355.5,1398.7,1496,1412.5,1308.5,1302.1,1342.8,1212.1,1059.5,1183.5,1154.8,1094.9,1566.2,1452,1885.3,823.46,861.64,933.38,1023.9,1119,1218.6,1396,702.73,831.65,865.99,1041.3,1147.7,660.17,986.17,1223.8,1176.1,1322.7,1093.9,911.4,1263.3,1127,1082.9,1585,1678.9,1793.5,1918.5,1980.3,1488.3,1614,1752.4,1868.9,1932,1421.5,1570.4,1707.6,1863.1,1559.9,1691,1672,1837.3,1521.4,1643.8,1704.4,1811.3,1794.7,1967.7,1499.3,1669.2,1777.5,1361.2,1480.8,1569.5,1634.7,1383.5,1519,1873.1,1743.2,1367.1,1937.4,2156.3,2248.9,2308,2440,2054.2,2207.9,2274.5,2343.7,2353.1,1838.5,1989.7,2217.9,2356.2,1755.1,1925.9,2017.8,2137.1,2204.2,2254.5,2072.4,2193.6,1754.6,2007,2141.3,1829.9,2088.4,2014.1,1622.5,1743.3,1866,2006.1,2654.8,2604.5,2584.1,2432.3,2384,2356.2,1085,1024.4,956.58,774,1015.3,1011.6,928.17,901.23,802.14,712,647.04,950.54,903.12,848.25,834.7,675.56,633.53,811.32,770.18,760.42,662.06,538.76,542.79,811.14,453.75,723.22,627.89,537.55,438.43,400.71,388.01,640.53,734.24,703.67,609.43,425.34,404.9,361.51,318.96,317.16,263.69,273.7,179.23,240.52,97.417,281.26,144.59,0,111.97,258.5,155.03,59.666,432.23,186.4,126.4,122.71,154.35,479.28,436.74,194.49,244.07,238.44,531.08,563.21,411.53,397.72,420.86,431.52,564.65,215.93,563.59,306.62,297,363.18,440.59,363.19,474.57,495.01,511.34,558.1,482.6,416.86,485.93,553.4,879.1,350.41,411.15,508.85,621.52,741.36,847.88,943.54,1054.1,1053,1171.4,286.09,356.43,462.9,556.64,624,701.06,825.19,925.1,1038.7,1139.4,237.06,309.36,430.55,535.8,803.75,909.64,1023.1,1129,394.93,307.31,519.55,666.04,789.23,892.99,1012.7,1106.7,219.28,361.45,510.81,662.81,761.46,832.03,899.26,1003.6,364.88,512.86,659.15,785.27,899,996.86,298.01,371.84,519.57,668.12,783.13,901.63,267.53,341.43,552.18,623.32,1027.6,438.42,539.04,703.05,812.25,571.6,723.8,816.21,816.67,605.26,1091,2242,2284.5,2085.8,2137.7
1498.2,1530.9,1364,1394.9,1447.8,1538.3,1585.2,1646.5,1695,1762.3,1170.3,1267.7,1283.2,1352.5,1430.1,1516.6,1542.6,1620.3,1714.9,883.07,1034.3,1072,1077.8,1161.2,1223.5,1293.5,1336.3,1445,1567.4,1530.2,1013.7,954.61,987.26,1060.3,996.2,1103.2,1237.6,1342.3,1453.9,1510.1,1562.8,1912.5,2016.4,1949.9,1820.7,1738.4,1862.7,1711.6,1694.4,1829.4,1444.3,1582.4,1637.6,1406.9,1444.2,1536.6,1446.7,1352.1,1338,1373.1,1280,1110.5,1236.3,1225.3,1155.8,1601,1473.5,1946.2,828.87,857.42,922.82,987.11,1074.1,1160,1338.1,695.6,799.66,811.68,983.61,1076,633.74,917.75,1141.4,1088.8,1276.9,1015.5,879.91,1175.5,1038.3,996.6,1482.8,1617.3,1727.1,1849.1,1909.4,1426.1,1547,1681,1794.7,1856.7,1350.4,1498,1631.3,1784,1481.3,1611.1,1589.4,1753.7,1437.9,1557.8,1617.2,1724.4,1705.8,1884.3,1410.2,1578.5,1686.5,1268.7,1387.9,1475.2,1539.8,1286.7,1420.9,1779.7,1647.7,1279.5,1905.2,2118.9,2209,2266,2395.1,2014.5,2164.4,2229.3,2298.3,2305.2,1801.2,1947.2,2169.7,2305.2,1714.6,1878.4,1969.9,2085.7,2152.9,2201.5,2020.1,2138.3,1708.7,1952.3,2083.6,1775.6,2028.4,1952.8,1571.1,1687.2,1805.2,1940.8,2616.9,2563.9,2541.5,2387.4,2335.7,2305.2,1161.2,1094.9,1021.9,813.8,1101.8,1092.1,999.82,958.41,856.02,752.64,669.11,1040.5,986.56,924.36,899.39,733.68,681.93,900.06,852.41,833.61,730.86,602.78,575.35,880.51,514.42,805.74,709.78,620.17,516.24,500.28,496.39,747.51,833.61,797.79,702.57,466.76,428.38,417.19,339.43,384.61,293.95,360.17,216.67,342.41,148.19,392.75,256.1,111.97,0,369.98,263.71,145.58,539.33,286.63,195.23,109.34,53.235,583.45,532.47,264.6,295.5,265.97,631.89,657.73,499.89,476.12,485.59,484.61,633,190.78,675.27,410.24,373.7,402.35,397.15,473.97,554.78,555.2,551.04,512.54,478.99,415.46,447.45,492.15,788.85,343.01,367.93,441.39,539.07,651.05,752.86,845.51,953.46,956.13,1069.3,272.46,303,385.61,468.8,529.68,602.26,725.47,823.33,935.26,1034.9,213.93,245.81,343.5,440.21,700.3,804.79,917.15,1022.5,296.29,211.88,415.92,560.43,682.14,785.05,904.37,997.97,120.33,254.44,402.12,553.31,651.59,722.11,789.17,893.39,253.4,401.51,547.84,673.88,787.72,885.57,189.49,260.16,407.65,556.17,671.21,789.74,168.4,238.3,441.4,512.04,915.66,338.42,431.41,592.16,700.64,467.63,614.65,705.77,707.61,505,980.85,2290.8,2345.1,2143.9,2193.3
1515,1582.9,1361.2,1421.5,1510.3,1641,1702.4,1778.3,1841.5,1918.5,1170.8,1283.3,1326.1,1435.4,1544.7,1642.5,1685.1,1780.8,1879,884.07,978.68,1052,1125.9,1232.6,1314.9,1404.9,1469.9,1604.5,1739,1710.6,937.25,958.2,1048.1,1145.9,1092.8,1227,1395.8,1523.4,1653.3,1598.7,1644.5,1781,1849,1776.2,1717.3,1624.1,1686.6,1531.8,1534.2,1666.1,1296.5,1466.3,1539.4,1295.5,1353.2,1460.6,1394.5,1269.8,1282.9,1336.2,1110.8,1010.2,1124.6,1047.9,1017,1543.8,1463.8,1791,894.93,950.95,1032.1,1170,1277.6,1399.8,1573.2,807.83,975.78,1047.4,1223.9,1352,803.84,1187.7,1444.6,1404.8,1478.9,1309.7,1051.4,1492.2,1358.3,1310.7,1834,1860,1982.7,2112.3,2176.5,1672.1,1805.7,1950.7,2071.5,2136.4,1621.9,1771.8,1914.8,2074.5,1771.9,1904.6,1890.1,2056.4,1742.1,1867.7,1930,2036.2,2023,2186.1,1728.9,1900.8,2009.2,1596.8,1716.3,1806.9,1872.9,1625.2,1762.3,2108.4,1982.1,1595.2,2059.1,2286.6,2383.7,2446.8,2583.8,2189.9,2350.1,2419.9,2489.1,2503.4,1971.4,2131.8,2369.4,2512.5,1895.4,2078.2,2170.1,2295.5,2362.1,2415.4,2233,2359.2,1905.5,2172.6,2312,1996.1,2263.8,2192.2,1785.2,1913.7,2044.2,2191.9,2783.1,2738.8,2722.4,2576,2535.1,2512.5,963.16,922.11,872.04,769.81,863.31,879.05,826.48,842.71,759.02,710.92,696.33,789.11,765.46,737.03,758.9,631.6,620.61,660.04,643.81,664.13,588.07,495.19,580.99,723,436.09,599.23,514.66,433.23,370.35,249.45,180.69,420.75,546.1,538.57,455.74,464.3,487.91,382.34,430,321.89,376.36,237.13,322.62,155.08,286.56,64.125,122.49,258.5,369.98,0,111.36,235.57,188.49,125,232.13,334.52,406.67,245.15,242.91,222.5,279.11,326.74,306.74,359.36,253.18,280.49,341.83,383.42,446.35,393.22,305.35,106.89,227.64,371.65,592.44,106,332.73,412.39,481.34,739.71,603.44,544,662.83,757.61,1114.6,499.92,602.08,723.45,850.91,978.5,1089.9,1188.8,1302.1,1296,1420.9,458.94,565.69,691.32,793.97,867.48,948.77,1073.2,1175,1290.3,1392,433.71,534.03,670.44,781.87,1056,1163.1,1277.5,1383.9,646,558.01,773.37,920.91,1045.1,1149.5,1269.5,1363.7,474.44,618.53,768.41,920.72,1019.5,1090.1,1157.4,1261.8,623.28,771.33,917.63,1043.7,1157.5,1255.4,549.87,628.05,776.36,925.8,1041,1159.6,510.48,585.58,805.49,877.65,1285.3,675.25,786.15,956.12,1067.3,811.82,972.61,1067.8,1064.8,838.46,1349.2,2175.3,2187.1,1996.9,2054.7
1528.7,1586.5,1379.7,1431.7,1510.2,1629.6,1686.9,1758.6,1817.5,1891.8,1186.6,1295.6,1330.6,1428.7,1529.1,1624,1661.7,1752.3,1849.7,895.62,1008.9,1072.5,1126.8,1227.7,1304.7,1389.3,1448,1575.5,1706.8,1675.5,973.17,970.25,1044.3,1135.8,1078.8,1206.2,1365.9,1487.2,1612,1591.4,1639.5,1839.1,1917.3,1846,1767.3,1676.8,1756.8,1602.5,1599.4,1732.7,1357,1518.7,1587,1345.5,1397.6,1501.3,1427.8,1311.1,1316.3,1364.6,1176.1,1054.2,1173.2,1115,1072.6,1579.5,1485,1855.8,887.01,935.78,1013.4,1130.7,1232.8,1344.4,1520.1,784.21,936.21,990.62,1167.2,1284.5,762.97,1121.3,1368.3,1323.8,1435.9,1236,1014.2,1411.2,1275.7,1230.1,1739.5,1805.4,1924.2,2051.5,2114.5,1615.9,1745.6,1887.3,2005.9,2069.9,1557,1706.6,1846.6,2004.1,1700.9,1832.8,1815.8,1981.6,1666.2,1790,1851.3,1958,1942.7,2111.7,1647.6,1818.4,1926.8,1511.7,1631.3,1720.7,1786.2,1536.1,1672.1,2023.7,1895,1514.8,2033.6,2257.4,2352.5,2413.8,2548.5,2158,2315.3,2383.7,2453,2464.9,1940.5,2096.8,2330.2,2471,1860.9,2038.2,2130.2,2252.8,2319.7,2371.6,2189.2,2313,1866,2126.2,2263.3,1949.2,2212.6,2139.6,1739.7,1864.6,1991.3,2135.3,2755.3,2708.2,2689.8,2540.7,2496.2,2471,1035.6,986.69,929.18,792.7,946.46,955.01,890.05,889.06,798.05,731.61,695.27,875.27,842.54,803.51,811.37,668.97,644.63,741.39,715.24,723.72,637.19,529.09,582.19,780.05,456.54,669.11,578.66,491.41,410.08,320.93,275.22,524.74,640.15,623.88,535.23,461.27,466.84,382.95,394.34,325.14,336.74,250.19,265.58,178.28,207.54,154.38,66.129,155.03,263.71,111.36,0,124.65,277.22,54.562,125.88,223.29,297.15,325.35,291.58,138.45,202.09,236.58,379.42,417.53,277.52,280.33,323.83,352.01,453.71,286.53,414.61,154.4,194.16,313.92,495.31,211.25,350.02,399.6,445.63,680.71,569.51,505.83,605.08,687.91,1029.1,450.77,537,648.3,768.49,891.81,1000.2,1096.9,1208.3,1205.8,1325.9,398.42,491.55,608.74,706.75,776.54,854.98,979.26,1079.6,1193.6,1294.4,362.19,452.04,581.27,689.05,958.64,1064.6,1178.1,1284,549.37,461.5,674.54,821.06,944.14,1047.7,1167.3,1261.2,374.26,516.22,665.2,816.84,915.24,985.78,1052.9,1157.1,516.77,664.87,811.16,937.08,1051,1148.8,439.56,519.03,667.46,817.52,932.8,1051.5,399.24,474.3,695.11,767.49,1176.8,563.99,674.91,845.56,957.27,700.49,861.42,956.89,953.57,727.56,1244.6,2230.2,2253.7,2060,2115.7
1538.2,1584.4,1395.6,1437.9,1504.6,1610.4,1662.8,1729.5,1783.4,1854.3,1201.1,1305.3,1331.3,1416.2,1505.8,1596.9,1628.9,1713.2,1809.4,909.48,1041.5,1093.6,1125.6,1218.8,1289.2,1367.1,1418.2,1536.7,1663.9,1629.5,1012.4,983.43,1038.6,1122,1061.2,1179.6,1327.5,1440.9,1559.3,1576.9,1627.4,1896.9,1986.4,1917,1816,1728.9,1828.5,1675.1,1666,1800.4,1419.4,1571.3,1634,1396.4,1442.1,1541.1,1459.9,1352.7,1349.1,1391.6,1245,1101.2,1224,1186.4,1131.8,1613.3,1503.3,1921,879.32,918.99,991.48,1083.6,1178.6,1277.2,1454.7,760.71,891.28,924.82,1099.8,1204.1,719.7,1043.1,1277.4,1227.9,1382.3,1148.6,971,1314.9,1178.2,1135,1628.3,1737.2,1851.1,1975.6,2037.1,1546.4,1671.5,1809,1924.9,1987.8,1478.1,1626.8,1763.1,1917.8,1614.7,1745.5,1725.6,1890.6,1574.7,1696.2,1756.3,1863.5,1846,2021.1,1550.4,1719.7,1827.8,1410.7,1530.1,1618.1,1683,1430.6,1565.3,1922.3,1791.2,1418.8,1996.9,2215.9,2308.6,2367.7,2499.6,2113.8,2267.5,2334.1,2403.3,2412.7,1898.2,2049.4,2277.4,2415.5,1814.8,1985.4,2077.3,2196.4,2263.6,2313.7,2131.7,2252.6,1814.2,2066.1,2200.1,1889,2147,2072.4,1681.8,1802.3,1924.4,2063.9,2714.4,2664.2,2643.7,2491.9,2443.5,2415.5,1113.2,1056.4,991.63,820.98,1036.2,1037.1,959.75,940.61,843.43,758.95,699.84,968.8,926.85,877.37,870.6,715.6,678.03,831.23,795.46,791.84,696.69,577,593.33,844.56,494.62,748.58,654.39,564.39,469.93,413.53,386.45,639.32,743.86,719.22,626.66,474.2,458.92,406.03,374.55,357.18,318.15,302.88,234.44,254.89,154.3,270.86,140.93,59.666,145.58,235.57,124.65,0,395.3,141.13,66.851,103.28,173.37,438.11,387.88,135.07,184.88,183.97,486.35,513.72,358.41,340.94,361.7,371.86,506.17,183.84,539.17,265,239.35,304.6,406.71,335.44,418.53,435.58,452.24,617.37,540.71,474.98,545.47,611.04,929.43,409.39,470.35,565.33,674.5,791.54,895.83,989.75,1098.5,1100,1214.7,345.63,414.5,516.99,607.56,672.11,746.64,870.21,968.61,1080.8,1180.5,296.65,365.61,481.39,583.1,845.81,950.37,1062.6,1167.8,440.15,353.9,561.38,705.99,827.44,930.01,1049.1,1142.4,263.25,399.98,547.01,697.45,795.27,865.69,932.48,1036.5,395.46,543.21,689.26,814.87,928.86,1026.6,314.99,395.25,543.64,694.06,809.38,928.04,275.05,350.17,570.49,642.93,1053.1,441.62,550.66,720.91,832.73,577.61,737.07,832.29,829.35,606.58,1123.9,2283.1,2320.1,2122.8,2175.8
1645.8,1724.7,1487.6,1557.2,1656.3,1797.4,1862.3,1941.3,2007.8,2086.7,1302.3,1417.6,1468.7,1588.4,1705.1,1805,1851.4,1950.8,2049.2,1024.2,1094.9,1179.3,1273.7,1385.2,1471.9,1565.9,1635.8,1775.2,1911.5,1885,1046.5,1096.6,1201.4,1303.8,1254.5,1393.1,1567.8,1699,1831.6,1751.6,1794.9,1843.4,1890.7,1815.2,1794.9,1697.8,1725.6,1571.3,1585,1712.8,1359.5,1541.8,1622.3,1377.2,1443.2,1555.4,1500.8,1365.9,1390.5,1450.1,1167.3,1105.9,1210.9,1101.8,1093.6,1645.3,1585.9,1840.4,1053.4,1114.7,1197.9,1348.4,1458.5,1584.8,1757.2,979.03,1155,1233.3,1409.5,1540,984.61,1375.6,1633,1592.7,1658.4,1498.2,1229,1680.1,1545.9,1498.7,2016.3,2044.3,2168.3,2298.6,2363.1,1857.2,1991.9,2137.8,2258.9,2324,1809.4,1959.2,2102.7,2262.7,1960.2,2092.9,2078.6,2244.9,1930.6,2056.1,2118.3,2224.5,2211.1,2374.5,1916.8,2088.5,2196.9,1783.8,1903.3,1993.6,2059.4,1810.7,1947.3,2295.6,2168.5,1783.3,2226.1,2456,2554.4,2618.8,2757.2,2361.5,2523.4,2594.1,2663.2,2678.9,2142.6,2305.5,2545.6,2689.8,2069.1,2255.2,2346.8,2473.7,2540.1,2594.2,2412,2539.3,2082.4,2353,2493.5,2176.9,2446.4,2375.6,1965.5,2095.7,2227.7,2376.8,2950.9,2908.8,2893.8,2749.4,2710.8,2689.8,1008,984.22,949.35,899.61,885.44,918.26,893.3,938.77,868.32,844.81,852.12,805.74,806,801.39,847.72,747.67,753.56,695.06,702.34,744.51,689.39,622.29,737.62,805.37,581.24,663.43,595.72,530.93,499.6,351.13,253.62,397.85,551.85,571,509.97,627.95,662.36,546.88,612.28,488.06,560.82,403.96,510.85,327.12,473.25,214.83,308.75,432.23,539.33,188.49,277.22,395.3,0,255.84,366.48,480.18,567.85,60.828,120.07,322.62,353.42,414.34,125.87,191.97,172.75,231.66,303.82,358.67,346.01,512.77,180.81,133.15,255.44,393.97,672.19,95.016,236.66,350.71,448.51,926.81,782.61,725.7,849.85,946.05,1301.3,685.68,790.32,911.83,1038.3,1164.7,1274.9,1372.7,1484.8,1480.9,1602.8,647,754.04,878.54,979.86,1051.8,1131.4,1255.7,1356.5,1470.7,1571.6,622.09,721.13,855.37,965,1235.8,1341.9,1455.3,1561,826.33,738.36,951.76,1098.2,1221,1324.3,1443.7,1537.3,651.48,793.01,941.45,1092.5,1190.5,1260.9,1327.8,1431.8,790.76,938.42,1084.3,1209.7,1323.7,1421.3,705.71,788.73,936.58,1087.5,1202.7,1321.3,659.01,732.28,958.65,1031.7,1445.5,812.19,931.1,1107.2,1221.2,948.52,1117,1215.4,1207.4,967.47,1519.2,2241.4,2230.3,2048.2,2110
1582.7,1641,1433.4,1485.9,1564.8,1683.9,1741,1812.4,1871,1944.9,1240.4,1349.7,1385.1,1483.3,1583.2,1677.9,1715.2,1805.2,1902.5,949.64,1061,1125.9,1181.4,1282.2,1359.2,1443.5,1501.7,1628.4,1759.2,1727.5,1024.4,1024.3,1098.8,1190.2,1133.1,1260.1,1418.8,1539.1,1663,1645.8,1694,1885.7,1960.6,1888.7,1816,1724.8,1799.4,1644.8,1643.7,1776.6,1402.7,1566.7,1636.2,1394.1,1447.4,1552,1479.7,1361.5,1368.1,1417.2,1220.2,1103.9,1222,1158.4,1119.5,1631.1,1538.5,1900.3,941.55,990.09,1067.5,1182.3,1283.4,1392.3,1568.6,838.07,988.01,1038.7,1215,1328.8,814.79,1166.2,1408.8,1362.2,1486.7,1277.8,1066.3,1449.4,1313.3,1268.8,1768.9,1853.3,1970.9,2097.4,2160,1663.5,1792,1932.6,2050.3,2113.9,1601.9,1751.3,1890.1,2046.7,1743.4,1875,1856.8,2022.3,1706.6,1829.5,1890.3,1997.2,1980.9,2152.7,1685.5,1855.6,1963.8,1547.6,1667.2,1755.8,1821,1569.4,1704.6,2059.5,1929.4,1553.2,2086.8,2310.1,2404.9,2466,2600.3,2210.4,2367.2,2435.3,2504.6,2516.2,1993.1,2148.8,2381.3,2521.7,1913,2089.3,2181.3,2303.3,2370.3,2421.9,2239.5,2362.8,1917.2,2176,2312.5,1998.9,2261.3,2187.8,1789.8,1913.9,2039.6,2182.6,2808.2,2760.7,2742.1,2592.5,2547.4,2521.7,1076.9,1030.8,975.54,845.6,982.81,994.77,934.4,938.1,848.49,784.69,749.77,909.95,881.68,846.75,858.84,719.51,697.2,778.42,756.52,769.05,685.16,579.91,636.57,826.23,509.12,710.88,622.25,536.48,459.28,360.42,303.36,545.67,669.7,658.7,572.69,515.7,521.18,437.1,447.8,378.93,390.03,302.42,316.8,227.43,253.55,182.04,120.54,186.4,286.63,125,54.562,141.13,255.84,0,114.06,225.57,312.26,297.03,250.46,98.387,158.52,202.2,345.78,376.98,229.4,227.38,269.3,297.89,400.5,272.03,410.2,124.1,139.62,264,467.45,206.79,299.06,345.1,392.19,728.8,622.67,558.63,653.77,732.56,1065.5,502.05,583.89,690.95,807.23,927.76,1034,1129,1238.7,1238.8,1355.2,447.49,535.47,648.08,743.01,810.12,886.2,1010.1,1109.1,1221.6,1321.5,408.26,492.76,616.94,721.62,986.6,1091.4,1203.8,1309,579.69,492.64,702.13,847.06,968.56,1071,1190,1283.2,402.96,541.07,688.06,838.22,935.81,1006.1,1072.8,1176.7,535.73,683.06,828.77,954.02,1068,1165.6,450.09,532.89,680.78,831.7,946.94,1065.5,404.68,478.78,703.88,776.85,1189.9,563.02,678.79,853.16,966.57,699.91,865.3,962.6,956.55,723.15,1264.1,2277.8,2297.7,2105.1,2161.5
1600.8,1648.8,1456.8,1501,1569.5,1676.7,1729.3,1796.3,1850.3,1921.1,1262.4,1367.7,1395.2,1481.8,1572.3,1663.6,1695.7,1780.1,1876.2,970.59,1098.2,1153.4,1189.7,1283.9,1355,1433.5,1485,1603.6,1730.6,1696.1,1067.1,1044.8,1103.2,1187.7,1127.2,1246.2,1394.4,1507.5,1625.4,1642.8,1693.1,1945.7,2030.3,1960,1868.2,1779.8,1871.1,1717.2,1711,1844.9,1466.1,1622,1686.7,1447.6,1495.5,1596.1,1517.1,1407,1406.1,1450.2,1288.6,1153.5,1275.1,1228.8,1179.5,1670.2,1564,1966.7,944.06,984.79,1057.7,1150.2,1244.7,1341.6,1519.3,826.94,958.04,989.77,1164.4,1265.6,786.54,1105.5,1335.4,1283.8,1448.4,1208.1,1037.8,1370.5,1233.4,1191.4,1673.9,1801.2,1914.1,2037.9,2099,1610.3,1734.3,1870.8,1985.9,2048.4,1539.9,1688.2,1823.4,1977.1,1674.2,1804.5,1783.6,1948.1,1632.2,1752.7,1812.2,1919.5,1901,2078.7,1605.4,1773.7,1881.7,1463.8,1583,1670.1,1734.5,1480.9,1614.6,1974.7,1842.3,1474.5,2063.7,2282.6,2375.2,2434.2,2565.9,2180.4,2333.9,2400.4,2469.6,2478.7,1964.9,2115.8,2343.4,2481.2,1881.4,2051.5,2143.3,2262.1,2329.2,2379.2,2197.2,2317.8,1880.4,2131.3,2264.9,1954.2,2211.3,2136.5,1747.4,1867.2,1988.6,2127.2,2781.2,2730.8,2710.2,2558.2,2509.6,2481.2,1152.3,1099.4,1037.8,878.47,1068.3,1073.7,1002.6,991,895.81,816.54,762.36,998.3,962.09,918.12,917.89,767.21,733.7,862.99,832.77,835.13,743.42,627.62,654.25,889.58,548,786.19,693.67,604.67,515.4,442.33,401.08,650.2,765.5,747.18,657.03,534.16,522.72,463,439.55,411.1,382.61,349.04,299.64,289.99,220.59,280.17,169.52,126.4,195.23,232.13,125.88,66.851,366.48,114.06,0,114.13,209.06,402.52,341.5,70.725,118.21,125,445,465.09,305.35,281.35,296.92,305.24,442.68,161.28,524.26,233.33,178.9,238.4,371.25,320.71,359.84,370.01,385.54,683.07,607.06,541.35,611.66,674.55,984.04,476.15,535.99,627.53,732.55,846.22,947.81,1039.6,1146.2,1150.5,1260.9,412.46,478.77,576.65,663.53,724.84,796.37,918.99,1015.5,1125.8,1224.2,363.03,428.04,537.79,635.31,891.4,994.21,1104.9,1209.1,491.15,407.08,607.99,749.82,868.88,969.8,1087.8,1180.2,315.55,444.81,587.87,735.61,832.06,902,968.09,1071.4,432.51,578.01,722.62,846.99,960.78,1058,340.48,425.06,571.82,722.9,837.86,956.16,292.54,365.93,592.22,665.33,1079.8,448.99,565.42,740.78,854.77,585.86,751.79,849.49,842.82,609.29,1158.7,2333.9,2365.4,2169.6,2223.8
1592.3,1630,1454.6,1490.1,1547.9,1642.9,1691.1,1753.5,1803,1870.7,1260.3,1360.6,1380.1,1454.7,1535.5,1623,1650.2,1728.8,1823.6,970.39,1112.9,1157.7,1174.3,1261.2,1326.1,1398.2,1442.9,1553.3,1676.3,1639.3,1087.8,1043.2,1084.9,1161.5,1098.3,1208.5,1345.6,1451.4,1563.3,1613.3,1665.4,1979.8,2075.1,2006.7,1894.2,1809.1,1918.6,1765.9,1753.8,1888.6,1505.7,1652.1,1711.5,1476.7,1518.6,1614.6,1529,1427.9,1419.1,1457.9,1334.8,1180.5,1304.8,1277.5,1217.3,1683,1563.4,2007.8,925.77,958.18,1025.8,1095.8,1183.4,1268.7,1446.9,796.99,907.57,920.89,1092.5,1182,740.35,1024.9,1242.9,1187.5,1386.2,1119.1,987.83,1273.6,1136,1096.1,1565.3,1725.4,1834.1,1955.2,2015,1534.2,1653.9,1786.6,1899.3,1960.8,1456.3,1603.4,1735.2,1886.4,1584.3,1713.3,1690.2,1853.8,1538.3,1656.7,1715.1,1822.5,1802.4,1984.4,1507,1673.9,1781.4,1363,1481.7,1567.6,1631.4,1376.7,1509.2,1872.5,1738.6,1377.5,2013.6,2227.9,2318.2,2375.3,2504.4,2123.6,2273.7,2338.6,2407.6,2414.5,1910.2,2056.4,2279,2414.3,1823.8,1987.7,2079.2,2194.9,2262.1,2310.5,2129.2,2247.2,1818,2061.3,2192.1,1884.6,2136.6,2060.8,1680.3,1796.1,1913.3,2048,2726,2673.1,2650.8,2496.7,2445,2414.3,1207.1,1147.1,1079.2,891.69,1134.8,1132.9,1050.8,1023.1,923.43,829.83,757.45,1068.6,1023.8,970.48,957.31,797.41,753.37,930.21,891.34,882.98,784.77,661.16,657.25,933.84,575.6,844.38,749.35,659.04,560.87,514.81,489.72,742.52,846.32,819.98,726.68,542.37,514.63,482.11,426.31,439.48,374.65,395.38,291.06,355.06,210.15,373.45,244,122.71,109.34,334.52,223.29,103.28,480.18,225.57,114.13,0,101.95,516.61,453.28,173.53,191.86,157,558.18,575.03,413.23,381.73,383.27,378.16,530.88,95.084,634.17,347.13,280.93,293.7,318.51,429.92,460.33,450.4,441.97,621.63,578.18,513.32,555.67,601.12,886.31,442.4,476.49,549.71,642.42,749.14,846.47,935.51,1039.8,1047,1153,373.02,412.23,491.96,569.82,625.45,692.87,814.06,908.56,1017.3,1114.7,316.32,355.12,446.31,535.8,783.66,884.98,994.53,1098,391.47,312.3,502.2,641.11,758.36,858.28,975.73,1067.7,222.5,338.79,477.77,623.7,719.47,789.18,855.01,958.1,321.14,465.15,609.16,733.2,846.92,944.06,226.38,311.31,457.74,608.81,723.74,842.03,179.12,253.33,478.53,551.58,965.69,340.73,453.68,627.6,741.19,477.35,640.29,737.16,731.92,504.5,1045.3,2362.9,2407.1,2208.1,2259.7
1541.5,1570.9,1409.3,1437.7,1487,1572.9,1617.8,1677.1,1723.6,1789.3,1216,1311.8,1324.9,1390,1463.7,1548.4,1572.1,1647.1,1740.8,930.11,1083.9,1119.5,1120,1200.7,1260.6,1328,1367.8,1472.5,1592.8,1554.3,1064.4,1001,1028.8,1099,1034.1,1137.3,1266.3,1367.1,1475.3,1546.4,1599.7,1964.1,2069,2002.7,1871.2,1789.4,1915.6,1764.5,1747,1882,1496.7,1633.7,1688.1,1458.2,1494.6,1586.1,1495.1,1402.3,1386.8,1420.7,1333,1161.9,1287.9,1278.4,1208.3,1649.3,1518.9,1998.5,871.16,896.75,959.84,1013.7,1096.7,1175.4,1353.6,734.7,829.14,830.74,1000.1,1084.1,666.48,928.4,1142,1085.9,1298.6,1019.3,909.23,1171.9,1034.3,994.75,1465.3,1630.2,1737.1,1857.1,1916.5,1439.1,1556.8,1688,1799.9,1861,1358.1,1504.7,1635.3,1785.8,1484,1612.6,1589.1,1752.4,1437,1555,1613.4,1720.7,1700.5,1883,1405.2,1571.9,1679.5,1261,1379.8,1465.7,1529.6,1275.1,1407.8,1770.7,1636.9,1275.8,1932.1,2143.4,2232.3,2288.2,2415.9,2038,2186.1,2250,2318.9,2324.6,1826.1,1969.4,2189.1,2323,1738.1,1898.4,1989.6,2103.5,2170.7,2218.4,2037.5,2154.1,1729.6,1968.6,2098.1,1792.3,2041.7,1965.4,1589.5,1703.1,1818.3,1951.2,2640.8,2586.6,2563.3,2408.2,2354.8,2323,1214.5,1148,1074.8,863.84,1154.6,1145.3,1053,1010.6,907.96,802.92,716.12,1092.9,1039.6,977.59,952.26,786.15,733.43,952.6,905.48,886.83,783.99,655.77,624.76,933.63,567.3,858.78,762.83,673.13,569.38,550.39,542.26,794.49,884.05,849.48,754.38,517.93,476.94,469.92,388.28,437.84,344.82,412.48,269.14,391.45,201.34,434.7,298.36,154.35,53.235,406.67,297.15,173.37,567.85,312.26,209.06,101.95,0,608.47,550.56,273.66,293.48,254.13,653.4,673.87,513.06,483.33,484.84,477.75,632.37,160.33,711.57,436.25,382.05,390.41,351.85,508.38,562.01,550.96,536.49,538.35,520.72,458.52,477.32,510.25,784.59,385.52,397.22,456.68,542.91,647.57,744.52,833.81,938.67,945.26,1052.6,314.84,329.3,395.61,469.27,523.63,591.03,712.49,807.63,917.19,1015.3,255.65,269.08,347.02,434,683.07,785.32,895.84,1000,289.8,212.62,400.73,541.04,659.83,760.95,879.25,972,125.9,237.24,378.81,527.08,624.1,694.29,760.76,864.51,224,370.84,516.52,641.88,755.87,853.51,144.03,221.94,370.36,520.7,636.01,754.67,116.18,188.09,399.25,471.1,879.8,287.09,384.69,550.08,660.65,418.23,569.6,662.67,662.42,453.98,951.89,2341.5,2397.4,2195.9,2244.9
1703.4,1783.7,1544.7,1615.4,1715.7,1857.7,1922.8,2002,2068.6,2147.5,1360.2,1475.8,1527.8,1648.5,1765.6,1865.7,1912.2,2011.6,2110,1083.4,1150.9,1236.8,1333.5,1445.3,1532.2,1626.5,1696.6,1836.1,1972.3,1945.8,1101.5,1155.5,1261.6,1364.3,1315.2,1453.9,1628.6,1759.6,1892.1,1811.6,1854.7,1888.1,1930.5,1854.3,1843,1745.1,1764.9,1611,1627.4,1754,1405.1,1589.8,1671.7,1426.8,1494.3,1607.1,1554.7,1418.1,1444.7,1505.3,1212,1158.6,1261.7,1146.2,1142.8,1698.2,1642.2,1882,1114,1175.5,1258.7,1408.8,1518.5,1643.9,1816.6,1039.8,1215.3,1291.9,1468.3,1597,1044.6,1432.8,1688.1,1646.4,1718.7,1553.8,1289.5,1733.8,1599.1,1552.5,2064.3,2103.6,2227.2,2357.1,2421.5,1916.2,2050.4,2195.8,2316.6,2381.5,1867,2016.9,2159.9,2319.4,2016.7,2149.2,2134.3,2300.4,1985.8,2110.8,2172.8,2279.2,2265.1,2430.3,1970.4,2141.8,2250.2,1836.1,1955.7,2045.4,2111.1,1861.3,1997.5,2348,2220,1837.1,2286.9,2516.9,2615.3,2679.6,2818,2422.3,2584.2,2654.8,2724,2739.6,2203.4,2366.3,2606.3,2750.4,2129.9,2315.7,2407.4,2534.2,2600.6,2654.6,2472.4,2599.6,2143,2413.2,2553.6,2237,2506.2,2435.2,2025.7,2155.6,2287.3,2435.9,3011.7,2969.6,2954.6,2810.2,2771.5,2750.4,1050.8,1030.9,999.19,957.8,923.58,960.25,941.35,992.01,923.87,903.55,912.63,843.14,849.04,849.47,900.07,804.54,812.38,737.83,749.99,795.93,744.48,680.87,798.23,856.8,641.41,712.5,648.34,586.57,558.87,409.22,311.21,432.25,589.71,614.72,558.96,688.77,722.93,607.7,671.86,548.85,619.83,464.67,567.68,387.4,526.52,275.22,362.71,479.28,583.45,245.15,325.35,438.11,60.828,297.03,402.52,516.61,608.47,0,97.617,351.19,372.65,434.63,65.069,133.72,158.8,221.07,289.82,345.63,306.75,540.02,193.69,173.23,268.79,394.73,683.42,155.79,205.99,325.12,428.65,984.76,842.8,785.47,907.85,1002.2,1353.5,744.3,847.06,966.76,1091.4,1216.4,1325.5,1422.3,1533.3,1531.1,1650.6,704.05,808.98,931.52,1031.4,1101.9,1180.2,1304.4,1404.4,1517.7,1618,677.25,774.19,906.26,1014.4,1282.6,1387.9,1500.6,1605.9,874.21,786.51,998.21,1143.7,1265.5,1368.1,1487,1580.1,698.22,837.86,985.09,1135.1,1232.5,1302.7,1369.2,1472.9,832.35,979.23,1124.5,1249.3,1363.1,1460.4,742.99,827.41,974.34,1125.4,1240.3,1358.6,693.94,765.85,993.36,1066.5,1481.9,841.48,962.66,1140.5,1255.4,976.81,1147.6,1246.9,1236.8,992.77,1560.3,2286.5,2270,2090,2152.7
1745.7,1819.1,1589.3,1654.7,1748.3,1882.4,1944.6,2021,2084.4,2161.3,1401.5,1515.6,1562.5,1675.8,1786.9,1885.1,1928,2023.6,2121.7,1118.7,1199.9,1280.2,1364.2,1472.7,1556.4,1647.2,1712.8,1847.2,1981.3,1952.5,1153.7,1192.1,1288.3,1387.5,1335.2,1469.8,1638.4,1765,1893.6,1839.2,1884.2,1961.6,2010.5,1935.1,1910.9,1814.4,1845.5,1691.1,1704.2,1832.3,1477.2,1657.9,1737.2,1492.1,1556.4,1667.5,1609.8,1477.5,1498.9,1556.5,1285.6,1217.1,1324.6,1220.3,1208.9,1755.8,1689.5,1959.7,1136.4,1193.5,1274.9,1410.6,1516.5,1633.3,1808.3,1050.7,1216.1,1279.8,1456.5,1576.1,1043.5,1412.8,1658.8,1612.6,1718.5,1527.2,1292.4,1699.8,1563.7,1519.2,2014.8,2094.3,2214.4,2342.3,2405.5,1905.3,2036.2,2178.6,2297.4,2361.4,1848.4,1998,2138.1,2295.5,1992.3,2124.1,2106.6,2272.3,1956.7,2079.8,2140.7,2247.6,2231.4,2402.5,1936,2106,2214.2,1797.8,1917.3,2005.7,2070.7,1818.5,1953.2,2309.6,2179,1803.7,2302,2529.3,2626.3,2689.2,2825.8,2432.4,2592.2,2661.7,2731,2744.7,2214,2373.8,2610.5,2753,2137.4,2319.1,2411,2535.5,2602.2,2655.1,2472.7,2597.9,2146.4,2411.2,2549.6,2234.4,2500.1,2427.7,2024,2151,2279.6,2425,3026,2981.5,2964.9,2818,2776.3,2753,1127.2,1101.6,1064.2,998.69,1005.5,1037.7,1009.8,1049.5,974.95,941.85,936.8,925.81,925.18,917.94,959.86,851.48,850.65,814.38,819.35,858.04,797.52,721.1,821.44,918.76,671.3,779.43,708.18,638.73,596.33,454.43,360.21,517.56,671.92,690.14,626.42,706.3,730.62,624.29,669.89,563.96,614.59,478.87,552.2,397.32,499.1,291.53,342.81,436.74,532.47,242.91,291.58,387.88,120.07,250.46,341.5,453.28,550.56,97.617,0,281.09,290.8,352.49,109.2,126.53,61.522,123.76,192.28,248.07,227.79,463.78,288.95,142,184.82,299.43,591.91,189.47,116.62,231.82,332.77,970.22,844.54,783.77,893.99,979.46,1315.8,735.23,827.81,939.67,1057.6,1178,1283.5,1377.6,1485.9,1487.8,1601.4,687.52,783.11,898.31,993.38,1059.7,1134.5,1257.9,1355.7,1466.8,1565.6,653.59,742.46,867.26,970.87,1232.1,1335.5,1446.4,1550.5,828.02,741.68,948.09,1091,1210.4,1311.2,1428.9,1521,651.12,785.46,929.37,1076.8,1172.8,1242.4,1308.1,1411,773.82,918.43,1062,1185.3,1298.6,1395.3,678.06,764,908.64,1059.3,1173.4,1290.9,625.92,695.33,923.11,996.09,1412.6,765.05,888.41,1067.8,1183.4,898.64,1071.4,1171.6,1159.2,911.38,1498,2359.3,2350.1,2167.5,2229
1653.8,1705.8,1507.5,1555.1,1627.5,1738.7,1792.6,1860.7,1915.9,1987.4,1313.6,1420.6,1451.2,1541.9,1635.3,1727.5,1761,1846.6,1943,1021.8,1142.2,1202,1246.1,1342.8,1415.9,1496.1,1549.5,1670,1797.9,1763.9,1108.2,1096.3,1161,1247.9,1188.3,1309.7,1460.6,1575.3,1694.2,1703.5,1753.1,1977.4,2055.5,1984,1904.7,1814.6,1894.8,1740.4,1737.8,1871,1495.4,1656.5,1724.1,1483.1,1534.1,1637,1561.4,1447,1450,1496.6,1314.5,1191,1310.7,1253.2,1210.9,1713.7,1613.9,1994.2,1002.3,1045.6,1120,1217.9,1313.5,1411.9,1589.5,889.22,1025.1,1059.7,1234.6,1336.4,853.05,1176.2,1405.6,1353.4,1517.2,1278.6,1104.7,1440,1302.8,1261.2,1738.7,1871.6,1984.8,2108.6,2169.7,1680.8,1805,1941.5,2056.6,2119,1610.6,1759,1894,2047.6,1744.7,1874.9,1853.7,2018.2,1702.3,1822.4,1881.8,1989,1970.2,2148.7,1674.6,1842.6,1950.4,1532.4,1651.4,1738.1,1802.3,1548.2,1681.3,2042.9,1909.8,1544,2129.9,2349.8,2442.8,2502.2,2634.4,2248.1,2402.2,2468.9,2538.1,2547.6,2032.1,2184,2412.4,2550.6,1949.2,2120.4,2212.2,2331.5,2398.6,2448.8,2266.7,2387.7,1949.1,2201.1,2335,2024,2281.6,2206.9,1816.8,1937.2,2058.9,2197.8,2848.3,2798.5,2778.3,2626.7,2578.5,2550.6,1173,1125,1067.6,924.21,1080.8,1091.6,1028.4,1026.4,934.24,862.63,816.51,1008.2,978.79,941.62,949.55,805.16,777.34,876.17,852.61,862.16,775.25,665.15,706.05,918.48,589.76,806.68,716.82,629.81,547.72,457.08,401.71,642.2,768,756.86,670.25,585.09,580,510.3,499.54,455.11,441.87,385.22,360.94,316.43,284.93,280.42,199.02,194.49,264.6,222.5,138.45,135.07,322.62,98.387,70.725,173.53,273.66,351.19,281.09,0,64.008,104.29,387.77,401.62,239.72,211.54,226.72,238.31,372.02,190.16,491.32,192.02,109.2,181.42,370.76,293.2,290.24,300.53,323.45,752.45,670.05,604.55,680.41,745.07,1053.3,541.27,605.42,698.23,802.86,915.54,1016.1,1106.9,1212.3,1218.1,1326.1,479.3,549.03,647.26,733.35,793.54,863.77,985.82,1081.3,1190.6,1288.2,431.52,498.7,607.81,703.91,956.67,1058.4,1168.1,1271.5,559.53,476.39,674.25,814.38,931.89,1031.7,1148.9,1240.6,384.86,510.78,651.26,796.99,892.35,961.83,1027.3,1130,494.65,637.96,781.05,904.2,1017.6,1114.3,397.01,483.08,627.58,778.3,892.59,1010.3,345.06,415.5,643.33,716.44,1132.6,490.61,611.48,789.57,904.73,626.46,796.46,895.68,886.01,644.86,1217,2368.1,2392.1,2198.5,2254.1
1715.2,1765.4,1569.6,1616,1686.5,1794.8,1847.5,1914.4,1968.1,2038.6,1375.6,1482,1511.3,1599.5,1690.5,1781.7,1813.7,1897.4,1993.4,1083.7,1205.7,1264.6,1305.9,1401.2,1473,1551.7,1603.1,1721,1847.5,1812.6,1172,1158.1,1220.1,1305.4,1245.1,1364.4,1512,1624.1,1740.6,1760.7,1810.8,2041.2,2118.4,2046.8,1968.7,1878.6,1957.5,1802.9,1801,1934.1,1559,1720.5,1788.1,1547.1,1598.1,1700.8,1624.9,1510.9,1513.6,1559.7,1377.6,1255,1374.7,1316.1,1274.7,1777.3,1676.3,2057.5,1061.1,1102.7,1175.9,1266.9,1360,1453.1,1631,945.06,1075.2,1102.5,1276.1,1371.5,904.1,1213,1434.6,1379.3,1563.5,1310.2,1155.1,1465.4,1327.7,1288,1750.2,1911.5,2022.3,2144.6,2204.9,1720.4,1842.3,1976.5,2089.9,2151.7,1645.9,1793.5,1926.2,2078,1775.7,1904.9,1882.1,2045.7,1730.1,1848.5,1906.9,2014.2,1993.9,2176.2,1698.6,1865,1972.5,1553.9,1672.5,1757.8,1821.3,1566,1697.5,2062.8,1928,1569.3,2181.3,2399.6,2491.8,2550.4,2681.5,2297,2449.8,2515.9,2585,2593.6,2081.8,2231.9,2458.2,2595.3,1997.7,2166.4,2258.1,2376,2443.2,2492.6,2310.8,2430.5,1995.6,2244.1,2376.7,2067.2,2322.3,2247,1861.2,1979.6,2099.2,2235.9,2898.1,2847.3,2826.3,2673.8,2624.3,2595.3,1235.2,1188.2,1131.3,987.41,1140.9,1153.3,1091.6,1090.4,998.2,925.75,877.27,1067.6,1040.2,1004.5,1013.4,869.13,840.83,936.74,914.85,925.61,839.15,729.12,767.63,982.11,653.4,869.09,779.79,693.15,611.69,518.87,459.65,695.04,825.11,816.54,731.13,646.87,639.16,572.97,557.02,518.35,499.77,449.16,417.39,380.27,338.79,339.46,263.01,244.07,295.5,279.11,202.09,184.88,353.42,158.52,118.21,191.86,293.48,372.65,290.8,64.008,0,62.032,399.96,401.98,239.64,196.82,191.41,190.28,339.02,175.18,529.14,230.67,105.99,120.7,322.45,338.5,273.72,259.7,267.37,797.66,725.24,659.54,727.39,785.04,1078.1,594.26,650.68,735.9,833.51,940.97,1037.5,1125.2,1227.6,1237,1339.3,530.07,591.17,681.11,761.49,817.1,883.19,1003.4,1096.1,1202.8,1298.5,479.49,537.81,637.46,727.49,970.64,1069.8,1177.2,1279.1,583.25,503.83,691.66,827.36,941.36,1038.7,1154.1,1244.5,413.32,528.79,662.85,804.08,897.14,965.62,1029.9,1131.4,505.45,643.66,783.41,904.12,1016.4,1112.1,400.82,487.5,627.09,776.23,889.01,1005.4,344.99,410.01,636.53,709.07,1125.5,474.79,598.97,778.87,894.85,607.87,780.96,881.38,868.41,621.08,1217.7,2432.1,2455.2,2261.9,2317.7
1722.1,1767.1,1579.5,1621.6,1686.7,1788.8,1839.2,1903.7,1955,2023.8,1385.1,1489.2,1514.6,1596.8,1682.9,1772.2,1801.4,1882.2,1977.4,1093.3,1222.9,1277,1308.8,1400.6,1469.2,1544.7,1592.6,1706.3,1830.6,1794.2,1192.1,1167.3,1221.3,1302.8,1241.1,1356,1497.9,1606,1719.3,1756.9,1808,2069.7,2152.1,2081.2,1993,1904.4,1992.2,1838,1833.3,1967,1589.2,1746.5,1811.6,1572.2,1620.5,1721.1,1641.8,1532,1530.8,1574.5,1410.5,1278.3,1399.7,1350,1303.2,1795,1687.1,2089.3,1061.9,1099.5,1170.2,1249.8,1339.1,1425.7,1603.9,939.92,1060.1,1077.6,1249.5,1337.9,890.94,1181.4,1395.3,1337.5,1542.2,1273.3,1140.2,1423.1,1285.4,1247.1,1698.6,1882.2,1990.5,2111,2170.5,1691.1,1810.2,1942.1,2054,2115.1,1612,1758.8,1889.3,2039.3,1737.8,1866.1,1841.8,2004.6,1689.6,1806.4,1864,1971.4,1949.9,2135.1,1655,1820.2,1927.3,1508.7,1626.8,1711.1,1774.1,1518.2,1648.6,2016.1,1880.3,1526.8,2166.7,2382.4,2473.3,2530.8,2660.5,2278.6,2429.5,2494.7,2563.7,2571,2064.6,2212,2435.5,2571.1,1978.9,2144.1,2235.6,2351.7,2418.9,2467.4,2286.1,2404.2,1974.1,2218.2,2349.1,2041.5,2293.5,2217.6,1837,1953.1,2070.2,2204.5,2880.7,2828.4,2806.5,2652.8,2601.5,2571.1,1271.7,1221.1,1161,1003,1182.6,1191.5,1124.4,1115.6,1020.7,941.07,883.78,1110.7,1079.1,1038.8,1041.6,892.04,858.6,977.69,951.52,957.25,867.07,752.35,777.12,1012.4,673,905.25,813.98,725.77,638.95,557.47,505.46,746.42,871.85,859.3,771.57,657.61,642.55,587.58,557.3,536.08,501.51,473.24,417.33,410.76,335.84,383.89,290.45,238.44,265.97,326.74,236.58,183.97,414.34,202.2,125,157,254.13,434.63,352.49,104.29,62.032,0,461.69,461.72,300.19,254.03,237.78,224.27,383.19,117.83,588.62,289.08,167.72,136.78,266.83,394.63,328.81,298.8,285.07,776.83,719.82,654.17,709.23,758.05,1036,585.96,630.8,706.7,797.03,899.7,992.96,1078.4,1178.6,1190.3,1288.9,518.89,567.97,648.38,723.12,774.77,837.61,956.25,1047.1,1152,1246.5,464.94,511.71,601.12,685.56,921.26,1018.7,1124.7,1225.6,542.31,466.73,645.39,777.72,889.42,985.33,1099.8,1189.4,378.41,483.98,612.96,751.17,842.88,910.76,974.46,1075.2,456,590.53,728.22,847.65,959.41,1054.5,348.28,434.51,571.06,719.17,831.19,947.03,291.04,352.89,578.01,650.22,1066.3,414.08,538.81,718.94,835.02,546.45,719.93,820.52,806.98,559.11,1161.2,2458.4,2487.7,2292.7,2347.3
1766.1,1847.5,1606.9,1678.7,1779.9,1922.5,1987.7,2067.1,2133.6,2212.5,1423.2,1539,1591.7,1713.2,1830.6,1930.7,1977.3,2076.6,2175,1147.4,1212.4,1299.4,1397.9,1510,1597.1,1691.6,1761.6,1901,2037.1,2010.5,1162.2,1219.4,1326.4,1429.2,1380.3,1518.9,1693.5,1824.3,1956.4,1876.3,1919.1,1938.7,1976.2,1899.6,1896.8,1798.4,1810.4,1657.1,1676,1801.4,1456.9,1643.7,1726.9,1482.2,1551.1,1664.6,1614.1,1476.1,1504.5,1565.9,1263.2,1217.2,1318.4,1197.2,1198.1,1756.7,1703.8,1929.7,1179,1240.6,1323.7,1473.1,1582.4,1706.4,1879.6,1104.7,1279.4,1354.1,1530.6,1657.4,1108.4,1493.3,1746.1,1703,1782.8,1612.6,1353.8,1790.3,1655.1,1609.2,2114.6,2166.5,2289.4,2419,2483.1,1978.8,2112.4,2257.2,2377.5,2442.2,1928,2077.8,2220.1,2379.1,2076.3,2208.6,2192.9,2359,2044,2168.5,2230,2336.6,2321.8,2488.9,2026.9,2197.8,2306.1,1891.1,2010.7,2099.9,2165.3,1914.5,2050.1,2403.1,2274,1893.9,2352,2581.9,2680.3,2744.6,2882.8,2487.3,2649.1,2719.6,2788.8,2804.3,2268.4,2431.1,2670.9,2814.9,2194.7,2380.3,2472,2598.5,2665,2718.9,2536.6,2663.6,2207.5,2477.2,2617.3,2300.9,2569.7,2498.4,2089.7,2219.2,2350.4,2498.6,3076.7,3034.6,3019.6,2875,2836.1,2814.9,1100.4,1084,1055.3,1021.1,969.04,1009.2,995.91,1051.1,985.02,967.3,977.61,888.13,899.22,904.19,958.49,866.85,876.22,788.07,804.52,853.66,805.37,744.57,863.26,914.46,706.22,768.35,707.32,648.09,623.11,472.76,374.6,477,636.2,666.24,615.17,753.81,787.47,672.69,735.26,613.75,682.64,529.44,628.35,451.69,583.88,339.7,421.38,531.08,631.89,306.74,379.42,486.35,125.87,345.78,445,558.18,653.4,65.069,109.2,387.77,399.96,461.69,0,74.33,165.92,225.04,285.7,340.33,271.01,572.47,227.85,225.08,293.99,402.91,698.3,220.73,187.1,305.98,413.4,1046.3,906.83,849.02,969.41,1061.7,1408.5,806.63,907.33,1025,1147.7,1271.1,1378.8,1474.6,1584.4,1584,1700.9,764.76,867.44,987.83,1086.1,1155,1231.9,1355.8,1454.8,1567.1,1666.7,736.11,830.78,960.45,1066.9,1332.2,1436.5,1548.4,1653.1,925.4,838.17,1047.7,1192.1,1312.7,1414.3,1532.6,1625.2,748.73,886.09,1031.7,1180.4,1277.1,1347,1413,1516.3,877.3,1023,1167.3,1291.2,1404.8,1501.7,783.97,869.45,1015,1165.9,1280.3,1398.1,732.8,803,1030.9,1103.9,1520.2,873.95,997.02,1176.1,1291.7,1007.8,1180.3,1280.4,1268.3,1020.6,1603.4,2337.3,2315.5,2137.8,2201.3
1837.1,1916.7,1678.4,1748.9,1848.3,1988.4,2052.6,2130.8,2196.2,2274.3,1493.8,1609.3,1660.6,1779.8,1895.2,1994.6,2039.8,2137.6,2235.9,1216.2,1284.5,1370.5,1465.5,1576.6,1662.6,1755.9,1824.2,1961.6,2096.9,2069.2,1234.9,1288.6,1392.6,1494.3,1444.1,1581.3,1753.4,1882.3,2012.7,1943.1,1986.6,2012.7,2049.1,1972.3,1971.1,1872.7,1883.1,1730,1749.6,1874.7,1531.1,1718,1801.2,1556.5,1625.2,1738.6,1687.5,1550,1577.7,1638.6,1337.4,1290.9,1392.5,1271.3,1272.4,1830.4,1775.9,2003.1,1243.6,1303.6,1386.1,1529.3,1636.8,1756.6,1930.9,1164.7,1335.1,1403.3,1580,1701.7,1163.2,1538.1,1785.3,1739.2,1838.2,1653.4,1410.6,1826.4,1690.2,1645.8,2139,2217.3,2338.4,2466.8,2530.3,2028.7,2160.5,2303.6,2422.8,2487,1973.6,2123.3,2263.9,2421.6,2118.4,2250.3,2233,2398.7,2083.1,2206.3,2267.2,2374.1,2357.9,2528.9,2062.5,2232.4,2340.6,1924.1,2043.6,2131.8,2196.7,1944.2,2078.6,2435.8,2304.9,1930.2,2414.3,2643.2,2740.9,2804.6,2942.2,2547.5,2708.4,2778.5,2847.7,2862.4,2328.8,2490.2,2728.6,2871.8,2253.8,2437.5,2529.3,2654.8,2721.4,2774.8,2592.4,2718.4,2264.7,2531.8,2671,2355.2,2622.2,2550.3,2144.4,2272.5,2402.1,2548.6,3138.8,3095.7,3080,2934.4,2894.1,2871.8,1174.3,1158.4,1129.5,1091.3,1042,1083,1070.2,1124.6,1057.4,1036.7,1042.6,961,973.25,978.5,1032.2,938.26,945.49,862.14,878.84,927.56,877.93,814.12,927.77,988.38,772.64,842.57,780.81,720.19,691.57,542.66,444.78,550.2,709.63,740.48,689.32,816.03,845.82,734.37,789.27,674.7,735.07,589.75,675.71,510,624.87,399.59,466.51,563.21,657.73,359.36,417.53,513.72,191.97,376.98,465.09,575.03,673.87,133.72,126.53,401.62,401.98,461.72,74.33,0,163,210.1,256.7,307.33,209.42,577.12,299.38,265.45,298.02,382.54,680.2,284.26,149.97,259.62,367.72,1094.2,962.73,903.29,1017.7,1105.1,1442.2,857.3,952.68,1065.8,1184.1,1304.4,1409.5,1503.2,1610.9,1613.6,1725.9,811.59,909.02,1024.8,1119.8,1185.8,1260,1383.2,1480.4,1590.9,1689.1,779.05,868.88,993.69,1096.8,1356.5,1459.2,1569.4,1673.1,953.68,867.62,1072.8,1214.9,1333.3,1433.3,1550.4,1642,776.84,909.82,1052.4,1198.6,1293.8,1363.1,1428.3,1530.7,896.16,1039.4,1181.9,1304.1,1417,1513.1,797.72,884.15,1027,1177,1290.4,1407.2,744.05,811.39,1038.4,1111,1527.5,875.69,1000.5,1180.6,1296.7,1006.8,1181,1281.8,1267,1015.6,1617.4,2411.4,2388.3,2211.2,2274.9
1767.1,1836,1612.5,1674.3,1763.4,1892.4,1952.7,2027.1,2088.4,2164,1422.9,1535.8,1579.3,1687.7,1794.8,1891.7,1932.2,2025.3,2123.1,1137,1226.6,1303.1,1378.9,1485.1,1566.5,1655,1717.6,1848.6,1981.2,1950.9,1182.5,1211,1300.7,1397.3,1343.1,1474.9,1639.3,1762.8,1888.9,1851,1897.1,2003.3,2056.8,1981.8,1948.9,1853.3,1892.2,1737.6,1748.3,1877.4,1518.5,1696.3,1773.7,1528.8,1590.9,1700.8,1639.6,1510.3,1528.3,1584,1328,1249.9,1359.9,1263.1,1246.6,1787.1,1714.1,2004.3,1146.6,1200.7,1280.7,1406.9,1510.1,1621.4,1797.4,1053.9,1212.3,1267.7,1444.2,1557.8,1039.2,1395.4,1635.2,1586.3,1713,1505.4,1289.8,1673.3,1536.5,1493.4,1978.3,2082.5,2200.3,2326.8,2389.3,1892.7,2021.4,2161.8,2279.2,2342.7,1831.1,1980.3,2118.6,2274.5,1971.3,2102.5,2083.4,2248.6,1932.7,2054.6,2114.7,2221.9,2204.4,2379.1,1908.7,2077.8,2185.8,1768.4,1887.7,1975.1,2039.7,1786.2,1919.9,2279.6,2147.5,1777.2,2305.3,2530.9,2626.8,2688.8,2824.2,2432.6,2590.8,2659.6,2728.9,2741.4,2214.6,2372.3,2606.8,2748.1,2136.2,2315,2406.9,2530,2596.9,2648.9,2466.5,2590.5,2142.6,2403.7,2540.8,2226.7,2490,2416.8,2017.1,2142.2,2268.6,2411.9,3028.3,2982.4,2964.7,2816.4,2772.8,2748.1,1171.7,1142.4,1101.5,1021,1053.9,1083.1,1049.4,1082,1003.7,962.77,948.91,974.89,969.98,957.88,994.16,878.23,872.04,859.77,860.19,894.19,828.35,744.58,833.66,954.57,688.89,818.93,743.71,670.13,619.33,484.08,394.06,569.56,721.37,735.29,667.09,715.91,733.87,634.21,667.66,573.78,610.94,489.63,542.89,407.49,482.87,309.74,335.89,411.53,499.89,253.18,277.52,358.41,172.75,229.4,305.35,413.23,513.06,158.8,61.522,239.72,239.64,300.19,165.92,163,0,62.29,132.23,187.83,194.49,414.57,347.97,146.29,135.03,238.43,532.48,224.32,79.706,179.89,275.77,957.77,843.14,780.65,882.4,961.77,1287.6,727.84,813.2,919.42,1032.6,1149.7,1252.7,1344.9,1451.4,1455.8,1565.6,675.81,764.59,874.37,965.95,1029.4,1101.7,1224.3,1320.5,1430.2,1527.9,637.64,720.48,839.8,940.05,1196.1,1298.1,1407.7,1511.1,796.16,711.21,913.17,1054,1171.6,1271.1,1387.9,1479.3,619.88,749.84,890.98,1036.3,1131.2,1200.4,1265.5,1367.7,734.3,876.88,1019,1141.1,1254,1350.1,634.91,721.4,864.05,1014,1127.5,1244.3,581.07,648.48,875.67,948.37,1364.9,714.21,838.6,1018.5,1134.5,846.44,1020.1,1120.7,1106.9,857.24,1454.4,2400.4,2396.3,2211.8,2272.5
1793.9,1858.4,1641.1,1699.4,1784.1,1907.9,1966.2,2038.6,2097.8,2172.1,1450,1561.7,1601.9,1705.4,1808.4,1903.8,1942,2032.5,2129.8,1161.8,1259.1,1332,1399.8,1503.5,1582.5,1668.6,1728.2,1855.7,1986.6,1954.8,1217.2,1236.2,1319.4,1413.4,1357.4,1486.2,1646.1,1766.4,1889.6,1868.4,1915.6,2049,2106.6,2032.1,1991.2,1896.5,1942.4,1787.7,1796.3,1926.2,1564,1739.1,1814.8,1570.2,1630.2,1738.9,1674.5,1548.2,1563,1616.7,1374.8,1288,1400.3,1310.4,1289.2,1823.3,1744.1,2052.7,1163.5,1214.5,1293,1409.5,1509.7,1615.2,1792.1,1064.2,1215.2,1261.9,1437.8,1545,1042.1,1383.8,1616.7,1564.9,1713.1,1489,1293.6,1651.6,1514.3,1472.7,1945.7,2075.8,2191.2,2316.2,2377.9,1885.4,2011.8,2149.9,2265.9,2328.7,1819,1967.7,2103.9,2258.2,1955.2,2085.6,2064.9,2229.5,1913.6,2033.9,2093.3,2200.6,2181.7,2360,1886.1,2054,2161.8,1743.6,1862.6,1948.9,2012.9,1758.4,1890.9,2253.8,2120.2,1755.6,2313.9,2537.5,2632.3,2693.3,2827.5,2437.8,2594.5,2662.4,2731.7,2743,2220.5,2376,2608,2748,2140.3,2316,2408,2529.4,2596.5,2647.7,2465.4,2588,2144,2401.2,2536.8,2224.1,2484.8,2410.8,2015.5,2138.5,2262.6,2403.7,3035.5,2988.1,2969.4,2819.7,2774.2,2748,1220.5,1188.1,1144,1049.9,1106.2,1132.8,1094.1,1120.2,1038.7,990.58,968.38,1027.9,1019.3,1003,1034.2,911.75,900.62,909.8,906.32,936.12,865.75,775.69,853.74,996.06,714.89,864.01,785.59,708.74,650.79,522.57,437.06,625.55,775.02,785.39,713.67,734.18,745.82,653.4,674.67,593.46,617.06,511.23,544.01,429.92,477.6,341.67,343.75,397.72,476.12,280.49,280.33,340.94,231.66,227.38,281.35,381.73,483.33,221.07,123.76,211.54,196.82,254.03,225.04,210.1,62.29,0,72.45,127.02,173.4,371.13,409.18,177.07,102.46,177.87,474.07,271.66,78.772,132.97,218.83,952.61,849.81,785.94,878.47,951.1,1264.8,729.15,806.49,906.19,1013.8,1127.1,1227.2,1317.1,1421.3,1428.6,1534.1,673.08,754.02,857.38,944.8,1004.9,1074.3,1195.8,1290.1,1397.9,1494.3,630.79,706.49,819.13,915.27,1164.9,1265.2,1373.3,1475.5,770.83,687.93,883.92,1022,1137.3,1235.2,1350.9,1441.3,596.4,720.48,857.88,1000.5,1093.9,1162.4,1226.8,1328.1,700.54,840.19,980.23,1100.8,1213,1308.3,597.38,684.08,823.84,972.7,1085.1,1201.1,541.8,606.36,832.04,904.24,1320.2,666.89,792.2,972.45,1088.6,797.08,971.6,1072.5,1057.1,805.46,1414.4,2445.3,2445.9,2259.9,2319.7
1848.8,1909.6,1697.6,1753,1833.8,1952.9,2009.3,2079.7,2136.9,2209.7,1505.6,1616.1,1653.4,1752.5,1851.6,1945.6,1981.5,2069.3,2166.1,1215.9,1319.1,1389,1450.2,1551.5,1628.3,1712,1768.7,1892.6,2021.7,1988.5,1278.7,1290.5,1368,1459.5,1402,1527.6,1683,1799.9,1920.1,1915.1,1963.3,2117.3,2176.9,2102.6,2057.4,1963.4,2013,1858.2,1865.8,1996.1,1632.3,1805.7,1880.2,1636,1694.7,1802.4,1735.8,1611.6,1624.2,1676.5,1443.8,1351.9,1465.5,1379.6,1356,1885.5,1801.6,2122.3,1210.8,1259,1335.8,1442.5,1539.5,1638.5,1816.1,1105.8,1249.1,1286.5,1461.2,1561,1076.4,1401.6,1625.9,1570.7,1743.2,1501,1328.3,1656.8,1519.1,1479.4,1936.2,2098.1,2210.6,2333.7,2394.5,1907.2,2030.7,2166.2,2280.3,2342.3,1835.4,1983.3,2116.9,2269.1,1966.7,2096.1,2073.4,2237.1,1921.5,2039.9,2098.2,2205.5,2185,2367.6,1889.8,2055.9,2163.3,1744.7,1863.1,1947.9,2011.2,1755.5,1886.2,2252.9,2117.6,1760.6,2351.9,2573.3,2667.1,2727,2859.8,2472.4,2627.3,2694.4,2763.7,2773.6,2255.9,2409,2638.4,2777,2173.9,2346.4,2438.3,2557.9,2625.1,2675.4,2493.3,2614.3,2174.9,2427.8,2561.7,2250.7,2508.2,2433.5,2043.3,2163.9,2285.5,2423.8,3071.8,3022.8,3003.1,2852.1,2804.6,2777,1290.6,1256.5,1210.8,1107.4,1177.7,1203.3,1162.1,1184.3,1100.7,1047.4,1018.5,1099.5,1089.7,1071.3,1099.5,972.94,958.23,980.48,975.23,1002.7,929.65,835.51,904.71,1062.3,771.17,932.42,852.37,773.74,711.32,588.1,505.32,697.94,846.95,856.17,783.01,784.16,790.23,704.62,715.01,645.48,657.04,565.43,580,485.62,508.18,404.74,389.53,420.86,485.59,341.83,323.83,361.7,303.82,269.3,296.92,383.27,484.84,289.82,192.28,226.72,191.41,237.78,285.7,256.7,132.23,72.45,0,55.803,147.65,354.68,480.2,243.01,130.17,128.65,424.74,342.45,107.15,76.007,146.76,978.97,888.72,823.88,906.51,971.4,1269.4,763.55,831.99,923.82,1024.4,1132.4,1228.4,1315.2,1416.2,1427.1,1526.6,703.83,775.66,870.9,952.76,1008.4,1073.7,1193.2,1284.7,1389.8,1484.1,657.61,724.64,828.44,918.82,1158.9,1256.5,1362.1,1462.6,774.63,695.06,881.8,1015.4,1127.1,1222.4,1336.1,1425,604.3,719.4,850.65,988.56,1079.5,1146.8,1209.9,1309.7,693.56,827.93,964.2,1082,1192.7,1286.7,586,672.08,806.44,952.8,1063.2,1177.4,528.51,587.78,809.23,880.26,1294,639.03,765.05,945,1061,764.77,939.98,1041.2,1022.9,768.63,1395.1,2513,2516.1,2329.3,2388.8
1880.6,1937.8,1731,1783.7,1860.8,1975.5,2030.2,2098.9,2154.2,2225.7,1538.2,1647.6,1682.2,1777.2,1872.8,1965.5,1999.3,2084.8,2181.1,1247.5,1356.1,1423.2,1478,1577.2,1652,1733.5,1787.6,1908.2,2035.7,2001.4,1317.4,1322.2,1394.4,1483.5,1424.8,1547.6,1698.9,1812.8,1930.4,1939.3,1988.3,2163,2225.6,2151.6,2100.8,2007.4,2061.9,1907.1,1913.3,2044.1,1678.2,1849.6,1922.7,1679,1736.1,1842.8,1773.9,1652.1,1662.3,1713,1490.7,1392.9,1507.9,1426.9,1400.1,1924.4,1835.9,2170,1236.4,1281.9,1357.2,1455.5,1549.6,1643.3,1821.3,1126.6,1263.1,1292.8,1466.4,1560.1,1091.2,1402.3,1619.5,1561.8,1753.3,1496.9,1342.7,1647.3,1509.5,1471.4,1915.5,2101.5,2211.7,2333.3,2393.2,1910.4,2031.5,2164.8,2277.3,2338.7,1834.4,1981.6,2113,2263.5,1961.7,2090.2,2066.1,2228.9,1913.8,2030.6,2088,2195.4,2173.6,2359.4,1878.9,2043.6,2150.5,1732,1849.9,1933.5,1996.1,1739.8,1869.1,2238.4,2101.8,1750.9,2368.2,2587.7,2680.4,2739.4,2871.1,2485.7,2639.1,2705.5,2774.7,2783.5,2270,2421.1,2648.1,2785.4,2186.6,2356.2,2448,2566.1,2633.3,2682.8,2501,2620.8,2185.3,2434.4,2566.9,2257.5,2512.4,2437,2051.3,2169.9,2289.3,2425.4,3086.2,3036,3015.5,2863.3,2814.2,2785.4,1339,1302.8,1255,1142.3,1228.4,1252.3,1207.9,1225.7,1140,1081.8,1046.8,1150.7,1138.6,1117.6,1142.3,1011.6,993.52,1030,1022.3,1047,971.14,873.16,934.11,1106.2,805.7,978.9,897.04,816.63,749.96,632.01,552.36,751.12,898.73,905.89,830.78,813.09,814.38,734.95,736.16,676.79,678.25,599.08,598.59,521.1,523.24,447.22,418.13,431.52,484.61,383.42,352.01,371.86,358.67,297.89,305.24,378.16,477.75,345.63,248.07,238.31,190.28,224.27,340.33,307.33,187.83,127.02,55.803,0,164.91,336.3,535.77,289.66,159.88,94.921,380.06,392.98,157.54,76.4,98,987.57,907.89,842.51,916.74,975.21,1260.2,779.58,840.52,925.71,1020.4,1124,1216.7,1300.9,1399.4,1412.9,1507.9,717.26,781.42,869.8,947,999,1061,1178.7,1267.9,1370.8,1463.5,668.26,727.98,824.29,909.82,1141.9,1237.3,1340.9,1440,766.54,690.06,868.66,998.4,1107.1,1200.3,1312.4,1400,600.66,707.94,833.8,967.71,1056.6,1122.9,1184.8,1283.3,677.8,807.45,940.39,1055.8,1165.2,1258,567.81,652.7,782.25,926.23,1034.8,1147.5,509.49,564.15,781.09,850.99,1262.2,608.14,733.99,913.06,1028.7,730.03,905.14,1006.2,986.14,730.72,1368,2558.1,2564.5,2376.6,2435.5
1961.2,2028.6,1806.8,1867.8,1955.1,2080.7,2139.4,2212,2271.2,2345.4,1616.9,1729.6,1771.9,1877.6,1981.5,2077.1,2115.4,2205.7,2303,1330.4,1421,1497.5,1570.6,1675.4,1755.2,1841.7,1901.6,2028.9,2159.5,2127.4,1376.7,1404.5,1491.1,1586,1530.4,1659.5,1819.3,1938.9,2061.2,2040.7,2087.5,2189.2,2236,2160.2,2138.5,2042.1,2070.7,1916.6,1931,2058.6,1704.9,1885.6,1964.5,1719.4,1783,1893.5,1833.5,1703.2,1722.4,1778.3,1513.1,1442.7,1551.4,1447.7,1436.4,1980.6,1908.6,2186.3,1335.8,1387.6,1466.3,1581.8,1681,1783.3,1960.6,1237.6,1387.8,1430.6,1605.9,1707.9,1214.6,1548.1,1773.5,1718.2,1884.5,1648.5,1466.4,1804.2,1666.6,1627,2079.4,2243.3,2356.8,2480.4,2541.4,2052.6,2177,2313.1,2427.5,2489.7,1982.2,2130.4,2264.3,2416.7,2114.2,2243.7,2221.1,2384.7,2069.1,2187.4,2245.6,2353,2332.3,2515.3,2037.1,2202.9,2310.2,1891.5,2009.8,2094.3,2157.3,1901.4,2031.4,2399.3,2263.5,1908.1,2487.2,2710.5,2805.2,2865.9,2999.8,2610.6,2766.9,2834.6,2903.9,2914.7,2393.5,2548.5,2779.7,2919.1,2312.9,2487.6,2579.6,2700.3,2767.4,2818.2,2636,2757.9,2315.8,2571.2,2705.9,2394,2653.1,2578.6,2186,2307.8,2430.5,2569.8,3208.7,3161,3142.1,2992,2945.8,2919.1,1354,1329.3,1291.6,1215.3,1229.7,1264.1,1237.5,1274.9,1197.8,1156.9,1139.7,1149.4,1152,1145.7,1186.2,1072.6,1066.3,1041,1047.1,1085.1,1021.8,939.05,1024.7,1145.7,882.44,1007.2,934.94,863.31,813.8,677.65,585.81,738.91,895.74,917.01,854.21,905.83,919.02,824.62,848.05,764.41,790.4,681.17,716.69,599.27,648.46,504.1,517.08,564.65,633,446.35,453.71,506.17,346.01,400.5,442.68,530.88,632.37,306.75,227.79,372.02,339.02,383.19,271.01,209.42,194.49,173.4,147.65,164.91,0,498.48,496.5,339.7,268.26,259.75,535.59,414.84,115.25,89.202,178.6,1122.1,1023.1,959.13,1048.7,1117,1416.9,901.6,975.44,1070.2,1171.9,1279.9,1375.4,1461.5,1561.5,1573.5,1671,844.3,920.67,1018.1,1100.4,1155.8,1220.5,1339.4,1430,1534,1627.3,800.23,870.72,976.03,1066.3,1304.1,1400.6,1505,1604.5,922.17,842.7,1028.4,1160.6,1270.6,1364.6,1477,1564.8,751.9,866.36,995.8,1131.5,1221,1287.5,1349.6,1448.2,839.1,971.08,1105,1220.7,1330.1,1422.8,730.3,815.8,946.88,1091.1,1199.7,1312.2,672.3,728.56,945.98,1015.8,1426.3,772.75,898.48,1077.2,1192.7,893.18,1068,1169,1147.7,891.81,1532.9,2587,2575.6,2394.2,2456
1685.3,1720.6,1548.5,1582.6,1637.9,1729,1775.4,1835.8,1883.1,1949.3,1354.3,1453.8,1471.9,1543.2,1620.6,1706.4,1731.4,1807.1,1901,1064.8,1208,1252.3,1266.2,1351.2,1414.2,1484.1,1526,1632.4,1753,1714.6,1182.8,1137.4,1176.2,1250.7,1186.8,1293.8,1425.8,1527.4,1635.4,1700.9,1753.6,2073.9,2167.4,2098.6,1989,1903.7,2010.3,1857.3,1846.5,1981.1,1598.8,1746.5,1806.3,1571.2,1613.6,1709.7,1624,1522.9,1514.2,1552.7,1426.6,1275.1,1399.2,1368.6,1310.6,1778.1,1657.4,2100.8,1017.4,1047.7,1113.6,1173.7,1257,1333.9,1512,886.01,988.24,990.61,1159.2,1238,823.8,1084.5,1288.6,1228.3,1458.8,1169.6,1068.4,1313.3,1175.5,1138.9,1581.6,1787.1,1891.9,2010.3,2068.7,1596.1,1711.6,1840.4,1950.4,2010.7,1511.4,1656.9,1784.8,1932.8,1632.3,1759.4,1733.7,1895.6,1581.2,1696.5,1753.3,1860.6,1838.2,2026,1543.8,1707.8,1814.5,1396.1,1513.8,1597.2,1659.8,1403.6,1533.1,1902.1,1765.6,1416.7,2092.1,2303.7,2392.6,2448.4,2575.9,2198.3,2346.2,2410,2478.8,2484.3,1986.4,2129.7,2348.7,2482.2,1898.4,2058.2,2149.4,2262.7,2329.9,2377.2,2196.6,2312.4,1889.6,2127.1,2255.7,1951,2198.7,2122,1748.9,1861.5,1975.2,2106.2,2801.1,2746.8,2723.4,2568.2,2514.4,2482.2,1296.5,1238.4,1171.9,986.77,1219.9,1220.9,1141.9,1117.2,1017.9,924.91,851.58,1151.9,1110.7,1060.4,1050.2,891.48,848.27,1014.8,979.2,973.98,877.07,754.59,752.13,1025.7,669.66,932.3,837.92,747.8,651.75,595.97,561.09,811.24,923.66,901.78,809.82,637.45,608.89,576.77,520.31,533.06,469.35,485.2,386.01,438.41,305.24,440.88,321.51,215.93,190.78,393.22,286.53,183.84,512.77,272.03,161.28,95.084,160.33,540.02,463.78,190.16,175.18,117.83,572.47,577.12,414.57,371.13,354.68,336.3,498.48,0,679.34,381.52,279.95,243.34,224.83,477.91,446.54,412.23,383.16,698.36,668.46,604.21,636.03,670.17,926.84,532.4,556.06,616,695.37,791.82,881.47,964.71,1063.3,1076.7,1172.6,462.22,488.97,553.1,619.47,666.13,725.42,842.47,931.73,1035.6,1129.5,404.22,429.2,501.21,577.77,805.82,902.19,1007.4,1108.1,436.81,367.72,533.09,662.26,772.5,867.81,981.99,1071.5,285.33,374.21,497.58,633.88,725.17,792.95,856.62,957.43,341.54,473.25,610.4,729.93,841.86,937.19,231.82,317.51,453.24,601.61,714.01,830.27,173.92,235.26,461.35,533.9,950.36,301.72,424.64,604.19,720.03,436.79,608.1,708.01,696.84,454.78,1043.5,2457.5,2500.1,2301.6,2353.6
1586.8,1679.1,1424.9,1505.1,1617.2,1772.8,1843,1927.2,1999.4,2081.6,1248.4,1365.5,1426.8,1560.3,1688.1,1790.9,1844,1950,2048.5,987.3,1027.2,1122.6,1242.2,1359.1,1451.3,1551.3,1629.3,1777.4,1916.7,1895,972.56,1055.6,1179.2,1287.3,1245.2,1389.7,1574.3,1713,1851.8,1721.8,1760.8,1717.1,1750,1673.1,1680.9,1581.3,1584,1431.1,1452.2,1576.3,1237.8,1428.2,1514.2,1270.8,1343.4,1458.6,1416,1272.6,1308.3,1373.6,1043.4,1017,1111.1,977.19,987.41,1554.1,1517,1704.9,1042.7,1111.6,1196.8,1373,1489,1629.6,1796.4,993.15,1184.7,1285.6,1458.7,1604.2,1021.6,1440,1711,1679,1683.3,1573,1253.3,1765.8,1635.3,1585,2126.5,2083.3,2213,2346.3,2412.6,1900.4,2040.2,2190.7,2314.8,2381.1,1867,2016.3,2164,2326.9,2027,2160.3,2150.6,2316.9,2006,2134.2,2197.9,2302.7,2293.1,2445.2,2001.8,2174.8,2282.9,1876.3,1995.2,2087.3,2153.9,1910.8,2049,2385.5,2263.4,1867.4,2217.9,2451.8,2552.7,2619.5,2760.7,2362.2,2527.5,2600,2668.6,2687.9,2143.5,2311.4,2556.7,2703.6,2076.2,2269.3,2360.1,2490.7,2556.1,2612.3,2431.2,2561.5,2097.3,2376.6,2520.2,2202.6,2477.3,2409.3,1990.8,2125.5,2262.7,2417,2941.4,2904.1,2892.3,2752.9,2720.2,2703.6,878.56,868.52,847.44,853.53,743.27,786.88,784.11,854.63,800.21,805.87,843.05,662.15,678.98,693.49,759.85,692.48,717.72,568.55,594.25,653.46,621.96,587.92,734.79,713.24,572.5,562.54,515.38,473.57,480.03,330.51,244.93,252.79,412.46,450.28,413.7,642.41,694.48,568.73,665.65,517.94,623.57,445.05,595.19,388.5,579.78,292.21,422.87,563.59,675.27,305.35,414.61,539.17,180.81,410.2,524.26,634.17,711.57,193.69,288.95,491.32,529.14,588.62,227.85,299.38,347.97,409.18,480.2,535.77,496.5,679.34,0,299.85,434.94,574.77,850.37,204.27,399.62,518.79,621.63,990.02,820.62,772.6,914.15,1023.2,1397.3,747.98,866.16,997.32,1132.2,1264,1378.5,1479.6,1595.1,1584.3,1715,724.4,842.5,975.17,1081.9,1159.1,1243.1,1367,1470.2,1586.7,1689.3,712.83,820.48,962,1076.2,1353.8,1461.7,1576.8,1683.6,944.98,857.55,1073.6,1221.5,1346.5,1451.4,1571.6,1666,777.11,921.85,1071.9,1224.5,1323.4,1394,1461.3,1565.7,928.46,1076.4,1222.7,1348.8,1462.5,1560.3,854.15,933.23,1081.6,1231.1,1346.3,1464.9,812.52,887.27,1109.6,1182.1,1590.6,973.19,1087.8,1260,1371.9,1110.1,1274.4,1370.8,1366.1,1132.9,1653.1,2115.9,2089.1,1913,1977.3
1621.5,1689.8,1467.3,1528.3,1617.1,1747,1807.8,1883,1945.3,2021.7,1277.3,1389.9,1433,1541.8,1650,1747.4,1789,1883.5,1981.5,990.88,1083.2,1158,1232.7,1339.1,1421,1510.2,1574.1,1707,1840.6,1811.3,1040.6,1065,1154.7,1251.8,1198.2,1331.2,1498,1623.7,1751.8,1705.1,1751.1,1874.3,1936,1862.1,1814.8,1720.5,1772.4,1617.6,1623.7,1754.5,1389.4,1562.9,1638,1393.5,1453.2,1561.8,1497.9,1371.1,1386.4,1440.8,1201.3,1110.9,1223.4,1137.3,1113.1,1646.4,1569.5,1880.3,1001,1056,1136.6,1268.9,1374.5,1491.7,1666.4,911.01,1074.4,1138.3,1315,1436.5,901.68,1272.8,1522.2,1478.2,1576.7,1389.5,1150.9,1565.5,1430.1,1384.5,1891.4,1952.6,2073.1,2201.4,2264.9,1763.7,1895.1,2038.2,2157.5,2221.8,1708.2,1857.9,1998.9,2157,1853.9,1986,1969.5,2135.4,1820.1,1944.2,2005.5,2112.2,2097.1,2265.5,1802,1972.8,2081.2,1666,1785.6,1874.9,1940.3,1689.7,1825.5,2178,2049,1669.1,2162.6,2389.2,2485.8,2548.4,2684.7,2291.8,2451.2,2520.5,2589.7,2603.2,2073.5,2232.7,2468.9,2611.2,1996.4,2177.4,2269.3,2393.7,2460.4,2513.2,2330.7,2456,2004.8,2269.2,2407.6,2092.4,2358.2,2285.9,1882.1,2009,2137.7,2283.5,2886.2,2841.2,2824.2,2676.9,2634.8,2611.2,1049.3,1013.7,967.87,875.82,940.8,962.91,919.12,943.15,861.98,817.25,802.85,864.01,849.17,828.47,857.32,735.39,726.72,740.96,732.78,759.85,688.68,600.26,687.56,819.59,542.83,689.65,609.43,531.75,475.1,345.68,262.76,473.63,614.17,617.21,541.12,570.25,590.79,488.41,528.26,427.95,472.72,343.55,410.56,261.4,360.31,165.25,201.19,306.62,410.24,106.89,154.4,265,133.15,124.1,233.33,347.13,436.25,173.23,142,192.02,230.67,289.08,225.08,265.45,146.29,177.07,243.01,289.66,339.7,381.52,299.85,0,147.58,296.2,553.07,110.79,225.84,310,387.24,828.87,703.18,642.04,752.49,840,1183.4,593.25,687.24,801.7,922.87,1046.1,1154,1250.1,1360.6,1359.3,1477.7,546.22,644.46,763.09,861.02,930.18,1007.7,1131.8,1231.4,1344.5,1444.7,513.94,606.24,735.4,842.28,1109.5,1214.7,1327.4,1432.7,701.46,613.93,825.06,970.5,1092.4,1195,1314.1,1407.3,525.21,664.63,812.01,962.3,1059.9,1130.2,1196.9,1300.7,659.83,807.09,952.71,1077.8,1191.8,1289.3,572.93,656.4,804.01,955.02,1070.2,1188.6,525.87,599.13,825.54,898.64,1312.7,679.66,798.08,974.06,1088.1,816.18,984.13,1082.3,1074.6,836.23,1388.1,2270,2274.8,2087.1,2146.2
1721.6,1780.6,1571.5,1625.1,1704.4,1822.7,1879.1,1949.7,2007.2,2080.3,1378.9,1488.7,1524.6,1622.6,1721.5,1815.5,1851.7,1940.2,2037.1,1088.5,1196.3,1263.5,1321,1421.7,1498.2,1581.8,1638.8,1763.4,1893,1860.3,1157.8,1163.1,1238.4,1329.4,1271.9,1397.6,1553.8,1671.7,1793.2,1785.1,1833.4,2008.5,2075.9,2002.7,1943.7,1851,1913.1,1758.3,1761.6,1893.3,1524.2,1693,1765,1521.7,1577.7,1683.9,1614.3,1493.2,1502.6,1553.2,1338.3,1234.3,1350.3,1275.2,1244.1,1764.9,1676.2,2018.4,1081,1128.8,1205.7,1314.5,1412.8,1515.5,1692.7,975.73,1120.7,1162.6,1338.1,1443.3,947.79,1282.5,1514.3,1462.5,1616.5,1386.8,1199.6,1549.2,1411.9,1370.2,1846.1,1975.8,2090.4,2214.9,2276.4,1785.3,1910.8,2048.3,2164,2226.7,1717.4,1866,2001.8,2155.9,1852.9,1983.3,1962.5,2127,1811.1,1931.5,1990.9,2098.1,2079.4,2257.6,1783.8,1951.8,2059.6,1641.5,1760.6,1847.1,1911.3,1657,1789.9,2151.9,2018.7,1653.2,2222.5,2444.5,2538.6,2598.9,2732.2,2343.9,2499.5,2567,2636.2,2646.7,2127.1,2281.1,2511.6,2650.9,2045.8,2219.6,2311.5,2432.1,2499.1,2549.9,2367.7,2489.6,2047.9,2302.9,2437.9,2125.8,2385.3,2311,1917.8,2039.7,2162.9,2303.1,2942.8,2894.3,2875,2724.5,2677.8,2650.9,1189.6,1149.7,1099.3,982.51,1085.3,1104.5,1054.1,1067.4,980.74,921.98,889.36,1009.3,990.78,964.59,985.2,852.21,833.65,883.86,870.89,891.5,813.14,713.49,776.03,950.12,645.88,826.59,742.25,660.01,590.65,477.07,403.28,621.21,760.77,760.88,681.38,655.23,660.12,576.31,584.94,517.71,526.98,439.32,450.57,361.25,380.45,291.76,260.13,297,373.7,227.64,194.16,239.35,255.44,139.62,178.9,280.93,382.05,268.79,184.82,109.2,105.99,167.72,293.99,298.02,135.03,102.46,130.17,159.88,268.26,279.95,434.94,147.58,0,148.77,417,258.18,181.08,206.17,256.4,853.89,758.89,694.2,780.48,850.24,1162.5,634.74,707.31,804.65,911.43,1024.7,1125.2,1215.7,1320.6,1327,1433.9,576.33,653.41,755.17,842.34,902.74,972.69,1094.5,1189.5,1298.1,1395.1,531.99,604.94,716.67,813.1,1064.6,1165.6,1274.5,1377.4,668.71,585.54,782.78,921.96,1038.4,1137.3,1253.8,1344.9,494,619.29,758.3,902.49,996.89,1065.9,1130.9,1232.9,601.21,742.7,884.3,1006.2,1119,1215.1,500.37,586.97,729.1,879.02,992.42,1109.3,446.16,513.47,740.76,813.52,1230.1,580.57,704.42,884.12,999.99,713.86,886.84,987.18,974.39,726.78,1319.6,2402.6,2414.2,2224.4,2282.3
1835.1,1886,1688.9,1736.3,1807.2,1915,1967.2,2033.5,2086.3,2156.2,1495,1601.9,1631.8,1720.1,1810.4,1901.1,1932.2,2014.7,2110.4,1203.2,1322.2,1383.2,1426.5,1521.9,1593.4,1671.7,1722.2,1838.5,1964,1928.3,1287.1,1277.7,1340.8,1426,1365.6,1484,1629.7,1739.9,1854.5,1881.2,1931.4,2148.9,2220.4,2147.7,2080,1988.7,2058.2,1903.4,1904.8,2037.1,1665.3,1830.6,1900.2,1658,1711.2,1815.2,1741.3,1625,1629.8,1677.2,1481.3,1367.7,1486,1418.8,1383,1893.2,1795.2,2161.5,1181.8,1223.2,1296.1,1383.2,1474.1,1562.3,1740.5,1065.3,1192.4,1213.8,1386,1474.4,1022,1318.1,1530.1,1471,1677.4,1409.1,1272.4,1556.2,1418.4,1381.2,1820.8,2019,2127.2,2247.5,2306.8,1827.8,1946.9,2078.4,2189.9,2250.8,1748.5,1895.1,2025,2174.3,1873.1,2001,1976,2138.3,1823.6,1939.5,1996.5,2103.8,2081.5,2268.7,1787.1,1951.1,2057.8,1639.4,1757.1,1840.2,1902.6,1646.2,1775,2145,2008.1,1659.7,2298.9,2516,2607.5,2665.5,2795.7,2412.8,2564.5,2630,2699,2706.7,2198.2,2346.8,2571.2,2707.2,2113.2,2279.7,2371.3,2487.8,2555,2603.8,2422.3,2540.7,2109.4,2354.7,2485.8,2177.9,2430.3,2354.4,1973.1,2089.6,2207,2341.2,3014.4,2962.8,2941.2,2788,2737.3,2707.2,1334.8,1292.2,1238.8,1104.9,1233,1250.6,1196.1,1202.1,1111.9,1043.5,997.55,1157.4,1137,1107.5,1122.6,982.83,957.56,1030.9,1015.2,1031.8,949.12,843,887.41,1089.4,769.66,970.3,883.79,799.33,723.18,619.57,550.18,769.66,909.44,908.37,827.27,766.48,759.83,691.59,677.68,635.94,620.46,563.89,537.94,491.2,458.85,435.23,377.93,363.18,402.35,371.65,313.92,304.6,393.97,264,238.4,293.7,390.41,394.73,299.43,181.42,120.7,136.78,402.91,382.54,238.43,177.87,128.65,94.921,259.75,243.34,574.77,296.2,148.77,0,297.69,406.52,234.76,171.27,149.46,911.62,845.31,779.58,842.86,894.49,1169.4,713.57,765.11,843.39,933.14,1033.8,1124.7,1207.9,1305.5,1319.9,1413.6,648.4,703.4,785.12,858.71,908.43,968.75,1085.7,1174,1276.4,1368.8,596.41,647.83,737.4,819.6,1048.1,1142.9,1246.2,1345.2,677.15,603,776.4,904.63,1012.5,1105.5,1217.4,1305.1,515.1,616.77,740.18,873.08,961.69,1027.9,1089.9,1188.5,584.74,712.94,845.49,960.91,1070.5,1163.5,474.09,558.53,687.34,831.39,940.22,1053.3,415.63,469.31,686.41,756.53,1168.6,514,639.96,819.38,935.19,637.53,812.75,913.92,894.95,640.27,1273.2,2541.5,2558.2,2367,2424
1893.3,1920.8,1760.8,1789.4,1836.1,1915.1,1956.2,2010.9,2052.1,2113.5,1567.3,1663.6,1676.1,1737.1,1804.2,1885.1,1903.7,1971.3,2062.5,1280.2,1428.7,1469,1471.5,1550.3,1607.3,1670.5,1704.5,1799.5,1913.3,1871.6,1405.3,1351.7,1380.1,1447.8,1382.1,1479.5,1597,1687.3,1784.7,1891.5,1945.7,2298.3,2392.2,2323.2,2212,2127.4,2234.8,2081.6,2071.3,2205.9,1823.7,1970.5,2029.2,1795.1,1836.2,1930.9,1843,1745,1733.8,1770,1651.2,1498.8,1623.3,1592.9,1535.4,1997.2,1870.4,2325.7,1222.8,1246.5,1307,1341.3,1413.1,1468.7,1644.6,1084.6,1164.6,1141,1299.7,1352.3,1009,1209.9,1378,1307.3,1610.4,1272.3,1243.7,1387.9,1252.6,1224.3,1596.6,1909.2,2003.4,2114.3,2168.9,1720,1824.5,1942.6,2045,2101.9,1619.9,1760,1877.2,2016.1,1722.1,1843.6,1811.7,1968.2,1659.7,1766.2,1818.5,1924.5,1896.6,2097,1608,1763.3,1866.9,1453.9,1567.2,1643.7,1702.6,1446.5,1567.1,1945.1,1803.9,1488.4,2255.8,2459.4,2544.3,2596.7,2719.1,2351.4,2492.9,2553.6,2621.7,2623.4,2144.2,2279.1,2488.2,2616.3,2052.5,2200.8,2290.7,2397.6,2464.4,2508.5,2330.4,2440.4,2036,2257.6,2379.7,2083.8,2319.1,2240.8,1888.5,1992.2,2096.4,2217.4,2953.8,2895.7,2869.5,2711.6,2652.5,2616.3,1519.8,1462.8,1396.7,1207.7,1439.3,1442.9,1366.2,1341.6,1241.9,1146,1066.2,1369.5,1332,1284.1,1275,1115.9,1071.2,1234,1201.5,1198.3,1101.8,979.34,970.87,1250.4,894.09,1154.7,1060.9,970.99,876.16,813.48,769.15,1012.9,1135.2,1118.4,1028.1,858.64,825.03,800.46,736.02,757.74,688,709.33,606.32,658.9,527.27,647.36,539.54,440.59,397.15,592.44,495.31,406.71,672.19,467.45,371.25,318.51,351.85,683.42,591.91,370.76,322.45,266.83,698.3,680.2,532.48,474.07,424.74,380.06,535.59,224.83,850.37,553.07,417,297.69,0,660.62,531.75,448.49,368.01,870.68,872.35,810.37,817.71,826.99,1012.7,737.35,738.32,769.21,817.49,887.6,956.58,1023.7,1106,1133.3,1203.1,666.69,668.18,699.18,738.67,763.89,802.31,904.41,978.11,1067.1,1150.2,607.49,606.5,638.66,684.05,855.41,936.09,1027.4,1118.2,562.23,518.55,620.52,718.24,805.71,885.53,987.35,1068,457.83,489.87,565.98,667.72,741.97,801.12,856.43,947.42,436,520.06,626.02,725.51,826.64,913.29,332.42,391.03,475.38,598.45,695.39,799.65,286.25,291.27,452.59,513.28,905.68,279.21,393.32,561.48,673.27,372.54,542.78,642.16,616.73,361.42,1027.8,2681.1,2724.9,2526.4,2578.2
1558.2,1634.4,1401.1,1468.2,1565,1704.1,1768.4,1847.1,1913.2,1991.9,1214.2,1328.9,1378,1495.7,1611.2,1710.8,1756.8,1855.9,1954.3,933.64,1010.7,1092.1,1181.8,1292.5,1378.4,1471.9,1541.2,1680.3,1816.5,1790,964.23,1006.5,1108.4,1210.1,1160.3,1298.4,1472.8,1604,1736.8,1658.9,1702.7,1779.1,1835,1760.5,1724.8,1629,1670.8,1516,1525,1654.7,1294.2,1472.1,1550,1305,1368.1,1478.8,1420.3,1288.6,1309.4,1367.1,1104.1,1028.1,1136.7,1039.4,1022.5,1566.6,1500.6,1781.3,959.52,1020.2,1103.2,1253.6,1364,1491.7,1663.6,884.02,1060.4,1140.9,1316.8,1449.7,890.31,1285.2,1545.8,1507.7,1563.8,1410.1,1134.2,1595,1461.7,1413.5,1939.8,1950.8,2075.5,2206.2,2271,1764.1,1899.4,2046,2167.7,2233,1718.2,1868,2012.3,2172.9,1870.8,2003.7,1990.3,2156.7,1843,1969.2,2031.9,2137.8,2125.3,2286.1,1831.6,2003.8,2112.2,1700.8,1820.2,1911,1977.2,1730.2,1867.5,2212,2086.4,1697.8,2131.5,2361.2,2459.5,2523.8,2662.2,2266.5,2428.4,2499.1,2568.2,2583.9,2047.6,2210.5,2450.6,2594.9,1974.1,2160.2,2251.9,2378.9,2445.2,2499.4,2317.2,2444.7,1987.5,2258.4,2399.1,2082.4,2352.3,2281.7,1871,2001.4,2133.9,2283.5,2856.2,2813.9,2798.9,2654.4,2615.8,2594.9,948.97,918.2,877.49,811.25,835.48,861.15,825.07,860.39,785.51,755.31,758.41,757.72,747.67,733.57,771.37,662.4,664.01,638.16,636.03,670.48,608.1,533.53,643.65,731.02,488.59,594.61,520.19,449.32,409.5,265.11,171.05,363.15,506.21,513.79,443,533.16,567.46,451.97,518.71,393.06,468.23,308.95,422.24,232.71,391.59,120.42,228.27,363.19,473.97,106,211.25,335.44,95.016,206.79,320.71,429.92,508.38,155.79,189.47,293.2,338.5,394.63,220.73,284.26,224.32,271.66,342.45,392.98,414.84,477.91,204.27,110.79,258.18,406.52,660.62,0,300.24,402.24,488.98,835.54,688.14,631.81,758.58,857.62,1218.9,593.57,701.15,825.42,954.7,1083.2,1195.1,1294.3,1407.9,1401.3,1526.8,557.58,667.94,795.42,898.91,972.99,1054.6,1179,1280.9,1396.3,1498,536.02,638.36,775.83,887.64,1162,1269.1,1383.4,1489.8,752,664.01,879.33,1026.8,1151,1255.2,1375.2,1469.3,580.18,724.01,873.75,1025.9,1124.6,1195.2,1262.4,1366.8,727.35,875.47,1021.8,1147.8,1261.7,1359.5,650.37,730.28,878.71,1028.7,1144,1262.7,608.26,683.01,905.72,978.28,1388.1,769.32,883.54,1055.9,1168.1,906.21,1070.2,1166.6,1161.8,929.93,1454.2,2176.1,2174.3,1988.6,2048.9
1846.8,1915.6,1692.1,1754,1842.7,1970.8,2030.6,2104.4,2165.1,2240.3,1502.6,1615.5,1658.8,1766.6,1872.8,1969.2,2009,2101.2,2198.8,1216.7,1305.8,1382.7,1458.3,1564.1,1645,1732.9,1794.7,1924.4,2056.4,2025.4,1261.4,1290.7,1379.7,1475.8,1421.2,1552.1,1715,1837.2,1961.9,1929.8,1976.2,2077,2127.1,2051.6,2024.8,1928.7,1962.1,1807.7,1820.3,1948.7,1592.5,1772,1850.2,1605.2,1668.2,1778.6,1718.3,1588.2,1607.1,1663.1,1401.3,1327.7,1436.9,1336.1,1322.5,1865.5,1793.6,2076,1225.2,1278.6,1358.2,1480.7,1582.4,1690.4,1867,1130.7,1286.2,1336.9,1513,1622.2,1113,1460.7,1695.1,1643.6,1785.6,1567,1364.1,1730.2,1593,1551.2,2023.6,2151.2,2267.5,2392.9,2454.9,1961,2088.2,2227,2343.3,2406.3,1896.1,2045,2181.6,2336.2,2033.2,2163.8,2143.3,2307.9,1992,2112.5,2172,2279.2,2260.5,2438.5,1964.8,2132.7,2240.5,1822.3,1941.3,2027.7,2091.6,1837,1969.4,2332.5,2198.9,1834.2,2381.7,2606.5,2702,2763.6,2898.5,2507.7,2665.3,2733.7,2803,2814.9,2290,2446.8,2680.1,2820.7,2210.8,2388.2,2480.1,2602.3,2669.3,2720.9,2538.6,2661.8,2215.9,2475,2611.2,2297.9,2559.7,2486,2088.9,2212.8,2337.8,2479.7,3104.3,3057.7,3039.6,2890.7,2846.2,2820.7,1243.4,1216.6,1177.6,1100.6,1122.1,1154.1,1124.3,1159.9,1082.6,1042.5,1028,1042.4,1041.4,1032.6,1071.4,957.4,951.71,930.74,934.34,970.72,906.66,824.11,912.8,1031.3,768.56,893.82,820.42,748.2,698.87,562.44,471.02,633.71,788.5,806.42,741.25,794.68,811.04,713.11,743.01,652.73,685.86,568.82,615.42,486.72,551.77,389.41,410.91,474.57,554.78,332.73,350.02,418.53,236.66,299.06,359.84,460.33,562.01,205.99,116.62,290.24,273.72,328.81,187.1,149.97,79.706,78.772,107.15,157.54,115.25,446.54,399.62,225.84,181.08,234.76,531.75,300.24,0,119.95,226.45,1027.2,918.49,855.38,952.53,1027.6,1343.5,800.69,881.6,983.38,1092.1,1205.8,1305.9,1395.8,1499.8,1507.3,1612.3,746.47,830.39,935.36,1023.4,1083.7,1153,1274.4,1368.5,1476,1572.1,705.8,783.76,897.63,994.03,1243.2,1343.2,1450.9,1552.8,849.6,766.62,962.53,1100.2,1215,1312.4,1427.7,1517.8,675.08,799.12,935.95,1077.8,1170.7,1239,1303,1404,778.56,917.37,1056.6,1176.4,1288.2,1383.1,674.54,761.2,899.74,1048,1159.7,1275.1,618.46,681.69,906.2,978.02,1393.3,738.83,864.59,1044.8,1161,867,1042,1143.1,1126.2,872.81,1490,2474.6,2466.7,2283.7,2345.1
1923,1984.8,1771.2,1827.6,1909.3,2028.9,2085.3,2155.7,2212.7,2285.4,1579.5,1690.4,1728.5,1828.3,1927.6,2021.6,2057.4,2145,2241.7,1290.3,1390.9,1462.4,1525.5,1627.2,1704.2,1788,1844.7,1968.2,2097.1,2063.7,1349.6,1364.8,1443.6,1535.3,1478,1603.6,1758.7,1875.1,1994.7,1990.9,2039.1,2181,2236.4,2161.5,2124,2029.2,2071.9,1917.2,1927.2,2056.7,1696,1871.9,1947.7,1703.1,1763.2,1871.8,1806.8,1681,1695.3,1748.5,1506.3,1420.9,1533.2,1441.7,1422,1955.9,1874.7,2183.5,1286.6,1335,1411.8,1517.7,1614,1711.3,1889.1,1181.8,1324.4,1359.7,1534.1,1631.2,1151.9,1472.6,1693,1636.1,1817.7,1569.4,1403.7,1721.8,1584,1545.4,1991.9,2170.4,2281.9,2404.3,2464.6,1979.4,2101.8,2236.2,2349.5,2411.1,1905.6,2053.2,2185.5,2336.7,2034.7,2163.6,2139.9,2303.1,1987.8,2105.1,2162.8,2270.1,2248.7,2433.6,1953.8,2118.9,2225.9,1807.3,1925.4,2009.2,2072,1815.8,1945.2,2314.2,2177.8,1825.5,2427.7,2648.8,2742.4,2802.1,2934.7,2547.7,2702.3,2769.2,2838.5,2848.1,2331.3,2484.1,2712.9,2851.1,2249.1,2420.9,2512.7,2632,2699.1,2749.2,2567.2,2687.8,2249.5,2501.3,2634.7,2324.2,2580.8,2505.8,2117.3,2237.2,2357.9,2495.3,3147.3,3098.1,3078.2,2926.9,2879,2851.1,1350.9,1320,1276.8,1180.5,1233.8,1262.6,1226.3,1253.1,1171.2,1120.7,1093.8,1154.7,1149.4,1135.1,1167.2,1044,1031.2,1039.4,1038,1068.9,998.64,907.34,979.81,1128.9,844.64,996.08,918.37,841.7,782.69,655.54,569.46,748.51,901.14,914.86,845.13,859.42,866.16,779.59,791.01,720.23,733.04,639.51,655.82,559.11,583.47,474.24,465.15,495.01,555.2,412.39,399.6,435.58,350.71,345.1,370.01,450.4,550.96,325.12,231.82,300.53,259.7,298.8,305.98,259.62,179.89,132.97,76.007,76.4,89.202,412.23,518.79,310,206.17,171.27,448.49,402.24,119.95,0,108.25,1052.9,964.65,899.76,980.92,1043.6,1334.6,839.13,905.87,995.2,1092.8,1198.1,1291.7,1376.6,1475.4,1488.6,1584.2,778.92,848.56,940.81,1020.1,1073.4,1136.3,1254.4,1343.9,1447.1,1539.9,732.01,796.54,896.66,984.03,1218,1313.6,1417.3,1516.4,840.39,762.69,943.99,1074.5,1183.4,1276.7,1388.7,1476.2,672.64,782.78,909.81,1044.1,1132.9,1199.2,1261,1359.4,753.58,883.8,1016.8,1131.9,1241.1,1333.8,643.9,728.95,858.61,1002.3,1110.6,1223,585.66,640.54,857.02,926.67,1337.1,683.59,809.3,988.01,1103.5,804.09,979,1080,1059,803.21,1443.9,2577.6,2575.8,2390.8,2451.1
1973.9,2028.5,1825.3,1876.2,1950.7,2061.7,2114.8,2181.8,2235.2,2305.3,1632.1,1740.7,1773.5,1865.3,1957.7,2049.1,2080.9,2164,2259.7,1341,1452.4,1518,1568.8,1666.2,1739.2,1818.8,1870.4,1987.7,2113.4,2077.8,1414.2,1415.6,1484.2,1571.3,1511.6,1631.7,1778.8,1889.4,2003.9,2026.9,2076.6,2261,2322.8,2248.7,2198.7,2105.4,2159,2004.2,2010.9,2141.6,1776.1,1947.5,2020.6,1776.8,1833.7,1940.2,1870.5,1749.5,1758.9,1809,1588.5,1490.4,1605.8,1524.6,1498.1,2021.2,1930.6,2267.6,1325.6,1368.9,1442.8,1532.6,1623.5,1710.5,1888.7,1212,1341.6,1362.7,1534.4,1620,1171,1464.9,1671.6,1610.2,1826.8,1552.7,1421.6,1694.7,1557.1,1521.4,1943.6,2166.5,2273.4,2392.8,2451.5,1975.3,2093.2,2223.2,2333.5,2393.8,1893.8,2039.7,2167.9,2315.7,2015.4,2142.3,2116,2277.4,1963.5,2077.6,2133.6,2240.8,2217.1,2407.6,1923.6,2085.8,2191.9,1774.1,1890.9,1972.4,2033.8,1777.1,1903.6,2276.6,2138.2,1797.8,2448,2665.4,2757,2814.9,2945.1,2562.2,2713.9,2779.3,2848.4,2855.9,2347.6,2496.2,2720.4,2856.2,2262.7,2428.9,2520.5,2636.7,2703.9,2752.5,2571.1,2689.1,2258.8,2503.2,2633.8,2326.6,2577.9,2501.8,2122.1,2238,2354.5,2487.6,3163.8,3112.3,3090.7,2937.4,2886.4,2856.2,1436.3,1400.7,1353,1237.7,1324.4,1349.3,1305.8,1323.3,1237.1,1176.9,1138.3,1246.3,1235.7,1215.4,1240.2,1108.6,1089.1,1126.7,1120,1145,1068.8,969.83,1026.5,1204.2,901.13,1076.7,995.03,914.56,847.04,730.01,650,844.25,993.7,1002.5,928.28,905.36,903.27,828.23,822.9,770.76,765.28,694.39,683.87,617.34,606.03,545.18,511.53,511.34,551.04,481.34,445.63,452.24,448.51,392.19,385.54,441.97,536.49,428.65,332.77,323.45,267.37,285.07,413.4,367.72,275.77,218.83,146.76,98,178.6,383.16,621.63,387.24,256.4,149.46,368.01,488.98,226.45,108.25,0,1061,992.36,926.71,992.31,1043.1,1309,861.63,914.56,991.45,1077.8,1174.6,1261.8,1341.6,1435.5,1453.5,1540.5,797.12,852.67,932.02,1002.4,1048.8,1105.3,1219.6,1304.5,1403.2,1492.7,745.61,796.76,882.73,960.74,1178.8,1270,1369.6,1465.8,819.91,748.51,913.53,1036.1,1138.9,1227.9,1336.4,1421.3,661.98,756.91,872.96,998.9,1083.4,1147.4,1206.9,1302.5,720.41,840.63,966.4,1076.5,1182.7,1272.8,608.14,689.64,808.98,947.05,1051.4,1160.4,549.65,595.09,800.18,867.07,1270.4,624.05,747.61,922.99,1037,735.65,908.71,1008.9,984.55,728.84,1385.3,2656.1,2661.8,2474.3,2533.3
1069.4,1071.3,962.55,962.93,983.42,1046.3,1085.6,1141,1185.5,1250.9,783.69,855.26,843.48,877.38,934.32,1014.5,1034.9,1108.8,1202.8,547.29,736.93,722.95,651.2,705,747.93,802.55,833.84,934.23,1055,1017.7,748.08,598.39,558.84,600,532.02,611.99,728.52,829.8,943.08,1026.3,1082,1623.1,1769.5,1715.3,1501.2,1436.9,1636.4,1500.2,1456.5,1587,1210.5,1294.2,1323,1128.3,1136,1202.5,1092.2,1042.2,996.63,1007.5,1096.1,857.56,978.61,1061.2,947.65,1241,1071.3,1686.2,424.28,414.61,455.02,475.39,562.5,663.67,839.82,271.69,293.9,309.92,486.5,615.16,154.43,450.65,723.95,701.18,765.94,584.62,373.08,786.02,663.43,609.01,1190.6,1124.7,1244.2,1372.9,1436.9,935.22,1066.5,1211.1,1332.2,1397.4,882.65,1032.5,1177.1,1338.6,1037.6,1170.8,1160.6,1326.9,1016.8,1145.7,1210.1,1314,1306.3,1455.2,1018.9,1192.2,1299.5,905.11,1021.1,1115,1182,954.25,1093,1405.5,1291.1,884.62,1393.8,1606.4,1696.6,1754,1884.2,1502,1652.8,1718.4,1787.6,1795.9,1288.8,1435.2,1660.5,1798.2,1202.2,1368.7,1460.5,1579,1646.2,1696.4,1514.3,1635.8,1198,1449.1,1584.2,1271.9,1532.5,1459.1,1064.4,1185.9,1310.8,1454.8,2104.3,2051.6,2029.7,1876.4,1826.7,1798.2,1038.1,946.17,855.68,560.81,1051.9,1004.1,872.28,759.54,661.41,521.16,381.18,1022.9,932.94,836.24,751.64,594.59,512.94,896.62,816.14,747.78,648.69,544.57,383.19,762.51,487.09,781.8,707.75,652.25,568.47,679.59,747.36,925.05,922.12,852.73,773.44,390.16,316.19,438.66,324.51,477.77,368.57,545.02,418.5,607.11,475.45,716.63,627.69,558.1,512.54,739.71,680.71,617.37,926.81,728.8,683.07,621.63,538.35,984.76,970.22,752.45,797.66,776.83,1046.3,1094.2,957.77,952.61,978.97,987.57,1122.1,698.36,990.02,828.87,853.89,911.62,870.68,835.54,1027.2,1052.9,1061,0,202.53,225.14,76.968,85.212,454.4,242.9,147.09,129.28,230.2,352.01,465.72,567.92,685.65,650.96,803.89,282.7,209.68,196.82,250.93,321.12,400.28,491.5,589.57,702.6,802.63,321.93,269.28,259.09,306.86,516.88,613.61,720.81,820.47,336.25,353.73,377.62,458.53,556.66,647.03,750.66,837.33,416.8,404.4,439.48,521.1,590.61,641.48,696.54,783.15,466.58,498.53,568.6,653.72,734.09,813.18,545.09,518.14,557.83,616.38,687.72,773.2,584.82,599.05,621.61,649.38,883.53,671.76,667.27,714.74,766.13,727.93,769.55,810.75,841.96,783.66,856.1,1966.3,2072.2,1863.9,1900.4
1021.1,1052.2,892.01,917.02,969.7,1069.7,1122.6,1191.2,1248.4,1322.3,700.56,792.34,804.36,877.28,965.38,1057.6,1092.8,1182.8,1280.3,424.86,600.21,613.93,599.26,683.03,749.39,826.42,880.08,1006,1138.1,1108.2,597.53,490.73,508.34,583.61,521.31,639.73,796.51,920.5,1050,1037.1,1088.4,1495.6,1626.5,1567.7,1386.5,1313.3,1485.4,1343.2,1307.8,1441.1,1057.6,1163.4,1204.4,991.29,1012.3,1092.4,992.2,918.01,888.01,913.19,926,705.06,830.66,885.38,781.84,1145.6,1002,1547.4,350.44,380.19,450.79,566.61,675.91,809.24,977.89,220.15,372.6,466.89,638.23,791.13,202.56,629.36,913.72,897.68,876,773.55,447.97,981.06,862.27,806.88,1392.6,1265.2,1393,1525.9,1592,1080.6,1219.6,1370.2,1494.8,1561.3,1048.2,1196.9,1346,1510.2,1213.2,1346.2,1340.8,1506.2,1201.1,1331.4,1396.5,1498.6,1494.1,1632.6,1211,1383.8,1490.2,1102.9,1217.5,1311.7,1378.7,1154.9,1293.3,1598.2,1487.3,1077.4,1464.1,1688.1,1783.7,1845.7,1981.6,1589.4,1748.1,1817.3,1886.6,1900.2,1371.5,1529.6,1766.1,1909,1293.3,1474.8,1566.7,1692.1,1758.7,1812.3,1629.9,1756.8,1302.1,1570.4,1711,1394.3,1664.5,1594.4,1182.9,1313.4,1446.9,1598.6,2185.9,2139.3,2121.6,1973.8,1931.8,1909,852.77,764.5,676.07,397.2,855.5,812.11,684.62,585.9,482.92,347,220.23,823.12,735.46,641.34,564.9,400.6,320.65,694.99,615.61,550.73,449.01,342.05,186.39,570.45,287.25,580.18,505.22,451.35,373.05,497.52,575.69,731.55,720.69,650.54,572.74,192.26,126.49,253.36,175.5,302.99,232.77,381.66,309.32,455.5,386.48,567.82,507.6,482.6,478.99,603.44,569.51,540.71,782.61,622.67,607.06,578.18,520.72,842.8,844.54,670.05,725.24,719.82,906.83,962.73,843.14,849.81,888.72,907.89,1023.1,668.46,820.62,703.18,758.89,845.31,872.35,688.14,918.49,964.65,992.36,202.53,0,65.742,150.88,273.71,656.86,136.06,181.62,288.82,420.76,550.12,665.9,768.96,887.19,853.47,1005.9,206.53,238.47,326.81,418.94,499.4,585.23,686.6,787.25,901.96,1003,265.38,290.48,370.55,459.76,705.39,806.72,916.89,1018.5,428.09,401.4,514.8,626.13,736.56,833.08,941.93,1031.1,424.12,477.82,564.34,677.15,758.87,816.65,876.29,968.58,535.57,614.37,715.07,816.36,907.64,992.85,579.43,582.82,665.2,756.23,843.54,940.46,602,639.52,726.69,770.01,1057.4,729.78,758.72,844.3,913.8,815.92,893.07,950.2,974.8,868.85,1045.3,1856.6,1940.7,1734.1,1776.1
1083.1,1116.7,951.54,979.55,1034.6,1135.5,1188.1,1256.4,1313,1386.4,759,853.3,867.83,942.79,1031,1123,1157.6,1246.6,1343.9,478.04,646.63,667.93,662.33,747.96,815.02,892.12,945.21,1069.8,1201,1170.3,638.85,546.39,572.05,648.99,586.94,705.2,860.16,982.23,1109.8,1102.7,1153.9,1540.7,1665.9,1605.4,1435.4,1359.9,1521.9,1377.5,1345.8,1479.8,1094.7,1208.3,1252.8,1034.8,1059.9,1143.4,1046,965.93,940.24,968.48,955.21,744.46,870.98,911.27,814.3,1199.8,1061.4,1588.6,413.42,445.58,516.54,626.91,733.62,860.91,1031.9,285.87,432.36,513.28,687.5,832.7,259.88,669.2,948,926.31,935.01,808.25,509.21,1011.1,888.14,834.01,1411.3,1319.1,1445,1576.8,1642.3,1133,1270.1,1419.1,1542.6,1608.7,1094.4,1243.8,1391.4,1554.6,1255.6,1388.8,1381.1,1547,1239.1,1368.6,1433.3,1536.6,1530,1674.5,1243.7,1416.9,1524,1130,1246.2,1340.1,1407.1,1177.6,1316.5,1630.5,1516.2,1109.5,1528.4,1751.5,1846.7,1908.2,2043.6,1652.3,1810.2,1879,1948.3,1961.3,1434.7,1591.7,1826.9,1969.2,1355.6,1535.4,1627.3,1751.8,1818.5,1871.6,1689.2,1815.2,1362.8,1628.6,1768.3,1452.1,1720.7,1649.9,1241.2,1370.2,1502.1,1652.1,2249.6,2202.4,2184.3,2035.8,1992.8,1969.2,871.87,787.11,700.93,435.99,862.67,825.07,702.87,615.73,511.04,381.18,267.06,824.58,741.65,652.03,585.24,415.84,340.16,691.86,616.46,559.2,453.79,335.86,206.21,585.36,267.59,577.86,496.18,432.93,344.4,455.9,528.14,700,702.76,636.29,553.09,170.21,92.962,213.6,114.02,255.67,169.71,329.19,244.08,399.28,320.76,511.41,444.78,416.86,415.46,544,505.83,474.98,725.7,558.63,541.35,513.32,458.52,785.47,783.77,604.55,659.54,654.17,849.02,903.29,780.65,785.94,823.88,842.51,959.13,604.21,772.6,642.04,694.2,779.58,810.37,631.81,855.38,899.76,926.71,225.14,65.742,0,156.85,281.68,671.8,73.11,155.86,283.29,422.65,556.34,674.04,778.15,897.14,868.21,1017.2,143.68,198.04,307.23,408.51,491.57,579.71,688.02,790.85,907.38,1009.7,202.89,242.33,341.8,441.35,700.87,805.24,917.83,1021.5,390.55,353.46,488.7,610.21,725.88,825.63,937.97,1029.1,367.08,433.59,532.73,655.17,741.53,802.43,864.32,959.83,488.79,578.83,688.63,795.7,891.8,980.08,524.45,534.11,626.25,726.75,819.56,921.07,543.77,584.93,686.24,733.76,1040.9,677.73,714.18,810.24,885.84,769.94,856.59,918.81,940.85,821.74,1039.2,1906.1,1983.7,1778,1821.6
1098.1,1109.9,982.73,992.01,1023.4,1097.7,1140.8,1199.9,1247.6,1315.1,798,877.65,874.23,921.02,987.36,1071.1,1095.4,1173.2,1268.2,543.22,728.29,726.41,675.81,740.41,791.18,852.87,890.51,997.68,1121.4,1085.5,732.8,601.16,582.72,636.09,568.96,661.86,790.14,897.07,1013.8,1074,1128.5,1621.3,1760.2,1703.6,1505.1,1436.6,1622.8,1483.2,1444,1576.1,1195.4,1290.3,1324.8,1121.1,1135,1207.7,1101.4,1040.8,1001.8,1018.7,1071,841.76,965.55,1032.4,924.82,1252.5,1092.4,1679,436.84,441,492.59,540.55,633.11,739.44,915.05,285.04,352.29,385.81,562.51,691.86,191.38,527.31,798.2,772.49,836.79,659.35,432.52,858.03,733.04,679.58,1254.4,1200.5,1320.7,1449.7,1513.7,1011.3,1143.1,1288,1409.2,1474.4,959.62,1109.5,1254,1415.3,1114.1,1247.2,1236.6,1402.9,1092.1,1220.7,1284.8,1389,1380.7,1531.4,1092,1265.3,1372.9,975.17,1092,1185.6,1252.6,1021.3,1160.2,1478.1,1362,957.57,1457.9,1673.2,1764.7,1823,1954.3,1569.9,1722.4,1788.7,1857.9,1867.2,1355.5,1504.5,1731.9,1870.5,1270.5,1440,1531.8,1651.6,1718.7,1769.5,1587.2,1709.5,1268.7,1522.8,1658.7,1345.6,1607.6,1534.5,1137.3,1260.2,1386.3,1531,2171.6,2120.1,2098.9,1946.6,1898.1,1870.5,1002.5,913.22,824.03,537.56,1006.2,962.93,834.75,731.54,630.05,491.76,356.81,972.69,885.98,792.21,714.72,551.44,471.21,842.86,764.82,701.43,599,487.71,337.26,721.2,423.79,728.23,649.87,589.29,501.03,606.5,672.11,855.28,859.28,791.99,709.74,326.27,249.73,368.09,249.28,404.19,291.89,469.36,341.98,530.4,400.9,639.73,551.31,485.93,447.45,662.83,605.08,545.47,849.85,653.77,611.66,555.67,477.32,907.85,893.99,680.41,727.39,709.23,969.41,1017.7,882.4,878.47,906.51,916.74,1048.7,636.03,914.15,752.49,780.48,842.86,817.71,758.58,952.53,980.92,992.31,76.968,150.88,156.85,0,125.57,515.03,166.38,80.112,138.77,270.56,401.92,518.93,622.74,741.55,711.52,861.28,206.69,149.58,186.12,269.52,348.9,434.37,536.67,638.16,753.74,855.47,248.92,211.25,239.7,314.61,554.52,656.2,766.98,869.34,309.3,308.56,376.09,478.11,586.31,682.26,791.14,880.57,360.19,370.91,431.63,532.83,611.14,667.37,726.23,817.86,432.51,486.56,574.46,670.43,758.87,842.9,499.36,483.17,542.23,618.56,700,793.42,534.08,556.14,605.49,641.21,908.78,636,645.22,711.67,773.59,704.82,763.55,813.56,841.21,759.7,894.47,1972.9,2068.9,1861.3,1900.4
1143,1138.2,1040.8,1036.6,1049.5,1101.2,1135.7,1186,1225.3,1286.8,864.57,932.7,916.47,940.68,987.68,1063,1077.8,1144.5,1236.3,632.29,822.1,806.79,728.25,775.55,812.19,859.66,883.12,972.58,1087.4,1047.1,833.19,682.52,636.68,670.72,602.68,670.93,771.23,861.3,965.43,1085.3,1141.8,1707.3,1854.6,1800.5,1584.5,1521,1721.6,1585.3,1541.7,1672.2,1295.7,1378.9,1406.7,1213.3,1220.3,1285.5,1174.3,1126.7,1079.8,1089.1,1180.2,942.66,1063.8,1144.6,1032.1,1322.2,1148.9,1771.1,506.85,492.35,526.02,514.94,588.42,668.11,846.17,355.13,348.75,320.49,491.48,596.64,233.08,433.63,688.86,656.53,789.1,552.48,424.1,743.04,614.65,562.77,1130.5,1126.7,1240.2,1365.4,1427.6,935.8,1060.7,1200,1318,1382,869.36,1018.8,1158.9,1317.4,1014.5,1147,1132.8,1299.1,985.51,1112.4,1175.6,1281,1270.1,1428.6,978.7,1151.8,1259.8,856.77,974.63,1067.7,1134.6,899.53,1038.6,1363.2,1244.1,844.25,1429.2,1636,1723.5,1778.6,1905.7,1529.6,1676.2,1739.8,1808.7,1814.5,1319.5,1460,1678.9,1813.4,1229.8,1388.1,1479.3,1593.9,1661.1,1709.4,1528.2,1646.2,1219.5,1460.2,1591.8,1283.5,1537.3,1462.2,1079.5,1195.1,1314.3,1452.9,2132.5,2077.2,2053.4,1898.1,1844.7,1813.4,1119.4,1028.3,938.14,644.9,1128.6,1083.1,952.77,842.88,743.78,603.85,464.69,1096.8,1008.9,913.76,832.26,672.29,591.18,967.87,889.18,823.95,722.72,613.09,458.94,841.3,549.1,853.15,775.39,714.55,624.81,724.22,784.4,976.78,984.44,917.49,834.76,451.6,374.64,490.07,365.11,522.02,400.22,581.23,435.46,635.61,480.37,741.34,640.39,553.4,492.15,757.61,687.91,611.04,946.05,732.56,674.55,601.12,510.25,1002.2,979.46,745.07,785.04,758.05,1061.7,1105.1,961.77,951.1,971.4,975.21,1117,670.17,1023.2,840,850.24,894.49,826.99,857.62,1027.6,1043.6,1043.1,85.212,273.71,281.68,125.57,0,390.48,279.26,157.18,58.523,148.12,276.7,393.41,497.17,615.98,586.66,735.76,300.41,197.27,130.97,166.37,236.13,316.74,413.09,513.56,628.62,730.1,326.06,247.23,194.81,224.52,434.8,533.93,643.29,744.83,274.33,309.36,297.95,373.34,472.35,564.29,670.08,758.2,384.85,346.01,362.05,436.59,505.41,556.66,612.38,700.37,407.22,422.62,485.18,568.57,649.19,729.1,496.08,458.66,483.42,533.82,602.93,688.01,541.15,546.17,547.02,570.55,798.74,611.1,596.02,633.61,682.02,657.01,689.38,727.62,759.79,713,774.7,2048.7,2156.7,1948.3,1984.3
1302.7,1251.7,1242,1202,1163.2,1145.1,1151,1170.4,1180.3,1218.7,1099.2,1133.3,1084.9,1045.6,1032.2,1075.1,1059.1,1084.9,1159.9,935.72,1124.8,1078.7,940.72,939.74,934.81,936.99,916.15,940.36,1015.4,964.05,1151.1,965.52,863.66,847.55,788.26,782.55,785.32,808.04,856.66,1153.8,1211.8,1964.2,2133.6,2088,1824.5,1776.6,2015.6,1890.9,1835.1,1959,1600.7,1649.6,1658.2,1498.1,1486.3,1529,1408.7,1397.3,1331.6,1320.4,1512.1,1258,1368.9,1485.2,1361.4,1542.3,1339.9,2044.7,785.22,736.47,725.61,569.35,560.51,521.88,677.93,659.73,524.82,357.4,403.44,362.8,536.48,275.18,365.55,301.6,706.48,267.55,556.92,387.33,249.69,212.85,740.13,913.72,995.95,1102.6,1156.3,731.83,819.6,930.66,1032.4,1090,613.4,748.89,864.8,1007.7,710.14,834.43,806.98,968.87,654.47,770.55,828.85,936.19,916.99,1099.3,621.34,790.25,898.44,482.66,602.22,692.29,758.3,513.76,652.44,994.64,867.54,491.21,1352,1522.3,1594.2,1637.1,1746.9,1409.8,1531.8,1584.6,1650.2,1644.5,1224.6,1329.6,1511.8,1629.1,1124.8,1236.7,1321.6,1414.3,1479.6,1518.2,1346.3,1446.2,1086.3,1269.1,1381.2,1102.1,1317.1,1237.8,927.1,1008.7,1097.3,1208.6,1999.3,1933.1,1901.1,1739.7,1671.6,1629.1,1474,1378.8,1287.4,986.02,1500.6,1448.1,1312.5,1187,1096.1,956.67,815.89,1475.1,1383.1,1284.2,1192.4,1043.5,961.56,1350.6,1269.3,1198.2,1101.5,998.9,835.73,1208.3,938.64,1235.8,1162,1104.2,1015.3,1110.8,1164.7,1366.1,1374.2,1306.2,1224.8,841.15,764.74,880.17,752.66,909.6,782,963.06,802.2,1009.3,828.2,1108.4,992.74,879.1,788.85,1114.6,1029.1,929.43,1301.3,1065.5,984.04,886.31,784.59,1353.5,1315.8,1053.3,1078.1,1036,1408.5,1442.2,1287.6,1264.8,1269.4,1260.2,1416.9,926.84,1397.3,1183.4,1162.5,1169.4,1012.7,1218.9,1343.5,1334.6,1309,454.4,656.86,671.8,515.03,390.48,0,666.66,539.49,403.01,265.18,137.9,70.406,126.59,235.67,196.7,350.62,675.39,554.91,423.49,322.52,261.2,210.72,142.04,177.54,266.06,357.51,684.93,580.57,448.56,350.63,206.71,232.18,303.6,386.66,494.84,576.97,396.87,304.35,279.87,302.33,357.95,424.33,668.51,552.7,446.79,374.24,357.26,356.32,373.5,416.52,590.02,495.22,433.35,421.2,431.95,469.44,702.6,626.75,548.39,483.82,471.9,489.92,760.5,726.69,592.55,565.94,555.09,740.71,658.43,582.76,559.49,710.14,641.65,622.27,668.56,758.91,463.57,2269.5,2412.4,2204.3,2230.6
1156,1188.2,1024.6,1052.3,1105.6,1202.9,1253.8,1320.1,1374.6,1446.4,832.02,926.37,940.2,1012.4,1097.2,1187.6,1219.8,1305.9,1402.6,550.07,715.79,740.02,734.88,818.96,884.11,958.83,1008.8,1129.1,1258.3,1225.8,705.44,618.99,644.25,719.11,656.14,770.55,919.63,1037.3,1161.2,1171.6,1223.3,1608.3,1730.2,1668.6,1505.2,1428.5,1584.3,1438.4,1409.3,1543.7,1157.9,1276,1322.3,1101.9,1129.1,1214.2,1117.8,1035.4,1011.6,1040.8,1013.2,809.69,936.49,966.96,874.95,1271.8,1134.5,1654,485.97,515.77,584.45,680.33,782.25,899.85,1073.6,354.75,486.16,547.65,724.01,858.07,313.08,693.55,963.52,935.04,985.17,825.1,564.9,1021.2,893.82,841.53,1406.4,1360.2,1482.9,1612.9,1677.5,1172.2,1306.2,1452.4,1574.3,1639.8,1124.9,1274.7,1419.9,1581.5,1280.4,1413.6,1402.9,1569.2,1258.1,1386.4,1450.3,1554.9,1545.9,1697.7,1256.1,1429.3,1537.2,1136,1253.7,1346.9,1413.8,1178.2,1317.2,1641.5,1523.3,1121.6,1588.8,1809.8,1903.8,1964.3,2098.3,1709.2,1865.4,1933.3,2002.6,2014.2,1492.4,1646.9,1879.4,2020.3,1411.3,1587.5,1679.4,1802.1,1869,1921.2,1738.7,1863.2,1415.2,1676.4,1814.4,1499.5,1765,1693,1289.5,1415.8,1544.8,1692,2308.2,2259.6,2240.5,2090.6,2045.5,2020.3,922.39,840.75,756.66,502.11,903,870.69,753.52,675.4,570.25,445.26,337.84,859.81,781.81,696.8,638.32,466.98,395.78,723.58,652.73,602.93,495.78,370.8,266.1,634.2,291.98,611.56,524.42,452.48,354.59,445.04,506.7,699.61,718.79,657.08,568.96,200.41,126.62,216.63,86.052,243.1,125.72,303.59,185.28,364.23,256.34,474.17,392.94,350.41,343.01,499.92,450.77,409.39,685.68,502.05,476.15,442.4,385.52,744.3,735.23,541.27,594.26,585.96,806.63,857.3,727.84,729.15,763.55,779.58,901.6,532.4,747.98,593.25,634.74,713.57,737.35,593.57,800.69,839.13,861.63,242.9,136.06,73.11,166.38,279.26,666.66,0,128.27,265.67,407.41,543.02,661.25,765.54,884.53,861.15,1005.4,70.711,145.58,272.46,380.16,464.09,553.26,667.72,771.99,889.71,992.96,129.87,178.72,295.6,403.61,674.07,780.8,895.27,1000.6,334.19,288.01,442.14,572.46,692.43,794.78,910.09,1002.8,295.15,370.49,480.21,610.87,701.17,764.79,828.58,926.89,423.19,522.25,639.73,751.73,852.04,942.98,453.23,466.84,566.35,674.76,772.24,877.68,471.16,513.82,624.79,675.66,999.85,607.89,649.39,753.75,834.51,703.95,797.85,864.27,884.03,754.85,1008.5,1976,2049.9,1844.8,1889.5
1171.1,1186.7,1051.9,1065.4,1100.7,1177.4,1220.9,1279.9,1327.3,1394.3,864.51,948.17,948.48,999.43,1067.3,1151.2,1175.3,1252.4,1347.1,599.91,779.83,786.64,748,816.65,869.61,932.57,970.62,1077.1,1199.9,1163.4,778.88,661.88,655.01,712.78,646.09,741.6,869.86,975.22,1090,1153.1,1207.5,1675.1,1807.9,1749.3,1563.1,1491.8,1667,1524.6,1489.4,1622.6,1239.2,1343.1,1381.7,1171.8,1190.4,1267.3,1163.8,1096.1,1062,1082.6,1106,886.61,1012.1,1063.8,962.77,1316.1,1161.8,1728.5,504.92,515.19,570.13,619.34,709.3,808.81,985.62,356,432.18,455.4,631.4,750.06,270.72,585.96,845.99,813.05,912.84,709.27,512.37,899.76,770.27,719.13,1278.7,1269.7,1387.2,1514.5,1577.7,1079.6,1208.6,1350.9,1470.4,1535,1021.1,1170.8,1312.8,1472.4,1169.9,1302.7,1289.3,1455.6,1142.4,1269.5,1332.7,1438.1,1427.3,1585,1135.7,1308.7,1416.8,1012.1,1130.4,1223.1,1290,1052,1191,1519.7,1399.5,1001.2,1537.2,1751.7,1842.5,1900.4,2030.9,1647.9,1799.4,1865.3,1934.4,1943,1433.9,1581.7,1807.6,1945.3,1348.2,1515.7,1607.5,1726.1,1793.3,1843.4,1661.3,1782.5,1344.9,1595.9,1730.6,1418.7,1678.3,1604.4,1211.4,1332.4,1456.2,1598.7,2249.9,2197.8,2176.2,2023.2,1973.7,1945.3,1026.8,940.97,853.8,578.81,1018.2,980.9,857.93,765.86,662.03,527.91,401.17,978.92,897.14,807.89,739.66,571.17,494.29,844.78,770.95,715.02,609.37,489.33,359.35,740.93,415.48,731.43,647.16,578.42,482.3,571.28,628.27,827.47,846.03,783.01,696.07,320.22,242.54,344.65,213.71,370.3,243.99,425.36,279.47,478.44,330.34,584.37,486.58,411.15,367.93,602.08,537,470.35,790.32,583.89,535.99,476.49,397.22,847.06,827.81,605.42,650.68,630.8,907.33,952.68,813.2,806.49,831.99,840.52,975.44,556.06,866.16,687.24,707.31,765.11,738.32,701.15,881.6,905.87,914.56,147.09,181.62,155.86,80.112,157.18,539.49,128.27,0,137.46,279.16,414.78,533,637.28,756.26,733.35,877.16,143.57,70.406,151.4,254.92,338.67,427.56,540.18,644.24,761.82,864.97,175.8,131.94,189.25,285.49,548.7,654.58,768.5,873.44,247.91,234.01,334.83,454.4,570.94,671.67,785.45,877.46,280.56,302.8,382.8,499.95,585.68,646.7,708.91,805.2,363.04,432.96,535.2,640.26,735.94,824.48,422.9,412.57,484.78,575.24,665.12,765.44,455.59,480.7,546.88,588.62,885.06,563.91,581.86,662.68,733.41,640.29,711.66,768.84,793.18,694.29,885.42,2032.4,2121,1914.1,1955.2
1196.8,1194.6,1091.7,1090.4,1106.1,1159.5,1194.2,1244.4,1283.3,1344.4,912.92,984.16,970.56,997.89,1046.1,1121.5,1136.1,1202.1,1293.6,672.07,860.07,850.48,779.95,830.62,869.14,917.77,941.65,1030.5,1144.6,1103.8,867.67,725.57,687.79,725.66,657.6,728.75,829.6,918.45,1020.8,1143.3,1199.7,1749.5,1892.9,1837.5,1629.2,1563.8,1757.5,1619.2,1578.1,1709.6,1330.6,1419.8,1450.4,1252.4,1262.6,1330.7,1221.1,1168.6,1124.8,1136.6,1209,976.96,1099.7,1171,1062.3,1370.1,1200.2,1810.6,553.11,543.47,580.72,573.25,645.01,719.13,897.32,400.18,406.72,375.25,543.47,638.83,283.2,477.95,721.33,682.72,844.82,587.77,482.47,769.89,638.04,588.57,1141.6,1175.9,1286.8,1410.4,1471.8,984.76,1106.9,1243.7,1360,1423.3,912.77,1061.6,1199.2,1355.9,1052.7,1184.5,1167.9,1333.9,1019,1144.3,1206.6,1312.7,1299.8,1463.9,1006.5,1179,1287.3,879.04,997.87,1090,1156.7,916.34,1055.2,1388.5,1266.2,872.43,1486.7,1692.5,1779.5,1834,1960.3,1585.7,1731.4,1794.5,1863.2,1868.3,1376.3,1515.5,1732.8,1866.4,1286,1442.4,1533.5,1646.9,1714.1,1761.7,1580.8,1697.8,1274.4,1512.1,1642.4,1335.6,1587,1511.4,1132.9,1246.7,1363.8,1500.1,2188.6,2132.8,2108.5,1952.7,1898.4,1866.4,1141.2,1052,962.77,674.77,1142.6,1100.8,973.3,869.91,768.72,630.12,493.85,1107,1022,929.43,853.37,689.26,609.47,975.05,898.83,837.99,734.37,619.06,475.03,859.21,549.18,860.89,779.32,713.42,618.95,708.02,762.27,964.88,982,917.73,832,452.55,374.56,481.71,351.16,507.57,379.01,560.17,404.04,608.82,441.4,711.35,604.07,508.85,441.39,723.45,648.3,565.33,911.83,690.95,627.53,549.71,456.68,966.76,939.67,698.23,735.9,706.7,1025,1065.8,919.42,906.19,923.82,925.71,1070.2,616,997.32,801.7,804.65,843.39,769.21,825.42,983.38,995.2,991.45,129.28,288.82,283.29,138.77,58.523,403.01,265.67,137.46,0,141.79,277.36,395.61,499.92,618.94,596.1,739.8,273.24,157.8,72.567,130.82,210.64,297.38,405.08,508.5,625.67,728.56,289.75,199.72,136.5,179.98,418.25,521.98,634.62,738.65,215.96,252.49,248.57,339.84,447.76,544.72,655.33,745.96,330.85,287.5,310.23,397.17,472.89,528.61,587.58,679.96,348.78,369.58,442,533.18,620.18,704.2,437.92,400.25,429.41,488.62,564.43,655.4,483.65,487.69,493.17,520.1,770.09,552.87,540.45,585.92,640.52,601.33,640.41,683.43,713.69,657.25,757.59,2094.9,2198.2,1990.1,2027.5
1245.8,1226.2,1155.2,1140.1,1136.6,1165.4,1190.4,1230.4,1259.6,1313.4,986.93,1045.8,1019.5,1023.3,1050.4,1115.5,1119.6,1172.4,1259.2,770.61,961.64,938.8,842.16,874.87,898.39,931.34,939.76,1007.6,1109.9,1064.8,975.9,816.21,753.43,771.95,705.06,749.73,818.2,886.14,971.97,1157.7,1215.5,1839.7,1992.1,1939.7,1712.4,1652.6,1861.9,1727.6,1681.6,1811.1,1437.4,1513.6,1536.9,1350.6,1353.3,1413.2,1299,1260.4,1208.6,1212.4,1326,1085.3,1204.9,1291.4,1177.3,1443.9,1261.2,1907.4,636.68,611.1,630.78,565.6,612.22,651.3,827.2,489.28,434.84,341.74,485,542.8,361.78,393.09,602.94,555.34,800.96,476.68,498.9,642.66,507.66,461.7,1000.9,1095.2,1196.9,1315,1373.8,904.89,1016.7,1145.4,1257,1318.4,816.04,962,1092.8,1244.9,942.31,1072.1,1051.2,1216.1,900.21,1022.3,1083.1,1190,1174.2,1346.6,879.19,1050.4,1158.8,746.06,865.46,956.48,1022.8,778.81,917.31,1257.5,1132.1,746.3,1453.8,1648.5,1730.6,1781.2,1902.1,1539,1677,1736.8,1804.7,1805.9,1336.4,1464.7,1670.7,1799,1241.9,1384.1,1473.6,1580.2,1647.1,1691.7,1513.1,1624.5,1220.8,1440.9,1565.3,1266.6,1506.5,1429.1,1071.4,1175.2,1283.1,1411.2,2140,2080.2,2053,1894.6,1835,1799,1267.4,1176,1085.7,790.87,1276.2,1231.2,1100.9,989.74,891.32,751.19,611.38,1243.3,1156.2,1061.6,980.34,820.23,739.22,1113,1035.4,971.44,869.51,757.39,606.6,989.36,689.7,998.51,918.7,854.39,760.64,848.57,900.14,1106.3,1123.4,1058.5,973.37,592.65,514.82,623.49,492.74,648.83,518.65,699.14,537.03,744.11,565.11,843.44,729.56,621.52,539.07,850.91,768.49,674.5,1038.3,807.23,732.55,642.42,542.91,1091.4,1057.6,802.86,833.51,797.03,1147.7,1184.1,1032.6,1013.8,1024.4,1020.4,1171.9,695.37,1132.2,922.87,911.43,933.14,817.49,954.7,1092.1,1092.8,1077.8,230.2,420.76,422.65,270.56,148.12,265.18,407.41,279.16,141.79,0,135.64,253.84,358.13,477.15,455.53,598.02,411,289.76,159.89,78.816,100.24,170.53,266.13,368.25,484.79,587.36,419.89,317.25,196.11,138.72,286.9,386.05,496.43,599.16,260.22,330.34,214.97,241.03,327.79,416.84,521.97,610.4,420.2,329.63,282.31,312.93,368.41,414.2,467.17,552.96,381.53,344.27,368.52,434.7,507,583.59,488.22,428.35,406.98,421.05,473.71,549.3,542.06,526.52,467.06,474.01,655.62,569.45,525.2,525.79,557.52,585.23,584.69,608.6,645.28,640.53,626.63,2172.9,2289.6,2080.9,2114.8
1300.2,1265.2,1223.4,1196.3,1175.5,1181.2,1196.7,1226.4,1245.8,1291.7,1066.1,1113.6,1076.6,1059.3,1066.4,1120.8,1114.6,1153.8,1234.9,872.5,1063.8,1030.4,913.66,930.41,940.21,958.22,952.02,998.26,1087.2,1038.5,1083.4,911.27,829.58,831.56,767.49,787.9,824.32,869.97,937.24,1181.7,1240,1927.5,2087.6,2038.1,1794.3,1739.7,1962.5,1832,1781.8,1909.1,1541.3,1605.7,1622.5,1447.4,1443.7,1496,1378.6,1352.2,1293.9,1290.8,1439.1,1192.2,1308.4,1407.6,1289.3,1518.7,1326.1,2001,729.65,692.65,697.74,585.29,604.88,604.93,773,590.53,494.49,356.96,458.17,467.67,462.45,342.7,497.05,438.32,775.24,384.68,544.29,524.63,387.23,347.43,865.97,1025.2,1115.9,1227.4,1283.1,838.47,937.34,1056,1161.6,1220.6,732.32,872.94,994.87,1141,841.31,967.7,942.18,1105,789.87,907.55,966.32,1073.6,1054.8,1235.5,759.17,928.13,1036.3,620,739.56,829,894.71,647.24,785.13,1132,1003.7,628.6,1429,1611.2,1687.9,1734.3,1849.2,1499.8,1629.3,1685.4,1752.1,1749.4,1305.8,1422,1615.3,1737.6,1208,1334.3,1421.6,1520.7,1586.8,1628.1,1452.9,1557.9,1177.4,1377.7,1495.2,1206.9,1433.2,1354.5,1021.9,1114,1211.3,1329.8,2095.7,2032.2,2002.3,1841.9,1777.4,1737.6,1388.5,1295.5,1204.5,905.97,1403.7,1356,1223.6,1106.5,1010.8,870.36,729.34,1373.2,1284.4,1188.2,1102.9,946.53,864.93,1244.6,1165.7,1099.3,998.98,889.63,734.33,1114.5,823.83,1129.8,1051.7,988.86,895.93,983.85,1034,1241.9,1258.2,1192.6,1108.2,726.54,648.93,758.97,628.38,784.4,653.69,833.73,668.97,876.7,691.96,973.94,856.42,741.36,651.05,978.5,891.81,791.54,1164.7,927.76,846.22,749.14,647.57,1216.4,1178,915.54,940.97,899.7,1271.1,1304.4,1149.7,1127.1,1132.4,1124,1279.9,791.82,1264,1046.1,1024.7,1033.8,887.6,1083.2,1205.8,1198.1,1174.6,352.01,550.12,556.34,401.92,276.7,137.9,543.02,414.78,277.36,135.64,0,118.26,222.6,341.67,321,462.45,545.49,423,288.84,185.06,126.02,105.55,141.68,237.59,351.92,453.58,551.18,444.93,310.85,214.22,181.47,264.92,368.99,468.69,357.78,439.17,267.32,207.93,241.92,310.27,402.94,486.64,530.72,417.71,323.75,285.77,304.35,330.64,371.13,443.78,458.39,378.03,347.14,373.53,420.35,483.42,570.53,498.05,435.99,400.98,420.31,471.01,627.8,598.45,487.11,473.26,562.5,621.42,551.44,506.01,508.99,607.22,566.4,567.47,610,659.31,510.04,2248.6,2377.3,2168.6,2199.1
1361,1314,1295.3,1259.2,1225.1,1211.9,1219.2,1239.7,1250.4,1289.1,1147.2,1186,1141.2,1107.7,1098.5,1143.2,1128.4,1155.2,1230.3,970.7,1161.2,1120.7,990.57,995.41,994.64,1000.6,982.6,1009.8,1085.8,1034.4,1184.3,1004.7,910.74,900.89,839.84,841.98,852.09,877.72,927.05,1219,1277.2,2011.7,2177.5,2130.2,1874.3,1823.9,2056.4,1929,1875.7,2001.1,1638.4,1694,1705.9,1539.6,1531.1,1577.6,1458.2,1441,1378.2,1370,1543,1292.3,1405.8,1513.6,1392.6,1594.3,1394.9,2089.5,823.28,779.32,774.49,630.64,627.59,592.28,747.63,690.93,571.64,412.23,471.42,431.94,564.58,344.02,422.91,351.01,776.56,334.55,610.05,433.52,296.66,268.73,749.22,979.97,1058.8,1162.7,1214.9,799.62,883.79,990.66,1089.3,1145.4,677.62,810.09,921.18,1059.9,765.84,887.22,856.76,1016.2,704.35,815.85,871.94,979.19,956.99,1146.2,662.32,827.54,934.98,516.51,635.41,722.4,787.16,535.85,672.46,1026.9,895.44,536.11,1422.4,1592.2,1663.6,1705.9,1814.8,1479.7,1600.6,1652.9,1718.3,1711.9,1294.9,1399.2,1579.6,1695.6,1195.1,1305.6,1390.1,1481.5,1546.6,1584.5,1413.5,1511.9,1156.1,1335.9,1446.1,1169.9,1381.3,1301.9,996.62,1076.5,1162.5,1270.6,2068.2,2001.6,1969.3,1807.7,1738.8,1695.6,1498,1403.9,1312.7,1012.5,1517.4,1468,1334.3,1213.5,1119.8,979.57,838.37,1488.4,1398.6,1301.5,1213.7,1059.9,978.09,1360.8,1281.3,1213.5,1114.2,1006.5,848.88,1226.9,941.61,1246,1168.8,1106.8,1014.1,1101.5,1150.3,1359.9,1376.2,1310.3,1226.3,844.24,766.75,877.23,746.55,902.42,771.18,950.77,784.11,992.07,803.52,1087.6,967.5,847.88,752.86,1089.9,1000.2,895.83,1274.9,1034,947.81,846.47,744.52,1325.5,1283.5,1016.1,1037.5,992.96,1378.8,1409.5,1252.7,1227.2,1228.4,1216.7,1375.4,881.47,1378.5,1154,1125.2,1124.7,956.58,1195.1,1305.9,1291.7,1261.8,465.72,665.9,674.04,518.93,393.41,70.406,661.25,533,395.61,253.84,118.26,0,104.35,223.44,206.18,344.19,662.6,539.49,404,296.67,223.89,156.58,71.701,129.42,237.12,337.08,666.13,558.16,419.61,312.77,136.31,173.59,262.09,356.27,456.67,541.93,348.47,241.5,209.48,238.05,307.2,382.66,632.96,509.1,392.46,307.88,286.92,287,307.94,359.65,541.41,436.91,365.9,350.83,365.17,408.9,653.81,574.95,487.38,415.46,401.51,422.3,712.21,673.9,528.69,498.91,493.36,681.83,594.74,513.28,489.18,644.98,571.91,551.89,598.16,692.72,414.67,2322.8,2460.7,2252.3,2280.2
1422,1365.7,1365.4,1322.4,1277.9,1249.3,1249.6,1262.4,1265.5,1297.5,1224.9,1257,1206.3,1160.2,1137.9,1174.3,1152.3,1168.1,1237.4,1061.6,1251,1205.3,1065.9,1061.7,1052.8,1049.3,1021.9,1032.9,1096.9,1043.8,1276.6,1092,989.69,971.21,912.89,901.36,890.61,899.23,932.27,1261.9,1319.6,2089.9,2260,2214.5,1949.4,1902.4,2142.2,2017.3,1961.7,2085.5,1727.1,1775.9,1783.9,1624.7,1612.6,1654.4,1533.8,1523.8,1457.6,1445.5,1637,1383.8,1495.2,1609.3,1486.4,1666.3,1462.1,2171,911.55,863.05,851.28,686.68,666.25,602.27,742.11,784.4,651.12,481.5,507.87,427.68,659.86,378.89,378.34,294.2,794.2,323.21,681.19,367.7,239.47,231.19,647.01,952.25,1018.9,1114.4,1163,780.49,849.18,943.23,1034.1,1087,645.39,767.22,865.93,995.96,710.56,825.26,789.85,944.6,639.05,742.49,795.22,901.74,876,1073.3,584.69,744.21,850.28,432.65,549.33,632.74,696.06,441.35,575.6,937.74,803.08,465.67,1426.4,1584.3,1650.6,1689.1,1792.1,1471.3,1583.9,1632.6,1696.5,1686.7,1296,1388.9,1556.5,1666.3,1195,1290.5,1372,1455.8,1519.6,1554.2,1387.9,1479.6,1148.9,1308.5,1411.3,1148.2,1344.2,1264.5,987.37,1055,1129.6,1227.2,2051.1,1981.7,1947.3,1785.1,1712.5,1666.3,1596.2,1501.5,1410.1,1109.1,1618.7,1568.1,1433.5,1310.2,1218,1078.1,936.99,1590.8,1500.3,1402.5,1313.1,1161.2,1079.3,1464,1384,1315.2,1216.6,1110,951.05,1327.4,1045.7,1349.1,1272.5,1211,1118.5,1205.3,1253,1464,1480.5,1414.4,1330.6,948.34,870.92,981.56,850.77,1006.5,874.85,1054,886.05,1094,902.88,1188.2,1066.3,943.54,845.51,1188.8,1096.9,989.75,1372.7,1129,1039.6,935.51,833.81,1422.3,1377.6,1106.9,1125.2,1078.4,1474.6,1503.2,1344.9,1317.1,1315.2,1300.9,1461.5,964.71,1479.6,1250.1,1215.7,1207.9,1023.7,1294.3,1395.8,1376.6,1341.6,567.92,768.96,778.15,622.74,497.17,126.59,765.54,637.28,499.92,358.13,222.6,104.35,0,119.1,112,239.89,766.02,642.58,506.52,398.01,321.31,243.26,122.25,68.593,139.82,235.26,768.05,659.15,518.55,407.89,169.33,132.52,178.72,260.56,549.6,636.42,433.57,306.81,231.21,210.28,238.54,298.65,726.51,596.75,468.68,358.6,308.97,284.31,281.44,303.27,623.18,505.2,409.52,361.35,342.24,361.34,734.26,652.06,548.81,452.62,411.59,402.2,792.86,748.58,581.68,540.82,448.04,745.4,647.21,539.87,493.33,692.02,594.87,557.23,605.24,735.32,341.22,2392.4,2537.8,2329.8,2355.5
1499,1433.2,1451.8,1402,1347,1302.6,1295.7,1299.8,1294.6,1319,1319.3,1344.6,1288.3,1229.9,1194.2,1221.4,1191.9,1195.8,1258,1168.9,1356.9,1306.4,1158.6,1145.7,1128.8,1115.7,1079,1072.9,1123.2,1068.7,1384.8,1196,1086.2,1059.6,1004.2,979.78,948.44,939.25,954.15,1320.9,1377.8,2183,2357.4,2313.9,2039.4,1996,2243.1,2120.9,2062.9,2185.1,1831.4,1873.2,1877.2,1725.5,1709.7,1746.8,1625.2,1622.4,1553,1537.1,1746.5,1491.2,1600.2,1720.4,1595.8,1753.7,1545.3,2267.5,1016.9,964.51,946.52,764.55,727.94,636.59,755.52,894.73,750.34,574.8,571.88,454.97,772.09,447.49,361.09,269.01,831.86,351.87,772.84,320.66,223.19,243.98,531.9,935.87,986.74,1071.1,1114.5,777.35,826.09,902.74,982.64,1030.9,629.99,735.42,816.52,933.6,663.9,767.62,726.07,872.55,580.44,670.52,717.78,822.16,791.71,998.53,509.5,657.88,760.94,352.21,461.82,538.18,598.56,341.76,469.97,841.43,702.87,405.41,1442.2,1585.6,1645.7,1679.5,1775.2,1472.8,1575.1,1619.3,1681.1,1667.5,1309.3,1388.6,1540.4,1642.3,1208,1285.4,1362.8,1437,1499,1529.5,1369.8,1453,1154.2,1288.8,1382,1136.5,1312.6,1233.1,992.16,1044.7,1104.9,1188.7,2039.8,1967.6,1930.8,1768.5,1691.8,1642.3,1709.7,1614.5,1523.1,1221.6,1735.1,1683.4,1548.1,1422.5,1331.8,1192.3,1051.4,1708.3,1617.1,1518.8,1427.9,1277.7,1195.8,1582.1,1501.8,1432.1,1334.2,1228.5,1068.5,1443.2,1164.7,1467.3,1391.2,1330,1237.6,1323.6,1370.2,1582.7,1599.5,1533.4,1449.6,1067.3,989.94,1100.6,969.66,1125.2,993.16,1171.9,1002.6,1210.6,1017,1303.3,1179.6,1054.1,953.46,1302.1,1208.3,1098.5,1484.8,1238.7,1146.2,1039.8,938.67,1533.3,1485.9,1212.3,1227.6,1178.6,1584.4,1610.9,1451.4,1421.3,1416.2,1399.4,1561.5,1063.3,1595.1,1360.6,1320.6,1305.5,1106,1407.9,1499.8,1475.4,1435.5,685.65,887.19,897.14,741.55,615.98,235.67,884.53,756.26,618.94,477.15,341.67,223.44,119.1,0,72.18,121.06,884.12,760.42,624.01,514.82,436,353.45,229.06,131.55,63.64,123.33,884.73,775.11,633.13,520.25,257.44,171.21,126.92,163.27,659.17,746.81,538.21,401,300.31,236.24,199.91,222.95,835.71,701.56,565.74,438.95,368.73,323.43,294.81,273.61,722.67,594.89,481.21,405.44,352.01,337.71,831.56,747.11,631.53,516.47,451.46,409.78,889.9,840.41,655.95,605.81,420.74,826.8,719.57,589.97,522.25,758.27,639.43,584.59,632.72,796.38,280.45,2476.3,2629.2,2422,2445.4
1430.7,1363,1386.5,1334.6,1277.1,1230.8,1223.5,1227.7,1222.9,1248.1,1257.6,1279.9,1221.7,1160.2,1122.6,1149.3,1119.8,1124.2,1187.2,1116.4,1302.8,1248.8,1096.4,1079.9,1060.6,1045.5,1007.5,1000.7,1051.7,997.37,1332.8,1140.5,1026,995.62,941.67,912.46,877.17,867.07,883.01,1249.6,1306.4,2120.1,2296.7,2254.3,1975.2,1933.4,2184.5,2064.3,2004.7,2125.7,1775.5,1812.6,1814.5,1667.2,1649.2,1683.9,1561.8,1562.7,1491.6,1473.8,1695.4,1438.2,1545.2,1671.2,1544.8,1688.6,1478.8,2206.3,963.02,907.79,886.02,697.55,657.46,564.44,685.23,846.07,692.88,514.97,502.22,382.9,726.28,379.59,295.71,204.83,759.7,279.69,711.07,266.81,155.23,171.94,545.47,872.66,929.18,1018.5,1064.4,710.24,764.86,848.57,933.92,984.76,565.73,677.2,766.47,890.96,612.07,721.92,683.97,836.16,534.8,633.77,685.14,791.29,764.68,964.2,474.76,632.53,738.39,321.26,437.42,520.83,584.39,330.62,466.44,825.85,691.76,359.92,1372.1,1518.3,1579.9,1615,1712.9,1405.4,1510.3,1555.9,1618.3,1605.9,1239.5,1321.5,1477.7,1582.3,1138.2,1219.5,1298,1375.1,1437.7,1469.7,1307.6,1393.8,1085.8,1227.1,1323.8,1072.2,1255.2,1175.5,923.67,979.86,1044.7,1134,1975.9,1904.5,1868.4,1706.1,1630.7,1582.3,1663.8,1567.9,1476.5,1174.8,1694.5,1640.5,1504,1375.2,1286.7,1148.1,1007.9,1670.4,1577.7,1478.2,1384.3,1238,1156.2,1546.8,1465.1,1393,1297.2,1195.5,1031.5,1401.6,1135.2,1432,1358.7,1300.8,1211.3,1304,1355,1560.7,1570.8,1502.8,1421.3,1037.7,961.17,1075.7,946.98,1103.6,974.18,1154.6,989.62,1197.5,1009.7,1293.6,1173.6,1053,956.13,1296,1205.8,1100,1480.9,1238.8,1150.5,1047,945.26,1531.1,1487.8,1218.1,1237,1190.3,1584,1613.6,1455.8,1428.6,1427.1,1412.9,1573.5,1076.7,1584.3,1359.3,1327,1319.9,1133.3,1401.3,1507.3,1488.6,1453.5,650.96,853.47,868.21,711.52,586.66,196.7,861.15,733.35,596.1,455.53,321,206.18,112,72.18,0,158.93,866.33,744,609.36,502.76,429.25,354.3,234.25,158.39,134.06,185.31,871.7,764.2,625.66,517.19,277.91,213.9,196.21,232.23,659.94,746.24,545.34,418.04,333.22,287.4,268.82,294.92,836.76,708.36,580.55,466.4,407.65,371.37,352.04,342.01,735.19,616.03,514.39,452.32,411.33,405.61,846.23,763.84,658.01,554.38,500.62,470.41,904.82,860.02,688.2,643.48,489.89,854.55,753.18,635.35,576.38,795.66,687.61,639.66,687.95,836.79,352.56,2409.7,2565.5,2358.5,2381
1574,1499.2,1536.3,1480,1415,1355.3,1341.3,1337,1323.5,1340.1,1412.2,1430.7,1369.3,1299,1250.6,1268.8,1232.1,1224.1,1278.7,1275.2,1461.4,1406.1,1250.5,1229.3,1204.8,1182.6,1137.2,1114.6,1150.9,1095.7,1491.7,1298.8,1182,1147.9,1095.7,1059.2,1008.7,982.63,979.63,1379.1,1434.8,2272.9,2451.7,2410.2,2126.4,2086.7,2341.1,2222,2161.6,2281.7,1933.5,1967.9,1967.7,1824,1804.5,1836.7,1714.3,1718.8,1646.3,1626.5,1854.4,1597,1703.5,1830.1,1703.8,1838.5,1626.4,2360.8,1121.7,1065.8,1041.9,845.67,795.06,680.84,776.47,1004.8,850.72,671.96,644.56,500.49,884.41,528.05,371.61,284.19,874.69,406.08,866.24,303.03,257.01,298.94,413.68,922.97,956.59,1027.9,1065.4,781.21,808.23,864.97,931.95,974.67,625.62,710.44,770.62,871.66,624.7,713.57,665.98,800.69,530.41,602.22,642.13,742.47,707.05,922.28,442.22,572.86,670.87,287.28,380.59,445.41,500.98,248.93,364.07,742.63,600.77,362.77,1456.6,1584.5,1637.9,1666.8,1754.6,1472.5,1563.7,1603.1,1662.4,1644.9,1322.3,1387.1,1521.7,1615,1221.5,1279.9,1352.4,1416.4,1476,1502.1,1350.2,1424.1,1160.5,1268.3,1350.8,1125.8,1279.6,1201,1000,1036.5,1081,1149.5,2023.8,1948.9,1909.9,1748.2,1667.6,1615,1822.2,1726.4,1635,1333.3,1851.1,1798,1661.9,1533.8,1444.8,1305.9,1165.5,1825.6,1733.7,1634.7,1542,1394.1,1312.2,1700.5,1619.6,1548.8,1451.9,1347.7,1186.1,1558.6,1284.8,1585.7,1510.5,1450.1,1358.2,1444.6,1490.9,1703.7,1719.8,1653.3,1570,1187.3,1110.1,1221.4,1090.6,1246.3,1114.2,1292.9,1123.2,1331.1,1136.4,1423,1298.5,1171.4,1069.3,1420.9,1325.9,1214.7,1602.8,1355.2,1260.9,1153,1052.6,1650.6,1601.4,1326.1,1339.3,1288.9,1700.9,1725.9,1565.6,1534.1,1526.6,1507.9,1671,1172.6,1715,1477.7,1433.9,1413.6,1203.1,1526.8,1612.3,1584.2,1540.5,803.89,1005.9,1017.2,861.28,735.76,350.62,1005.4,877.16,739.8,598.02,462.45,344.19,239.89,121.06,158.93,0,1005.1,881.4,744.93,635.59,556.18,472.27,348.05,246.27,137.3,70.385,1005.3,895.47,753.01,639.31,369.5,270.7,179.01,129.12,776.53,864.44,653.39,512.08,401.57,318.47,237.65,208.14,952.49,816.1,676.43,541.56,461.14,405.22,360.87,304.81,833.84,700.78,577.38,485.57,409.52,366.32,940.8,855.28,732.43,606.45,526.31,460.93,998.73,945.86,750.65,694.63,437.92,924.88,812.06,667.98,585.53,845.66,711.87,644.36,691.15,879.25,274.83,2556.2,2716.9,2510.6,2531.6
1226.7,1258.5,1095,1123,1175.7,1270.6,1320.3,1385.2,1438.1,1508.7,902.12,996.98,1010.8,1081.7,1164.1,1253.3,1283.8,1367.6,1463.9,618.86,781.39,808.78,805.56,889.01,953.07,1026.2,1074,1191.1,1318.6,1284.8,768.54,688.45,714.84,788.72,725.28,837.19,981.95,1096.2,1216.9,1240.3,1292.4,1671.8,1789.9,1727.2,1570.9,1493,1642.2,1495,1468.4,1603.1,1216.9,1339.6,1387.9,1165,1194.5,1281.2,1186.1,1101.1,1079.3,1109.8,1067.4,871.28,998.15,1019,932,1340.2,1204.7,1714.9,556.66,585.53,652.91,738.76,836.69,946.11,1121.7,424.06,545.83,592.42,769.09,893.03,374.09,728.72,989.24,954.72,1040.2,852.78,625.44,1041.7,910.9,860.65,1411.5,1407.2,1526.9,1655.2,1718.9,1217.9,1348.9,1492.6,1612.8,1677.5,1163.2,1313.1,1455.8,1615.7,1313.4,1446.2,1432.8,1599.2,1285.9,1412.8,1475.8,1581.3,1570.1,1728.5,1277.9,1450.7,1558.9,1152.2,1270.9,1363.2,1429.9,1189.1,1327.8,1661.1,1539.4,1143.6,1651.3,1870.5,1963.6,2023.2,2156,1768.8,1923.5,1990.7,2060,2070.4,1552.8,1705.2,1935.4,2075,1470.2,1643.3,1735.3,1856.3,1923.4,1974.7,1792.3,1915.3,1471.5,1728.5,1865,1551.4,1814.2,1741.2,1342.5,1466.5,1592.9,1737.5,2369,2319.3,2299.3,2148.3,2101.5,2075,969.7,891.26,809.42,565.31,940.8,913.59,801.61,732.1,626.99,506.95,405.73,893.03,820.05,739.81,689.22,517.54,450.89,754.42,688.33,645.7,538.14,409.43,326.45,681.3,324.55,645.2,554.22,475.75,372.18,439.68,489.33,700.34,735.01,678.37,586.76,243.03,179.37,236.07,105.38,245.39,109.66,288.25,136.42,336.04,195.88,440.93,345.08,286.09,272.46,458.94,398.42,345.63,647,447.49,412.46,373.02,314.84,704.05,687.52,479.3,530.07,518.89,764.76,811.59,675.81,673.08,703.83,717.26,844.3,462.22,724.4,546.22,576.33,648.4,666.69,557.58,746.47,778.92,797.12,282.7,206.53,143.68,206.69,300.41,675.39,70.711,143.57,273.24,411,545.49,662.6,766.02,884.12,866.33,1005.1,0,124.15,260.91,370.92,453.5,542.09,661.43,766.17,884.23,987.81,59.211,132.44,268.66,383.09,660.98,769.19,884.79,991.26,292.06,233.21,410.23,548.7,672.04,776.34,894.03,987.9,228.24,317.85,440.26,579.19,673.11,739.25,804.66,905.39,366.15,476.59,602.41,719.22,823.59,916.96,387.09,406.96,516.02,633.48,735.8,845.09,402.3,447.72,572.07,626.93,969.26,543.61,592.14,706.58,793.1,644.89,747.76,818.98,835.95,694.45,989.03,2041.8,2111.8,1907.4,1953
1240.4,1257,1119.6,1134.8,1171,1247.2,1290,1348.1,1394.3,1460.3,931.17,1016.5,1018.2,1069.8,1136.8,1220,1242.9,1318.2,1412.4,662.19,838.6,850.27,817.12,886.88,939.99,1002.4,1039.3,1143.4,1264.7,1227.2,834.35,726.04,724.22,783.09,716.46,811.44,936.96,1039.4,1151.3,1223.3,1277.8,1733.9,1862.7,1802.7,1624.7,1551.7,1719.5,1575.4,1543,1676.8,1292.1,1401.6,1442.7,1229.2,1250.7,1330,1228.1,1156.5,1125.1,1147.7,1153.1,940.94,1067.1,1108.5,1012.3,1380.9,1229.6,1784.5,572.79,585.06,640.53,684.87,771.19,862.86,1040.5,425.2,500.02,511.38,685.61,793.38,340.8,630.79,879.12,839.78,974.23,745.2,580.04,927.04,794.29,745.64,1288.7,1322.7,1437.2,1562.6,1624.8,1131.9,1257.8,1397.2,1514.8,1578.6,1066.5,1215.8,1355.1,1512.6,1209.5,1341.6,1325.5,1491.6,1176.8,1302.1,1364.3,1470.5,1457.4,1621.5,1163.7,1336,1444.4,1034.4,1153.6,1245.2,1311.7,1068.6,1207,1544.9,1421.2,1029.8,1603.2,1816,1906,1963,2092.5,1711.5,1861.6,1926.7,1995.8,2003.3,1498.4,1644.2,1867.8,2004.3,1411.6,1576.3,1667.9,1784.9,1852.1,1901.4,1719.7,1839.4,1406.2,1653,1786.2,1476,1732.6,1657.9,1270.1,1388.7,1509.9,1649.7,2313.9,2260.9,2238.6,2084.8,2033.9,2004.3,1066.5,983.45,898.11,632.37,1048.6,1016,897.49,813.75,708.99,578.75,458.3,1004.8,927.37,842.14,781.18,610.47,536.94,867.92,798.02,748.35,641.29,516.24,403.97,778.67,436.03,756.48,668.23,593.49,492.15,563.75,611.02,824.48,856.26,797.45,707.22,345.93,271.71,354.32,220.05,368.82,233.77,411.49,247.63,454.35,284.2,554.73,446.32,356.43,303,565.69,491.55,414.5,754.04,535.47,478.77,412.23,329.3,808.98,783.11,549.03,591.17,567.97,867.44,909.02,764.59,754.02,775.66,781.42,920.67,488.97,842.5,644.46,653.41,703.4,668.18,667.94,830.39,848.56,852.67,209.68,238.47,198.04,149.58,197.27,554.91,145.58,70.406,157.8,289.76,423,539.49,642.58,760.42,744,881.4,124.15,0,136.78,246.78,329.42,418.14,537.29,642.02,760.08,863.66,132,61.685,150.34,261.36,537.44,645.46,760.94,867.31,192.51,165.77,296.58,429.06,550.86,654.46,771.42,865,210.62,239.4,335.93,465.41,556.44,620.92,685.41,784.94,297.87,380.82,494.41,606.24,707.31,799.07,352.96,346.24,428.65,530.42,626.75,732.21,385.19,411.18,489.28,535.73,854.71,496.14,520.25,612.29,689.98,577.58,658.59,721.39,742.88,630.78,867.72,2094.6,2178.5,1972.2,2014.5
1266.2,1266.1,1158.4,1159.7,1177.7,1232.1,1266.6,1316.2,1354.3,1414.6,977.43,1051.5,1040.2,1070,1118.6,1193.8,1207.7,1272.4,1363.3,728.88,914.41,910.59,847.68,901.16,941.07,990.31,1014,1101.5,1214.1,1172.6,918.38,785.37,755.12,796.16,728.12,801.19,901.35,988.08,1087.8,1215.7,1272.1,1807.1,1946.3,1889.4,1689.6,1622.1,1808.2,1667.9,1629.6,1762,1380.7,1476.3,1509.8,1307.2,1320.6,1391.7,1283.7,1226.4,1185.7,1200,1252.7,1027.1,1151.3,1212.1,1107.9,1433.8,1267.4,1865.1,616.49,611.08,651.15,644.9,713.99,780.91,958.92,463.35,479.24,442.55,606.92,690.39,351.17,533.02,760.93,715.15,912.46,631.65,555.03,802.49,667.54,621.41,1153.2,1234.6,1342.2,1463.5,1523.8,1043.5,1161.9,1295.4,1409.5,1471.8,964.75,1112.5,1246.7,1400.9,1097.8,1228.5,1209.1,1374.4,1058.6,1181.5,1242.6,1349.4,1334,1504.8,1039.1,1210.3,1318.7,905.48,1025,1115.6,1181.7,935.94,1073.9,1417.1,1291,906.06,1556.8,1760.9,1847.1,1900.9,2026,1653.6,1797.8,1860.2,1928.8,1933,1445.3,1582.6,1797.4,1929.7,1354.2,1507.8,1598.5,1710.3,1777.4,1824.3,1643.9,1759.3,1340.7,1574.1,1702.7,1398.2,1646.1,1569.8,1197.2,1308.4,1422.7,1556.1,2256.4,2199.8,2174.9,2018.4,1962.8,1929.7,1177.2,1090.4,1002.5,721.55,1169.6,1132.2,1008.4,912.66,809.69,673.43,541.41,1129.6,1048.5,959.25,889.68,722.01,644.38,994.76,921.82,866.42,760.73,639.93,509.24,891.92,563.99,881.85,796.29,724.86,625.59,700.53,746.49,961.17,990.06,929.39,840.51,470.11,392.94,487.36,353.29,504.96,370.48,547.97,380.26,588.14,405.29,685.23,569.79,462.9,385.61,691.32,608.74,516.99,878.54,648.08,576.65,491.96,395.61,931.52,898.31,647.26,681.11,648.38,987.83,1024.8,874.37,857.38,870.9,869.8,1018.1,553.1,975.17,763.09,755.17,785.12,699.18,795.42,935.36,940.81,932.02,196.82,326.81,307.23,186.12,130.97,423.49,272.46,151.4,72.567,159.89,288.84,404,506.52,624.01,609.36,744.93,260.91,136.78,0,110.02,193.13,282.18,400.52,505.26,623.33,726.9,262.37,157.41,63.953,134.18,402.33,509.82,625,731.12,143.39,186.04,190.03,303,420.48,522.36,637.77,730.74,270.08,215.13,246.49,350.4,434.43,495.33,557.82,654.94,276.25,303.46,389.22,490.03,584.57,673.19,367.18,327.7,361.64,432.54,516.76,614.77,414.51,415.85,425.4,456.69,733.79,480.32,470.46,525.86,588.31,531.15,578.46,627.49,655.18,586.93,736.11,2156.6,2254.9,2047.2,2085.9
1300.2,1287.2,1203.1,1194,1197.8,1234.2,1261.6,1303.8,1334.8,1389.7,1029.3,1094.4,1073.5,1086,1119.4,1187.1,1193.4,1248.5,1336,798.16,987.44,973.14,889.97,930.43,959.53,997.53,1010.1,1082.5,1186.6,1142,996.8,848.89,799.32,826.36,758.71,813.1,890.45,962.3,1050.1,1224.1,1281.6,1873.7,2020.2,1965.6,1750.6,1687.4,1886.1,1748.7,1706.5,1837.4,1459.7,1545.1,1573,1379.1,1386.7,1451.5,1339.8,1293,1246,1254.2,1339.7,1106.2,1228.3,1301.8,1192.7,1487,1310.4,1937.1,672.87,655.37,682.98,636.04,687.86,730.11,906,521.46,493.63,415.87,563.26,619.84,398.13,471.69,673.11,620.41,878.44,550.44,562.23,707.34,570.63,527.88,1045,1173.4,1273.9,1391,1449.3,983.26,1093.9,1221,1331.3,1392.1,892.35,1037.5,1166.3,1316.6,1014.7,1143.5,1120.8,1284.9,969.12,1089.2,1148.9,1256.1,1238.5,1415.5,942.89,1112.6,1220.8,805.02,924.58,1014,1079.7,831.27,968.61,1317,1188.7,811.32,1530.5,1726.5,1808.9,1859.8,1980.8,1617.2,1755.7,1815.6,1883.5,1884.7,1413.9,1543.1,1749.6,1877.8,1319.8,1462.8,1552.4,1659,1725.9,1770.4,1591.9,1703.1,1299.3,1519.6,1643.6,1345.3,1584.5,1507,1150.2,1253.9,1361.3,1488.3,2218.4,2158.8,2131.7,1973.3,1913.8,1877.8,1271.6,1182.7,1093.6,805.16,1270.6,1230.2,1103.6,1000.7,899.53,760.91,624.26,1233.1,1149.7,1058.3,983.78,818.84,739.49,1099.5,1024.9,966.35,861.85,743.82,604.74,988.89,670.28,985.96,902.08,832.49,734.33,810.49,855.35,1071.2,1098.8,1037.1,949.02,575.12,497.34,596.11,462.39,614.86,480.5,657.64,488.05,696.05,507.42,790.91,671.74,556.64,468.8,793.97,706.75,607.56,979.86,743.01,663.53,569.82,469.27,1031.4,993.38,733.35,761.49,723.12,1086.1,1119.8,965.95,944.8,952.76,947,1100.4,619.47,1081.9,861.02,842.34,858.71,738.67,898.91,1023.4,1020.1,1002.4,250.93,418.94,408.51,269.52,166.37,322.52,380.16,254.92,130.82,78.816,185.06,296.67,398.01,514.82,502.76,635.59,370.92,246.78,110.02,0,83.934,173.1,290.51,395.25,513.31,616.89,370.07,261.49,126.19,65.192,294,400.72,515.54,621.42,182.98,257.71,143.5,209.34,318.06,417.14,530.54,622.79,348.83,251.25,211.15,270.24,342.33,397.89,457.47,551.45,302.71,273.54,319.42,403.63,489.37,573.94,409.69,349.7,336.27,369.09,436.81,524.98,463.94,447.72,398.06,412.25,639.28,492.15,453.59,470.79,515.68,514.21,527.95,561.95,595.19,569.96,630.75,2214.2,2323,2114.6,2150.7
1345.4,1323.8,1255.4,1239.8,1234,1257.5,1279.7,1316.1,1341.5,1392,1086.8,1146,1119.2,1120.1,1142.4,1204.4,1204.8,1252.2,1336.6,866.53,1057,1037.1,942.41,974.38,996.09,1026,1030.5,1090.9,1187.8,1140.9,1069.2,913.92,853.59,871.73,804.99,846.5,906.66,966.36,1043.8,1252,1310,1938.1,2088.7,2035.5,1811.7,1751.2,1957,1821.3,1776.9,1907,1531.5,1611.2,1635.8,1447.2,1451.5,1512.5,1398.8,1358.3,1307.7,1312.3,1415.8,1178.7,1299.4,1379.3,1268,1543.9,1361.4,2004.5,735.2,711.08,730.9,657.22,694.91,715.82,887.89,586.4,534.03,429.8,558.29,588.71,459.81,453.11,623.03,562.77,876.66,509.4,596.23,648.46,510.74,472.82,967.56,1146.2,1239.8,1352.5,1408.7,958,1060.7,1181.2,1287.5,1346.6,856.33,998.05,1120.8,1266.9,967.32,1093.6,1067.6,1229.9,915.17,1031.7,1089.8,1197.1,1177.1,1360.4,881.59,1049,1156.9,739.02,858.29,946.02,1011,759.56,895.65,1250.3,1119.3,752.27,1531.2,1720,1799.2,1847.5,1964.9,1609.3,1742.8,1800.4,1867.6,1866.4,1410.9,1533.1,1731.9,1856.4,1314.6,1448.4,1536.6,1638.7,1705.1,1747.5,1571.1,1678.3,1288.5,1496.8,1616.6,1324.7,1555.4,1477,1135.4,1232.2,1333,1453.9,2207.9,2146,2117.2,1957.5,1894.9,1856.4,1351.3,1261.5,1171.9,880.62,1352.9,1311.4,1183.6,1077.8,977.6,838.25,700.07,1316.1,1232.1,1140,1063.6,899.9,820.02,1183,1108,1048.4,944.36,827.18,685.66,1069.8,754.12,1069.3,985.8,916.42,818.18,892.64,935.34,1153.8,1182.6,1121.1,1032.9,658.78,580.93,679.96,546.13,698.03,563.15,739.08,567.27,774.98,581.59,867.33,744.99,624,529.68,867.48,776.54,672.11,1051.8,810.12,724.84,625.45,523.63,1101.9,1059.7,793.54,817.1,774.77,1155,1185.8,1029.4,1004.9,1008.4,999,1155.8,666.13,1159.1,930.18,902.74,908.43,763.89,972.99,1083.7,1073.4,1048.8,321.12,499.4,491.57,348.9,236.13,261.2,464.09,338.67,210.64,100.24,126.02,223.89,321.31,436,429.25,556.18,453.5,329.42,193.13,83.934,0,89.196,208.96,313.44,431.34,534.87,449.61,339.33,197.31,89.694,210.09,316.87,431.89,538,234.16,318.29,143.68,141.03,237.54,334.32,446.8,538.88,409.54,291.92,205.04,212.95,270.44,320.6,377.61,469.35,332.66,263.69,269.55,335.6,413.07,494.37,444.63,373.38,324.8,322.69,373.7,452.55,501.81,473.77,381.32,380.61,562.69,502.02,442.82,428.12,457.27,501.28,487.59,508.6,545.81,555.49,547.64,2272.8,2387.9,2179.3,2213.7
1394.8,1364.5,1312.3,1290.1,1274.8,1285,1301.5,1331.8,1351.2,1396.9,1149.3,1202.6,1169.9,1159.1,1170,1225.7,1220.1,1259.1,1339.8,940.3,1131.5,1106,1000.6,1024,1038.3,1059.9,1056.1,1103.8,1192.4,1143.4,1146.4,984.34,913.98,923.41,858.01,886.61,928.91,975.48,1041.4,1284.2,1342.4,2006.2,2161,2109.2,1876.6,1818.8,2031.8,1898,1851.4,1980.4,1607.6,1681.4,1702.5,1519.6,1520.5,1577.6,1461.9,1428,1373.8,1374.8,1496.3,1255.8,1375,1461.2,1347.8,1604.7,1416.6,2075.7,803.87,773.76,786.09,687.41,710.19,708.12,873.94,658.41,584.71,458.34,563.65,564.4,530.32,446.84,575.68,506.96,880.42,475.21,639.88,590.03,452.92,422.04,885.24,1120.3,1205.9,1313.3,1367,935.58,1028.7,1141.4,1242.7,1299.8,822.73,959.49,1074.9,1215.6,919.89,1042.7,1013,1172.8,860.52,972.42,1028.3,1135.5,1112.8,1302.8,818.51,982.65,1089.7,671.11,789.39,874.73,938.63,684.55,818.7,1179.7,1046,692.69,1533.8,1714.3,1790,1835.4,1948.7,1602.6,1730.3,1785.4,1851.7,1847.8,1410.1,1524.3,1714.3,1834.5,1311.9,1435.1,1521.7,1618.4,1684.3,1724.3,1550.6,1653.2,1279.8,1474.4,1589.2,1305.2,1525.9,1446.8,1123.3,1212,1305.2,1418.9,2197.1,2132.8,2102.2,1941.4,1875.5,1834.5,1435.6,1344.9,1254.8,961.1,1439.9,1397.3,1268.4,1159.6,1060.5,920.59,781.27,1404.1,1319.4,1226.5,1148.1,985.81,905.45,1271.4,1195.9,1135.3,1031.7,915.51,771.62,1155.5,843.04,1157.6,1074.6,1005.5,907.38,980.78,1021.8,1242.3,1271.8,1210.2,1122.1,747.49,669.58,769.15,635.3,786.9,651.73,826.77,653.55,860.77,664.13,951.02,826.34,701.06,602.26,948.77,854.98,746.64,1131.4,886.2,796.37,692.87,591.03,1180.2,1134.5,863.77,883.19,837.61,1231.9,1260,1101.7,1074.3,1073.7,1061,1220.5,725.42,1243.1,1007.7,972.69,968.75,802.31,1054.6,1153,1136.3,1105.3,400.28,585.23,579.71,434.37,316.74,210.72,553.26,427.56,297.38,170.53,105.55,156.58,243.26,353.45,354.3,472.27,542.09,418.14,282.18,173.1,89.196,0,124.4,227.18,344.4,447.69,536.33,425.39,281.64,167.05,121.2,227.68,342.85,449.18,306.54,393.75,192.35,102.62,157.61,248,358.26,449.9,483.43,354.4,236.76,180.24,206.83,245.2,296.65,383.89,384.92,284.61,241.62,275.68,337.82,413.07,497.26,418.56,339.01,295.44,320.06,382.89,555.68,517.82,386.49,368.73,485.63,530.08,451.73,400.52,407.89,505.89,460.92,464.81,506.36,556.94,460.26,2334.5,2456.2,2247.5,2280.1
1423.6,1380,1353.7,1321,1290.9,1281.4,1289.7,1311.1,1322.1,1360.8,1201.2,1244.2,1202.3,1173.6,1167.7,1213.8,1199.7,1226.9,1301.9,1013.6,1204.8,1169.4,1046.5,1056.2,1058.9,1067.9,1052,1081.2,1157.5,1106.1,1224.9,1051.2,964.49,959.96,897.58,906.1,921.74,949.23,998.55,1287.5,1345.7,2064.4,2226.8,2177.9,1929.2,1876.6,2102.8,1973.1,1922.1,2048.9,1682.3,1744.2,1759,1587.2,1581.7,1631.6,1513.1,1490.8,1430.6,1425.2,1580.8,1333.7,1449.5,1549.1,1431,1651.2,1454.6,2139.6,869.5,829.9,830.18,696.56,697.59,663.85,818.09,731.86,626.62,474.44,542.09,501.95,603.93,415.24,482.74,405.19,848.22,402.89,669.83,483.73,350.05,329.4,760.85,1046.6,1121.9,1222.8,1273.5,867.94,948.37,1050.9,1146.3,1200.9,742.53,871.83,978,1112.4,822.42,940.66,907.37,1064,755.68,862.32,916.06,1022.8,997.78,1193.2,705.57,866.25,972.47,554.59,671.54,754.87,817.97,562.67,695.61,1059.8,924.67,584.01,1493.9,1662.8,1733.5,1775.2,1883,1550.2,1669.9,1721.6,1786.6,1779.5,1366.2,1469.4,1647.6,1762.2,1266.3,1375.1,1459.1,1548.9,1613.7,1650.8,1480.9,1577.6,1226.7,1402.8,1511.1,1238,1445.5,1366,1066.8,1144.6,1227.8,1332.7,2137.5,2070.4,2037.7,1875.9,1806.2,1762.2,1529.2,1436.5,1345.6,1047.5,1541.7,1495.5,1363.7,1247.9,1151.7,1011.3,870.4,1509.4,1422,1326.7,1243.1,1085.1,1003.8,1379.1,1301.5,1237,1135.5,1023.3,872.02,1253.7,954.25,1264.6,1184.2,1118.2,1022.3,1101,1144.3,1361.7,1386.2,1322.7,1236.2,857.6,779.63,884.33,751.42,905.04,771,947.82,776.17,983.77,788.34,1075,950.71,825.19,725.47,1073.2,979.26,870.21,1255.7,1010.1,918.99,814.06,712.49,1304.4,1257.9,985.82,1003.4,956.25,1355.8,1383.2,1224.3,1195.8,1193.2,1178.7,1339.4,842.47,1367,1131.8,1094.5,1085.7,904.41,1179,1274.4,1254.4,1219.6,491.5,686.6,688.02,536.67,413.09,142.04,667.72,540.18,405.08,266.13,141.68,71.701,122.25,229.06,234.25,348.05,661.43,537.29,400.52,290.51,208.96,124.4,0,104.74,222.8,326.38,658.56,548.12,405.1,291.34,64.761,123.24,230.32,333.57,430.41,517.89,311.88,186.23,137.87,174.9,261.27,345.86,607.15,475.28,346.62,244.81,215.8,216.19,241.92,304.46,500.94,384.79,300.42,279.16,297.2,348.43,612.04,530.07,430.95,348.18,329.88,353.15,670.64,627.03,467.91,433.51,430.82,627.13,533.91,443.82,417.48,581.93,501.94,480.23,526.57,628.11,368.46,2380.6,2513.9,2305.3,2334.6
1480.1,1427.2,1419.2,1379.5,1338.9,1314.5,1316.1,1329.9,1333.7,1366,1274.2,1310.3,1262.5,1221.3,1202.6,1240.6,1219.6,1236.5,1306,1100.1,1290.6,1249.6,1116.6,1117.3,1111.8,1111.5,1086.5,1100.3,1165.3,1112.3,1313.5,1133.9,1038.1,1024.7,964.81,959.72,955.28,966.75,1000.8,1325.9,1383.7,2139,2306.1,2259.1,2000.5,1951.3,2185.5,2058.4,2004.9,2130.1,1767.8,1822.4,1833.1,1668.6,1659.3,1704.4,1584.5,1569.6,1505.8,1496.3,1671.9,1421.6,1535.2,1642,1521.6,1719.1,1517.4,2217.8,952.61,907.91,900.94,745.97,730.56,670.54,810.57,820.12,698.83,534.6,572.27,496.28,693.47,443.03,442.31,355.53,862.05,391.78,733.86,424.06,301.78,298.2,659.94,1018,1081.7,1174.5,1221.5,847.82,913.66,1003.8,1091.5,1142.9,710.85,829.71,923.78,1049.4,768.92,880.19,842.32,993.7,693.14,791.27,841.41,946.96,918.52,1121.2,631.48,785.31,889.61,476.06,589.27,668.16,729.32,472.57,601.51,972.11,834.15,518.31,1495,1652.4,1718.2,1756.2,1858.2,1539.4,1651.1,1699.3,1762.8,1752.5,1364.5,1456.8,1622.7,1731.2,1263.6,1358,1439.1,1521.5,1585,1618.9,1453.7,1543.9,1217.2,1374,1475,1214.8,1407.4,1327.7,1055.5,1121.7,1194.1,1288.6,2118.1,2048.3,2013.6,1851.3,1778,1731.2,1625,1531.4,1440.3,1140.6,1641.3,1593.5,1460.6,1341.5,1247,1106.6,965.46,1610.4,1522,1425.8,1339.9,1184.1,1102.5,1481,1402.7,1336.9,1236.2,1125.6,971.84,1352,1057.6,1366.4,1286.9,1221.9,1126.5,1205.7,1248.6,1466.4,1490.2,1426.2,1340.2,960.73,882.82,988.62,855.91,1009.7,875.74,1052.5,880.37,1087.8,891.01,1178.1,1052.7,925.1,823.33,1175,1079.6,968.61,1356.5,1109.1,1015.5,908.56,807.63,1404.4,1355.7,1081.3,1096.1,1047.1,1454.8,1480.4,1320.5,1290.1,1284.7,1267.9,1430,931.73,1470.2,1231.4,1189.5,1174,978.11,1280.9,1368.5,1343.9,1304.5,589.57,787.25,790.85,638.16,513.56,177.54,771.99,644.24,508.5,368.25,237.59,129.42,68.593,131.55,158.39,246.27,766.17,642.02,505.26,395.25,313.44,227.18,104.74,0,118.07,221.64,762.9,652.24,508.77,394.03,125.94,63.953,132.91,231.26,530.27,618.19,407.59,269.47,174.98,141.79,180.6,253.24,706.26,570.71,434.19,310.39,249.48,218.28,212.85,240.02,591.12,464.25,356.45,297.22,273.65,295.74,700.06,615.77,502.87,395.99,346.77,333.62,758.43,709.61,530.71,485.09,382.28,698.97,595.39,478.48,426.77,637.31,532.05,490.62,538.77,678.47,287.08,2446.7,2587.7,2379.5,2406.6
1550.3,1487.8,1498.8,1452.2,1401,1361,1355.6,1361.2,1357,1382.1,1361.8,1391,1337.4,1283.7,1251.8,1281.1,1252.9,1258.2,1321.1,1201.4,1390.8,1344.3,1202.1,1193.8,1180.2,1170.4,1136.3,1133.7,1185.8,1131.4,1416.4,1231.6,1127.3,1105.4,1048.4,1030.1,1005.4,999.93,1017,1377.9,1435.1,2226.5,2398.2,2353.3,2084.7,2039.2,2281.3,2156.9,2100.9,2224.3,1866.8,1914,1920.5,1763.8,1750.6,1790.7,1669.6,1662.2,1595,1581.4,1776.7,1523.6,1634.9,1748.6,1626.1,1800.3,1593.9,2308.9,1051.3,1002.1,988.34,814.77,783.53,697.7,818.84,924.03,789.38,617.27,626.36,516.52,799.09,499.96,424.6,332.45,892.79,412.68,816.6,381.47,286.79,305.79,548.12,998.73,1047.7,1129.8,1171.9,840.95,888.41,962.29,1039.5,1086.4,693.19,796.78,874.29,987.3,722.76,823.29,779.95,922.78,636.63,721.6,766.24,869.14,836.36,1047.2,560.33,702.09,802.78,402.62,507.03,578.02,635.68,380.53,500.87,878.06,737.01,462.41,1505.6,1649.2,1709.1,1742.6,1837.7,1536.4,1638.3,1682.2,1743.7,1729.7,1372.8,1452.1,1603,1704,1271.5,1348.9,1426,1499.4,1561.1,1591.1,1432.2,1514.4,1217.8,1351.1,1443,1199.6,1373.4,1293.9,1055.8,1107.9,1166.8,1248.2,2102.7,2030.3,1993.3,1831,1753.9,1704,1734.5,1640.1,1548.8,1248.1,1754.4,1705.1,1571.2,1449.2,1356.3,1216.2,1075,1724.9,1635.5,1538.5,1450.6,1297,1215.2,1596.5,1517.6,1450.4,1350.7,1241.4,1085.6,1464,1174.5,1481.8,1403.2,1339,1244.1,1323.7,1366.2,1584.5,1607.6,1543.2,1457.6,1077.4,999.6,1106.3,973.8,1127.8,993.81,1170.4,997.92,1205.2,1007.2,1294.5,1168.1,1038.7,935.26,1290.3,1193.6,1080.8,1470.7,1221.6,1125.8,1017.3,917.19,1517.7,1466.8,1190.6,1202.8,1152,1567.1,1590.9,1430.2,1397.9,1389.8,1370.8,1534,1035.6,1586.7,1344.5,1298.1,1276.4,1067.1,1396.3,1476,1447.1,1403.2,702.6,901.96,907.38,753.74,628.62,266.06,889.71,761.82,625.67,484.79,351.92,237.12,139.82,63.64,134.06,137.3,884.23,760.08,623.33,513.31,431.34,344.4,222.8,118.07,0,103.58,880.58,769.76,626,510.71,235.03,133.45,63.348,120.74,644.57,732.61,519.51,376.2,264.28,185.54,136.31,166.52,819.5,681.38,540.05,404.28,325.51,273.36,237.61,210.04,697.44,563.52,441.06,355.03,292.77,274.2,803.84,718.18,595.4,472.06,398.81,349.41,861.68,808.56,614.96,560.86,357.11,788.47,677.14,539.23,465.6,712.72,586.42,527.09,574.98,748.42,219.87,2524.8,2673.8,2466.1,2490.9
1615.4,1545.4,1571.7,1519.6,1460.2,1407.5,1396.3,1395,1384.1,1402.9,1441.5,1465,1407,1343.5,1301.1,1323.1,1289,1284.8,1341.6,1292,1480.2,1429.6,1280.5,1265.2,1245.4,1228.1,1186.8,1170.8,1211.7,1156.7,1507.8,1319.3,1208.9,1180.5,1126,1097.6,1057.2,1038.1,1040.8,1429,1485.3,2304.7,2480,2436.8,2160.3,2117.8,2366.2,2244.2,2186.1,2308,1954.7,1995.8,1999,1848.6,1832.4,1868.4,1746.5,1745.3,1675.3,1658.5,1869.3,1614.3,1723.6,1842.7,1718.6,1873.9,1664.1,2389.9,1140.2,1087.8,1069.1,882.81,839.91,735.24,838.52,1017.2,873.52,697.45,686.12,553.56,893.82,564.73,434.33,344.49,930.13,454.95,894.91,370.67,310.98,345.98,452.09,991.79,1026.8,1098.2,1135.5,847.2,877.49,935.36,1001.9,1044.1,692.75,780.24,840.91,940.52,695.07,783.44,735.32,867.89,600.67,670.52,708.83,807.83,770.93,988.22,511.17,637.11,732.8,357.15,447.11,507.42,560.2,313.34,419.23,799.89,656.57,433.07,1521.1,1652.1,1706.5,1736,1824.4,1539.9,1632.7,1672.6,1732.1,1714.9,1387,1454.6,1591.4,1685.2,1286,1348,1421.2,1486.2,1545.9,1572.3,1419.9,1494.3,1226.5,1338,1421.1,1194.5,1350,1271.3,1065.5,1104.8,1151,1219.9,2093.3,2018.7,1979.8,1818,1737.7,1685.2,1830.9,1736,1644.6,1343.3,1853.8,1803.3,1668.6,1544.4,1452.8,1313,1172,1825.4,1735.3,1637.7,1548.2,1396.3,1314.4,1697.8,1618.4,1550.2,1451.2,1343.2,1185.8,1562.7,1277,1583.1,1505.2,1441.8,1347.3,1427.3,1469.5,1688,1710.6,1645.8,1560.6,1179.9,1102.1,1209.6,1077.2,1231.3,1097.4,1273.9,1101.2,1308.3,1109.6,1397.1,1270,1139.4,1034.9,1392,1294.4,1180.5,1571.6,1321.5,1224.2,1114.7,1015.3,1618,1565.6,1288.2,1298.5,1246.5,1666.7,1689.1,1527.9,1494.3,1484.1,1463.5,1627.3,1129.5,1689.3,1444.7,1395.1,1368.8,1150.2,1498,1572.1,1539.9,1492.7,802.63,1003,1009.7,855.47,730.1,357.51,992.96,864.97,728.56,587.36,453.58,337.08,235.26,123.33,185.31,70.385,987.81,863.66,726.9,616.89,534.87,447.69,326.38,221.64,103.58,0,983.98,873.08,729.18,613.65,336.02,230.15,123.13,59.682,746.05,834.09,619.88,474.64,357.18,265.17,172,138.25,920.15,780.61,636.9,495.81,409.67,349.27,299.59,236.21,793.91,656.31,526.7,427.57,344.81,296.82,898.32,812.06,683.73,551.89,465.74,394.19,955.62,899.78,697.76,638.82,367.56,873.33,757.58,607.54,520.81,788.42,649.22,578.46,624.76,819.85,204.8,2594.9,2750.4,2543.3,2566.1
1285.9,1317,1154.1,1182.1,1233.8,1326.6,1375.2,1438.8,1490.2,1559.8,961.21,1056.2,1069.7,1139.1,1219.4,1307.6,1336.5,1418.4,1514.1,677.37,838.01,867.22,864.58,947.23,1010.2,1082,1127.9,1242.1,1368.1,1333.2,823.61,747.27,773.71,846.53,782.67,892.37,1033.4,1144.6,1262.7,1297.2,1349.6,1726.7,1842.2,1778.7,1627.4,1548.7,1693.2,1545.1,1520.4,1655.3,1269,1394.8,1444.3,1219.9,1250.8,1338.5,1244.3,1157.6,1137.2,1168.3,1116.2,925.29,1052.1,1066.4,982.91,1398.4,1263.9,1768.1,615.69,643.53,709.74,787.44,882,984.6,1161.3,481.79,596,631.13,807.2,922.61,426.03,759.18,1011,971.65,1085.7,876.64,676.03,1058.9,925.88,877.52,1415,1445.5,1562.7,1689.5,1752.3,1255.4,1383.8,1525.2,1643.8,1707.9,1194.8,1344.4,1485,1643.2,1340.2,1472.5,1457.1,1623.2,1308.6,1434,1496.3,1602.5,1589.4,1753,1295.6,1467.8,1576.2,1165.6,1284.9,1376.2,1442.6,1198.1,1336.2,1676.4,1552,1161.8,1702.5,1920.1,2012.3,2071.2,2203,1817.6,1970.9,2037.5,2106.7,2116.1,1602.3,1752.8,1980.9,2119.4,1518.4,1688.9,1780.7,1900.4,1967.5,2018.1,1835.9,1957.7,1517.6,1770.9,1906.1,1593.8,1854,1780.2,1385.9,1507.8,1632,1774.3,2418.6,2367.9,2347.2,2195.2,2147,2119.4,1013.7,937.69,857.58,620.71,977.93,954.53,846.55,783.08,678.25,561.57,463.91,926.89,857.87,781.35,736.42,565.23,501.79,787.05,724.79,687.48,580.26,450.25,381.04,725.93,362.84,680.49,587.39,505.02,399.08,447.25,485.73,709.76,756.6,704.25,610.72,289.37,232.43,268.76,149.88,265.48,131.5,291.77,118,326,154.87,423.56,314.76,237.06,213.93,433.71,362.19,296.65,622.09,408.26,363.03,316.32,255.65,677.25,653.59,431.52,479.49,464.94,736.11,779.05,637.64,630.79,657.61,668.26,800.23,404.22,712.83,513.94,531.99,596.41,607.49,536.02,705.8,732.01,745.61,321.93,265.38,202.89,248.92,326.06,684.93,129.87,175.8,289.75,419.89,551.18,666.13,768.05,884.73,871.7,1005.3,59.211,132,262.37,370.07,449.61,536.33,658.56,762.9,880.58,983.98,0,111.4,255.74,372.03,652.32,760.99,876.91,983.87,263.13,192.59,388.15,531.9,656.99,762.24,881.36,975.83,173.01,277.24,410.11,555,651.34,719.24,785.69,888.02,320.22,440.59,572.93,693.22,800.59,895.64,331.75,357.76,475.23,600.2,706.23,818.38,344.36,392.24,528.67,586.91,943.82,489.58,544.45,667.58,758.86,595.37,705.98,781.21,795.66,643.59,973.06,2098.3,2165.5,1961.6,2007.9
1300,1318,1177.4,1194.5,1232.3,1308.9,1351.5,1409.1,1454.7,1520.2,988.02,1075.1,1078.4,1131.3,1198.4,1281.3,1303.6,1378,1471.8,715.34,888.29,904.31,876.58,947.81,1001.5,1064.1,1100.6,1203.5,1323.9,1285.8,881.16,780.73,783.83,844.19,777.7,873.11,997.49,1098.3,1208.3,1285,1339.4,1782.9,1907.7,1846.6,1676.2,1601.7,1762.6,1617,1587.2,1721.4,1335.9,1450.4,1493.8,1277.1,1301.3,1382.7,1282.5,1207.2,1178.5,1203,1191.9,986.52,1113.1,1145.3,1053.6,1435.7,1287.5,1830.8,631.11,645.49,701.9,744.66,828.81,915.31,1093.3,484.99,561.05,565.94,738.52,838.49,402.48,677.58,916.41,872.29,1031.4,785.12,640.95,959.65,824.92,778.45,1306.1,1373.8,1486.1,1610,1671.5,1182.8,1306.3,1443.4,1559.6,1622.7,1112.5,1261.2,1398.3,1554.1,1250.9,1382.2,1364.2,1529.8,1214.3,1337.9,1399.3,1506,1491.1,1660.1,1196.3,1367.6,1476,1062.8,1182.3,1272.8,1338.9,1092.1,1229.8,1574.5,1448.1,1063.1,1663,1874.8,1964.2,2020.7,2149.4,1769.8,1919,1983.6,2052.6,2059.4,1557.3,1701.9,1923.9,2059.4,1469.9,1632.6,1724.1,1840,1907.2,1955.9,1774.5,1893.2,1463,1707,1839,1530.2,1784.5,1709.3,1325.3,1442.1,1561.5,1699.2,2372.4,2318.8,2296.1,2141.8,2089.8,2059.4,1098.9,1018.6,935.09,678.2,1073,1044.6,930.37,854.08,748.94,622.59,507.96,1025.5,952.1,870.69,816.21,644.61,574.42,886.8,820.65,776.59,669.04,541.07,444.46,810.48,456.86,777.62,686.6,607.45,503.02,558.42,596.44,820.87,864.03,809.22,716.77,372.94,303.8,368.09,237.54,372.63,236.13,403.11,228.16,435.66,247.88,529.44,412.39,309.36,245.81,534.03,452.04,365.61,721.13,492.76,428.04,355.12,269.08,774.19,742.46,498.7,537.81,511.71,830.78,868.88,720.48,706.49,724.64,727.98,870.72,429.2,820.48,606.24,604.94,647.83,606.5,638.36,783.76,796.54,796.76,269.28,290.48,242.33,211.25,247.23,580.57,178.72,131.94,199.72,317.25,444.93,558.16,659.15,775.11,764.2,895.47,132.44,61.685,157.41,261.49,339.33,425.39,548.12,652.24,769.76,873.08,111.4,0,144.36,260.65,540.95,649.62,765.54,872.52,159.67,111.32,279.52,421.37,546.13,651.25,770.18,864.6,149,191.94,307.83,447.89,542.92,610.03,676.1,777.91,246.49,345.49,470,587.45,692.94,787.15,293.11,292.59,387.82,501.28,603.41,713.2,323.8,352.05,446.08,497.65,837.77,439.68,471.94,576.42,660.98,527.63,619.49,688.01,706.37,579.65,862.57,2146.6,2226,2020.3,2063.8
1328.2,1329.5,1218.5,1221.8,1241.3,1295.9,1330.2,1379.3,1416.6,1476,1036.1,1112.1,1102.5,1133.7,1182.5,1257.2,1270.5,1334,1424.4,782.34,965.64,966.11,908.68,964.02,1004.8,1054.3,1077.6,1163.6,1275.1,1233,966.86,840.87,815.91,859.01,791,865.13,964.35,1049.2,1146.5,1279.7,1336.1,1859.9,1995.7,1937.7,1744.7,1675.7,1855.7,1713.8,1677.8,1810.8,1428,1528.5,1564.2,1358.2,1374.1,1447.4,1340.8,1279.8,1241.5,1257.7,1295.1,1075,1200.1,1252.5,1152,1491.5,1327.8,1915.6,674.81,672.2,714.01,707.85,774.68,835.7,1013.3,521.94,543.2,502.35,663.41,737.31,412.95,583.44,797.9,746.5,971.88,672.79,618.9,833.48,696.82,653.78,1164.8,1286.2,1390.9,1510.2,1569.4,1095.3,1210.6,1341,1453.1,1514.5,1011.2,1157.7,1288.9,1440.7,1138.3,1267.7,1245.9,1410.4,1094.5,1215.1,1275,1382.1,1364.7,1540.9,1069.1,1238.7,1347,930.82,1050.4,1139.5,1205,955.32,1092.1,1442.8,1313.8,937.44,1618.1,1820.8,1906.1,1959.2,2083.3,1713,1855.9,1917.6,1986,1989.4,1505.6,1641.2,1853.9,1985,1413.9,1565,1655.4,1765.7,1832.7,1878.8,1699,1813.1,1398.7,1628.4,1755.4,1452.9,1697.8,1621,1253.6,1362.5,1474.3,1605.1,2315.6,2258.2,2232.8,2075.7,2019,1985,1213.5,1128.8,1042.3,767.66,1198.5,1164.8,1044.5,955.01,851.02,717.16,589.04,1155.1,1077.3,991.15,927.04,757.34,681.9,1018.2,948.28,897.56,790.76,666.4,547.42,926.4,586.33,906.82,818.43,742.86,640.43,702.39,740.49,964.69,1003.7,946.36,855.27,496.01,420.99,503.24,369.38,513.48,376.87,547.32,372.24,579.16,384.33,670.13,547.99,430.55,343.5,670.44,581.27,481.39,855.37,616.94,537.79,446.31,347.02,906.26,867.26,607.81,637.46,601.12,960.45,993.69,839.8,819.13,828.44,824.29,976.03,501.21,962,735.4,716.67,737.4,638.66,775.83,897.63,896.66,882.73,259.09,370.55,341.8,239.7,194.81,448.56,295.6,189.25,136.5,196.11,310.85,419.61,518.55,633.13,625.66,753.01,268.66,150.34,63.953,126.19,197.31,281.64,405.1,508.77,626,729.18,255.74,144.36,0,116.3,396.59,505.26,621.18,728.16,79.555,134.4,147.14,280.07,403.57,508.22,626.62,720.88,224.15,151.82,193.99,315.32,406.19,471.19,536.21,636.73,212.51,246.98,346.83,456.19,557.05,649.21,306.25,263.88,302.76,386.01,478.06,582.1,355.63,353.23,366.23,402.08,704.38,416.37,408.83,474.38,544.44,469.26,524.8,579.66,604.67,524.85,720.5,2212.6,2306.9,2099.6,2139.4
1363.6,1352,1264.6,1257.4,1262.6,1299.3,1326.4,1368,1398.1,1452.1,1089.1,1156.2,1136.9,1151,1184.5,1251.8,1257.4,1311.1,1398,852.04,1040,1029.7,951.74,994.27,1024.4,1062.7,1075,1145.9,1248.6,1203.4,1046.8,904.98,860.6,889.99,822.22,878.18,954.93,1024.8,1110,1289.3,1346.7,1929.3,2072.8,2017.1,1808.1,1743.4,1936.8,1797.7,1757.6,1889.3,1509.6,1599.8,1629.7,1432.4,1442.3,1509.3,1398.6,1348.4,1303.5,1313.5,1384.9,1155.9,1279.2,1345.1,1239.3,1546.7,1372.4,1990.5,730.91,716.38,746.23,700.88,750.76,787.06,961.71,578.54,558.36,479.53,622.97,669.22,457.59,526.37,710.88,652.08,939.51,594.1,627.35,737.96,600.27,561.63,1052.1,1225.3,1322.3,1437,1493.9,1036,1142.7,1266.1,1373.9,1433.5,939.46,1082.7,1207.7,1355,1054.7,1181.7,1156.4,1319.1,1004.1,1121.2,1179.4,1286.7,1266.8,1449.6,971.27,1138.7,1246.5,828.54,947.74,1035.2,1099.9,847.77,983.25,1339.6,1208.1,841.81,1592.5,1786.6,1868.1,1918.1,2037.9,1676.9,1813.8,1872.9,1940.5,1940.8,1475,1602.1,1805.9,1932.6,1380.2,1520.2,1609.4,1714.2,1780.9,1824.6,1646.9,1756.4,1357.9,1573.7,1695.9,1400.3,1635.7,1557.7,1207.4,1308.4,1412.8,1536.7,2277.4,2217,2189.3,2030.4,1969.7,1932.6,1311.2,1224,1135.8,852.15,1303.4,1266.3,1142.5,1045.1,942.58,805.47,671.42,1262.7,1182.2,1093.4,1023.6,856.15,778.33,1127.1,1055,1000.5,894.63,773.01,643.18,1026.1,695.59,1014.6,928.03,854.63,753.49,818.57,856.49,1080.8,1117.5,1058.8,968.55,602.83,526.13,615.67,481.36,628.42,492.05,663.59,488.34,694.85,497.08,784.06,659.4,535.8,440.21,781.87,689.05,583.1,965,721.62,635.31,535.8,434,1014.4,970.87,703.91,727.49,685.56,1066.9,1096.8,940.05,915.27,918.82,909.82,1066.3,577.77,1076.2,842.28,813.1,819.6,684.05,887.64,994.03,984.03,960.74,306.86,459.76,441.35,314.61,224.52,350.63,403.61,285.49,179.98,138.72,214.22,312.77,407.89,520.25,517.19,639.31,383.09,261.36,134.18,65.192,89.694,167.05,291.34,394.03,510.71,613.65,372.03,260.65,116.3,0,280.32,388.99,504.91,611.9,144.47,229.2,78.313,169.19,289.5,393.31,511.02,605.08,320.2,204.02,145.99,218.22,300.25,361.67,424.98,523.69,249.05,208.39,262.09,356.61,450.46,539.75,359.49,293.21,271.14,309.56,385.41,480.88,415.75,392.82,332.87,348.32,599.61,431.11,388.65,409.2,460.54,449.18,465.47,503.93,535.35,504.88,606.38,2272.9,2378.1,2170,2207
1477.8,1437.7,1404,1374.6,1348.3,1342.8,1352.3,1374.7,1386.4,1425.4,1247.5,1294.3,1255.3,1231.3,1228.8,1276.3,1263.2,1291.3,1366.6,1050.3,1241.7,1211,1094.8,1109.1,1115,1126.9,1113.2,1144.8,1222,1170.7,1259.1,1091,1011,1011.3,947.86,962.23,983.35,1013.2,1063.3,1347.6,1405.9,2108.7,2267.8,2217.6,1975.8,1921,2141.3,2009.5,1960.7,2088.6,1718.8,1786.4,1803.9,1627.1,1624.6,1677.4,1560,1532.9,1475.2,1472.3,1611.8,1368.2,1486,1578,1462.6,1699.9,1506.1,2181.5,909.6,873.97,878.77,754.67,759.67,728.57,882.63,767.94,675.33,529.94,605.02,566.38,639.52,478.88,541.85,461.33,912.53,466.69,722.5,536.83,406.21,389.71,782.64,1109.1,1182.1,1280.9,1330.6,931.48,1009.7,1109.3,1202.4,1255.9,804.18,931.38,1034.1,1165.3,878.58,994.42,959.17,1113.5,808.35,911.2,963.05,1069.2,1042,1241.9,752.63,909.3,1014.2,598.79,713.51,793.58,855.07,598.39,727.33,1097.8,960.07,634.96,1558.6,1727.4,1797.8,1839.2,1946.3,1614.7,1733.9,1785.2,1850.1,1842.5,1431,1533.8,1710.9,1824.6,1331,1439.1,1522.9,1611.8,1676.4,1713,1543.8,1639.5,1291.2,1465.4,1572.4,1301.4,1506.4,1426.8,1131.2,1207.9,1289.5,1392.1,2201.5,2134.1,2101.1,1939.2,1869,1824.6,1554.2,1462.9,1372.5,1077,1560.5,1517.1,1387.5,1276.3,1178.2,1038,897.99,1525.1,1440.1,1346.7,1267,1105.8,1025.2,1392.6,1317,1255.8,1152.6,1036.7,891.73,1275.3,964.18,1278.7,1195.7,1126.5,1027.9,1098.4,1136.6,1360.4,1392.4,1331.1,1242.7,868.68,790.78,889.65,755.61,906.21,770.5,943.74,768.58,974.67,774.03,1061.6,934.02,803.75,700.3,1056,958.64,845.81,1235.8,986.6,891.4,783.66,683.07,1282.6,1232.1,956.67,970.64,921.26,1332.2,1356.5,1196.1,1164.9,1158.9,1141.9,1304.1,805.82,1353.8,1109.5,1064.6,1048.1,855.41,1162,1243.2,1218,1178.8,516.88,705.39,700.87,554.52,434.8,206.71,674.07,548.7,418.25,286.9,181.47,136.31,169.33,257.44,277.91,369.5,660.98,537.44,402.33,294,210.09,121.2,64.761,125.94,235.03,336.02,652.32,540.95,396.59,280.32,0,108.67,224.59,331.59,410.03,498.06,284.48,143.57,73.164,130.86,237.12,328.79,584.51,446.68,308.33,189.27,151.17,154.87,189.71,266.66,465.41,339.06,241.23,214.55,240.68,302.48,574.13,489.87,380.13,286.78,265.2,294.21,632.49,584.12,412.42,373.63,381.04,576.71,478.04,380.24,353.01,523.79,437.92,415.6,461.85,568.43,340.07,2429.7,2558.6,2349.9,2380.6
1533.6,1483.9,1468.9,1432.3,1395.3,1374.7,1377.6,1392.5,1397,1429.8,1319.9,1359.6,1314.5,1277.8,1262.4,1302,1282.1,1299.9,1369.8,1136.5,1327.6,1290.8,1163.8,1168.8,1166.4,1169,1146.3,1162.8,1228.9,1175.9,1348.1,1173.3,1083.3,1074.5,1013.4,1014,1015.2,1029.4,1064.7,1384.9,1442.9,2184,2348.1,2299.8,2047.4,1996.2,2225.1,2095.9,2044.4,2170.7,1805.1,1865.1,1878.4,1709.1,1702.4,1750.4,1631.3,1611.9,1550.3,1543.2,1704,1456.8,1572.3,1672.2,1554.2,1767.8,1568.4,2260.6,991.62,950.4,947.64,801.35,790.32,733.98,874.52,854.91,744.5,585.53,632.28,560.18,727.07,503.08,503.78,415.65,925,455.72,783.63,480.69,362.71,361.58,680.52,1080.3,1141.8,1232.4,1278.2,911.17,975.05,1062.3,1147.5,1197.6,773.01,889.72,980.21,1102.2,825.95,934.44,894.73,1043.1,747.13,840.91,888.86,993.36,962.77,1169.5,680.15,828.83,931.33,523.16,632.86,707.65,766.71,510.42,633.7,1009.4,869.21,571.86,1558.9,1716.2,1781.7,1819.3,1920.7,1603.2,1714.3,1762.1,1825.4,1814.7,1428.5,1520.5,1685.2,1792.8,1327.5,1421.4,1502.2,1583.7,1647,1680.3,1515.9,1605.1,1281,1436,1535.7,1277.6,1467.7,1388,1119.3,1184.7,1255.4,1347.6,2181.1,2111.1,2076.1,1913.8,1840,1792.8,1651.6,1559.2,1468.4,1170.6,1662.2,1617,1485.9,1370.9,1274.4,1134,993.23,1628.5,1542.1,1447.6,1365.2,1206.2,1125.1,1497,1420.4,1357.4,1255.2,1141,992.65,1375.2,1069.9,1382.8,1301,1232.9,1135,1207,1245.2,1468.9,1499.5,1437.5,1349.7,973.93,895.95,996.81,862.99,1014.3,878.77,1052.4,877.24,1083.2,881.98,1169.6,1041.3,909.64,804.79,1163.1,1064.6,950.37,1341.9,1091.4,994.21,884.98,785.32,1387.9,1335.5,1058.4,1069.8,1018.7,1436.5,1459.2,1298.1,1265.2,1256.5,1237.3,1400.6,902.19,1461.7,1214.7,1165.6,1142.9,936.09,1269.1,1343.2,1313.6,1270,613.61,806.72,805.24,656.2,533.93,232.18,780.8,654.58,521.98,386.05,264.92,173.59,132.52,171.21,213.9,270.7,769.19,645.46,509.82,400.72,316.87,227.68,123.24,63.953,133.45,230.15,760.99,649.62,505.26,388.99,108.67,0,115.92,222.93,517.19,605.1,390.13,244.5,131.18,77.878,138.03,224.38,690.38,550.46,407.34,271.15,197.57,157.62,148.97,186.07,564.63,430.08,310.47,238.43,209.75,237.26,670.51,584.76,462.91,345.33,286.84,269.69,728.29,675.21,485.12,434.69,323.06,657.08,548.48,421.88,364.65,587.18,473.71,428.38,476.62,625.97,245.37,2496.3,2633.3,2424.8,2453.2
1599.7,1540.7,1544.1,1500.6,1453.4,1417.9,1414.1,1421.3,1418.3,1444.2,1402.8,1435.7,1384.8,1335.9,1308,1339.3,1312.5,1319.7,1383.4,1232.7,1423.1,1380.7,1244.2,1240.3,1230.2,1223.7,1192.2,1193.2,1247.4,1193.1,1446.4,1265.9,1167.2,1149.9,1091.4,1079.1,1061.1,1059.4,1079,1433.4,1490.8,2267.8,2436.6,2390.3,2127.8,2080.2,2317.2,2190.6,2136.5,2261.3,1900.1,1952.7,1961.8,1800,1789.5,1832.6,1712.1,1700.2,1635.1,1623.9,1804.8,1554.4,1667.6,1774.8,1654.5,1844.9,1640.7,2348,1084.7,1038.7,1029.2,864.13,838.1,757.82,881.42,952.98,828.19,660.09,680.21,577.25,826.38,552.44,487.94,395.8,952.61,472.87,859.79,443.63,349.91,367.11,574.58,1061.9,1109.6,1190,1231.2,904.27,951.24,1023.3,1098.5,1144.2,756.48,859.04,933.99,1043.8,783.35,881.47,836.8,976.55,695.41,776.4,818.87,920.36,885.73,1099.6,615.35,751.46,849.88,458.06,558.04,624.41,679.51,427.79,540.55,920.51,777.84,522.08,1568.3,1712.6,1772.4,1805.9,1900.6,1599.7,1701.5,1745.3,1806.7,1792.5,1435.6,1515.5,1665.9,1766.3,1334.3,1412.2,1489.2,1562.2,1623.8,1653.4,1495.1,1576.5,1281,1414,1505,1262.9,1435.1,1355.7,1119,1171.2,1229.3,1309.1,2165.9,2093.3,2056.1,1893.9,1816.5,1766.3,1757.3,1663.9,1572.9,1273.4,1771.8,1724.9,1592.5,1474.3,1379.4,1239,1097.9,1739.7,1652.2,1556.6,1471.9,1315,1233.6,1609.2,1531.8,1467.2,1365.8,1253.3,1102.2,1483.3,1183.5,1494.8,1413.9,1346.9,1249.7,1322.8,1361.1,1584.7,1614.1,1551.5,1464.2,1087.1,1009.1,1111.6,977.93,1129.7,994.4,1168.3,993.14,1199,997.21,1284.8,1155.9,1023.1,917.15,1277.5,1178.1,1062.6,1455.3,1203.8,1104.9,994.53,895.84,1500.6,1446.4,1168.1,1177.2,1124.7,1548.4,1569.4,1407.7,1373.3,1362.1,1340.9,1505,1007.4,1576.8,1327.4,1274.5,1246.2,1027.4,1383.4,1450.9,1417.3,1369.6,720.81,916.89,917.83,766.98,643.29,303.6,895.27,768.5,634.62,496.43,368.99,262.09,178.72,126.92,196.21,179.01,884.79,760.94,625,515.54,431.89,342.85,230.32,132.91,63.348,123.13,876.91,765.54,621.18,504.91,224.59,115.92,0,107.06,631.97,719.71,504.12,357.05,236.18,142.08,72.993,121.08,804,662.73,517.04,373.57,286.54,227.11,182.46,146.7,673.45,534.2,403.57,306.76,234.2,210.86,776.62,690.19,560.68,429.38,347.37,289.17,833.66,777.05,574.88,516.85,293.97,750.29,635.14,488.98,409.13,667.27,533.48,469.49,517,700.29,163.98,2571.1,2716,2507.9,2534
1662.2,1595.2,1614.7,1565.3,1509.3,1460.8,1451.1,1451.3,1441.6,1461.2,1480.4,1507.3,1451.6,1392.3,1353.6,1377.5,1344.8,1342.3,1400,1322.1,1511.5,1464.4,1320.1,1308.8,1292,1277.7,1238.8,1226.3,1269.3,1214.3,1537.1,1352.1,1246.4,1222.1,1166.1,1143,1108.7,1093.3,1098.7,1481,1537.5,2344.6,2517.5,2473.1,2201.8,2157.5,2401.4,2277.4,2221,2344.1,1987.4,2033.3,2038.7,1883.8,1869.9,1908.6,1787.2,1781.8,1713.8,1699,1897.3,1644.4,1755.5,1869,1746.8,1916.5,1708.5,2428,1171.9,1122.2,1107.1,927.81,889.65,790.24,896.75,1044.7,909.05,735.57,734.36,608.29,919.54,610.65,493.06,402.66,985.42,508.04,934.39,430.35,367.1,398.93,478.59,1051.4,1085.6,1155.6,1191.9,906.61,937.03,993.52,1058.2,1099.4,752.37,839.53,898.2,994.76,753.4,839.6,790.5,919.82,657.95,724.16,760.32,857.56,819.04,1038.4,565.95,685.92,778.87,413.7,499.01,554.37,604.15,363.9,460.46,841.03,696.79,491.74,1580,1711.7,1766.2,1795.5,1883.7,1599.5,1692.3,1732.1,1791.4,1774,1446,1514.3,1650.7,1744,1345,1407.7,1480.8,1545.5,1605.1,1631.1,1479.3,1553,1285.9,1397.4,1479.7,1254.2,1408.4,1329.8,1124.8,1164.5,1210.1,1277.6,2152.8,2078,2039,1877.3,1796.7,1744,1854.2,1760.1,1668.8,1368.3,1872.4,1823.9,1690.5,1569.4,1476,1335.8,1194.6,1841.6,1753.1,1656.7,1569.9,1415.1,1333.4,1712.1,1634,1568,1467.5,1356.6,1203,1582.6,1287.8,1597.6,1517.7,1451.7,1355.2,1429.6,1468.1,1691.3,1719.4,1656.2,1569.4,1191.2,1113.2,1217.1,1083.7,1236,1100.9,1275.2,1100.2,1306,1104.1,1391.7,1262.5,1129,1022.5,1383.9,1284,1167.8,1561,1309,1209.1,1098,1000,1605.9,1550.5,1271.5,1279.1,1225.6,1653.1,1673.1,1511.1,1475.5,1462.6,1440,1604.5,1108.1,1683.6,1432.7,1377.4,1345.2,1118.2,1489.8,1552.8,1516.4,1465.8,820.47,1018.5,1021.5,869.34,744.83,386.66,1000.6,873.44,738.65,599.16,468.69,356.27,260.56,163.27,232.23,129.12,991.26,867.31,731.12,621.42,538,449.18,333.57,231.26,120.74,59.682,983.87,872.52,728.16,611.9,331.59,222.93,107.06,0,738.69,826.34,610.55,463.09,340.42,240.35,131.05,79.057,910.09,768.17,621.35,475.04,383.47,318.45,262.13,186,776.93,635.4,499.93,392.75,300.99,243.48,878.23,791.58,658.02,520.25,426.98,346.3,934.68,875.91,667.17,605.07,310.37,843.53,724.85,568.02,475.56,752.22,606.48,531.08,576.45,780.86,145.78,2639.5,2791.4,2583.9,2607.9
1403.8,1407.4,1291.6,1297.5,1319.4,1375.4,1409.7,1458.5,1495.3,1554.2,1107.3,1185.9,1178.6,1212.4,1262,1336.7,1349.6,1412.2,1502.2,847.51,1027.6,1033.4,983.13,1041.1,1083.3,1133.6,1157.1,1242.4,1352.8,1310.2,1025.5,908.37,890.16,936.12,868.19,944.31,1043.6,1127.1,1222.5,1358.9,1415.2,1923,2054.2,1994.7,1810.7,1739.8,1911.7,1767.9,1735,1868.6,1484.2,1590.9,1629.5,1419.3,1438.3,1514.5,1409.7,1344,1308.9,1327.5,1345.4,1132.6,1258.5,1300.4,1204.8,1561.3,1401.1,1975.5,746.13,747.03,791.18,787.14,852.4,908.29,1085.3,594.01,622.53,579.64,737.78,802.7,489.07,652.69,853.05,796.05,1048.5,732.81,698.42,882.15,744.53,705.06,1190.2,1355.3,1456.8,1574,1632.1,1164.8,1276.7,1403.8,1513.6,1574,1075.3,1220.3,1348.1,1497.2,1196,1323.9,1299.6,1462.7,1147.4,1265.2,1323.7,1431,1411.2,1593.3,1115.7,1283.1,1390.9,972.84,1092,1179,1243.5,990.53,1125.2,1483.6,1351.5,986.05,1696.1,1897.5,1982.1,2034.5,2157.6,1789.3,1930.9,1992.1,2060.3,2062.8,1582.8,1716.9,1927.4,2057.3,1490.5,1639.3,1729.4,1838.2,1905.2,1950.5,1771.3,1883.9,1473.9,1699.8,1825.2,1524.9,1766.6,1689.3,1327.4,1434,1543.2,1671.2,2391.6,2333.6,2307.6,2150.1,2092.2,2057.3,1256.5,1174.7,1090,824.12,1232.6,1203.5,1087.7,1006.2,901.42,771.08,648.28,1185.1,1111.7,1029.6,972.34,801.13,728.8,1046.2,980.31,935.51,828.02,700.5,596.35,968.23,616.52,937.26,846.04,766.1,660.99,706.34,734.24,968.51,1019.7,966.83,873.65,531.75,460.67,527.23,397.2,528.51,393.15,550.46,371.05,571.3,365.78,653.14,524.12,394.93,296.29,646,549.37,440.15,826.33,579.69,491.15,391.47,289.8,874.21,828.02,559.53,583.25,542.31,925.4,953.68,796.16,770.83,774.63,766.54,922.17,436.81,944.98,701.46,668.71,677.15,562.23,752,849.6,840.39,819.91,336.25,428.09,390.55,309.3,274.33,494.84,334.19,247.91,215.96,260.22,357.78,456.67,549.6,659.17,659.94,776.53,292.06,192.51,143.39,182.98,234.16,306.54,430.41,530.27,644.57,746.05,263.13,159.67,79.555,144.47,410.03,517.19,631.97,738.69,0,88.051,129.25,277.05,402.61,508.04,628.18,722.89,176.91,72.918,148.22,292.32,389.64,458.54,525.59,629.01,132.97,188.44,310.74,430.09,537.94,633.62,230.22,184.33,237.12,341.74,444.19,555.34,282.34,274.69,298.97,343.23,680.69,337.03,335.95,420.03,501.52,395.55,466.14,530.08,550.55,450.57,715.15,2279.7,2368.6,2161.8,2203.1
1405.1,1418.3,1285.3,1299.3,1331.6,1400,1438.9,1492.5,1533.8,1596,1096.9,1182,1182.1,1228.2,1288,1367.3,1385.2,1453.7,1545.7,826.21,999.61,1014.9,982,1049,1098.4,1156.1,1186.8,1281.3,1396.8,1356.2,992.17,891.04,889,944.63,877.43,965.31,1078.4,1170.6,1272.9,1379.2,1434.5,1894.1,2018.1,1956.6,1787.5,1713,1872.2,1726.1,1697.3,1831.6,1445.9,1561.7,1605.1,1388.2,1412.6,1493.8,1393,1318.5,1289.3,1313.1,1299.7,1097.2,1223.9,1252,1162.7,1546,1395.3,1941.5,738.43,748.73,800.91,822.82,897.47,966.82,1144.8,590.01,647.32,627.41,792.96,871.61,498.46,716.89,930.81,877.06,1097.2,806.88,725.88,963.66,826.39,785.06,1278,1419.4,1525,1644.6,1703.8,1228.3,1344.7,1475.4,1587.3,1648.6,1145.5,1292.1,1423,1574.2,1272,1401.1,1378.5,1542.4,1226.7,1346.2,1405.4,1512.7,1494,1673,1198.3,1366.7,1474.7,1057.2,1176.5,1264.3,1329.1,1076.9,1212,1568.5,1437.3,1067.7,1738.5,1945,2031.9,2086.2,2211.8,1838.2,1983.3,2046,2114.6,2119,1628.7,1767.7,1983.4,2115.7,1538.5,1693.7,1784.5,1896.3,1963.4,2010.2,1829.9,1945,1526.2,1760,1888,1584.1,1831,1754.4,1383.2,1494.2,1607.5,1739.1,2441.1,2385,2360.4,2204.2,2148.8,2115.7,1202.8,1124.4,1042.1,789.08,1170.3,1145.6,1034.8,962.93,857.74,733.01,619.28,1119.5,1050.1,972.07,922.26,750.55,682.4,979.55,917.22,878.03,770.55,641.11,554.1,914.45,554.55,873.03,779.96,697.16,590.87,625.97,649.64,887.25,944.79,894.93,800.71,476.2,410.76,461.3,337.52,455.92,323.99,470.61,291.14,486.68,279.16,565.98,436.22,307.31,211.88,558.01,461.5,353.9,738.36,492.64,407.08,312.3,212.62,786.51,741.68,476.39,503.83,466.73,838.17,867.62,711.21,687.93,695.06,690.06,842.7,367.72,857.55,613.93,585.54,603,518.55,664.01,766.62,762.69,748.51,353.73,401.4,353.46,308.56,309.36,576.97,288.01,234.01,252.49,330.34,439.17,541.93,636.42,746.81,746.24,864.44,233.21,165.77,186.04,257.71,318.29,393.75,517.89,618.19,732.61,834.09,192.59,111.32,134.4,229.2,498.06,605.1,719.71,826.34,88.051,0,216.02,363.99,489.2,594.4,714.61,809.25,91.548,84.959,223.09,373.47,472.02,541.76,609.12,713.06,135.38,248.4,384.63,507.78,618.1,714.79,191.66,181.42,283.35,408.83,517.12,631.48,232.31,247.59,338.86,394.77,757.76,330.36,361.4,475.18,566.81,416.52,514.84,588.65,603.73,468.35,799.69,2257.8,2337,2131.4,2175
1439.8,1429.7,1338.7,1333.5,1340.4,1377.5,1404.3,1445.3,1474.4,1527.5,1161.3,1230.7,1213.1,1229,1262.7,1329.7,1334.5,1386.9,1473,918.19,1104.3,1098.5,1026.2,1071,1102.2,1141,1153.1,1222.6,1323.8,1278,1108.3,973.39,934.6,966.51,898.64,956.33,1032.6,1100.6,1183.1,1367.6,1425,1996.3,2136.3,2079.4,1877.4,1811.1,1998.1,1857.3,1819.6,1952,1570.5,1665.9,1698.2,1497.1,1509.6,1579,1469.6,1415.5,1373.1,1385.1,1440.6,1217,1341.3,1398.7,1296.6,1618.6,1446.8,2055.1,801.68,790.24,822.39,778.92,827.01,857.46,1030.6,648.73,636.13,556.63,696.35,732.38,530.47,595.31,761.9,697.1,1013.8,651.95,705.56,781.18,643.66,609.72,1066.9,1289.8,1382.9,1494.7,1550.2,1101.6,1204,1323.2,1428,1486.3,999.38,1140.2,1260.8,1404.5,1106.6,1231.3,1203.2,1363.9,1050.7,1164.1,1220.4,1327.7,1305.1,1494.1,1010.7,1175,1281.9,863.36,981.47,1066.2,1129.6,874.54,1007.1,1371.2,1236.5,884.24,1667.6,1859.7,1940.1,1989.2,2107.5,1749.5,1884.6,1942.8,2010.2,2009.4,1549.1,1674,1874.8,1999.8,1453.6,1590.5,1679.1,1781.9,1848.4,1891.1,1714.4,1821.9,1429.5,1640.3,1760.3,1467.9,1699,1620.6,1277.5,1375.6,1476.7,1597,2349.1,2287.8,2259.5,2100.1,2038,1999.8,1360.5,1275.5,1188.6,910.93,1345.1,1311.9,1191.5,1100.4,996.79,861.8,731.13,1300.8,1223.9,1138.2,1073.9,904.39,828.63,1163.3,1094.4,1044.6,937.68,812.77,693.94,1073.5,731.67,1052.5,963.25,885.96,782.18,833.95,863.39,1096.4,1143.5,1088.4,996.24,642.5,567.93,646.22,513.39,652.07,515.64,678.03,499.08,700.47,494.83,781.97,651.94,519.55,415.92,773.37,674.54,561.38,951.76,702.13,607.99,502.2,400.73,998.21,948.09,674.25,691.66,645.39,1047.7,1072.8,913.17,883.92,881.8,868.66,1028.4,533.09,1073.6,825.06,782.78,776.4,620.52,879.33,962.53,943.99,913.53,377.62,514.8,488.7,376.09,297.95,396.87,442.14,334.83,248.57,214.97,267.32,348.47,433.57,538.21,545.34,653.39,410.23,296.58,190.03,143.5,143.68,192.35,311.88,407.59,519.51,619.88,388.15,279.52,147.14,78.313,284.48,390.13,504.12,610.55,129.25,216.02,0,147.98,273.4,378.79,498.95,593.65,300.28,163.49,67.742,169.19,263.43,331.1,397.71,500.6,193.35,130.12,200.38,309.82,413.49,507.71,305.95,230.79,192.9,242.51,330.94,435.84,364.12,331.17,254.57,272.61,559.2,359.29,310.65,337.44,399.01,371.05,391.95,437.48,465.86,426.68,586.4,2343.4,2444.5,2236.6,2274.8
1483.9,1458.6,1395.9,1378.6,1368.8,1384.2,1402.2,1433.6,1453.7,1499.5,1227.8,1286.4,1258,1253.8,1269.1,1326.4,1321.9,1361.7,1442.4,1005.5,1195.4,1177.5,1083,1112.8,1131.4,1156.8,1155.7,1205.9,1295,1246,1205.8,1054,994.45,1010.7,944.36,980.62,1029.2,1077.9,1143.8,1381.8,1440,2078.6,2227.8,2173.9,1952.7,1891.7,2094.8,1957.9,1915,2045.6,1668.6,1751.2,1776.5,1586.4,1591.8,1653.5,1539.8,1498.5,1448.5,1453.3,1548.8,1315.3,1437,1510.5,1402.1,1684.9,1501.6,2144.1,875.84,852.08,870.79,785.18,811.69,810.28,975.01,726.37,672.32,556.06,666.09,663.69,600.35,549.36,664.29,589.96,983.02,571.62,731.74,669.68,534.99,510.13,924.31,1217.7,1299.7,1404.2,1456.3,1034.5,1123.9,1232.2,1330.2,1385.6,917.64,1051.5,1161.9,1298.2,1006.4,1126.1,1093.4,1250.3,941.58,1048.5,1101.9,1208.5,1182.7,1379.4,891.37,1050.5,1156.1,739.26,855.14,936.36,998.23,741.67,870.89,1240.8,1103.5,770.23,1636.4,1816.3,1891.4,1936.3,2048.6,1704.5,1831.1,1885.6,1951.7,1947.1,1512.5,1625.8,1813.9,1932.7,1414.3,1535.9,1622.1,1717.3,1782.9,1822.2,1649.4,1750.4,1381.5,1572.7,1685.5,1404.5,1621.4,1542.1,1224.4,1311.2,1401.6,1511.9,2298.2,2233.4,2202.4,2041.4,1974.5,1932.7,1478.6,1390.6,1301.8,1014.5,1472.5,1434.9,1310.1,1209.6,1108,969.84,833.58,1431.8,1351.4,1262.2,1190.8,1024.3,945.9,1296,1224.2,1169.4,1063.7,942.17,810.81,1194.3,864.37,1183.7,1096.8,1022.5,920.46,978.94,1010.6,1241.5,1283.7,1226.3,1135.3,771.96,695.32,783.08,648.98,793.16,656.47,823.16,644.99,847.81,642.78,929.95,799.69,666.04,560.43,920.91,821.06,705.99,1098.2,847.06,749.82,641.11,541.04,1143.7,1091,814.38,827.36,777.72,1192.1,1214.9,1054,1022,1015.4,998.4,1160.6,662.26,1221.5,970.5,921.96,904.63,718.24,1026.8,1100.2,1074.5,1036.1,458.53,626.13,610.21,478.11,373.34,304.35,572.46,454.4,339.84,241.03,207.93,241.5,306.81,401,418.04,512.08,548.7,429.06,303,209.34,141.03,102.62,186.23,269.47,376.2,474.64,531.9,421.37,280.07,169.19,143.57,244.5,357.05,463.09,277.05,363.99,147.98,0,125.72,231.25,351.26,445.98,447.02,306.02,164.77,78.313,133.06,192.48,256.35,356.77,321.98,198.6,139.44,195.36,281.81,370.6,430.6,346.65,246.07,193.49,232.69,315.63,489,442,288.21,266.39,431.42,441.48,354.09,299.13,317.04,406.28,359.52,370.3,409.59,456.21,441.21,2413.8,2528.3,2319.7,2354.4
1542.1,1505.1,1464.5,1438.2,1415.6,1413.5,1424.1,1447.3,1459.4,1498.6,1304.4,1354.7,1318.5,1298.9,1299.3,1348.1,1335.7,1364.4,1439.8,1097.9,1289.1,1263.1,1153.8,1172.3,1181.2,1195.7,1184,1217.5,1295.2,1243.9,1303.7,1141.7,1068.4,1073.3,1008.9,1028.6,1054.4,1086,1136.4,1417.4,1475.7,2162.8,2318.5,2266.8,2032.2,1975.3,2189.4,2055.4,2009,2138,1765.1,1838.6,1858.8,1677.1,1677.4,1733.4,1617,1585.1,1530,1529.6,1652.5,1413.1,1532.6,1616.6,1504.3,1758.7,1567.6,2233.1,961.02,929.33,938.38,823,831.22,801.72,955.2,816,735.62,596.56,677.24,638.81,687.87,551.6,608.54,525.4,985.58,538.4,786.17,597.54,470.62,458.07,809.14,1178.9,1249.3,1345.6,1394,1002.7,1078.1,1174.4,1264.7,1316.9,873.19,997.91,1096.7,1224.1,941.46,1054.5,1017.2,1168.6,867.63,966.17,1015.8,1121.1,1091.7,1295.9,806.17,958.01,1061.2,650.2,761.9,838.13,897.62,641.12,764.86,1140.4,1000.4,693.04,1631.8,1799.9,1869.8,1910.8,2017.1,1687.2,1805.5,1856.3,1921,1912.8,1504.1,1606.1,1781.6,1894.1,1404,1510.9,1594.3,1682,1746.4,1782.3,1614,1708.3,1363.8,1535.3,1640.7,1372.3,1574.2,1494.5,1203.6,1278.8,1358.3,1458.2,2273.1,2205.3,2172,2010,1939.1,1894.1,1588.8,1499,1409.4,1117.2,1588.4,1548.2,1421,1315,1215.1,1075.6,936.98,1549.9,1467.5,1376.4,1301,1136.8,1057.2,1415.2,1341.9,1284.3,1179.6,1060.2,922.63,1306.8,984.3,1302.2,1216.7,1144,1043,1104.2,1136.4,1366.7,1406.8,1348.2,1258,890.57,813.26,905.17,770.86,917.05,780.43,948.48,770.56,973.53,768.21,1055.2,924.3,789.23,682.14,1045.1,944.14,827.44,1221,968.56,868.88,758.36,659.83,1265.5,1210.4,931.89,941.36,889.42,1312.7,1333.3,1171.6,1137.3,1127.1,1107.1,1270.6,772.5,1346.5,1092.4,1038.4,1012.5,805.71,1151,1215,1183.4,1138.9,556.66,736.56,725.88,586.31,472.35,279.87,692.43,570.94,447.76,327.79,241.92,209.48,231.21,300.31,333.22,401.57,672.04,550.86,420.48,318.06,237.54,157.61,137.87,174.98,264.28,357.18,656.99,546.13,403.57,289.5,73.164,131.18,236.18,340.42,402.61,489.2,273.4,125.72,0,105.54,225.57,320.3,570.79,428,281.03,140.01,79.202,89.051,140.12,234.48,437.28,299.61,181.64,141.42,180.76,256.9,541.16,455,331.83,221.73,192.03,229.17,598.58,544.33,356.22,310.49,328.02,526.55,420.58,310.14,279.95,462.48,366.82,342.45,388.7,504.51,317,2488.6,2612.8,2404.1,2436.2
1597.9,1552.1,1528.6,1495.6,1463.2,1447.3,1451.8,1468.2,1473.7,1507.1,1375.1,1419,1377,1345.7,1334.5,1376.1,1357.5,1376.8,1447.2,1181,1372.4,1340.7,1221,1231,1232.3,1238.4,1218.4,1238.3,1305.9,1253.1,1389.9,1221.2,1138.4,1134.9,1072.4,1079.6,1087.5,1105,1142.1,1456,1514.1,2237.4,2397.8,2347.9,2103.3,2049.7,2271.9,2140.3,2091.3,2218.9,1849.6,1916,1932.3,1757.4,1753.9,1805.3,1687.3,1662.5,1603.7,1599.4,1742.4,1499.1,1616.7,1708.3,1593.4,1825.9,1629.5,2311.2,1039.7,1002.6,1004.7,868.68,862.67,810.87,952.36,898.67,801.12,648.68,705.14,637.82,770.26,576.24,580.11,491.08,1001.2,533.48,844.67,553.14,438.84,439.28,715.81,1157.1,1216.5,1305,1349.6,988.79,1051.1,1135.6,1218.2,1267,849.75,964.53,1051.6,1169.8,898.06,1003.7,962.27,1107.4,816.49,905.81,951.43,1054.6,1021.9,1232.4,744.58,887.59,987.87,586.91,692.56,762.81,819.38,565.44,681.82,1061.1,918.93,641.3,1636.5,1794,1859.3,1896.7,1997.5,1681,1791.7,1839.2,1902.4,1891.2,1506.2,1598.3,1762.1,1868.8,1405.3,1499,1579.6,1660.3,1723.4,1756.3,1592.6,1680.7,1358.9,1512.5,1611,1354.8,1542.6,1462.9,1197.2,1261.9,1331.3,1421.2,2258.4,2188.2,2153,1990.7,1916.4,1868.8,1683.5,1592.6,1502.4,1207.5,1687.2,1645.2,1516.4,1406.6,1308,1168,1028.2,1650.2,1566.5,1474.1,1396.1,1233.7,1153.4,1516.4,1442.1,1382.7,1278.7,1160.9,1019.5,1403.5,1086.3,1403,1318.5,1247,1146.6,1209.5,1241.9,1472,1510.7,1451.4,1361.7,991.82,914.21,1008.6,874.25,1021.6,885.04,1053.8,876.05,1079,873.5,1160.3,1029,892.99,785.05,1149.5,1047.7,930.01,1324.3,1071,969.8,858.28,760.95,1368.1,1311.2,1031.7,1038.7,985.33,1414.3,1433.3,1271.1,1235.2,1222.4,1200.3,1364.6,867.81,1451.4,1195,1137.3,1105.5,885.53,1255.2,1312.4,1276.7,1227.9,647.03,833.08,825.63,682.26,564.29,302.33,794.78,671.67,544.72,416.84,310.27,238.05,210.28,236.24,287.4,318.47,776.34,654.46,522.36,417.14,334.32,248,174.9,141.79,185.54,265.17,762.24,651.25,508.22,393.31,130.86,77.878,142.08,240.35,508.04,594.4,378.79,231.25,105.54,0,120.21,214.87,675.08,531.54,383,234.8,144.56,87.864,72,136.12,537.35,395.06,261.6,169.76,132.38,173.77,637.89,551.23,419.08,288.01,215.23,192.15,694.34,636.19,432.95,376.2,256.08,608.22,493.71,354.27,289,527.59,403.19,352.4,400.7,562.88,213.78,2555.3,2687.2,2478.5,2508.5
1659.7,1604.2,1599.8,1559.5,1516.4,1485.3,1483.1,1491.7,1489.8,1516.5,1454.1,1490.9,1442.8,1398.8,1374.7,1408.1,1382.6,1391.3,1455.7,1274.3,1465.3,1427.4,1296.9,1297.7,1290.9,1287.7,1258.8,1263.2,1319.1,1265,1486.1,1310.5,1217.8,1205.3,1145.3,1139.1,1127.6,1129.4,1151.1,1499.4,1557,2318.8,2484.4,2436.7,2180.9,2131.1,2362.3,2233.6,2181.6,2307.6,1942.8,2001.1,2013,1846,1838.2,1884.5,1764.8,1748.1,1685.3,1676.6,1842,1594.7,1710,1810,1692.2,1899.7,1697.9,2396.6,1128.8,1086.4,1081.1,924.79,903.73,828.48,954.02,992.84,878.63,715.19,745.46,648.52,865.07,616.85,560.89,468.73,1022.9,543.83,914.46,515.1,422.86,439.01,609.27,1134.3,1180.5,1258.9,1298.9,977.26,1023.3,1093.1,1165.9,1210.4,829.23,930.4,1002.4,1108.5,852.84,948.2,902.14,1038.3,763.02,839.62,879.7,979.46,942.9,1159.6,679.2,809.01,904.71,522.92,618.05,679.4,731.56,485.08,589.27,970.13,826.24,590.89,1640.9,1785.5,1845.3,1878.5,1972.6,1672.7,1774.2,1817.7,1878.9,1864.4,1508.4,1588.4,1738.1,1837.7,1407,1485.1,1562,1634.3,1695.6,1724.8,1567.2,1647.7,1354,1486,1575.8,1335.5,1505.7,1426.4,1191.9,1244,1300.9,1378.8,2238.3,2165.5,2128.2,1966,1888.2,1837.7,1788.8,1696.6,1605.9,1308.4,1797.3,1753.2,1622.7,1508.6,1411.8,1271.4,1130.8,1762.3,1677,1583.2,1502.1,1342,1261.2,1629.7,1554.1,1492.6,1389.6,1273.8,1128.2,1511.3,1200.8,1515.8,1432.6,1362.6,1263.1,1328.6,1361.8,1591.1,1627.5,1567.1,1478.1,1105.6,1027.7,1124.9,990.69,1139.4,1003.1,1173.1,995.65,1199.1,993.69,1280.5,1149.1,1012.7,904.37,1269.5,1167.3,1049.1,1443.7,1190,1087.8,975.73,879.25,1487,1428.9,1148.9,1154.1,1099.8,1532.6,1550.4,1387.9,1350.9,1336.1,1312.4,1477,981.99,1571.6,1314.1,1253.8,1217.4,987.35,1375.2,1427.7,1388.7,1336.4,750.66,941.93,937.97,791.14,670.08,357.95,910.09,785.45,655.33,521.97,402.94,307.2,238.54,199.91,268.82,237.65,894.03,771.42,637.77,530.54,446.8,358.26,261.27,180.6,136.31,172,881.36,770.18,626.62,511.02,237.12,138.03,72.993,131.05,628.18,714.61,498.95,351.26,225.57,120.21,0,94.726,795.09,651.29,502.25,352.2,257,189.49,131.1,73.756,655.34,511.07,372.03,261.85,172.82,138,753.58,666.9,530.12,389.92,296.2,223.33,809.24,748.59,536.96,474.16,221.1,713.41,594.04,437.57,348.81,621.21,477.65,406.86,453.52,650.34,107.71,2627.3,2767.7,2559.4,2586.8
1716.5,1654.2,1663.4,1618.1,1567.5,1525.5,1518.3,1521.1,1513.6,1535,1523.4,1555.2,1502.9,1450.2,1417,1444.2,1413.7,1414.4,1473.8,1353.3,1543.9,1501.8,1364.6,1359,1346.6,1336.8,1301.7,1294.9,1341.6,1286.8,1566.7,1386.9,1288,1269.5,1211.5,1196.2,1171,1161.4,1171.5,1543.5,1600.5,2388.4,2557.6,2511.4,2248,2200.9,2438.2,2311.5,2257.6,2382.3,2021,2073.7,2082.4,1921.1,1910.4,1953.1,1832.4,1821.2,1755.9,1744.2,1924.5,1674.8,1788.4,1893.9,1774.4,1964.5,1759.3,2469,1205.7,1159.8,1149.8,980.91,949.67,858.48,970.5,1073.2,949.09,780.07,792.74,676.55,946.25,666.48,568.25,477,1053.8,574.33,979.74,508.33,438.48,465.78,532.26,1129.8,1164.7,1234.3,1270.1,983.18,1015.7,1072.5,1136.4,1176.9,829.8,918.46,976.86,1071.6,832.41,917.7,868.04,994.97,736.65,800.72,835.28,931,891.16,1112.1,643.39,758.88,849.32,492.18,574.68,626.16,673.24,439.11,527.99,906.8,762.14,570.79,1655.1,1789.2,1844.3,1874.1,1962.6,1676.9,1770.7,1810.8,1870.3,1853,1521.4,1591.7,1729.6,1823.1,1420.2,1485.6,1559.2,1624.4,1684.1,1710.2,1558.2,1632.1,1362.2,1476.3,1558.7,1332.5,1487.4,1408.8,1200.9,1242.5,1289.1,1356.5,2231.6,2156.9,2118,1956.2,1875.8,1823.1,1875,1782.1,1691.1,1392.3,1886.6,1841.1,1709.6,1593,1497.4,1357,1216,1852.7,1766.5,1671.9,1588.9,1430.5,1349.3,1720.9,1644.7,1581.8,1479.5,1364.9,1217,1599.3,1292.9,1606.8,1524.4,1455.2,1356.3,1423,1456.6,1685.5,1720.8,1659.9,1571.3,1197.3,1119.4,1218.1,1083.9,1233.3,1097.1,1267.6,1090.3,1293.8,1088.4,1375.1,1243.5,1106.7,997.97,1363.7,1261.2,1142.4,1537.3,1283.2,1180.2,1067.7,972,1580.1,1521,1240.6,1244.5,1189.4,1625.2,1642,1479.3,1441.3,1425,1400,1564.8,1071.5,1666,1407.3,1344.9,1305.1,1068,1469.3,1517.8,1476.2,1421.3,837.33,1031.1,1029.1,880.57,758.2,424.33,1002.8,877.46,745.96,610.4,486.64,382.66,298.65,222.95,294.92,208.14,987.9,865,730.74,622.79,538.88,449.9,345.86,253.24,166.52,138.25,975.83,864.6,720.88,605.08,328.79,224.38,121.08,79.057,722.89,809.25,593.65,445.98,320.3,214.87,94.726,0,889.36,745.34,595.97,445.04,348.28,278.95,215.2,121.64,748.01,602.65,461.17,344.89,242.27,171.27,844.51,757.93,618.58,474.46,372.78,280.4,899.51,837.23,621.14,555.39,232.44,797.34,675.54,510.97,411.71,698.24,544.9,464,507.93,723.15,66.731,2690,2836.4,2628.4,2654.1
1442.5,1464.5,1316,1337.6,1379.3,1457.8,1500.4,1557.6,1602.2,1666.8,1124.6,1215.5,1222.6,1279.4,1347.4,1430.1,1451.7,1524.5,1617.8,845.06,1009.6,1035,1019.4,1094.1,1149.6,1213,1249.4,1350.6,1469.4,1430.3,996.33,913.34,927.09,991,924.94,1022,1145.3,1243.5,1350.2,1433.6,1487.8,1899.5,2014.9,1951.2,1799.2,1721.1,1865.5,1716.9,1693.1,1828,1441.7,1567.5,1616.2,1392.7,1422.8,1509.1,1412.9,1329.3,1306.7,1335.5,1287.3,1098.3,1225.1,1236.4,1155.3,1566.8,1426,1941,771.99,790.85,849.52,891.55,972.21,1049.5,1227.7,629.36,709.63,705.28,874.27,959.6,551.27,803.08,1021.8,968.55,1173.7,896.87,789.37,1055.2,917.93,876.46,1366.2,1504.5,1612.1,1732.8,1792.5,1313.4,1431.8,1564.1,1676.9,1738.5,1233.8,1380.9,1512.9,1664.8,1362.4,1491.8,1469.6,1633.7,1317.9,1437.6,1496.9,1604.2,1585.5,1764.3,1289.9,1458.2,1566.2,1148.5,1267.8,1355.4,1420.1,1167.4,1302.1,1659.7,1528.1,1159.2,1809.6,2019.4,2107.8,2163.3,2290.5,1913.6,2061,2124.7,2193.5,2199,1702.4,1844.6,2063.4,2197.2,1613.7,1772.9,1864,1977.7,2044.9,2092.5,1911.7,2028.2,1604.3,1842.7,1972.2,1666.4,1916,1839.8,1463.7,1577.2,1692.6,1826.1,2516.5,2461.8,2438.2,2282.9,2229.2,2197.2,1180.7,1107.1,1028.4,793.26,1136.7,1118.2,1014.7,955.55,850.87,734.41,632.95,1081.2,1018,946.26,906.71,736.18,674.4,940.48,883.89,852.99,746.63,616.28,553.84,894.11,527.55,838.37,743.37,656.95,550.22,565.63,579.12,823.34,892.56,848.13,752.86,460.65,405.41,430.47,321.97,413.76,293.46,413.57,239.89,417.55,206.94,487.58,354.27,219.28,120.33,474.44,374.26,263.25,651.48,402.96,315.55,222.5,125.9,698.22,651.12,384.86,413.32,378.41,748.73,776.84,619.88,596.4,604.3,600.66,751.9,285.33,777.11,525.21,494,515.1,457.83,580.18,675.08,672.64,661.98,416.8,424.12,367.08,360.19,384.85,668.51,295.15,280.56,330.85,420.2,530.72,632.96,726.51,835.71,836.76,952.49,228.24,210.62,270.08,348.83,409.54,483.43,607.15,706.26,819.5,920.15,173.01,149,224.15,320.2,584.51,690.38,804,910.09,176.91,91.548,300.28,447.02,570.79,675.08,795.09,889.36,0,144.93,294.98,447.58,546.6,617.07,684.51,788.89,164.47,305.85,449.99,575.67,688.33,785.94,158.93,191.85,325.9,466.2,579.01,696.16,178.28,219.53,371.71,436.51,822.8,316.62,378.61,518.12,619.06,426.3,549.95,632.97,641.85,472.7,876.11,2270,2338.5,2134.5,2180.7
1468.6,1475.4,1353.2,1362.4,1387.7,1446.7,1481.7,1531.1,1568.2,1627.1,1167,1248.5,1244,1281.7,1333.5,1408.9,1422.3,1485.1,1575.1,901.37,1077.8,1089,1046.7,1107.9,1152.3,1204.4,1229.1,1315.2,1425.7,1383.1,1072.3,964.43,953.59,1003.1,935.28,1014.6,1116.2,1200,1295,1429.3,1485.4,1973,2099.4,2038.5,1864.1,1791,1954.5,1808.9,1779,1913.2,1527.7,1640.6,1682.1,1467.8,1490.1,1569.1,1466.5,1395.8,1364.1,1385.4,1383.3,1178,1304.6,1336,1245.4,1618.8,1463,2022.2,806.6,811.36,858.34,859.68,925.3,979.6,1156.2,655.75,693.33,652.51,809.87,870.53,555.48,722.7,914.7,854.25,1121.2,797.75,769.81,939.47,801.71,764.73,1229.3,1424.7,1524.4,1640.2,1697.6,1234.5,1344.5,1469.6,1577.8,1637.5,1142.1,1286.1,1411.7,1558.8,1258.7,1385.4,1359.5,1521.6,1207,1322.8,1380.1,1487.4,1466,1652,1171.1,1336.6,1443.9,1025.3,1143.7,1229,1292.7,1037.9,1170.6,1534,1399.8,1043,1769,1970.2,2054.6,2106.8,2229.5,1861.9,2003.1,2064,2132.1,2134.3,1655.6,1789.3,1999,2128.2,1563.2,1711.2,1801.2,1909.3,1976.2,2021.2,1842.3,1954.1,1546.1,1770.4,1894.9,1595.8,1835.7,1758.2,1399,1504.6,1612.5,1738.8,2464.1,2405.8,2379.7,2221.9,2163.6,2128.2,1287.5,1208.7,1126,869.57,1255.1,1230.6,1119.4,1045.9,940.73,814.38,697.34,1203.9,1135,1057,1006.5,834.8,765.85,1063.9,1002,962.96,855.47,726.07,636.4,999.14,639.49,957.72,864.45,781.15,674.69,704.36,722.6,964.27,1026.4,977.91,883.38,560.88,494.52,546,422.39,539.23,408.45,549.96,371.47,560.29,350.06,632.5,498.98,361.45,254.44,618.53,516.22,399.98,793.01,541.07,444.81,338.79,237.24,837.86,785.46,510.78,528.79,483.98,886.09,909.82,749.84,720.48,719.4,707.94,866.36,374.21,921.85,664.63,619.29,616.77,489.87,724.01,799.12,782.78,756.91,404.4,477.82,433.59,370.91,346.01,552.7,370.49,302.8,287.5,329.63,417.71,509.1,596.75,701.56,708.36,816.1,317.85,239.4,215.13,251.25,291.92,354.4,475.28,570.71,681.38,780.61,277.24,191.94,151.82,204.02,446.68,550.46,662.73,768.17,72.918,84.959,163.49,306.02,428,531.54,651.29,745.34,144.93,0,150.1,302.68,401.69,472.17,539.61,643.99,62.201,165.68,306.58,431.68,543.85,641.34,158.67,113.75,198.4,326.88,437.42,553.47,212.85,201.78,254.61,309.83,680.08,267.37,281.02,390.35,483.6,338.21,429.97,504.03,518.77,391.7,731.25,2333.9,2416.9,2210.9,2253.7
1504.9,1496.4,1401.8,1398.5,1407.2,1445.3,1472,1512.7,1541.4,1593.9,1222.8,1294.2,1278.3,1296.1,1330.4,1397.4,1401.9,1453.4,1539.1,974.85,1159.2,1157.1,1089.8,1136.7,1169,1208.6,1220.8,1289.7,1390,1343.9,1160.8,1031.9,997.87,1032.1,964.1,1023.6,1100.3,1167.2,1248,1435.1,1492.6,2052.9,2189.7,2131.7,1936,1868.2,2049.6,1907.4,1871.8,2004.8,1621.9,1721.8,1756.1,1551.8,1566.6,1638.2,1530,1472.4,1432.2,1446,1487.6,1269,1394,1444,1345.3,1679.6,1510.3,2109.4,862.34,853.51,887.65,846.66,893.95,920.84,1092.8,709.19,703.01,624.05,761.71,791.2,593.32,658.15,812.22,743.41,1079.6,707.47,772.93,825.74,689.12,658.75,1087.9,1348.8,1439,1548.6,1602.9,1161.5,1260.8,1376.8,1479.2,1536.5,1055.4,1194.4,1311.5,1452.2,1156.6,1279.4,1249.2,1408.1,1096.8,1207.1,1261.9,1368.9,1344.4,1537.9,1051.6,1212.9,1318.9,901.2,1018,1100.2,1162.5,906.07,1035.7,1404.9,1268,927.78,1733.7,1924.4,2004.1,2052.5,2169.8,1814,1947.8,2005.4,2072.6,2071,1614.6,1738,1936.6,2060.4,1518.8,1653.4,1741.6,1843,1909.3,1951.2,1775.3,1881.4,1493.4,1700.6,1818.9,1529,1756.9,1678.2,1340.4,1436.4,1535.1,1652.6,2412.9,2351,2322.2,2162.4,2099.4,2060.4,1402.3,1319.3,1233.6,961.53,1380.5,1350.6,1233.4,1147.7,1043.4,910.55,783.03,1333.3,1259.6,1176.7,1117.1,946.39,872.6,1194.4,1128.4,1082.7,975.29,848.25,738.92,1114.3,764.64,1085.4,994.26,914.1,808.75,849.05,871.08,1110.3,1166.2,1114.3,1020.8,679.03,606.83,675.41,545.31,675.56,540.83,693.62,514.05,708.38,498.89,782.5,649.06,510.81,402.12,768.41,665.2,547.01,941.45,688.06,587.87,477.77,378.81,985.09,929.37,651.26,662.85,612.96,1031.7,1052.4,890.98,857.88,850.65,833.8,995.8,497.58,1071.9,812.01,758.3,740.18,565.98,873.75,935.95,909.81,872.96,439.48,564.34,532.73,431.63,362.05,446.79,480.21,382.8,310.23,282.31,323.75,392.46,468.68,565.74,580.55,676.43,440.26,335.93,246.49,211.15,205.04,236.76,346.62,434.19,540.05,636.9,410.11,307.83,193.99,145.99,308.33,407.34,517.04,621.35,148.22,223.09,67.742,164.77,281.03,383,502.25,595.97,294.98,150.1,0,152.59,251.62,322.08,389.53,493.9,157.41,62.394,162.83,284.7,395.34,492.4,266.1,183.48,125.16,194.56,296.21,408.83,324.62,281.52,187.13,210.3,534.88,297.84,242.99,280.47,354.3,303.32,332.02,386.29,410.68,358.93,581.15,2403.1,2500.3,2292.8,2332
1558.3,1535.1,1467.7,1452.7,1445.3,1462.3,1480.5,1511.8,1531.5,1576.7,1297.3,1358.5,1332.2,1330.7,1347.2,1404.7,1400.1,1439.3,1519.5,1068.1,1256.9,1243.3,1154.6,1187.3,1207.6,1234.3,1233.9,1284,1372.3,1323,1264.7,1119.1,1065.2,1084.7,1017.9,1057.3,1107.5,1155.7,1220.1,1459.6,1517.7,2143.9,2289.8,2234.7,2020.2,1957.5,2154.6,2015.9,1975.3,2106.7,1727.6,1815.3,1843,1649,1656.9,1721.1,1608.5,1563.2,1515.7,1522.5,1602.8,1373.9,1496.9,1562.5,1457.4,1754.8,1574,2207,942.56,922.05,943.72,863.06,889.95,886.11,1049.1,791.58,746.84,634,743.87,736.12,667.3,626.09,727.52,649.35,1060.4,641.65,807.8,725.94,594.17,573.96,947.89,1287.6,1366.1,1467.6,1518.2,1106,1191.6,1295.7,1390.6,1444.6,985.44,1116.4,1222.3,1354.5,1066.7,1183.5,1148.4,1302.4,997.58,1100.1,1151.3,1257.1,1228.9,1430.6,941.08,1095.6,1199.6,786.31,899.55,977.12,1037.1,780.42,904.85,1279.9,1140.2,824.23,1713.3,1891.6,1965.8,2009.9,2120.9,1779.6,1904.7,1958.4,2024.2,2018.7,1588.9,1700.5,1885.9,2003.1,1490.4,1609.5,1695.1,1788.5,1853.8,1892.2,1720.5,1819.7,1456.4,1643.3,1754,1476.3,1689,1609.5,1298.6,1382.9,1470.3,1577.2,2372,2306.5,2275,2113.7,2045.8,2003.1,1526.8,1440.6,1352.9,1070.4,1513.8,1479.7,1357.9,1262.9,1160.1,1023.4,889.63,1470,1392.6,1306.1,1239.6,1071,994.19,1332.5,1263.4,1212.7,1106,981.64,859.15,1240.5,900.83,1221.7,1132.4,1054.9,950.88,998.3,1022.8,1260.2,1311.4,1257.1,1164.6,811.28,736.24,815.25,682.56,819.9,683.8,842.51,662.93,859.94,651,935.08,801.61,662.81,553.31,920.72,816.84,697.45,1092.5,838.22,735.61,623.7,527.08,1135.1,1076.8,796.99,804.08,751.17,1180.4,1198.6,1036.3,1000.5,988.56,967.71,1131.5,633.88,1224.5,962.3,902.49,873.08,667.72,1025.9,1077.8,1044.1,998.9,521.1,677.15,655.17,532.83,436.59,374.24,610.87,499.95,397.17,312.93,285.77,307.88,358.6,438.95,466.4,541.56,579.19,465.41,350.4,270.24,212.95,180.24,244.81,310.39,404.28,495.81,555,447.89,315.32,218.22,189.27,271.15,373.57,475.04,292.32,373.47,169.19,78.313,140.01,234.8,352.2,445.04,447.58,302.68,152.59,0,99.04,169.5,236.93,341.32,303.13,160.64,61.392,140.87,245.64,341.53,403.3,316.73,192.63,115.26,167.29,266.81,460.13,404.46,223.45,191.86,390.08,388.58,289.31,220.82,245.94,337.4,281.2,295.67,333.24,384.89,428.59,2482.9,2593.3,2384.9,2420.8
1601.5,1569.4,1518.8,1496.9,1479.7,1483.5,1496.1,1521.3,1535,1575.3,1354.1,1409.1,1376.7,1363.5,1368.9,1420.1,1409.6,1440.5,1516.8,1136.9,1327.2,1307.1,1206.7,1230.8,1243.8,1262.4,1254,1291.8,1371.6,1320.7,1338.4,1184.2,1119.4,1130.2,1064.8,1091.8,1125.2,1160.9,1213.9,1485.4,1543.7,2208.1,2359.1,2305.7,2080.5,2021,2227,2090.5,2047,2177.3,1801,1881.6,1905.3,1717.6,1721.6,1781.3,1666.6,1628.6,1576.9,1579.7,1681.9,1447.8,1569.2,1643.5,1535.1,1810.3,1623.3,2275,1005.1,978.27,992.63,889.46,903.11,879,1033.8,856.8,791.52,661.3,750.73,717.52,729.91,626.51,686.99,602.98,1061.4,617.45,846.22,673.48,548.4,537.03,860.23,1258,1327.7,1423,1470.7,1081.8,1157,1252,1340.9,1392.3,952.2,1076.2,1173.1,1298.3,1018.1,1129.6,1091.1,1240.5,942.43,1038.2,1086.4,1190.9,1159.9,1367.1,877.61,1025.9,1127.7,720.72,830.06,903.34,961.17,705.85,825.11,1203.4,1061.9,767.41,1709.1,1878.5,1948.8,1989.9,2096.3,1765.9,1884.6,1935.5,2000.2,1992,1581.8,1684.9,1860.8,1973.2,1482,1590,1673.5,1761.2,1825.5,1861.3,1693.2,1787.3,1442.4,1614.5,1719.5,1451.5,1652.8,1573.1,1282.4,1358,1437.2,1536.1,2352.2,2284.5,2251.2,2089.2,2018.3,1973.2,1611.1,1523.4,1434.7,1147.5,1603,1566.6,1442.5,1342.7,1241,1102.9,966.59,1561,1481.8,1393.5,1323.4,1156.4,1078.3,1424.4,1353.8,1300.5,1194.4,1071.7,943.17,1326.3,992.47,1312.7,1224.6,1148.6,1045.3,1096,1121.6,1358.1,1406.9,1351.5,1259.5,901.32,825.28,908.8,775.35,915.49,779.05,940.1,760.65,958.64,749.92,1034.1,900.58,761.46,651.59,1019.5,915.24,795.27,1190.5,935.81,832.06,719.47,624.1,1232.5,1172.8,892.35,897.14,842.88,1277.1,1293.8,1131.2,1093.9,1079.5,1056.6,1221,725.17,1323.4,1059.9,996.89,961.69,741.97,1124.6,1170.7,1132.9,1083.4,590.61,758.87,741.53,611.14,505.41,357.26,701.17,585.68,472.89,368.41,304.35,286.92,308.97,368.73,407.65,461.14,673.11,556.44,434.43,342.33,270.44,206.83,215.8,249.48,325.51,409.67,651.34,542.92,406.19,300.25,151.17,197.57,286.54,383.47,389.64,472.02,263.43,133.06,79.202,144.56,257,348.28,546.6,401.69,251.62,99.04,0,70.576,137.93,242.32,400.15,254.39,117.05,69.231,150.88,244.31,496.63,409.96,274.72,147.76,117,182.73,552.25,492.44,289.55,237.12,299.39,464.04,351.73,231.21,206,389.62,287.63,266.91,312.12,429.24,329.66,2539.8,2658,2449.3,2483.1
1630.5,1592.2,1553.5,1526.8,1502.7,1497.3,1505.9,1526.6,1536.1,1572.7,1393.3,1443.7,1407.2,1385.9,1383.4,1429.9,1415.3,1440.3,1513.4,1184.8,1375.8,1351.2,1242.9,1261,1268.9,1281.7,1267.8,1296.6,1370.2,1318.2,1389.3,1229.5,1157.4,1162.2,1097.9,1116.2,1137.7,1164.3,1209,1502.5,1560.7,2251.3,2406,2353.9,2121,2063.8,2276.1,2141.3,2095.8,2225.2,1851.3,1926.6,1947.4,1764.6,1765.6,1822.1,1705.9,1673.2,1618.7,1618.6,1736.3,1498.8,1618.9,1699.3,1588.6,1847.7,1656.6,2320.9,1049.1,1018.1,1027.4,909.39,913.72,875.4,1023.3,903.24,824.62,683.95,758.24,707.11,775.33,631.02,660.53,573.06,1062.4,604.22,874.69,638.02,519.77,515.5,796.78,1236.2,1299.3,1389.8,1435.3,1064.6,1131.9,1219.9,1304.2,1353.7,929.07,1047.2,1137.2,1257,983.25,1090.4,1049.5,1195.2,903.07,993.49,1039.3,1142.5,1109.6,1320.3,832.29,975.32,1075.3,674.65,780.39,850.13,906.19,652.87,767.65,1147.5,1004.9,727.8,1704.3,1867,1934.4,1973.3,2076.3,1754.1,1868.2,1917,1980.7,1970.7,1575.2,1672.1,1840.7,1949.5,1474.7,1574.5,1656.3,1739.7,1803.3,1837.2,1671.9,1762.1,1431.2,1592.2,1693,1432.5,1625.2,1545.4,1270,1339.3,1412.3,1505.2,2335.3,2266.1,2231.5,2069.3,1996.3,1949.5,1669.4,1580.6,1491.4,1201.2,1664.9,1626.8,1501.2,1398,1297.2,1158.3,1020.6,1624.3,1543.8,1454.2,1381.6,1215.8,1137,1488.4,1416.7,1361.6,1256.1,1134.7,1002,1385.9,1056.6,1376.2,1289,1214,1111.4,1164.7,1191.4,1427,1473.9,1417.5,1326,964.42,887.8,974.41,840.55,982.62,846.01,1008.8,829.56,1028.4,820.04,1104.5,971.11,832.03,722.11,1090.1,985.78,865.69,1260.9,1006.1,902,789.18,694.29,1302.7,1242.4,961.83,965.62,910.76,1347,1363.1,1200.4,1162.4,1146.8,1122.9,1287.5,792.95,1394,1130.2,1065.9,1027.9,801.12,1195.2,1239,1199.2,1147.4,641.48,816.65,802.43,667.37,556.66,356.32,764.79,646.7,528.61,414.2,330.64,287,284.31,323.43,371.37,405.22,739.25,620.92,495.33,397.89,320.6,245.2,216.19,218.28,273.36,349.27,719.24,610.03,471.19,361.67,154.87,157.62,227.11,318.45,458.54,541.76,331.1,192.48,89.051,87.864,189.49,278.95,617.07,472.17,322.08,169.5,70.576,0,67.469,171.82,470.43,324.04,182.65,82.037,92.801,178.19,565.56,479,340.65,202.68,129.25,140.41,620.63,559.2,349.11,289.75,242.1,525.28,408.31,266.6,209.07,440.44,316.62,272.97,320.93,475.08,259.11,2577.6,2701.3,2492.6,2524.9
1665.3,1621.5,1593.4,1562.6,1532.5,1518.6,1523.6,1540.2,1545.6,1578.7,1437.2,1483.7,1443.6,1415.1,1405.6,1447.8,1429.4,1448.7,1518.8,1236.3,1427.6,1399.4,1284.5,1297.5,1300.8,1308.5,1289.6,1310.2,1377.7,1324.8,1443,1278.8,1200.7,1200.3,1137.2,1148,1158.8,1177,1213.6,1526.8,1584.9,2297.9,2455.7,2404.7,2165.4,2110.3,2327.8,2194.5,2147.3,2275.8,1904.1,1974.9,1993.3,1814.6,1813.3,1867,1749.7,1721.4,1664.5,1662,1792.5,1552.4,1671.4,1756.7,1644.2,1889.6,1695.1,2369.8,1097.6,1063.3,1068.4,938.02,934,882.72,1023.1,954.09,864.91,716.3,776.67,709.12,825.75,647.88,646.89,556.77,1073.2,604.59,910.86,615.02,505.62,508.84,740.23,1224.1,1280.4,1365.9,1408.9,1057.8,1116.9,1197.4,1276.8,1324,916.91,1028.6,1111.1,1224.8,958.71,1060.9,1017.5,1158.8,874.07,958.26,1001.3,1102.8,1067.9,1282,797.08,933.68,1031.4,639.52,740.49,805.86,859.69,609.79,718.64,1099.4,955.88,699.51,1707.8,1864,1928.4,1965.1,2064.6,1750.9,1860.2,1906.9,1969.7,1957.8,1577.3,1667.9,1829.2,1934.3,1476.3,1568,1647.9,1727,1789.7,1821.7,1659.4,1745.7,1429.1,1579,1675.3,1422.8,1606.4,1526.8,1267.3,1330.1,1396.7,1483.3,2326.5,2255.8,2220.1,2057.7,1982.7,1934.3,1728.8,1639.1,1549.5,1257.2,1727,1687.6,1560.9,1455.1,1355.2,1215.7,1077,1687.4,1606,1515.5,1440.9,1276.3,1196.9,1552.1,1479.6,1423.2,1318.1,1197.7,1062.2,1446.4,1120.5,1439.5,1353,1278.8,1176.6,1231.6,1258.8,1494,1539.6,1482.5,1391.4,1027.7,950.73,1039.4,905.32,1048.5,911.88,1075.7,896.52,1095.8,887.48,1172,1038.5,899.26,789.17,1157.4,1052.9,932.48,1327.8,1072.8,968.09,855.01,760.76,1369.2,1308.1,1027.3,1029.9,974.46,1413,1428.3,1265.5,1226.8,1209.9,1184.8,1349.6,856.62,1461.3,1196.9,1130.9,1089.9,856.43,1262.4,1303,1261,1206.9,696.54,876.29,864.32,726.23,612.38,373.5,828.58,708.91,587.58,467.17,371.13,307.94,281.44,294.81,352.04,360.87,804.66,685.41,557.82,457.47,377.61,296.65,241.92,212.85,237.61,299.59,785.69,676.1,536.21,424.98,189.71,148.97,182.46,262.13,525.59,609.12,397.71,256.35,140.12,72,131.1,215.2,684.51,539.61,389.53,236.93,137.93,67.469,0,104.39,537.08,390.1,246.59,130.97,60.828,116.78,630.62,544.27,403.5,259.89,166.15,120.84,685.05,622.11,406.89,343.17,191.4,583.32,463.16,307.95,228,490.24,351.07,289.85,337.93,520.34,191.77,2619.4,2747.8,2539.1,2570.1
1719.1,1667.2,1654.9,1618,1579,1552.5,1551.8,1562,1561.3,1588.9,1505.1,1545.7,1500.3,1461.3,1441.2,1476.6,1452.6,1463.1,1528.2,1315.9,1507.3,1473.7,1349.5,1354.7,1351.3,1351.4,1325.1,1333.2,1391,1337,1525.5,1355,1268.4,1260.5,1199.3,1199.1,1193.9,1199.3,1223.4,1565.1,1622.8,2368.7,2531,2481.8,2232.9,2180.9,2406.3,2275.3,2225.6,2352.8,1984.6,2048.6,2063.2,1891.1,1886.2,1935.6,1816.7,1795.2,1734.9,1728.7,1878.4,1634.6,1751.7,1844.4,1729.3,1953.7,1754.4,2444,1173.3,1134.3,1133.3,985.72,969.47,899.28,1027,1033.6,929.95,771.5,811.09,720.07,905.29,682.01,634.63,542.48,1093.2,615.16,969.69,588.26,496.4,511.35,653.88,1208,1253.1,1330.1,1369.2,1051,1096.7,1164.9,1235.9,1279.4,902.97,1003.4,1073.2,1176.4,924.57,1017.8,970.76,1104,833.46,906.67,944.8,1043,1004.9,1223.7,746.99,871.61,964.87,591.8,683.13,740.34,789.93,548.73,645.7,1025.7,881.22,662.35,1713.9,1859.2,1919,1952.2,2046,1746.4,1847.9,1891.2,1952.4,1937.6,1581.5,1662.2,1811.6,1910.6,1480.2,1558.9,1635.7,1707.6,1768.8,1797.7,1640.7,1720.5,1427.5,1559.3,1648.4,1409.2,1578,1498.9,1265.4,1317.7,1374.1,1450.4,2311.9,2239,2201.6,2039.4,1961.4,1910.6,1819.5,1728.7,1638.5,1343.5,1822,1780.7,1652.3,1542.7,1444.1,1304.1,1164.3,1784.1,1701.2,1609.4,1532,1369.2,1289.1,1649.7,1576.1,1517.7,1413.3,1294.5,1154.9,1539,1218.8,1536.6,1451.2,1378.3,1276.9,1334.5,1362.7,1597,1640.4,1582.4,1491.9,1125,1047.6,1139.2,1005,1149.9,1013.2,1178.6,999.66,1199.7,991.63,1276.3,1142.9,1003.6,893.39,1261.8,1157.1,1036.5,1431.8,1176.7,1071.4,958.1,864.51,1472.9,1411,1130,1131.4,1075.2,1516.3,1530.7,1367.7,1328.1,1309.7,1283.3,1448.2,957.43,1565.7,1300.7,1232.9,1188.5,947.42,1366.8,1404,1359.4,1302.5,783.15,968.58,959.83,817.86,700.37,416.52,926.89,805.2,679.96,552.96,443.78,359.65,303.27,273.61,342.01,304.81,905.39,784.94,654.94,551.45,469.35,383.89,304.46,240.02,210.04,236.21,888.02,777.91,636.73,523.69,266.66,186.07,146.7,186,629.01,713.06,500.6,356.77,234.48,136.12,73.756,121.64,788.89,643.99,493.9,341.32,242.32,171.82,104.39,0,641.03,493.69,349,227.73,120.9,64.288,733.08,647,504.29,357.11,252.05,160.56,786.82,722.4,502.84,435.64,148.12,678.48,555.63,389.39,290.99,576.97,423.61,345.25,390.45,601.51,87.464,2682.4,2818.2,2609.6,2638.5
1530.4,1537.6,1414.3,1424.2,1449.9,1508.2,1542.7,1591.3,1627.4,1685.6,1227.5,1309.9,1306,1343.8,1394.9,1469.7,1482.2,1543.7,1633.1,959.97,1134.6,1148.1,1108.3,1170.1,1214.4,1266.1,1290.1,1374.5,1483.7,1440.5,1127.5,1023.8,1015.2,1065.2,997.46,1076.5,1176.4,1258.2,1351,1491.2,1547.3,2029.4,2153.3,2091.7,1922,1848,2007.2,1860.7,1832.4,1966.9,1581,1696.9,1739.8,1523.6,1547.4,1627.7,1525.9,1453.3,1423,1445.3,1433.6,1232.6,1359.3,1385.1,1297.4,1678.6,1524.2,2076.9,867.55,873.21,920.53,919.91,983.39,1032.8,1208.6,717.11,755.05,710.39,864.9,918.26,617.64,773.92,954.6,890.45,1177.9,841.86,831.24,974.46,836.99,802.85,1245.2,1474.2,1571.2,1685,1741.3,1284.6,1391.6,1513.8,1620,1678.8,1188.1,1330.6,1453.1,1597.7,1299.2,1424.4,1396.6,1557.2,1244,1357.2,1413.3,1520.4,1497.3,1687.4,1203.4,1366.5,1473.1,1054.8,1172.3,1255.7,1318.4,1062.3,1192.6,1560.6,1424.4,1077.4,1827.2,2026.8,2110.4,2161.9,2283.5,1918.1,2057.9,2118.1,2186.1,2187.4,1712.9,1844.8,2052.3,2180.3,1619.9,1765.3,1855,1961.6,2028.4,2072.6,1894.4,2004.8,1601.3,1821.8,1944.7,1647.8,1884.7,1806.8,1452.8,1556.3,1661.7,1785.5,2519.9,2460.9,2434.2,2276,2216.5,2180.3,1333.9,1257,1175.6,924.46,1296.1,1274.5,1166.4,1097.5,992.36,868.33,754.2,1242.5,1176.6,1101.5,1055.1,883.54,816.67,1102,1043,1007.7,900.48,770.42,689.2,1045.9,682.7,998,903.69,818.5,711.71,729.9,740.31,986.66,1056.9,1011.7,916.59,608.23,544.9,587.3,468.78,575.35,449.2,578.02,403.09,580.06,369.94,643.32,507.41,364.88,253.4,623.28,516.77,395.46,790.76,535.73,432.51,321.14,224,832.35,773.82,494.65,505.45,456,877.3,896.16,734.3,700.54,693.56,677.8,839.1,341.54,928.46,659.83,601.21,584.74,436,727.35,778.56,753.58,720.41,466.58,535.57,488.79,432.51,407.22,590.02,423.19,363.04,348.78,381.53,458.39,541.41,623.18,722.67,735.19,833.84,366.15,297.87,276.25,302.71,332.66,384.92,500.94,591.12,697.44,793.91,320.22,246.49,212.51,249.05,465.41,564.63,673.45,776.93,132.97,135.38,193.35,321.98,437.28,537.35,655.34,748.01,164.47,62.201,157.41,303.13,400.15,470.43,537.08,641.03,0,148.12,294.45,420.49,534.33,632.18,112.61,51.624,161.45,304.67,419.03,537.25,170.82,145.06,209.32,272.2,663.54,205.18,226.31,353.8,455.07,281.15,387.52,468.63,478.68,333.35,728.48,2392.2,2472.4,2266.7,2310.2
1565.6,1558.2,1461.1,1459.2,1469.1,1507.6,1534.3,1574.6,1602.7,1654.7,1280.9,1353.7,1339.1,1358.2,1392.8,1459.6,1463.7,1514.4,1599.6,1029.3,1212.1,1212.9,1149.5,1197.9,1231,1270.9,1283.2,1351.2,1450.6,1404.2,1211.8,1087.7,1057.3,1093.1,1025.1,1085.8,1162.4,1228.3,1307.5,1497.5,1554.9,2106.7,2240.8,2181.9,1991.6,1922.6,2099.3,1955.9,1922.1,2055.5,1671.6,1775.1,1811.2,1604.4,1621,1694.2,1587,1526.7,1488.2,1503.4,1533.8,1319.4,1445,1488.8,1393,1737.2,1569.8,2161.4,919.95,913.03,948.57,908.97,955.36,978.98,1149.8,766.81,765.01,685.97,821.7,845.53,652.75,716.06,859.29,787.3,1139.9,759.19,835.21,867.86,732.52,705.24,1108.4,1402.8,1490.3,1597.8,1651.1,1216.5,1312.8,1425.8,1526.1,1582.3,1107,1244.1,1358,1496,1202.7,1323.6,1291.7,1448.8,1139.7,1247.1,1300.4,1406.9,1380.7,1578,1089.9,1248.2,1353.3,937.28,1052.5,1132.4,1193.4,936.6,1063.2,1436.3,1297.6,968.72,1794.3,1983.6,2062.5,2110.4,2226.6,1872.9,2005.5,2062.5,2129.4,2127.2,1674.5,1796.5,1993,2115.6,1578.3,1710.8,1798.6,1898.7,1964.8,2006,1830.9,1935.6,1551.8,1755.7,1872.4,1584.9,1809.7,1730.7,1398,1492,1588.4,1703.5,2471.1,2408.6,2379.4,2219.3,2155.3,2115.6,1444.2,1363,1278.4,1011.3,1417,1390,1275.5,1194.6,1089.8,958.9,834.13,1367.3,1296.4,1216.1,1160.6,989.21,917.22,1227.6,1164.2,1122,1014.4,886.02,784.75,1155.8,800.69,1120.4,1027.8,945.49,839.27,869.51,884.89,1128.7,1192.1,1143.2,1048.8,718.42,648.51,708.84,581.95,704.26,572.1,715.46,537.14,723.39,512.77,790.37,654.87,512.86,401.51,771.33,664.87,543.21,938.42,683.06,578.01,465.15,370.84,979.23,918.43,637.96,643.66,590.53,1023,1039.4,876.88,840.19,827.93,807.45,971.08,473.25,1076.4,807.09,742.7,712.94,520.06,875.47,917.37,883.8,840.63,498.53,614.37,578.83,486.56,422.62,495.22,522.25,432.96,369.58,344.27,378.03,436.91,505.2,594.89,616.03,700.78,476.59,380.82,303.46,273.54,263.69,284.61,384.79,464.25,563.52,656.31,440.59,345.49,246.98,208.39,339.06,430.08,534.2,635.4,188.44,248.4,130.12,198.6,299.61,395.06,511.07,602.65,305.85,165.68,62.394,160.64,254.39,324.04,390.1,493.69,148.12,0,146.33,272.41,386.21,484.07,242.84,156.18,62.801,161.25,273.16,390.57,299.49,245.54,125,155.65,517.15,245.49,180.94,231.6,318.4,241.05,278.71,342.53,362.11,296.59,581.06,2459.4,2553.4,2346.2,2386.3
1614.3,1593.2,1521.2,1508.5,1503.4,1522.6,1541.3,1573,1592.9,1638.1,1348.7,1412.2,1387.9,1389.2,1407.5,1465.6,1461.3,1500.6,1580.8,1114.1,1301.6,1291.6,1208,1243.4,1265.6,1293.7,1294.3,1345.3,1433.6,1384.4,1307.3,1166.9,1118,1140.3,1073.3,1115.7,1168.3,1217.1,1281.3,1519.3,1577.4,2191.4,2334.3,2278.1,2069.6,2005.4,2197.2,2057.1,2018.4,2150.4,1769.8,1861.8,1891.6,1694.2,1704.3,1770.7,1659.2,1610.4,1565,1573.6,1640.9,1416.2,1540,1599,1496.8,1806.4,1628,2252.3,992.02,974.3,998.53,923,951.12,947.1,1109.5,840.11,803.29,694.1,805.26,795.81,717.54,687.36,782.63,702.54,1121.8,700.32,865.68,777.15,647.43,629.72,977.19,1345.8,1422.3,1522.1,1571.8,1165.1,1248.7,1350.4,1443.4,1496.5,1042.7,1172,1275.2,1404.8,1119.7,1234.6,1198.1,1350.2,1048.1,1147.7,1197.5,1302.6,1272.9,1477.6,987.8,1139.1,1241.8,831.8,943.03,1018,1076.6,820.66,941.45,1319.1,1178,873.86,1774.6,1952.4,2026.2,2069.9,2180.2,1840.3,1964.7,2017.9,2083.6,2077.6,1650.1,1761,1945.1,2061.5,1551.4,1669.5,1754.8,1847.3,1912.5,1950.3,1779.3,1877.5,1517,1701.8,1811.3,1535.5,1745.9,1666.4,1358.9,1442,1527.9,1632.8,2432.1,2366.3,2334.5,2173,2104.6,2061.5,1560.2,1475.7,1388.9,1110.7,1541.7,1510.4,1391.2,1300.8,1197.2,1062.1,930.6,1495.4,1420.7,1336.5,1273.9,1104,1028.7,1356.8,1290,1242.7,1135.5,1009.3,894.16,1272.8,926.42,1247.4,1156.6,1076.8,971.56,1010.2,1028.9,1270.7,1328.8,1277.2,1183.6,839.51,766.11,837.93,707.18,838.36,703.64,855.1,675.75,866.81,656.4,936.09,800.86,659.15,547.84,917.63,811.16,689.26,1084.3,828.77,722.62,609.16,516.52,1124.5,1062,781.05,783.41,728.22,1167.3,1181.9,1019,980.23,964.2,940.39,1105,610.4,1222.7,952.71,884.3,845.49,626.02,1021.8,1056.6,1016.8,966.4,568.6,715.07,688.63,574.46,485.18,433.35,639.73,535.2,442,368.52,347.14,365.9,409.52,481.21,514.39,577.38,602.41,494.41,389.22,319.42,269.55,241.62,300.42,356.45,441.06,526.7,572.93,470,346.83,262.09,241.23,310.47,403.57,499.93,310.74,384.63,200.38,139.44,181.64,261.6,372.03,461.17,449.99,306.58,162.83,61.392,117.05,182.65,246.59,349,294.45,146.33,0,126.15,239.89,337.74,384.16,298,158.15,54.148,133.45,247.04,438.48,376.56,174.75,133.15,373.57,347.5,238.95,160.11,199.14,282.6,220.38,242.53,276.98,327.7,436.09,2533.6,2640.2,2432.1,2469
1670.5,1638.6,1587,1565.8,1548.9,1552.1,1564,1588.2,1600.8,1639.9,1421.3,1477.3,1445.6,1432.8,1437.6,1488,1476.6,1505.9,1581.1,1200.8,1390.6,1372.6,1274.6,1299.7,1313.1,1331.5,1322.5,1358.5,1436.6,1385.3,1400.4,1249.3,1187,1199,1133.4,1161,1193.5,1227.2,1277.5,1554.4,1612.7,2273.7,2423.1,2369,2147.1,2086.8,2289.7,2152.2,2110,2240.8,1863.3,1946.5,1971.4,1781.7,1787,1847.9,1733.6,1693.7,1643.2,1646.9,1741.3,1509.8,1631.9,1701.7,1595.2,1877.8,1691.7,2339.4,1070.8,1045.4,1060.9,958.54,971,942.95,1095,921.66,860.19,730.48,817.88,778.56,795.39,692.78,739.19,652.73,1127,677.05,915.33,719.12,598.97,592.07,871.11,1313.5,1378.9,1470.7,1516.6,1139.8,1210.4,1300.5,1385.8,1435.4,1006.7,1126.9,1218.6,1339,1064.4,1172.2,1131.4,1277.2,984.86,1075.5,1121.2,1224.2,1191,1402.1,914.3,1056.7,1156.2,756.65,861.98,930.86,986.27,733.81,846.7,1227.1,1084.1,809.58,1772.9,1939.6,2008.5,2048.5,2153,1826.8,1943.2,1993,2057.2,2047.9,1644.9,1745.3,1917.4,2027.7,1544.8,1649.1,1731.7,1817,1880.9,1915.5,1749.1,1840.8,1503.5,1669.8,1772.1,1508.6,1704.6,1624.9,1342.9,1415.3,1490.8,1585.6,2410.7,2342.1,2308.1,2146,2073.8,2027.7,1667,1580.4,1492.4,1207.8,1654.7,1620.4,1498.2,1401.6,1299.2,1161.9,1026.9,1610.6,1533.5,1446.9,1379.6,1211.4,1134.3,1473,1404.2,1353.5,1246.8,1122.5,999.2,1381.1,1041.5,1362.4,1272.9,1194.9,1090.4,1133.7,1154.3,1394.9,1449.8,1396.5,1303.6,952.13,877.11,955.28,822.96,958.57,822.89,978.31,798.73,991.92,781.73,1062.2,927,785.27,673.88,1043.7,937.08,814.87,1209.7,954.02,846.99,733.2,641.88,1249.3,1185.3,904.2,904.12,847.65,1291.2,1304.1,1141.1,1100.8,1082,1055.8,1220.7,729.93,1348.8,1077.8,1006.2,960.91,725.51,1147.8,1176.4,1131.9,1076.5,653.72,816.36,795.7,670.43,568.57,421.2,751.73,640.26,533.18,434.7,373.53,350.83,361.35,405.44,452.32,485.57,719.22,606.24,490.03,403.63,335.6,275.68,279.16,297.22,355.03,427.57,693.22,587.45,456.19,356.61,214.55,238.43,306.76,392.75,430.09,507.78,309.82,195.36,141.42,169.76,261.85,344.89,575.67,431.68,284.7,140.87,69.231,82.037,130.97,227.73,420.49,272.41,126.15,0,113.99,211.75,507.28,421.93,277.12,129.63,50.961,126.02,560.06,494.79,276.28,212.32,250.6,452.6,332.21,184.57,138.61,360.85,235.29,201.07,247.65,393.81,313.58,2607.2,2723.5,2514.9,2549.3
1718.5,1677.1,1643.7,1615.2,1587.9,1576.9,1582.7,1600,1606,1639.4,1484.9,1534,1495.9,1470.7,1463.6,1506.9,1489.2,1509.2,1579.5,1277.6,1468.6,1443.8,1333.7,1349.7,1355.2,1365,1347.7,1370.1,1438.3,1385.5,1482,1322.2,1248.8,1251.6,1187.8,1202.5,1217,1237,1274.4,1584.2,1642.3,2343.6,2498.7,2446.7,2212.8,2156.1,2368.9,2234.1,2188.6,2318,1944.1,2019.2,2039.5,1857.3,1858.1,1914,1797.5,1765.7,1710.8,1710,1828.5,1591.5,1711.7,1791.1,1681,1938.7,1746.3,2413.5,1141.6,1110,1118,993.7,992.34,943.24,1084,996.01,914.84,770.29,835.37,769.92,868.06,706.84,706.64,616.16,1133.4,665.41,963.14,672.66,565.47,569.51,774.14,1283.9,1338.6,1422.4,1464.6,1118.3,1176.1,1254.6,1332.1,1378.3,976.72,1087,1167.1,1278,1015.4,1115.5,1071,1209.8,929.12,1010.2,1051.6,1151.9,1115.6,1331.8,849.31,981.69,1077.5,692.18,790.1,852.21,904.09,657.68,761.21,1141.9,997.76,755.16,1768.6,1924.6,1988.8,2025.3,2124.2,1811.6,1920.4,1966.8,2029.4,2017.2,1638.1,1728.6,1888.9,1993.3,1537.1,1628.4,1708.1,1786.4,1849,1880.5,1718.9,1804.3,1489.9,1638.4,1733.7,1482.8,1664.5,1585,1328,1390.2,1455.7,1540.6,2386.6,2315.6,2279.7,2117.4,2042,1993.3,1760.3,1671.9,1582.9,1293.5,1753.7,1716.7,1591.9,1489.9,1388.9,1250.2,1112.8,1711.8,1632.5,1543.8,1472.5,1306.1,1227.6,1575.2,1504.6,1450.9,1345,1222.5,1092.6,1476.1,1143.3,1463.6,1375.5,1299.2,1195.7,1243.6,1266.2,1505.3,1556.8,1501.9,1409.7,1052.2,976.02,1059.4,926.1,1065.3,929.03,1087.9,908.31,1103.6,893.81,1175.3,1040.4,899,787.72,1157.5,1051,928.86,1323.7,1068,960.78,846.92,755.87,1363.1,1298.6,1017.6,1016.4,959.41,1404.8,1417,1254,1213,1192.7,1165.2,1330.1,841.86,1462.5,1191.8,1119,1070.5,826.64,1261.7,1288.2,1241.1,1182.7,734.09,907.64,891.8,758.87,649.19,431.95,852.04,735.94,620.18,507,420.35,365.17,342.24,352.01,411.33,409.52,823.59,707.31,584.57,489.37,413.07,337.82,297.2,273.65,292.77,344.81,800.59,692.94,557.05,450.46,240.68,209.75,234.2,300.99,537.94,618.1,413.49,281.81,180.76,132.38,172.82,242.27,688.33,543.85,395.34,245.64,150.88,92.801,60.828,120.9,534.33,386.21,239.89,113.99,0,97.862,620.83,535.73,390.06,240.25,131.47,60.017,673.04,606.6,384.1,315.63,149.91,558.93,435.35,268.8,176.08,456.07,305.5,235.36,282.8,481.3,202.87,2668.6,2793.6,2584.9,2616.9
1769.9,1721.1,1702.1,1668,1632.6,1610.1,1611,1622.6,1623.1,1651.5,1548.8,1592.6,1549.7,1515,1498.3,1535.6,1512.8,1525,1590.9,1351.8,1543.2,1513.4,1394.8,1403.8,1403.3,1406.2,1382.2,1393.4,1453.1,1399.3,1559.2,1393.4,1312.1,1308.2,1246,1250.7,1251,1259.7,1286,1621.5,1679.4,2410.9,2570.3,2519.8,2277,2223.1,2443.2,2310.4,2262.6,2390.9,2019.9,2088.9,2105.9,1929.5,1927,1979,1861,1835.3,1777.2,1773.1,1909.2,1668.6,1787.2,1873.5,1760.8,1999.6,1802.7,2484,1212,1176,1178.5,1038.5,1026.3,960.5,1090.1,1069.5,974.88,820.94,868.01,782.03,941.14,738.77,698.79,606.66,1153.9,677.01,1017.8,652.41,560.28,574.13,699.03,1272.2,1317,1393.1,1431.6,1115,1161,1228.3,1298.2,1340.9,967.24,1067.4,1136,1237.3,987.93,1079.9,1032.1,1163.3,896.06,967.03,1003.8,1100.8,1061.7,1281.8,807.97,928.96,1020.4,653.6,742.41,796.76,844.46,607.38,699.25,1077.8,933.13,725.61,1777,1923.3,1983.3,2016.5,2110.2,1810.4,1912.2,1955.5,2016.6,2001.8,1644.8,1726.3,1875.9,1974.6,1543.5,1623.1,1700,1771.8,1833,1861.7,1704.9,1784.4,1491.3,1623.5,1712.2,1473.5,1641.7,1562.6,1329.2,1382,1438.2,1513.7,2376.2,2303.3,2265.8,2103.6,2025.5,1974.6,1845.4,1755.9,1666.2,1373.9,1842.7,1803.9,1677.5,1571.8,1471.9,1332.5,1193.8,1802.4,1721.6,1631.6,1557.6,1392.7,1313.4,1666.6,1594.8,1539.2,1433.8,1312.8,1178.7,1562.8,1234.8,1554.3,1467.2,1392,1289.1,1339.8,1363.5,1601.7,1651.2,1595.3,1503.6,1142.6,1065.9,1152.4,1018.6,1159.8,1023.3,1184,1004.4,1200.8,991.16,1273.1,1138.2,996.86,885.57,1255.4,1148.8,1026.6,1421.3,1165.6,1058,944.06,853.51,1460.4,1395.3,1114.3,1112.1,1054.5,1501.7,1513.1,1350.1,1308.3,1286.7,1258,1422.8,937.19,1560.3,1289.3,1215.1,1163.5,913.29,1359.5,1383.1,1333.8,1272.8,813.18,992.85,980.08,842.9,729.1,469.44,942.98,824.48,704.2,583.59,483.42,408.9,361.34,337.71,405.61,366.32,916.96,799.07,673.19,573.94,494.37,413.07,348.43,295.74,274.2,296.82,895.64,787.15,649.21,539.75,302.48,237.26,210.86,243.48,633.62,714.79,507.71,370.6,256.9,173.77,138,171.27,785.94,641.34,492.4,341.53,244.31,178.19,116.78,64.288,632.18,484.07,337.74,211.75,97.862,0,717.81,633.04,486.69,336.1,223.5,114.23,769.44,702.05,477.44,407.08,86.701,650.4,525.42,351.92,245.15,540.93,379.46,293.99,337.05,560.81,116.73,2729,2860.7,2652,2682.1
1593.1,1609.2,1469.9,1487.6,1522.7,1591.4,1629.5,1681.8,1721.2,1781.7,1279.6,1368,1371.2,1419.8,1479.2,1557.6,1573.8,1639.6,1730.4,1002.4,1168.4,1192.2,1169.7,1239.4,1290,1347.6,1377.2,1468.4,1581.1,1539.2,1155.2,1069.9,1076.9,1135.3,1068.3,1156.9,1267.2,1355.1,1452.4,1570.9,1626.1,2058.4,2172.8,2108.7,1957.9,1880.1,2022.7,1873.5,1850.9,1985.9,1599.6,1726.4,1775,1551.6,1581.6,1667.4,1570.3,1488.1,1464.6,1492.3,1443.2,1257,1383.8,1391.2,1312.7,1724.1,1579.9,2099.4,924.01,938,991.95,1011,1080.8,1138.2,1314.9,777.98,838.3,808.6,968,1028.1,689.87,881.3,1067,1003,1278,953.33,916.44,1087,949.55,915.42,1350.3,1583,1681.7,1796.4,1853,1392.9,1501.9,1625.4,1732.1,1791.1,1298.9,1442,1565.4,1710.2,1411.6,1537,1509.2,1669.8,1356.6,1469.7,1525.5,1632.7,1609.1,1799.9,1315.5,1478.1,1584.5,1166.4,1283.6,1366.3,1428.6,1172.2,1301.3,1671,1534.1,1189.9,1923.9,2127,2212,2264.7,2387.8,2019.1,2161.1,2222.3,2290.5,2292.8,1811.8,1946.9,2157.5,2286.9,1720.1,1869.5,1959.6,2067.9,2134.9,2179.8,2001,2112.7,1704.1,1929.1,2053.3,1754.5,1993.9,1916.2,1557.5,1663.3,1770.8,1896,2621.5,2563.7,2537.8,2380.3,2322.2,2286.9,1332.8,1261.5,1184.2,952.18,1281.9,1267.6,1168.2,1113.2,1008.7,893.29,791.03,1223.2,1164.8,1097.1,1062.1,892.42,832.29,1082.4,1030.4,1004.6,899.2,769.14,712.72,1047.7,680.09,984.22,888.47,800.08,694.28,688.97,685.33,936.9,1021.7,983.6,888.15,617.67,564.18,582.26,479.88,559.06,447.67,545.18,384.47,531.81,330.93,578.72,442.31,298.01,189.49,549.87,439.56,314.99,705.71,450.09,340.48,226.38,144.03,742.99,678.06,397.01,400.82,348.28,783.97,797.72,634.91,597.38,586,567.81,730.3,231.82,854.15,572.93,500.37,474.09,332.42,650.37,674.54,643.9,608.14,545.09,579.43,524.45,499.36,496.08,702.6,453.23,422.9,437.92,488.22,570.53,653.81,734.26,831.56,846.23,940.8,387.09,352.96,367.18,409.69,444.63,497.26,612.04,700.06,803.84,898.32,331.75,293.11,306.25,359.49,574.13,670.51,776.62,878.23,230.22,191.66,305.95,430.6,541.16,637.89,753.58,844.51,158.93,158.67,266.1,403.3,496.63,565.56,630.62,733.08,112.61,242.84,384.16,507.28,620.83,717.81,0,86.701,231.35,382.43,497.4,615.76,58.6,60.638,255.62,327.94,739.8,159.21,241.92,406.31,517.75,280.03,425.82,518.66,518.71,321.2,820,2428.8,2497,2293.3,2339.6
1581.2,1589.1,1464.3,1475.1,1501.4,1559.7,1594,1642.2,1677.8,1735.4,1277,1360.2,1357,1395.4,1446.3,1520.9,1533,1593.7,1682.7,1007.6,1180.6,1196.2,1158.9,1221.4,1266,1317.7,1341.4,1424.9,1533.3,1489.7,1172.2,1072.2,1065.8,1116.6,1048.8,1128.2,1227.3,1308,1399.3,1542.8,1598.9,2074.7,2196.4,2134.1,1968.8,1894,2049.2,1901.9,1875.1,2009.8,1623.6,1742.3,1786.4,1568.5,1593.7,1675.2,1574.2,1499.7,1470.7,1494,1473.7,1276.5,1403.3,1424.1,1339,1727.1,1574.2,2120.7,917.43,924.07,971.92,970.84,1033.1,1079.4,1254.7,767.44,806.63,760.09,912.8,961.34,668.97,819.47,992.18,925.49,1226.8,882.56,882.72,1008.5,871.48,839.45,1264.1,1518.1,1613.1,1725.4,1781,1329.1,1434,1554,1658.6,1716.7,1229.7,1371,1491.3,1633.9,1336.8,1460.8,1431.6,1591.1,1279.1,1390.3,1445.3,1552.3,1527.8,1720.9,1235,1396.3,1502.2,1084.6,1201.2,1283,1344.9,1088.2,1216.5,1587.5,1449.9,1110.8,1876.9,2075.5,2158.5,2209.5,2330.3,1966.5,2105.4,2165.1,2233,2233.7,1762,1892.8,2098.7,2225.8,1668.6,1812.4,1901.8,2007.4,2074.1,2117.8,1940.1,2049.5,1649,1866.9,1988.7,1693.5,1928.1,1849.9,1499.7,1601.6,1705.4,1827.3,2567.9,2508.5,2481.4,2322.8,2262.7,2225.8,1370.7,1295.4,1215.2,968.89,1328.5,1309.4,1204,1139.1,1034,912,800.46,1273,1209.7,1137,1094.2,922.88,857.81,1132.2,1075.7,1043.5,936.73,806.41,732.18,1083.3,718.03,1030.2,935.22,848.7,742,750.91,754.95,1004.2,1081,1038.6,943.17,647.07,586.31,621.48,507.48,605.56,483.8,601.89,431.34,597.33,389.79,652.91,516.24,371.84,260.16,628.05,519.03,395.25,788.73,532.89,425.06,311.31,221.94,827.41,764,483.08,487.5,434.51,869.45,884.15,721.4,684.08,672.08,652.7,815.8,317.51,933.23,656.4,586.97,558.53,391.03,730.28,761.2,728.95,689.64,518.14,582.82,534.11,483.17,458.66,626.75,466.84,412.57,400.25,428.35,498.05,574.95,652.06,747.11,763.84,855.28,406.96,346.24,327.7,349.7,373.38,418.56,530.07,615.77,718.18,812.06,357.76,292.59,263.88,293.21,489.87,584.76,690.19,791.58,184.33,181.42,230.79,346.65,455,551.23,666.9,757.93,191.85,113.75,183.48,316.73,409.96,479,544.27,647,51.624,156.18,298,421.93,535.73,633.04,86.701,0,148.43,298.92,414.22,532.85,143.59,100.42,183.08,252.23,657.86,153.64,187.2,332.96,440.48,237.95,360.03,447.29,452.61,288.02,734.06,2439.2,2516.8,2311.6,2355.7
1626.1,1620.1,1520,1519.7,1531,1570.4,1597.1,1637.2,1665,1716.5,1338.6,1413,1399.7,1420.4,1455.6,1522.3,1526.3,1576.4,1661.3,1083.6,1264.6,1268.4,1209,1258.9,1293,1333.5,1346,1413.6,1512.4,1465.7,1262.5,1143.2,1116.6,1154.1,1086.1,1148.2,1225.1,1290.3,1368.3,1560.1,1617.5,2159.8,2291.2,2231.4,2046.6,1976.4,2148.1,2003.6,1971.7,2105.4,1720.8,1827.9,1865.7,1656.4,1674.9,1749.7,1643.5,1580.5,1543.9,1560.5,1579.5,1369.5,1495.5,1533.1,1440.3,1794.3,1628.9,2212.6,977.42,972.43,1009.4,971.77,1017.7,1038.9,1208.8,824.43,827.12,748.64,883.09,902.54,712.24,775.97,910.28,835.75,1201.4,814.2,897.69,914.6,780.71,756.1,1134.9,1459.1,1544.3,1649.9,1702.3,1273.7,1367.6,1477.9,1576.2,1631.5,1161.5,1296.9,1408,1543.4,1252.5,1371.6,1338,1493.4,1186.5,1291.2,1343.1,1449.2,1421.4,1622,1132.8,1288.2,1392.2,978.52,1092.1,1169.7,1229.4,972.85,1096.3,1472.2,1332.1,1014.2,1855.9,2044.2,2122.5,2169.8,2285.2,1933.3,2064.9,2121.3,2188.1,2185.3,1735.7,1856.5,2051.3,2172.9,1639.3,1770,1857.5,1956.3,2022.3,2062.9,1888.5,1992.1,1611.8,1812.8,1928.2,1642.7,1864.8,1785.7,1457.4,1549.7,1644.2,1757,2530.8,2467.9,2438.2,2277.9,2213.2,2172.9,1485.7,1406.3,1322.9,1060.9,1453.1,1429,1317.4,1241.2,1136.1,1007.3,885.4,1401.1,1333.1,1255.4,1203.9,1032.3,962.13,1260.8,1200,1161.3,1053.8,924.46,831.15,1197.2,837.79,1155.5,1061.8,977.61,870.92,891.3,900.08,1147.5,1218.2,1172.3,1077.3,759.01,691.56,743.88,620.75,734.85,606.02,739.42,563.81,740.68,531.01,800.21,663.67,519.57,407.65,776.36,667.46,543.64,936.58,680.78,571.82,457.74,370.36,974.34,908.64,627.58,627.09,571.06,1015,1027,864.05,823.84,806.44,782.25,946.88,453.24,1081.6,804.01,729.1,687.34,475.38,878.71,899.74,858.61,808.98,557.83,665.2,626.25,542.23,483.42,548.39,566.35,484.78,429.41,406.98,435.99,487.38,548.81,631.53,658.01,732.43,516.02,428.65,361.64,336.27,324.8,339.01,430.95,502.87,595.4,683.73,475.23,387.82,302.76,271.14,380.13,462.91,560.68,658.02,237.12,283.35,192.9,246.07,331.83,419.08,530.12,618.58,325.9,198.4,125.16,192.63,274.72,340.65,403.5,504.29,161.45,62.801,158.15,277.12,390.06,486.69,231.35,148.43,0,151.08,266.18,384.7,283,218.66,63.789,111.8,509.46,196.6,118.41,193.08,294.27,178.27,231.81,307.68,320.45,233.79,590.62,2515,2605.7,2398.9,2439.9
1666.4,1646.5,1572,1560.5,1556.7,1576.7,1595.5,1627.1,1646.6,1691.4,1398.2,1463.1,1439.9,1442.7,1461.6,1519.7,1515.3,1554.2,1634.1,1160.1,1346.7,1339,1258.8,1295.7,1318.8,1347.6,1348.5,1399.2,1487,1437.6,1350.8,1214.2,1168.4,1192.4,1125.2,1169.1,1222.5,1270.9,1334.1,1573.2,1631.3,2238,2378.8,2321.8,2117.6,2052.4,2240.5,2099.3,2062.1,2194.5,1812.8,1907.9,1939,1739.4,1751.1,1818.8,1708.1,1657,1613,1622.9,1681.1,1459.4,1583.8,1638,1538,1855.9,1679.1,2297.5,1040.5,1024.5,1050.2,977.03,1005.2,999.66,1161,888.08,855.87,748.17,859,846.6,766.71,740.52,828.5,746.67,1175.2,749.99,918.92,819.26,691.74,676.47,998.84,1394.7,1468.9,1566.9,1615.6,1215.1,1296.3,1395.5,1486.4,1538.6,1090.6,1218.1,1318.4,1445.3,1163.1,1276.1,1238.2,1388.2,1089.1,1185.9,1234.2,1338.6,1307.5,1514.8,1025.3,1173.3,1274.8,868.48,977.61,1050.1,1107.2,852.59,969.76,1349.1,1206.9,914.3,1827.7,2004.4,2077.6,2120.9,2230.3,1892.2,2015.6,2068.3,2133.7,2127.3,1702.8,1812.6,1995,2110.4,1604,1720.4,1805.4,1896.8,1961.7,1999,1828.8,1925.8,1568.8,1750.9,1859,1585.4,1793.2,1713.5,1410.4,1491.9,1575.9,1678.6,2483.1,2416.9,2384.7,2223.1,2154.1,2110.4,1596.9,1513.6,1427.7,1152.9,1574.2,1545,1427.9,1341,1236.9,1103.1,973.43,1526,1453.4,1371.1,1311.5,1140.9,1066.8,1386.7,1321.8,1277.1,1169.6,1042.2,932.84,1308.9,958.03,1278.5,1186.6,1105.2,999.24,1030.7,1044.6,1289.5,1353.2,1303.7,1209.5,873.34,801.38,867.55,738.77,864.7,731.61,876.7,698.34,883.66,673.09,947.74,811.55,668.12,556.17,925.8,817.52,694.06,1087.5,831.7,722.9,608.81,520.7,1125.4,1059.3,778.3,776.23,719.17,1165.9,1177,1014,972.7,952.8,926.23,1091.1,601.61,1231.1,955.02,879.02,831.39,598.45,1028.7,1048,1002.3,947.05,616.38,756.23,726.75,618.56,533.82,483.82,674.76,575.24,488.62,421.05,400.98,415.46,452.62,516.47,554.38,606.45,633.48,530.42,432.54,369.09,322.69,295.44,348.18,395.99,472.06,551.89,600.2,501.28,386.01,309.56,286.78,345.33,429.38,520.25,341.74,408.83,242.51,193.49,221.73,288.01,389.92,474.46,466.2,326.88,194.56,115.26,147.76,202.68,259.89,357.11,304.67,161.25,54.148,129.63,240.25,336.1,382.43,298.92,151.08,0,115.32,233.98,433.37,366.35,147.05,89.376,359.51,323.52,205.77,106.02,159.81,241.88,166.24,195.06,226.11,282.78,442.3,2582.4,2686.4,2478.5,2516.1
1714.1,1684.4,1628.2,1609.1,1594.7,1600.4,1613.1,1638,1651.2,1690.6,1460.5,1518.7,1488.7,1478.8,1485.7,1537.1,1526.4,1556.3,1631.8,1235,1424,1409,1315.5,1343.1,1358.3,1378.5,1370.9,1408.5,1487.2,1435.9,1432,1285.2,1227.1,1241.8,1175.8,1206.6,1242.2,1277.3,1328.4,1601.9,1660.2,2310,2456.9,2401.9,2185,2123.3,2321.9,2183.2,2142.5,2273.9,1894.9,1981.8,2008.5,1815.9,1823,1885.8,1772.4,1729.5,1680.7,1686,1769.5,1541.2,1664.1,1728.6,1624.4,1917.6,1733.6,2373.9,1107.7,1084.8,1102.7,1005.6,1020.1,993.72,1146,957.48,903.01,777.08,867.56,829.52,832.27,742.9,789.02,702.04,1177.4,727.97,959.81,767.23,648.53,642.51,903.42,1363.8,1428.3,1519.1,1564.4,1190.6,1260.3,1349.1,1433.2,1482.3,1056.9,1176.3,1266.3,1384.9,1112.4,1218.9,1177.4,1321.6,1031.7,1120.3,1164.9,1267.2,1233,1445.8,959.04,1098.8,1197.1,801.32,904.81,971.61,1025.8,775.15,884.75,1265.6,1122,856.47,1823.7,1990.6,2059.4,2099.3,2203.5,1877.7,1994,2043.7,2107.7,2098.3,1695.8,1796.3,1967.9,2077.8,1595.7,1699.9,1782.4,1867.3,1931.1,1965.5,1799.5,1890.7,1554.5,1720.1,1821.8,1559.2,1754.1,1674.4,1393.8,1465.9,1540.8,1634.4,2461.4,2392.7,2358.7,2196.5,2124.1,2077.8,1691.4,1606.1,1518.8,1237.5,1674.7,1642.6,1522.4,1429.4,1326.3,1190.1,1056.8,1628.7,1553.6,1468.8,1404.6,1235.3,1159.3,1490.2,1423.2,1375.1,1268,1142.2,1024.5,1404.5,1059.7,1380.7,1290,1210.3,1105,1141.8,1158,1401.6,1461.7,1410.5,1316.8,972.28,898.42,971.37,840.49,971.6,837.04,987.09,808,996.54,785.92,1062.3,926.31,783.13,671.21,1041,932.8,809.38,1202.7,946.94,837.86,723.74,636.01,1240.3,1173.4,892.59,889.01,831.19,1280.3,1290.4,1127.5,1085.1,1063.2,1034.8,1199.7,714.01,1346.3,1070.2,992.42,940.22,695.39,1144,1159.7,1110.6,1051.4,687.72,843.54,819.56,700,602.93,471.9,772.24,665.12,564.43,473.71,420.31,401.51,411.59,451.46,500.62,526.31,735.8,626.75,516.76,436.81,373.7,320.06,329.88,346.77,398.81,465.74,706.23,603.41,478.06,385.41,265.2,286.84,347.37,426.98,444.19,517.12,330.94,232.69,192.03,215.23,296.2,372.78,579.01,437.42,296.21,167.29,117,129.25,166.15,252.05,419.03,273.16,133.45,50.961,131.47,223.5,497.4,414.22,266.18,115.32,0,118.66,547.54,479.05,253.95,184.35,244.53,427.8,303.9,141.82,89.006,325.83,187.97,150.47,196.76,354.26,334,2646.5,2759.5,2551,2586.3
1770.9,1731.9,1693.5,1667.2,1642.5,1634.2,1640.9,1659,1665.5,1699.2,1532.2,1583.7,1547.6,1525.5,1520.7,1565,1548.1,1568.8,1639.4,1319.1,1509.6,1487.9,1382.5,1401.4,1409,1420.7,1404.8,1429,1498,1445.2,1521.1,1365.5,1296.6,1302.5,1238,1256.3,1274.4,1296,1334.3,1640.6,1698.9,2388.6,2541.1,2488.1,2259.5,2201.3,2409.5,2273.2,2229.5,2359.6,1983.7,2062.9,2085.2,1899.6,1902.5,1960.5,1844.8,1809.6,1756.6,1757.6,1864.3,1630.5,1751.8,1825.5,1717.7,1987.1,1796.8,2456.6,1185.7,1156.6,1167.3,1048.8,1049.9,1002.9,1144,1038.4,964.71,824.01,893.3,829.87,911.08,765.05,765.95,675.21,1192.7,725.39,1015.1,730.35,624.87,629.46,811.56,1343.1,1396.5,1479,1520.4,1178.1,1234.9,1311.7,1387.6,1433,1036,1145.2,1223.1,1331.6,1072.1,1170.4,1125,1261.6,984.55,1062.9,1102.8,1202,1164.6,1382.4,902.44,1031,1125.1,745.88,841.1,900.32,950.41,707.52,806.26,1186.2,1041.7,811.19,1828.6,1984.6,2048.6,2084.8,2183.3,1871.5,1980,2026.2,2088.7,2076.1,1698.1,1788.5,1948.1,2051.8,1597.1,1688.2,1767.7,1845.4,1907.8,1939,1778,1862.7,1549.9,1697.3,1791.8,1542.3,1722.4,1642.9,1388,1449.7,1514.2,1597.7,2446,2374.9,2338.8,2176.5,2100.8,2051.8,1792,1704.9,1616.5,1330.1,1780.6,1746,1623.2,1524.9,1423,1285.2,1149.2,1736.7,1659.4,1572.6,1504.4,1336.6,1259.1,1599,1530.2,1479.2,1372.7,1248.5,1124,1506.4,1167.5,1488.4,1398.9,1320.7,1216,1257.2,1275.3,1517.7,1574.8,1522.1,1429,1078.1,1002.9,1081.1,948.94,1083.8,948.39,1102.1,922.62,1113.4,902.91,1180.5,1044.6,901.63,789.74,1159.6,1051.5,928.04,1321.3,1065.5,956.16,842.03,754.67,1358.6,1290.9,1010.3,1005.4,947.03,1398.1,1407.2,1244.3,1201.1,1177.4,1147.5,1312.2,830.27,1464.9,1188.6,1109.3,1053.3,799.65,1262.7,1275.1,1223,1160.4,773.2,940.46,921.07,793.42,688.01,489.92,877.68,765.44,655.4,549.3,471.01,422.3,402.2,409.78,470.41,460.93,845.09,732.21,614.77,524.98,452.55,382.89,353.15,333.62,349.41,394.19,818.38,713.2,582.1,480.88,294.21,269.69,289.17,346.3,555.34,631.48,435.84,315.63,229.17,192.15,223.33,280.4,696.16,553.47,408.83,266.81,182.73,140.41,120.84,160.56,537.25,390.57,247.04,126.02,60.017,114.23,615.76,532.85,384.7,233.98,118.66,0,665.28,595.86,369.01,297.17,126.65,539.42,413.79,238.17,131.61,427.14,265.65,184.78,230.59,446.6,230.59,2717,2838.6,2629.9,2662.9
1620.8,1641.7,1494,1515.8,1556,1630.3,1670.5,1724.7,1766,1827.9,1302.3,1393.8,1400.6,1455,1518.9,1599.1,1617.5,1685.7,1777.3,1021.1,1181.9,1211,1197.6,1271.4,1325.1,1385.9,1418.5,1513.5,1628.2,1587.1,1165.7,1090.1,1105.3,1167.9,1101.5,1194.9,1310.7,1402.1,1501.9,1607.9,1662.6,2067.7,2177,2111.6,1971,1891.1,2024.9,1874.5,1854.9,1989.9,1604.1,1736.4,1787.8,1561.1,1594.3,1682.8,1588.4,1501.3,1481.5,1511.9,1443.3,1265.4,1391.9,1389.7,1316.1,1742.5,1604,2105.2,950.26,968.5,1025.7,1055.1,1128.3,1190.4,1367.5,807.26,878.71,857.03,1018.9,1083.4,725.42,934.93,1124.6,1061.2,1326.9,1009.8,957.63,1145.3,1007.8,973.26,1407.7,1637.3,1737.2,1852.7,1909.7,1446.9,1557.3,1681.9,1789.2,1848.4,1354.8,1498.4,1622.6,1768,1469.1,1594.7,1567.2,1728,1414.7,1528,1584,1691.1,1667.7,1858.2,1374,1536.7,1643.1,1225,1342.2,1424.8,1487.1,1230.6,1359.6,1729.5,1592.5,1248.2,1970.3,2175.5,2261.4,2314.8,2438.9,2068.1,2211.5,2273.2,2341.6,2344.6,1859.7,1996.7,2209.2,2339.5,1768.7,1920.5,2010.9,2120.4,2187.4,2232.8,2053.6,2166.2,1754.3,1982.2,2107.4,1807.2,2048.4,1971,1609,1716.3,1825.2,1951.6,2670.8,2613.7,2588.4,2431.3,2374.2,2339.5,1327.7,1259.4,1184.7,963.5,1270.1,1259.6,1165,1117.4,1013.8,903.51,808.03,1208.9,1154.6,1091,1062.2,894.32,838.1,1068.5,1020.4,999.61,895.77,766.66,723.58,1045.2,677.76,973.78,877.82,788.36,684,666.17,654.94,907.81,999.9,965.66,870.55,622.36,574.67,579.91,487.74,551.09,449.75,528.49,379.26,506.79,316.23,543.99,409.09,267.53,168.4,510.48,399.24,275.05,659.01,404.68,292.54,179.12,116.18,693.94,625.92,345.06,344.99,291.04,732.8,744.05,581.07,541.8,528.51,509.49,672.3,173.92,812.52,525.87,446.16,415.63,286.25,608.26,618.46,585.66,549.65,584.82,602,543.77,534.08,541.15,760.5,471.16,455.59,483.65,542.06,627.8,712.21,792.86,889.9,904.82,998.73,402.3,385.19,414.51,463.94,501.81,555.68,670.64,758.43,861.68,955.62,344.36,323.8,355.63,415.75,632.49,728.29,833.66,934.68,282.34,232.31,364.12,489,598.58,694.34,809.24,899.51,178.28,212.85,324.62,460.13,552.25,620.63,685.05,786.82,170.82,299.49,438.48,560.06,673.04,769.44,58.6,143.59,283,433.37,547.54,665.28,0,75.133,299.7,372.83,788,171.21,275.68,448.48,562.24,304.35,462.2,558.32,554.34,338.19,873.42,2441.7,2503.6,2301,2348.8
1651.6,1665.9,1529.3,1545.9,1579.2,1644.7,1681.4,1732,1769.8,1828.9,1339.4,1427.2,1429.2,1475.3,1532.1,1609,1623.5,1686.9,1776.9,1062.8,1229,1252.6,1228.3,1296.5,1345.6,1401.4,1428.9,1516.9,1627.5,1584.6,1215.8,1130.1,1135.4,1192.2,1125,1211,1317.2,1401.8,1495.8,1625.4,1680.9,2118.9,2232.8,2168.4,2018.6,1940.7,2082.3,1932.9,1910.8,2045.8,1659.6,1787,1835.6,1612.1,1642.2,1728,1630.8,1548.7,1525.2,1552.5,1502.3,1317.4,1444.2,1450,1372.5,1784.5,1639.4,2159.6,983.16,995.87,1048.5,1060.7,1127,1177.8,1353.5,836.37,891.19,854.18,1009.9,1061.5,745.86,918.61,1092.2,1024.7,1322.4,982.98,968.68,1107.3,970.56,939.26,1351.6,1618.1,1713.5,1825.9,1881.4,1428.8,1534.3,1654.4,1758.8,1816.7,1330.1,1471.4,1591.4,1733.4,1436.8,1560.4,1530.7,1689.6,1378.2,1488.5,1543,1649.8,1624.6,1819.3,1332.5,1492.5,1598,1181.2,1297.1,1377.7,1438.9,1182.1,1308.6,1681.7,1543.1,1209.3,1970.8,2171.4,2255.2,2306.9,2428.5,2062.8,2203,2263.2,2331.2,2332.4,1857.2,1989.7,2197.3,2325,1764.4,1910.4,2000,2106.4,2173.2,2217.2,2039.2,2149.2,1746.2,1966.4,2088.6,1792.6,2028.2,1950.1,1597.9,1700.9,1805.4,1927.7,2664.8,2605.9,2579.2,2421,2361.5,2325,1390.5,1320.1,1243.4,1012.8,1337.2,1324.4,1226.4,1173.1,1068.7,953.81,851.6,1277.3,1220.7,1154.5,1121.2,951.83,892.35,1136.7,1086.3,1062.3,957.32,827.46,773.25,1106.2,738.39,1040,944.09,855.21,749.92,738.26,729.29,981.96,1071.8,1035.9,940.55,677.46,624.65,640.47,540.04,615.44,506.81,597.76,441.49,579.53,383.99,618.97,483.8,341.43,238.3,585.58,474.3,350.17,732.28,478.78,365.93,253.33,188.09,765.85,695.33,415.5,410.01,352.89,803,811.39,648.48,606.36,587.78,564.15,728.56,235.26,887.27,599.13,513.47,469.31,291.27,683.01,681.69,640.54,595.09,599.05,639.52,584.93,556.14,546.17,726.69,513.82,480.7,487.69,526.52,598.45,673.9,748.58,840.41,860.02,945.86,447.72,411.18,415.85,447.72,473.77,517.82,627.03,709.61,808.56,899.78,392.24,352.05,353.23,392.82,584.12,675.21,777.05,875.91,274.69,247.59,331.17,442,544.33,636.19,748.59,837.23,219.53,201.78,281.52,404.46,492.44,559.2,622.11,722.4,145.06,245.54,376.56,494.79,606.6,702.05,60.638,100.42,218.66,366.35,479.05,595.86,75.133,0,227.85,300.95,717.25,101.26,200.64,374.96,489.51,230.23,387.23,483.84,479.27,266.85,808.31,2489.4,2557.3,2353.7,2400.1
1689.8,1683.2,1583.8,1583.4,1594.1,1631.8,1657.5,1696.4,1722.8,1773.2,1402.2,1476.8,1463.4,1483.2,1516.8,1582.6,1585.3,1633.5,1717.5,1146.2,1326.5,1331.5,1272.8,1322.5,1356,1395.6,1406.7,1472,1568.8,1521.5,1323.6,1206.3,1180.4,1217.7,1149.7,1210.7,1285.1,1347.7,1422.8,1622.2,1679.6,2221.9,2351.9,2291.7,2109.4,2038.7,2208.1,2063,2032,2166,1780.9,1889.8,1928.3,1718,1737.3,1812.7,1706.8,1642.9,1606.9,1623.9,1637.9,1430.2,1556.4,1590.6,1499.5,1857.8,1692.7,2273.8,1041,1036.2,1073,1032.5,1075.9,1091.8,1259.8,888.05,890.01,808.2,938.92,950.82,776.02,829.07,950.26,872.76,1257.4,859.79,960.06,949.24,817.59,796.39,1145.7,1505.8,1587.5,1690.4,1741.4,1321.9,1412,1518.5,1614,1668.1,1205.8,1338.6,1445.7,1577.6,1290.1,1406.8,1371.3,1524.3,1220.7,1321.9,1372,1477.3,1447.6,1651.9,1162.2,1313.8,1416.4,1006.4,1117.8,1192.5,1250.6,995.04,1114.5,1493,1351.4,1047,1912,2097.9,2175,2221.3,2335.2,1986.6,2116.2,2171.7,2238.2,2234.3,1790.7,1909.1,2100.8,2220.6,1693.7,1821.1,1908,2004.8,2070.5,2110.2,1936.9,2038.5,1664.5,1860.5,1973.7,1691.6,1909.5,1830.2,1508.9,1598.4,1689.8,1799.3,2582.8,2519,2488.6,2327.9,2261.9,2220.6,1541.5,1463.2,1380.7,1121.6,1505.4,1483.2,1373.6,1300.1,1195,1067.4,946.91,1451.8,1385.8,1310,1261.1,1089.3,1020.4,1311.2,1252.3,1216,1108.7,978.85,890.34,1253.2,891.48,1207.3,1113,1027.7,920.87,933.9,937.36,1187.1,1263.4,1219.8,1124.5,815.02,749.13,796.45,676.05,784.45,658.34,784.22,611.47,780.33,572.76,833.41,696.76,552.18,441.4,805.49,695.11,570.49,958.65,703.88,592.22,478.53,399.25,993.36,923.11,643.33,636.53,578.01,1030.9,1038.4,875.67,832.04,809.23,781.09,945.98,461.35,1109.6,825.54,740.76,686.41,452.59,905.72,906.2,857.02,800.18,621.61,726.69,686.24,605.49,547.02,592.55,624.79,546.88,493.17,467.06,487.11,528.69,581.68,655.95,688.2,750.65,572.07,489.28,425.4,398.06,381.32,386.49,467.91,530.71,614.96,697.76,528.67,446.08,366.23,332.87,412.42,485.12,574.88,667.17,298.97,338.86,254.57,288.21,356.22,432.95,536.96,621.14,371.71,254.61,187.13,223.45,289.55,349.11,406.89,502.84,209.32,125,174.75,276.28,384.1,477.44,255.62,183.08,63.789,147.05,253.95,369.01,299.7,227.85,0,73.164,489.46,176.47,66.068,150.88,262.69,120.33,178.33,264.49,270.19,174.18,586.94,2578,2667.3,2460.7,2502.1
1711.9,1698.9,1611.2,1605.6,1609.4,1638,1660.1,1695,1717.6,1764.8,1432.9,1503.2,1485.2,1496.8,1522.9,1584.7,1583.5,1626.5,1708.1,1184.3,1367.6,1367.2,1298.8,1342.6,1371.1,1405.3,1411.1,1468.5,1560.3,1511.7,1367.5,1241.9,1207.1,1238.3,1170.5,1223.4,1287,1341.8,1410.1,1631.6,1689.4,2262,2396.5,2337.5,2146.1,2077.7,2254.8,2111.1,2077.7,2211.1,1827.2,1930.6,1966,1760,1776.1,1848.3,1740.2,1681.8,1642.3,1656.2,1688.3,1475,1600.6,1642.6,1548,1889.9,1719.4,2317,1072.6,1062.8,1094.5,1037.7,1073.1,1076.7,1240.8,919.46,905.56,810.37,930.64,927.98,802.81,815.55,915.4,834.55,1248.3,833.17,972.37,907.93,779.52,762.71,1083.4,1478.9,1555.3,1654.5,1703.7,1297.8,1381.8,1482.9,1574.9,1627.3,1175.8,1304.9,1406.8,1534.4,1251.4,1365,1327.4,1477.6,1178.1,1275.3,1323.5,1427.9,1396.6,1604.2,1114.7,1262.5,1363.6,957.84,1066.8,1138.8,1195.6,941.34,1057.4,1437.2,1294.7,1003.4,1902.2,2082.7,2157.4,2201.7,2312.7,1970.8,2096.5,2150.2,2216,2210.4,1778.8,1891.9,2077.7,2194.5,1680.6,1801.3,1886.9,1980.2,2045.4,2083.4,1912.2,2010.6,1647.7,1834.7,1944.4,1668.1,1879.1,1799.5,1490.2,1574.7,1661,1765.6,2563.8,2498.4,2466.8,2305.5,2237.5,2194.5,1596.3,1516.2,1432.3,1166.8,1564.8,1540.3,1427.9,1349.4,1244.5,1114.2,989.78,1512.9,1444.7,1366.6,1313.8,1142.2,1071.2,1372.6,1311.7,1272.5,1165,1035.8,939.39,1307.9,949.32,1267.2,1173.6,1089.4,982.68,1001.1,1007.2,1256,1329.1,1283.8,1188.7,869.75,801.42,855.6,731.89,846.58,717.79,850.04,675.17,849.03,640.25,904.57,767.88,623.32,512.04,877.65,767.49,642.93,1031.7,776.85,665.33,551.58,471.1,1066.5,996.09,716.44,709.07,650.22,1103.9,1111,948.37,904.24,880.26,850.99,1015.8,533.9,1182.1,898.64,813.52,756.53,513.28,978.28,978.02,926.67,867.07,649.38,770.01,733.76,641.21,570.55,565.94,675.66,588.62,520.1,474.01,473.26,498.91,540.82,605.81,643.48,694.63,626.93,535.73,456.69,412.25,380.61,368.73,433.51,485.09,560.86,638.82,586.91,497.65,402.08,348.32,373.63,434.69,516.85,605.07,343.23,394.77,272.61,266.39,310.49,376.2,474.16,555.39,436.51,309.83,210.3,191.86,237.12,289.75,343.17,435.64,272.2,155.65,133.15,212.32,315.63,407.08,327.94,252.23,111.8,89.376,184.35,297.17,372.83,300.95,73.164,0,416.56,243.48,120.17,81.609,189.84,152.5,123.07,196.46,209.03,194.81,518.34,2613.3,2708.9,2501.6,2541.4
1853.9,1806.7,1784.1,1751.7,1718,1696.7,1697.7,1709.1,1709.2,1737,1628.6,1674.4,1633.1,1600.4,1584.8,1622.3,1599.5,1611,1676.3,1425.9,1617.1,1590.4,1475.7,1487,1488,1492.1,1468.7,1480,1539,1485.1,1631.2,1469.4,1392.1,1390.6,1327.9,1335.3,1337.5,1346.3,1371.6,1707.8,1765.7,2489.2,2646.3,2594.8,2356.8,2301.6,2517.4,2383.2,2337,2466,2093,2165.9,2184.6,2005,2004.4,2058.4,1941.1,1912.4,1855.9,1853.3,1978.3,1740.7,1860.5,1941,1830.7,2080.7,1885.4,2560.6,1288.4,1254.7,1259.5,1123.7,1112.8,1046.8,1175,1144,1055.9,904.72,954.51,868.01,1015.8,825.27,781.23,689.01,1240.5,763.04,1100.6,731.17,643.86,659.47,738.43,1352.4,1393.3,1465.7,1502.3,1197.8,1240.1,1302.8,1368.6,1409.3,1048.6,1145.1,1208.4,1303.9,1062.4,1149.9,1100.5,1226.3,968.11,1033,1066.6,1160.8,1119.6,1342,875.82,988.46,1075.9,724.05,806.63,854.9,898.8,670.96,752.66,1126.8,982.33,800.16,1861.9,2006,2064.8,2097,2188.9,1893.2,1993,2035.2,2095.8,2079.9,1729.4,1808.8,1955,2051.5,1628.1,1704.9,1780.8,1850.5,1911,1938.6,1783.8,1860.9,1574.9,1702.2,1788.1,1554.2,1717.1,1638.3,1412.9,1463.1,1516,1587.4,2456,2382.4,2344.4,2182.3,2103.2,2051.5,1910.1,1821.8,1732.8,1443.3,1902.2,1865.9,1741.6,1639.8,1538.8,1400.1,1262.6,1859.5,1781,1692.9,1622.2,1455.6,1377.3,1722.4,1652.6,1599.9,1493.7,1370.6,1242.2,1625.6,1290.6,1611.2,1522.4,1445,1340.8,1383.6,1401.9,1644.2,1700.4,1647,1554.2,1200.2,1124.4,1205.3,1072.6,1209.2,1073.4,1228.4,1048.9,1240.1,1029.6,1306.9,1170.8,1027.6,915.66,1285.3,1176.8,1053.1,1445.5,1189.9,1079.8,965.69,879.8,1481.9,1412.6,1132.6,1125.5,1066.3,1520.2,1527.5,1364.9,1320.2,1294,1262.2,1426.3,950.36,1590.6,1312.7,1230.1,1168.6,905.68,1388.1,1393.3,1337.1,1270.4,883.53,1057.4,1040.9,908.78,798.74,555.09,999.85,885.06,770.09,655.62,562.5,493.36,448.04,420.74,489.89,437.92,969.26,854.71,733.79,639.28,562.69,485.63,430.82,382.28,357.11,367.56,943.82,837.77,704.38,599.61,381.04,323.06,293.97,310.37,680.69,757.76,559.2,431.42,328.02,256.08,221.1,232.44,822.8,680.08,534.88,390.08,299.39,242.1,191.4,148.12,663.54,517.15,373.57,250.6,149.91,86.701,739.8,657.86,509.46,359.51,244.53,126.65,788,717.25,489.46,416.56,0,655.02,529,349.21,233.69,534.72,363.21,266.66,302.27,546.12,167.24,2810.4,2939.2,2730.5,2761.5
1734.1,1742.7,1615.6,1628,1655.1,1712.2,1745.4,1792,1825.8,1881.7,1427.2,1512.1,1510.1,1548.9,1598.6,1671.9,1682.4,1740.3,1828.2,1154.4,1323.7,1343.7,1311.4,1374.9,1419.6,1470.6,1492.8,1573.1,1678.8,1634.1,1312.1,1220.4,1218.3,1270.1,1202.4,1281.3,1377.4,1454.2,1541.1,1695.9,1752.2,2215.4,2331.5,2267.6,2113,2036.2,2181.7,2032.7,2009.6,2144.5,1758.2,1883.2,1930.2,1708.7,1737,1821,1722,1643.3,1617.4,1642.7,1602.4,1414.7,1541.5,1550.4,1471.6,1875.3,1725.6,2257.6,1068.7,1077,1125.5,1121.2,1179.5,1216.7,1389.8,919.59,959.54,906.85,1054.1,1089,822.52,954.59,1104.5,1031.4,1370.4,1004.2,1035.2,1110.9,976.47,950.42,1322,1646.6,1735.6,1843.3,1896.5,1459.4,1557.8,1671.3,1771.1,1827,1352.1,1489.6,1603,1739.5,1447.6,1567.6,1534.4,1690,1382.8,1487.8,1539.7,1645.6,1617.5,1818.6,1329.3,1484.1,1587.7,1174.9,1288,1364.6,1423.7,1167.5,1288.9,1666.4,1525.5,1210.7,2022.7,2217.7,2298.9,2348.3,2466.7,2107.9,2243.8,2302.1,2369.4,2368.4,1905.9,2032.9,2233.9,2358.2,1811.3,1949.8,2038.3,2140.6,2207,2249,2073,2179.2,1788.5,1998.4,2116.6,1826.6,2054.3,1975.5,1636.8,1734.1,1832.7,1948.8,2708.1,2647.1,2618.8,2459.3,2396.9,2358.2,1491.5,1420.6,1343.4,1108.9,1438.4,1425.6,1327.2,1272,1167.4,1050.5,944.79,1378.3,1322,1255.6,1221.4,1051.6,990.93,1237.7,1187.6,1163.3,1058.1,928.17,869.95,1206.8,839.11,1141.2,1045.3,956.4,851.17,837.36,825.02,1078.1,1171.1,1136.2,1041,776.64,721.85,741.23,638.46,716.68,606.88,698.41,542.63,678,484.93,712.24,578.62,438.42,338.42,675.25,563.99,441.62,812.19,563.02,448.99,340.73,287.09,841.48,765.05,490.61,474.79,414.08,873.95,875.69,714.21,666.89,639.03,608.14,772.75,301.72,973.19,679.66,580.57,514,279.21,769.32,738.83,683.59,624.05,671.76,729.78,677.73,636,611.1,740.71,607.89,563.91,552.87,569.45,621.42,681.83,745.4,826.8,854.55,924.88,543.61,496.14,480.32,492.15,502.02,530.08,627.13,698.97,788.47,873.33,489.58,439.68,416.37,431.11,576.71,657.08,750.29,843.53,337.03,330.36,359.29,441.48,526.55,608.22,713.41,797.34,316.62,267.37,297.84,388.58,464.04,525.28,583.32,678.48,205.18,245.49,347.5,452.6,558.93,650.4,159.21,153.64,196.6,323.52,427.8,539.42,171.21,101.26,176.47,243.48,655.02,0,126.04,306.08,422.2,136.89,306.41,406.61,395.4,166.97,761.73,2583.7,2655,2450.9,2496.6
1736.7,1734.1,1627,1630.2,1645.2,1687.6,1715,1755.5,1783.4,1834.8,1443.2,1520.9,1510.7,1535.4,1572.9,1640.3,1644.6,1694.7,1779.4,1181.6,1358.8,1368.5,1317.5,1371.1,1407.5,1450,1463.7,1532.1,1630.6,1583.7,1353,1243.6,1224.7,1266.1,1198,1263.8,1343.2,1408.7,1485.9,1676.5,1733.7,2254,2379.5,2317.9,2144.6,2072,2233.5,2086.9,2058.7,2193,1807.3,1921.6,1962.8,1748.7,1770.9,1849.2,1745.3,1676.7,1643.8,1663.4,1659.5,1458.4,1585.1,1610.6,1523.7,1897.1,1736.4,2302.7,1082,1081,1121.2,1089.5,1136.1,1155.6,1324.4,929.7,942.12,866.91,1001.1,1016.1,821.52,892.74,1016.3,938.66,1319.5,925.56,1013.7,1014.9,883.48,862.46,1203.3,1571.5,1653.5,1756.5,1807.4,1387.3,1477.9,1584.6,1679.9,1733.8,1271.7,1404.7,1511.6,1643.1,1356,1472.4,1436.6,1589.1,1286.2,1386.7,1436.4,1541.4,1511.2,1716.5,1226.7,1377.3,1479.4,1070.7,1181.3,1255.1,1312.7,1057.6,1175.5,1554.7,1412.6,1112.3,1974,2161.4,2239.1,2285.8,2400.2,2050.3,2180.8,2236.6,2303.1,2299.5,1853.5,1973.1,2165.9,2286.1,1756.8,1885.7,1972.8,2070.2,2136,2175.8,2002.3,2104.3,1728.5,1926,2039.6,1756.9,1975.4,1896.1,1573.3,1663.7,1755.6,1865.3,2647.1,2583.6,2553.5,2392.9,2327.2,2286.1,1557.8,1482.1,1401.3,1150.1,1515.2,1496.5,1390.9,1323.8,1218.6,1094.4,978.35,1458.9,1396.6,1324.2,1280.6,1109.1,1042.9,1318,1262.5,1230.7,1123.9,993.58,915.46,1270.3,905.22,1216.9,1121.7,1034.7,928.16,930.34,926.88,1178.7,1262.5,1222.4,1127,833.48,771.11,808.66,693.88,791.84,671,784.47,617.18,773.67,570.65,818.52,682.69,539.04,431.41,786.15,674.91,550.66,931.1,678.79,565.42,453.68,384.69,962.66,888.41,611.48,598.97,538.81,997.02,1000.5,838.6,792.2,765.05,733.99,898.48,424.64,1087.8,798.08,704.42,639.96,393.32,883.54,864.59,809.3,747.61,667.27,758.72,714.18,645.22,596.02,658.43,649.39,581.86,540.45,525.2,551.44,594.74,647.21,719.57,753.18,812.06,592.14,520.25,470.46,453.59,442.82,451.73,533.91,595.39,677.14,757.58,544.45,471.94,408.83,388.65,478.04,548.48,635.14,724.85,335.95,361.4,310.65,354.09,420.58,493.71,594.04,675.54,378.61,281.02,242.99,289.31,351.73,408.31,463.16,555.63,226.31,180.94,238.95,332.21,435.35,525.42,241.92,187.2,118.41,205.77,303.9,413.79,275.68,200.64,66.068,120.17,529,126.04,0,180.28,296.43,61.033,186.63,284.34,278.68,117.07,637.78,2614.2,2697.8,2491.8,2534.7
1770.2,1751.8,1673.7,1664.1,1662.1,1682.7,1701.3,1732.3,1751,1795,1498.1,1565.1,1543.5,1548.2,1567.6,1625.5,1620.6,1658.2,1737.3,1254.7,1439.6,1435.8,1360.6,1399.7,1424,1453.5,1454.5,1504.2,1590.7,1540.9,1441.2,1310.7,1269.7,1296.1,1228.7,1274.6,1328.3,1375.5,1436.4,1679.1,1737.2,2332.9,2470.1,2411.9,2214.8,2148,2329.6,2186.8,2152,2285.1,1901.9,2002,2035.4,1832.3,1846.4,1916.5,1806.9,1752.2,1710.5,1722.2,1765.4,1549.2,1674.4,1720.4,1624.2,1955.6,1781.2,2389.9,1139,1125.6,1153.4,1083,1110.6,1101.6,1260.7,986.1,960.39,854.19,963.58,945.21,866.67,843.9,918.09,833.45,1279,846.7,1024.2,902.07,779.09,768.19,1042.9,1488.9,1558.7,1652.9,1699.7,1311.7,1388.2,1482.2,1569.2,1619.4,1183.3,1307.1,1401.8,1523.4,1247.2,1356.3,1315.9,1461.7,1168.9,1260.1,1305.5,1408.2,1374.5,1586.4,1098.8,1240.2,1338.8,941.18,1045.9,1113.3,1167.6,916.74,1026.5,1407.3,1263.6,993.65,1930.7,2105,2176.9,2219,2326.6,1992.5,2113.7,2165.4,2230.3,2222.7,1805.1,1912.3,2091.1,2204.2,1705.9,1818.8,1902.9,1991.9,2056.4,2092.4,1923.9,2018.5,1669,1845.3,1950.7,1681.6,1884,1804.2,1509.8,1588.2,1668.4,1766.7,2581.3,2514.2,2481.3,2319.5,2249.1,2204.2,1675.4,1594.5,1510,1241.5,1645.5,1620.1,1506.8,1426,1321.3,1189.8,1063.4,1594,1525.2,1446.4,1392.1,1220.7,1148.8,1453.7,1392.4,1352.3,1244.7,1115.8,1016.3,1386.9,1029.6,1348,1254.6,1170.6,1064,1082.6,1087.8,1337.1,1410.7,1365.3,1270.2,949.1,879.88,936.34,811.73,927.93,798.66,931.63,756.73,930.15,721.65,984.28,847.63,703.05,592.16,956.12,845.56,720.91,1107.2,853.16,740.78,627.6,550.08,1140.5,1067.8,789.57,778.87,718.94,1176.1,1180.6,1018.5,972.45,945,913.06,1077.2,604.19,1260,974.06,884.12,819.38,561.48,1055.9,1044.8,988.01,922.99,714.74,844.3,810.24,711.67,633.61,582.76,753.75,662.68,585.92,525.79,506.01,513.28,539.87,589.97,635.35,667.98,706.58,612.29,525.86,470.79,428.12,400.52,443.82,478.48,539.23,607.54,667.58,576.42,474.38,409.2,380.24,421.88,488.98,568.02,420.03,475.18,337.44,299.13,310.14,354.27,437.57,510.97,518.12,390.35,280.47,220.82,231.21,266.6,307.95,389.39,353.8,231.6,160.11,184.57,268.8,351.92,406.31,332.96,193.08,106.02,141.82,238.17,448.48,374.96,150.88,81.609,349.21,306.08,180.28,0,116.16,189.01,60.407,114.86,130.63,212.85,467.08,2680.9,2780.6,2572.9,2611.8
1800.6,1772.4,1712.7,1695.4,1682.6,1689.3,1702.1,1726.8,1739.4,1778.1,1543.1,1603.3,1574.9,1567,1574.7,1626.1,1615.2,1644.3,1719.2,1312.5,1500.5,1488.8,1399.7,1429.5,1446,1467.1,1459.9,1497.1,1574.9,1523.5,1506.4,1364.5,1310.7,1327.7,1261.4,1294.5,1331.2,1365.8,1415.4,1690.6,1748.9,2389.2,2533.2,2477.2,2266.1,2203,2396.4,2256.2,2217.5,2349.5,1968.9,2060.1,2088.7,1892.9,1902.1,1967,1854.5,1808.4,1761.5,1768.4,1839.4,1615.3,1739.1,1796.9,1695.6,2000.6,1818.5,2451.1,1188.4,1167.8,1187.8,1094.2,1109.1,1081,1231.5,1037.1,989.12,865.57,956.36,915.12,913.2,831.39,868.43,779.94,1265.5,812.76,1047.1,841.54,727.32,724.49,943.16,1444.8,1505.5,1593.1,1636.7,1273.7,1339.7,1424.1,1504.7,1552,1137.5,1253.5,1338.8,1452.6,1186,1288.9,1245.4,1385.5,1102,1185.5,1227.4,1327.9,1291.7,1507.8,1024.5,1157.8,1253.3,867.07,966.08,1028.1,1079.5,833.77,936,1316.4,1172,927.37,1910.8,2075.7,2143.4,2182.4,2285,1962.8,2077.2,2125.9,2189.6,2179.2,1782.4,1880.9,2049.5,2157.4,1682.1,1783.6,1865.3,1948.2,2011.6,2044.9,1880.4,1969.5,1639.7,1800.6,1899.9,1641.4,1831.6,1751.9,1478.7,1548.3,1620,1709.9,2544.4,2475,2440.3,2278.1,2204.6,2157.4,1756.5,1672.9,1586.6,1309.8,1733.9,1704.8,1587.5,1499.2,1395.4,1260.8,1129.7,1685.2,1613.1,1530.9,1470.8,1300.4,1226,1545.7,1481.4,1436.9,1329.4,1202,1091.8,1468.6,1117.6,1437.9,1345.8,1263.8,1157.7,1184.7,1194.3,1441.7,1509.6,1461.5,1367,1033.2,961.12,1026.7,898.42,1022.6,890.35,1031.8,854.52,1034.9,825,1093.4,956.7,812.25,700.64,1067.3,957.27,832.73,1221.2,966.57,854.77,741.19,660.65,1255.4,1183.4,904.73,894.85,835.02,1291.7,1296.7,1134.5,1088.6,1061,1028.7,1192.7,720.03,1371.9,1088.1,999.99,935.19,673.27,1168.1,1161,1103.5,1037,766.13,913.8,885.84,773.59,682.02,559.49,834.51,733.41,640.52,557.52,508.99,489.18,493.33,522.25,576.38,585.53,793.1,689.98,588.31,515.68,457.27,407.89,417.48,426.77,465.6,520.81,758.86,660.98,544.44,460.54,353.01,364.65,409.13,475.56,501.52,566.81,399.01,317.04,279.95,289,348.81,411.71,619.06,483.6,354.3,245.94,206,209.07,228,290.99,455.07,318.4,199.14,138.61,176.08,245.15,517.75,440.48,294.27,159.81,89.006,131.61,562.24,489.51,262.69,189.84,233.69,422.2,296.43,116.16,0,301.38,134.33,63.906,112,316.55,361.84,2728.8,2838.3,2630,2666.4
1797.3,1795.1,1687,1690.9,1706.2,1748.3,1775.3,1815.4,1842.6,1893.3,1502.8,1581.1,1571.4,1596.4,1633.6,1700.6,1704.4,1753.5,1837.7,1239.5,1415.6,1426.9,1377.9,1431.9,1468.6,1510.9,1524.1,1591.5,1689,1641.8,1408.7,1302.2,1285,1327,1258.9,1324.8,1403.4,1467.6,1543.1,1737.4,1794.6,2310.4,2434,2371.9,2202.3,2128.9,2287.1,2139.8,2112.9,2247.4,1861.4,1978,2020.3,1804.7,1828.1,1907.3,1804.1,1733.9,1702.1,1722.4,1711.5,1513.6,1640.3,1661.7,1576.9,1956.1,1796.5,2357.9,1141.7,1141.4,1182,1150,1195.4,1212,1379.7,989.53,1003.1,926.84,1059.2,1069.8,882.11,949.35,1064.6,985.12,1377.6,977.65,1074.7,1059.5,930,911.27,1229.2,1623.8,1703.5,1804.5,1854.4,1440.7,1528.8,1632.7,1726,1778.9,1322.6,1453.7,1557.8,1686.6,1402.3,1516.8,1479.6,1630.1,1330.1,1427.7,1476,1580.3,1548.8,1756.7,1267.2,1414.6,1515.4,1110.3,1219.1,1290.4,1346.6,1093,1207.5,1587.8,1444.9,1155.5,2032.2,2218.2,2295.1,2341.2,2454.5,2106.9,2236.1,2291.2,2357.6,2353.3,1911.1,2029.2,2220,2339,1814.1,1940.9,2027.6,2123.6,2189.2,2228.3,2055.7,2156.3,1784.7,1979,2091,1810.7,2026.3,1946.8,1628.8,1717.4,1807.2,1914.6,2702.7,2638.7,2608.1,2447.3,2380.8,2339,1607,1532.7,1452.9,1205.6,1560.6,1544.1,1440.8,1377,1271.9,1149.2,1035.1,1502.7,1442.8,1372.5,1331.7,1160.6,1095.8,1361.9,1308.4,1279.3,1172.9,1042.6,969.71,1320.2,953.84,1262.5,1167,1079.1,972.96,967.91,959.28,1212.1,1301.2,1263.6,1168.2,884.74,824.21,856.67,745.2,837.1,719.72,825.21,662.18,809.58,610.95,847.8,713.37,571.6,467.63,811.82,700.49,577.61,948.52,699.91,585.86,477.35,418.23,976.81,898.64,626.46,607.87,546.45,1007.8,1006.8,846.44,797.08,764.77,730.03,893.18,436.79,1110.1,816.18,713.86,637.53,372.54,906.21,867,804.09,735.65,727.93,815.92,769.94,704.82,657.01,710.14,703.95,640.29,601.33,585.23,607.22,644.98,692.02,758.27,795.66,845.66,644.89,577.58,531.15,514.21,501.28,505.89,581.93,637.31,712.72,788.42,595.37,527.63,469.26,449.18,523.79,587.18,667.27,752.22,395.55,416.52,371.05,406.28,462.48,527.59,621.21,698.24,426.3,338.21,303.32,337.4,389.62,440.44,490.24,576.97,281.15,241.05,282.6,360.85,456.07,540.93,280.03,237.95,178.27,241.88,325.83,427.14,304.35,230.23,120.33,152.5,534.72,136.89,61.033,189.01,301.38,0,175.23,276.41,260.54,56.036,655.88,2672.1,2753.5,2547.9,2591.3
1828,1810.9,1730,1721.9,1721.2,1742.9,1761.7,1792.7,1811.3,1855,1553.2,1621.7,1601.3,1607.6,1627.8,1685.9,1681,1718.4,1797.2,1306.8,1490.4,1489,1417.2,1457.8,1483.1,1513.3,1514.7,1564.6,1650.7,1600.8,1490.5,1363.8,1326,1354,1286.5,1334,1388.7,1435.8,1496.1,1739.1,1797.1,2384.6,2519.5,2460.6,2268,2200.2,2377.8,2234,2200.7,2334.2,1950.2,2053.3,2088.2,1882.9,1898.6,1970,1861.3,1804.3,1764,1777,1810.8,1598.1,1723.7,1764.8,1670.9,2010.5,1837.8,2440,1193.4,1181.7,1210.9,1143.1,1171,1161.3,1319.5,1040.4,1018.9,914.34,1023.9,1003.7,922.25,903.95,973.19,887.54,1339.2,904.62,1083.4,954.4,833.51,824.33,1076.9,1545.6,1613.5,1706,1751.8,1369.3,1443.9,1535.7,1620.9,1670.2,1239.5,1361.6,1453.8,1572.9,1299.7,1406.9,1365.4,1509.1,1219.6,1308,1352,1453.8,1418.9,1632.9,1146.7,1284.7,1381.9,989.02,1091.5,1156.4,1209.2,960.76,1066.7,1447.4,1303.3,1044.3,1990.5,2164,2235.4,2277.1,2383.9,2051.5,2171.8,2223,2287.8,2279.6,1864.7,1971.1,2148.4,2260.6,1765.4,1877,1960.8,2048.8,2113.1,2148.6,1980.8,2074.3,1728,1902,2006.1,1739,1939,1859.2,1568.5,1645.6,1724.3,1820.6,2639.4,2571.9,2538.8,2376.8,2305.9,2260.6,1717.5,1638,1554.5,1289.9,1683.3,1660.3,1549.2,1472.1,1367.1,1237.2,1112.8,1630,1563.6,1486.8,1435.7,1264,1193.6,1489.5,1430.2,1392.8,1285.4,1155.8,1062.1,1429,1068.8,1385.4,1291.2,1206,1099.2,1110.6,1111,1362,1441,1398,1302.7,990.77,923.28,974.21,852.35,962.77,836.15,961.89,789.76,955.76,749.63,1004.1,867.94,723.8,614.65,972.61,861.42,737.07,1117,865.3,751.79,640.29,569.6,1147.6,1071.4,796.46,780.96,719.93,1180.3,1181,1020.1,971.6,939.98,905.14,1068,608.1,1274.4,984.13,886.84,812.75,542.78,1070.2,1042,979,908.71,769.55,893.07,856.59,763.55,689.38,641.65,797.85,711.66,640.41,584.69,566.4,571.91,594.87,639.43,687.61,711.87,747.76,658.59,578.46,527.95,487.59,460.92,501.94,532.05,586.42,649.22,705.98,619.49,524.8,465.47,437.92,473.71,533.48,606.48,466.14,514.84,391.95,359.52,366.82,403.19,477.65,544.9,549.95,429.97,332.02,281.2,287.63,316.62,351.07,423.61,387.52,278.71,220.38,235.29,305.5,379.46,425.82,360.03,231.81,166.24,187.97,265.65,462.2,387.23,178.33,123.07,363.21,306.41,186.63,60.407,134.33,175.23,0,101.18,92.962,183.13,496.11,2734.8,2831.7,2624.4,2663.9
1853.8,1828.4,1763,1748.3,1738.6,1748.6,1762.5,1788.2,1801.6,1841,1591.2,1653.9,1627.7,1623.4,1633.8,1686.5,1676.5,1706.8,1782.1,1355.1,1541.7,1533.6,1449.9,1482.7,1501.5,1524.7,1519.3,1558.7,1637.6,1586.3,1545.6,1408.9,1360.1,1380.3,1313.6,1350.4,1391,1427.7,1478.5,1748.9,1807.1,2432.9,2573.7,2516.6,2311.9,2247.2,2435,2293.4,2256.8,2389.3,2007.3,2102.9,2133.7,1934.5,1946,2013.1,1901.7,1852,1807.3,1816.2,1873.9,1654.1,1778.6,1829.9,1731.5,2048.8,1869.5,2492.5,1234.5,1216.6,1239.4,1152.1,1169.6,1144,1295.2,1082.4,1042.2,923.13,1017.6,978.73,960.07,893.28,932.13,843.46,1327.8,876.52,1102,904.38,790.98,788.4,992.79,1508.6,1568.8,1655.6,1698.8,1337.6,1403.3,1486.9,1566.6,1613.4,1201.3,1316.9,1401,1513.3,1248.5,1350.3,1306.3,1444.9,1163.7,1245.5,1286.5,1386.2,1349.2,1566.5,1084.7,1215.5,1309.9,927.53,1024.9,1085,1135.2,891.79,990.88,1370.6,1226,989.32,1973.9,2139.4,2207.3,2246.3,2348.9,2026.5,2141.1,2189.8,2253.4,2243,1845.8,1944.7,2113.3,2221.1,1745.5,1847.5,1929.2,2012,2075.4,2108.6,1944.3,2033.1,1703.4,1864.4,1963.3,1705.3,1894.9,1815.2,1542.5,1612.2,1683.6,1772.8,2608.3,2538.9,2504.2,2341.9,2268.4,2221.1,1786.6,1704.7,1619.5,1347.2,1758.8,1732.5,1617.8,1534,1429.7,1296.7,1168,1707.9,1638.4,1558.6,1502.3,1331.2,1258.3,1567.8,1505.8,1464.5,1356.9,1228.4,1125,1498.2,1142.7,1461.7,1368.5,1284.9,1178.3,1197.4,1201.8,1451.5,1525.5,1480,1385,1060.9,990.72,1049.9,924.29,1042.3,912.48,1046.5,871.46,1044.6,836.38,1097.3,960.74,816.21,705.77,1067.8,956.89,832.29,1215.4,962.6,849.49,737.16,662.67,1246.9,1171.6,895.68,881.38,820.52,1280.4,1281.8,1120.7,1072.5,1041.2,1006.2,1169,708.01,1370.8,1082.3,987.18,913.92,642.16,1166.6,1143.1,1080,1008.9,810.75,950.2,918.81,813.56,727.62,622.27,864.27,768.84,683.43,608.6,567.47,551.89,557.23,584.59,639.66,644.36,818.98,721.39,627.49,561.95,508.6,464.81,480.23,490.62,527.09,578.46,781.21,688.01,579.66,503.93,415.6,428.38,469.49,531.08,530.08,588.65,437.48,370.3,342.45,352.4,406.86,464,632.97,504.03,386.29,295.67,266.91,272.97,289.85,345.25,468.63,342.53,242.53,201.07,235.36,293.99,518.66,447.29,307.68,195.06,150.47,184.78,558.32,483.84,264.49,196.46,266.66,406.61,284.34,114.86,63.906,276.41,101.18,0,48.301,281.01,410.11,2776.2,2881.5,2673.4,2710.9
1891.1,1868.1,1797.9,1785.3,1778.3,1791.1,1806.1,1832.8,1847.1,1887.2,1624.2,1689,1664.7,1663.4,1676.3,1730.1,1721.1,1752.6,1828.5,1384,1569.4,1564.1,1484.7,1520.1,1540.8,1565.9,1562,1603.5,1683.6,1632.5,1571.5,1439.1,1394.4,1417.2,1350.2,1390.2,1434.2,1472.8,1525.1,1790.5,1848.7,2462.1,2600.3,2542.3,2342.9,2276.9,2460.2,2317.5,2282.5,2415.5,2032.4,2131.5,2164,1962.1,1975.4,2044.3,1934,1881.3,1838.4,1848.8,1895.9,1679.6,1804.7,1850.8,1754.8,2081.9,1904.9,2519.9,1266.2,1250.5,1275.5,1193.7,1213.4,1190.4,1342.4,1113.6,1079.8,964.51,1062.3,1026,992.75,938.57,980.39,891.76,1373.5,924.02,1141,952.61,839.25,836.42,1034.5,1556.8,1617.1,1703.8,1746.8,1385.5,1451.6,1535.2,1614.5,1661.1,1249.5,1365.2,1449,1560.7,1296.6,1398.1,1353.8,1491.8,1211.6,1292.7,1333.2,1432.6,1395.1,1613,1131.9,1261.6,1355.3,974.94,1071.5,1130.7,1180.2,938.09,1035.5,1414.7,1270.1,1037.3,2020.5,2186.8,2255,2294.2,2397,2074,2189,2237.9,2301.5,2291.2,1892.6,1992.3,2161.5,2269.3,1792.4,1895.3,1977.2,2060.2,2123.6,2156.8,1992.4,2081.4,1750.8,1912.6,2011.7,1753.4,1943.2,1863.5,1590,1660.2,1731.9,1821,2656.3,2587,2552.3,2390.1,2316.6,2269.3,1805.2,1724.8,1640.4,1372,1773.5,1749.3,1636.7,1556.6,1451.9,1320.4,1193.7,1721,1653.5,1575.6,1522.3,1350.8,1279.3,1580.5,1520.3,1481.5,1374,1244.8,1146.8,1516.8,1158.2,1475.7,1381.8,1297.1,1190.3,1203.4,1203.9,1455,1533.5,1490,1394.7,1078.7,1010,1064.2,940.91,1054,926.31,1054.3,881.5,1048.7,842.34,1096.8,960.74,816.67,707.61,1064.8,953.57,829.35,1207.4,956.55,842.82,731.92,662.42,1236.8,1159.2,886.01,868.41,806.98,1268.3,1267,1106.9,1057.1,1022.9,986.14,1147.7,696.84,1366.1,1074.6,974.39,894.95,616.73,1161.8,1126.2,1059,984.55,841.96,974.8,940.85,841.21,759.79,668.56,884.03,793.18,713.69,645.28,610,598.16,605.24,632.72,687.95,691.15,835.95,742.88,655.18,595.19,545.81,506.36,526.57,538.77,574.98,624.76,795.66,706.37,604.67,535.35,461.85,476.62,517,576.45,550.55,603.73,465.86,409.59,388.7,400.7,453.52,507.93,641.85,518.77,410.68,333.24,312.12,320.93,337.93,390.45,478.68,362.11,276.98,247.65,282.8,337.05,518.71,452.61,320.45,226.11,196.76,230.59,554.34,479.27,270.19,209.03,302.27,395.4,278.68,130.63,112,260.54,92.962,48.301,0,256.01,452.22,2808.2,2910.1,2702.3,2740.7
1853,1851.1,1742.2,1746.6,1762.3,1804.1,1830.8,1870.4,1897,1947.2,1557.5,1636.4,1627.1,1652.5,1689.3,1756,1759.3,1807.6,1891.4,1293,1467.9,1480.7,1433.3,1487.8,1524.6,1566.8,1579.7,1646.1,1742.8,1695.4,1460.1,1356.1,1340.4,1382.9,1314.8,1380.8,1458.7,1521.8,1596,1793.3,1850.6,2362.4,2484.2,2421.6,2255.3,2181.3,2336.5,2188.7,2162.9,2297.5,1911.4,2030,2073.2,1856.4,1880.8,1960.8,1858.1,1786.6,1755.8,1776.7,1759.7,1564.5,1691.3,1709.1,1626.2,2010.3,1851.7,2408.7,1196.5,1196.9,1237.9,1205.5,1250.1,1264.2,1430.9,1044.6,1059.2,982,1112.8,1119.8,937.77,1001.8,1110.2,1029.2,1431.2,1026.4,1130.7,1102,974.22,957.42,1255.3,1672.5,1750,1849.3,1898.3,1490.3,1576.2,1677.7,1769.2,1821.3,1370.1,1499.6,1601.2,1727.6,1445.9,1558.7,1520.3,1668.9,1371.6,1466.8,1513.8,1617.4,1584.7,1794.7,1305.9,1450.4,1550,1148.5,1255.4,1324.6,1379.6,1127.6,1239,1619.7,1476.2,1196.6,2085.9,2270.5,2346.8,2392.3,2504.8,2159.1,2287.2,2341.8,2407.9,2403.1,1964.2,2081.1,2270,2388,1866.9,1992,2078.3,2173.1,2238.5,2277,2105.1,2204.6,1836.6,2028,2138.7,1860.5,2073.5,1994,1680.2,1767.2,1855.2,1960.4,2754.1,2689.5,2658.6,2497.5,2430.3,2388,1652.7,1579.8,1500.9,1256.9,1603.1,1588.5,1487.3,1426.3,1321.3,1200,1087.5,1543.9,1486,1417.5,1379.3,1208.6,1144.9,1403.2,1351.6,1324.7,1218.8,1088.5,1020.1,1366.7,999.59,1305.4,1209.7,1121.2,1015.5,1004.3,991.27,1244.4,1338,1302.7,1207.4,932.76,873.81,902.04,793.46,880.22,765.92,864.6,705.52,844.97,650.7,877.44,744.71,605.26,505,838.46,727.56,606.58,967.47,723.15,609.29,504.5,453.98,992.77,911.38,644.86,621.08,559.11,1020.6,1015.6,857.24,805.46,768.63,730.72,891.81,454.78,1132.9,836.23,726.78,640.27,361.42,929.93,872.81,803.21,728.84,783.66,868.85,821.74,759.7,713,758.91,754.85,694.29,657.25,640.53,659.31,692.72,735.32,796.38,836.79,879.25,694.45,630.78,586.93,569.96,555.49,556.94,628.11,678.47,748.42,819.85,643.59,579.65,524.85,504.88,568.43,625.97,700.29,780.86,450.57,468.35,426.68,456.21,504.51,562.88,650.34,723.15,472.7,391.7,358.93,384.89,429.24,475.08,520.34,601.51,333.35,296.59,327.7,393.81,481.3,560.81,321.2,288.02,233.79,282.78,354.26,446.6,338.19,266.85,174.18,194.81,546.12,166.97,117.07,212.85,316.55,56.036,183.13,281.01,256.01,0,677.08,2725.4,2804.8,2599.5,2643.4
1763.2,1704.7,1705.6,1663.7,1617.4,1580.6,1575.4,1580.3,1574.5,1597.4,1561.2,1596.8,1547.4,1499.9,1471.1,1500.9,1472.3,1475.5,1536.2,1381.8,1572.9,1535,1403.7,1402.6,1393.8,1387.7,1355.5,1353.2,1402.8,1348.2,1593.4,1418.2,1325,1311.1,1251.7,1242.5,1224.5,1219.5,1233.2,1596.9,1654.2,2426,2592.1,2544.4,2287.6,2238.3,2470,2341.2,2289.3,2415.3,2050.4,2108.7,2120.1,1953.7,1945.8,1991.5,1871.6,1855.7,1792.6,1783.4,1948.8,1702.1,1817.6,1916.3,1799.1,2005.9,1803,2504.1,1236.6,1193.9,1188,1027.7,1001.8,916.99,1033,1100.3,985.79,820.97,844.06,735.43,972.39,716.41,632.2,540.53,1112.2,632.12,1020.5,574.25,500.2,524.43,582.68,1195.9,1231.4,1300.8,1336.3,1047.9,1082,1139.2,1202.6,1242.6,895.2,985.04,1043.4,1136.9,899.13,983.87,933.84,1059.1,803.2,865.9,899.36,993.97,953.24,1175.2,709.19,821.65,910.26,558.64,639.42,688.33,733.52,503.75,587.64,964.34,819.66,637.52,1718.5,1854.5,1910.2,1940.3,2029.2,1742.1,1836.9,1877.2,1936.9,1919.7,1585,1657.1,1796.1,1889.8,1483.8,1551.3,1625.2,1691,1750.7,1776.9,1624.7,1698.8,1426.7,1542.8,1625.4,1398.5,1554.1,1475.6,1265.2,1308.4,1355.8,1423.1,2298,2223.4,2184.6,2022.8,1942.4,1889.8,1894,1802.3,1711.7,1414.8,1900.2,1857.2,1727.5,1614.8,1517.5,1377.2,1236.7,1863.7,1779.6,1686.7,1607,1445.8,1365.2,1730.2,1655.6,1595.5,1491.9,1374.6,1231.7,1615.4,1300.1,1616.7,1532.3,1460.6,1359.9,1419.9,1449.2,1682.4,1723.8,1664.9,1574.9,1205.6,1128,1222,1087.6,1234,1097.3,1264.1,1085.4,1286.2,1078.5,1363.5,1230.2,1091,980.85,1349.2,1244.6,1123.9,1519.2,1264.1,1158.7,1045.3,951.89,1560.3,1498,1217,1217.7,1161.2,1603.4,1617.4,1454.4,1414.4,1395.1,1368,1532.9,1043.5,1653.1,1388.1,1319.6,1273.2,1027.8,1454.2,1490,1443.9,1385.3,856.1,1045.3,1039.2,894.47,774.7,463.57,1008.5,885.42,757.59,626.63,510.04,414.67,341.22,280.45,352.56,274.83,989.03,867.72,736.11,630.75,547.64,460.26,368.46,287.08,219.87,204.8,973.06,862.57,720.5,606.38,340.07,245.37,163.98,145.78,715.15,799.69,586.4,441.21,317,213.78,107.71,66.731,876.11,731.25,581.15,428.59,329.66,259.11,191.77,87.464,728.48,581.06,436.09,313.58,202.87,116.73,820,734.06,590.62,442.3,334,230.59,873.42,808.31,586.94,518.34,167.24,761.73,637.78,467.08,361.84,655.88,496.11,410.11,452.22,677.08,0,2732.9,2874.8,2666.5,2693.6
985.32,1086.1,1027.5,1076.2,1158.9,1285.5,1342.9,1408.2,1483.7,1542.6,1186,1136.7,1188,1268.2,1358.5,1390.5,1463.7,1552.2,1579.8,1432.6,1260.4,1246.6,1334.9,1331.1,1351.9,1386.8,1455.2,1547.8,1605,1647.4,1277.2,1371.8,1420.5,1422.1,1483.1,1497.4,1569.8,1649.7,1737.5,1234.3,1191.3,398.78,436,509.52,470.86,554.15,580.99,711.77,668.59,559.7,882.1,711.97,653.94,886.66,847.48,765.3,874.44,940.74,971.14,960.51,1074.4,1182.5,1059,1140.3,1158.6,729.91,931.02,435.08,1542,1561.8,1551,1712.1,1765.4,1911.2,1905.1,1694.8,1754.5,1912.1,1911.8,2073.2,1816.1,2030.2,2234.6,2296.7,1744.3,2154.6,1713,2330.2,2306,2258.2,2775.7,2008.1,2126.8,2229,2284.4,1978.7,2084.9,2203.6,2300.9,2351.3,2105.8,2163.1,2277.6,2397.9,2267.1,2340.1,2383.9,2477.4,2344.5,2438.6,2490.3,2535.6,2571.2,2538.5,2438.9,2548.2,2609.1,2448.8,2505,2576,2622.9,2542.8,2637.8,2716,2694.5,2362.4,1555.1,1702.9,1783.9,1850.2,1967.2,1715.8,1838,1899.4,1933.4,1986.8,1627.5,1751.3,1934.1,2050.8,1671.4,1823.8,1856.7,1964.8,1990.2,2045.9,1958.7,2064,1761.4,1980.3,2091.6,1919.6,2114.5,2109.3,1831,1930.1,2047.4,2184.8,1932.6,1962.9,1992.4,1962.4,2011,2050.8,1237.4,1258,1303.3,1478.3,1377.9,1329,1351.3,1342.9,1439.9,1538.8,1639.1,1458.7,1438.1,1442.6,1418.9,1567.5,1610.1,1549.3,1540.3,1511.2,1593,1706.5,1718.2,1452.5,1788.7,1581.6,1661,1742.7,1820.5,1926.1,2008.3,1863.1,1703.5,1671.8,1733.4,1824.2,1867.1,1880.8,1954.5,1926.1,1996.9,1985.2,2076,2051.9,2153.9,2111.3,2169.8,2242,2290.8,2175.3,2230.2,2283.1,2241.4,2277.8,2333.9,2362.9,2341.5,2286.5,2359.3,2368.1,2432.1,2458.4,2337.3,2411.4,2400.4,2445.3,2513,2558.1,2587,2457.5,2115.9,2270,2402.6,2541.5,2681.1,2176.1,2474.6,2577.6,2656.1,1966.3,1856.6,1906.1,1972.9,2048.7,2269.5,1976,2032.4,2094.9,2172.9,2248.6,2322.8,2392.4,2476.3,2409.7,2556.2,2041.8,2094.6,2156.6,2214.2,2272.8,2334.5,2380.6,2446.7,2524.8,2594.9,2098.3,2146.6,2212.6,2272.9,2429.7,2496.3,2571.1,2639.5,2279.7,2257.8,2343.4,2413.8,2488.6,2555.3,2627.3,2690,2270,2333.9,2403.1,2482.9,2539.8,2577.6,2619.4,2682.4,2392.2,2459.4,2533.6,2607.2,2668.6,2729,2428.8,2439.2,2515,2582.4,2646.5,2717,2441.7,2489.4,2578,2613.3,2810.4,2583.7,2614.2,2680.9,2728.8,2672.1,2734.8,2776.2,2808.2,2725.4,2732.9,0,280.22,254.88,181.02
1172.4,1292.4,1181.7,1251.1,1355.9,1503.9,1568.5,1641.4,1721.8,1786.4,1313.6,1286.3,1352.7,1457.1,1564.8,1608.9,1686.4,1783.3,1819.3,1526.4,1341.3,1350.9,1471.9,1488.5,1524.6,1574.3,1652.5,1760.7,1831,1869.7,1344.8,1474.3,1550,1569.9,1625.4,1661.6,1758,1852.4,1952.2,1446.6,1409.3,450.02,339.59,416,590.7,637.59,505.17,659.04,654.45,521.14,901.44,778.61,754.95,949.37,936.51,883.37,1004.2,1030,1083.4,1092.4,1077.6,1240.5,1113.6,1139.5,1190,880.3,1098.8,399.25,1652.9,1684.6,1686.9,1872.1,1938.6,2095.8,2107.7,1802,1889.1,2056.6,2077,2248.4,1928.1,2188.9,2413.4,2468.9,1940.7,2322.6,1857.2,2509.6,2473.1,2422.5,2963.7,2233.7,2358.2,2466.4,2524.2,2188.6,2303.3,2429.5,2532.4,2585.6,2306.8,2375.6,2497.6,2625.5,2475.4,2556.6,2597.2,2700.1,2546.7,2647.6,2702,2754,2786.7,2768.3,2635.5,2754.6,2821.6,2632.7,2697.2,2772.8,2823,2724.5,2827.1,2931.1,2900.3,2550.3,1809.7,1968.3,2052.3,2119.8,2239.8,1975.2,2103.3,2166.6,2202.9,2255.6,1873.6,2005.9,2197.8,2318.4,1910.1,2072.5,2110.8,2223.5,2251.9,2308.8,2213.7,2323.3,1998.6,2230.7,2347.3,2159.2,2366.4,2356.7,2055.8,2162.8,2286.4,2429.4,2211.4,2240.4,2269,2234.8,2280.6,2318.4,1225.6,1267.1,1328.4,1548,1346.6,1313.2,1363.7,1386.8,1489.8,1605,1720.4,1427.4,1426.6,1451,1449.9,1611.7,1665.6,1536.5,1543.3,1530.5,1623.4,1746,1785.3,1475.9,1832.6,1587.9,1675.5,1762.4,1850.5,1938.7,2012.3,1838.7,1680.3,1661,1733.8,1881.3,1933.2,1928.6,2017.4,1967.6,2054,2017.6,2128.5,2077.1,2202.3,2123.2,2197.3,2284.5,2345.1,2187.1,2253.7,2320.1,2230.3,2297.7,2365.4,2407.1,2397.4,2270,2350.1,2392.1,2455.2,2487.7,2315.5,2388.3,2396.3,2445.9,2516.1,2564.5,2575.6,2500.1,2089.1,2274.8,2414.2,2558.2,2724.9,2174.3,2466.7,2575.8,2661.8,2072.2,1940.7,1983.7,2068.9,2156.7,2412.4,2049.9,2121,2198.2,2289.6,2377.3,2460.7,2537.8,2629.2,2565.5,2716.9,2111.8,2178.5,2254.9,2323,2387.9,2456.2,2513.9,2587.7,2673.8,2750.4,2165.5,2226,2306.9,2378.1,2558.6,2633.3,2716,2791.4,2368.6,2337,2444.5,2528.3,2612.8,2687.2,2767.7,2836.4,2338.5,2416.9,2500.3,2593.3,2658,2701.3,2747.8,2818.2,2472.4,2553.4,2640.2,2723.5,2793.6,2860.7,2497,2516.8,2605.7,2686.4,2759.5,2838.6,2503.6,2557.3,2667.3,2708.9,2939.2,2655,2697.8,2780.6,2838.3,2753.5,2831.7,2881.5,2910.1,2804.8,2874.8,280.22,0,208.72,190.41
976,1102.5,976.79,1050.4,1161.7,1318.4,1386.8,1464.2,1547.7,1616.5,1105.3,1080.3,1149.1,1259.4,1373.2,1422.9,1502.2,1603.8,1645.7,1318.4,1134.3,1142.3,1264,1283.1,1322.1,1375.7,1456.8,1571.1,1648.1,1684.5,1139.4,1265.9,1341.6,1363,1417.9,1457,1559,1658.1,1762.8,1258.5,1224.4,241.3,183.96,260.95,386.1,428.89,340.8,485.37,463.57,336.79,703.56,571.05,546.44,743.17,728.02,675.4,796.8,821.67,874.79,884.89,886.09,1036.3,909.48,949.73,991.07,676.86,897.39,208.12,1444.3,1476,1478.7,1666.4,1735.3,1894.9,1912.6,1593.5,1680.7,1848.8,1871.8,2045,1719.5,1982.6,2210.6,2264.6,1743.8,2117.7,1649.6,2306.8,2267.9,2216.8,2762.5,2049.2,2176.9,2288.8,2348.4,1996.3,2114.6,2244.7,2350.7,2405.6,2110.6,2183.9,2309.3,2441.2,2281.7,2366.5,2405.6,2512.8,2350.6,2453.9,2509.5,2564.4,2595.7,2585.1,2437.3,2559.8,2629.3,2430.8,2497.6,2574.4,2625.8,2522,2626.5,2739.7,2705,2349.6,1650.3,1822.2,1910.9,1980.7,2106.6,1820.5,1956.5,2022.7,2063.2,2114.4,1705.3,1845.3,2048.2,2174.6,1735.5,1905.8,1949.3,2066.9,2099.2,2157.7,2052.9,2167.2,1822.4,2064.9,2186.7,1984.3,2201.7,2187.7,1871.3,1982.9,2110.6,2257.8,2099.7,2122.2,2147.3,2101.2,2140.8,2174.6,1040.4,1074.8,1131.8,1342.7,1170,1130,1170.9,1185.8,1287.9,1400.4,1513.9,1251.2,1242.3,1259.8,1252.2,1411.3,1463,1353.2,1354.3,1336.3,1426.4,1547,1580.9,1280.3,1632.8,1398,1483.2,1568.8,1654.2,1747.7,1824.3,1661,1501.6,1477.3,1546.3,1678.8,1729.1,1728.1,1814,1768.7,1851.8,1821,1927.3,1882.6,2002.1,1932.8,2002.4,2085.8,2143.9,1996.9,2060,2122.8,2048.2,2105.1,2169.6,2208.1,2195.9,2090,2167.5,2198.5,2261.9,2292.7,2137.8,2211.2,2211.8,2259.9,2329.3,2376.6,2394.2,2301.6,1913,2087.1,2224.4,2367,2526.4,1988.6,2283.7,2390.8,2474.3,1863.9,1734.1,1778,1861.3,1948.3,2204.3,1844.8,1914.1,1990.1,2080.9,2168.6,2252.3,2329.8,2422,2358.5,2510.6,1907.4,1972.2,2047.2,2114.6,2179.3,2247.5,2305.3,2379.5,2466.1,2543.3,1961.6,2020.3,2099.6,2170,2349.9,2424.8,2507.9,2583.9,2161.8,2131.4,2236.6,2319.7,2404.1,2478.5,2559.4,2628.4,2134.5,2210.9,2292.8,2384.9,2449.3,2492.6,2539.1,2609.6,2266.7,2346.2,2432.1,2514.9,2584.9,2652,2293.3,2311.6,2398.9,2478.5,2551,2629.9,2301,2353.7,2460.7,2501.6,2730.5,2450.9,2491.8,2572.9,2630,2547.9,2624.4,2673.4,2702.3,2599.5,2666.5,254.88,208.72,0,74.887
982.3,1102,995.38,1062.1,1165.5,1314.1,1379.5,1453.6,1535,1601,1133.5,1101.1,1165.1,1267.1,1374.4,1419.1,1496.9,1594.9,1632.7,1357.2,1175.9,1177.5,1290,1302.4,1336.2,1384.5,1462.2,1570.5,1641.8,1680.1,1184.5,1302.1,1370.2,1385.8,1442.7,1474.7,1568.3,1662,1762,1256.5,1219.6,281.22,258.63,334.96,406.18,463.81,412.75,553.86,525.34,403.27,758.78,613.48,577.9,788.01,765.39,703.15,822.07,859.66,906.31,910.27,944.98,1083.4,957.1,1009.4,1044.3,693.33,910.31,274.41,1478.6,1506.9,1505.8,1686.2,1750.6,1906.5,1917.4,1629.2,1708.7,1874.1,1890.3,2060.4,1754.1,2003.6,2225,2281.5,1750.5,2135.7,1674.4,2321.1,2286.4,2236.3,2774.4,2044.3,2169.5,2278.7,2337.2,1998.2,2113.2,2240.1,2343.6,2397.3,2116.5,2185.2,2307.6,2436.1,2285,2366.4,2406.9,2510.2,2356.4,2457.1,2511.6,2563.8,2596.4,2579.3,2445.5,2564.3,2631.3,2443.8,2507.5,2582.8,2632.8,2535.8,2637.7,2740.8,2709.9,2360.9,1628.6,1793.7,1880.2,1949.1,2072.4,1796.3,1928.4,1993.3,2031.9,2083.8,1688.9,1824.4,2021.6,2145.2,1723.2,1888.5,1929,2043.9,2074.2,2131.9,2032.2,2144,1811.2,2047.2,2165.9,1972.3,2183.3,2172,1866.3,1974.5,2099.2,2243.7,2057,2081.9,2108.4,2067.2,2109.5,2145.2,1102.1,1132.8,1186.6,1387.7,1234.9,1192.5,1228.2,1236.6,1337.5,1446.3,1556.3,1316.1,1304.1,1318,1305.9,1462.3,1511.5,1415.2,1413.5,1392.4,1480.4,1599.2,1626.9,1335.6,1684.1,1456.6,1540.4,1625,1708.4,1805.3,1883.5,1724.9,1565.3,1539,1606.1,1727.2,1775.5,1778.6,1861.2,1820.6,1900.4,1874.8,1977,1937.9,2052.7,1990.6,2057.3,2137.7,2193.3,2054.7,2115.7,2175.8,2110,2161.5,2223.8,2259.7,2244.9,2152.7,2229,2254.1,2317.7,2347.3,2201.3,2274.9,2272.5,2319.7,2388.8,2435.5,2456,2353.6,1977.3,2146.2,2282.3,2424,2578.2,2048.9,2345.1,2451.1,2533.3,1900.4,1776.1,1821.6,1900.4,1984.3,2230.6,1889.5,1955.2,2027.5,2114.8,2199.1,2280.2,2355.5,2445.4,2381,2531.6,1953,2014.5,2085.9,2150.7,2213.7,2280.1,2334.6,2406.6,2490.9,2566.1,2007.9,2063.8,2139.4,2207,2380.6,2453.2,2534,2607.9,2203.1,2175,2274.8,2354.4,2436.2,2508.5,2586.8,2654.1,2180.7,2253.7,2332,2420.8,2483.1,2524.9,2570.1,2638.5,2310.2,2386.3,2469,2549.3,2616.9,2682.1,2339.6,2355.7,2439.9,2516.1,2586.3,2662.9,2348.8,2400.1,2502.1,2541.4,2761.5,2496.6,2534.7,2611.8,2666.4,2591.3,2663.9,2710.9,2740.7,2643.4,2693.6,181.02,190.41,74.887,0
